Formal AI draft	UNKNOWN STEP	﻿2026-10-07T07:08:23.2234436Z Current runner version: '2.337.0'
Formal AI draft	UNKNOWN STEP	2026-10-07T07:08:23.2268880Z ##[group]Runner Image Provisioner
Formal AI draft	UNKNOWN STEP	2026-10-07T07:08:23.2270340Z Hosted Compute Agent
Formal AI draft	UNKNOWN STEP	2026-10-07T07:08:23.2271292Z Version: 20261002.596
Formal AI draft	UNKNOWN STEP	2026-10-07T07:08:23.2272381Z Commit: c3d…8c0
Formal AI draft	UNKNOWN STEP	2026-10-07T07:08:23.2273840Z Build Date: 2026-10-02T22:28:27Z
Formal AI draft	UNKNOWN STEP	2026-10-07T07:08:23.2275143Z Worker ID: {7d393fce-7e41-4e03-9580-59cc8a53e6cb}
Formal AI draft	UNKNOWN STEP	2026-10-07T07:08:23.2276717Z Region: eastus2
Formal AI draft	UNKNOWN STEP	2026-10-07T07:08:23.2277755Z Cloud: Azure
Formal AI draft	UNKNOWN STEP	2026-10-07T07:08:23.2278678Z ##[endgroup]
Formal AI draft	UNKNOWN STEP	2026-10-07T07:08:23.2281001Z ##[group]Operating System
Formal AI draft	UNKNOWN STEP	2026-10-07T07:08:23.2282178Z Ubuntu
Formal AI draft	UNKNOWN STEP	2026-10-07T07:08:23.2283274Z 24.04.5
Formal AI draft	UNKNOWN STEP	2026-10-07T07:08:23.2284307Z LTS
Formal AI draft	UNKNOWN STEP	2026-10-07T07:08:23.2285292Z ##[endgroup]
Formal AI draft	UNKNOWN STEP	2026-10-07T07:08:23.2286463Z ##[group]Runner Image
Formal AI draft	UNKNOWN STEP	2026-10-07T07:08:23.2287856Z Image: ubuntu-24.04
Formal AI draft	UNKNOWN STEP	2026-10-07T07:08:23.2288837Z Version: 20261004.327.1
Formal AI draft	UNKNOWN STEP	2026-10-07T07:08:23.2291105Z Included Software: https://github.com/actions/runner-images/blob/ubuntu24/20261004.327/images/ubuntu/Ubuntu2404-Readme.md
Formal AI draft	UNKNOWN STEP	2026-10-07T07:08:23.2294060Z Image Release: https://github.com/actions/runner-images/releases/tag/ubuntu24%2F20261004.327
Formal AI draft	UNKNOWN STEP	2026-10-07T07:08:23.2295925Z ##[endgroup]
Formal AI draft	UNKNOWN STEP	2026-10-07T07:08:23.2298798Z ##[group]GITHUB_TOKEN Permissions
Formal AI draft	UNKNOWN STEP	2026-10-07T07:08:23.2301624Z Actions: write
Formal AI draft	UNKNOWN STEP	2026-10-07T07:08:23.2302692Z Contents: write
Formal AI draft	UNKNOWN STEP	2026-10-07T07:08:23.2303749Z Issues: write
Formal AI draft	UNKNOWN STEP	2026-10-07T07:08:23.2304704Z Metadata: read
Formal AI draft	UNKNOWN STEP	2026-10-07T07:08:23.2305882Z PullRequests: write
Formal AI draft	UNKNOWN STEP	2026-10-07T07:08:23.2307121Z ##[endgroup]
Formal AI draft	UNKNOWN STEP	2026-10-07T07:08:23.2311152Z Secret source: Actions
Formal AI draft	UNKNOWN STEP	2026-10-07T07:08:23.2312821Z Cache mode: read
Formal AI draft	UNKNOWN STEP	2026-10-07T07:08:23.2314232Z Prepare workflow directory
Formal AI draft	UNKNOWN STEP	2026-10-07T07:08:23.2772770Z Prepare all required actions
Formal AI draft	UNKNOWN STEP	2026-10-07T07:08:23.2842077Z Getting action download info
Formal AI draft	UNKNOWN STEP	2026-10-07T07:08:23.5250520Z Download action repository 'actions/checkout@v7' (SHA:3d3c42e5aac5ba805825da76410c181273ba90b1)
Formal AI draft	UNKNOWN STEP	2026-10-07T07:08:23.6260849Z Download action repository 'actions/setup-node@v7' (SHA:820762786026740c76f36085b0efc47a31fe5020)
Formal AI draft	UNKNOWN STEP	2026-10-07T07:08:23.7031701Z Download action repository 'actions/upload-artifact@v7' (SHA:043fb46d1a93c77aae656e7c1c64a875d1fc6a0a)
Formal AI draft	UNKNOWN STEP	2026-10-07T07:08:23.8793771Z Complete job name: Formal AI draft
Formal AI draft	UNKNOWN STEP	2026-10-07T07:08:23.9574060Z ##[group]Run actions/checkout@v7
Formal AI draft	UNKNOWN STEP	2026-10-07T07:08:23.9574936Z with:
Formal AI draft	UNKNOWN STEP	2026-10-07T07:08:23.9575382Z   persist-credentials: false
Formal AI draft	UNKNOWN STEP	2026-10-07T07:08:23.9575934Z   repository: link-assistant/hive-mind
Formal AI draft	UNKNOWN STEP	2026-10-07T07:08:23.9579948Z   token: [REDACTED]
Formal AI draft	UNKNOWN STEP	2026-10-07T07:08:23.9580384Z   ssh-strict: true
Formal AI draft	UNKNOWN STEP	2026-10-07T07:08:23.9580823Z   ssh-user: git
Formal AI draft	UNKNOWN STEP	2026-10-07T07:08:23.9581239Z   clean: true
Formal AI draft	UNKNOWN STEP	2026-10-07T07:08:23.9581682Z   sparse-checkout-cone-mode: true
Formal AI draft	UNKNOWN STEP	2026-10-07T07:08:23.9582195Z   fetch-depth: 1
Formal AI draft	UNKNOWN STEP	2026-10-07T07:08:23.9582627Z   fetch-tags: false
Formal AI draft	UNKNOWN STEP	2026-10-07T07:08:23.9583067Z   show-progress: true
Formal AI draft	UNKNOWN STEP	2026-10-07T07:08:23.9583507Z   lfs: false
Formal AI draft	UNKNOWN STEP	2026-10-07T07:08:23.9583913Z   submodules: false
Formal AI draft	UNKNOWN STEP	2026-10-07T07:08:23.9584360Z   set-safe-directory: true
Formal AI draft	UNKNOWN STEP	2026-10-07T07:08:23.9584862Z   allow-unsafe-pr-checkout: false
Formal AI draft	UNKNOWN STEP	2026-10-07T07:08:23.9585676Z ##[endgroup]
Formal AI draft	UNKNOWN STEP	2026-10-07T07:08:24.0559523Z Syncing repository: link-assistant/hive-mind
Formal AI draft	UNKNOWN STEP	2026-10-07T07:08:24.0562056Z ##[group]Getting Git version info
Formal AI draft	UNKNOWN STEP	2026-10-07T07:08:24.0563297Z Working directory is '/home/runner/work/hive-mind/hive-mind'
Formal AI draft	UNKNOWN STEP	2026-10-07T07:08:24.0564981Z [command]/usr/bin/git version
Formal AI draft	UNKNOWN STEP	2026-10-07T07:08:24.0641719Z git version 2.55.0
Formal AI draft	UNKNOWN STEP	2026-10-07T07:08:24.0662734Z ##[endgroup]
Formal AI draft	UNKNOWN STEP	2026-10-07T07:08:24.0678691Z Temporarily overriding HOME='/home/runner/work/_temp/576323c8-1f5c-4b83-84f8-cda87e1efcd1' before making global git config changes
Formal AI draft	UNKNOWN STEP	2026-10-07T07:08:24.0681131Z Adding repository directory to the temporary git global config as a safe directory
Formal AI draft	UNKNOWN STEP	2026-10-07T07:08:24.0686085Z [command]/usr/bin/git config --global --add safe.directory /home/runner/work/hive-mind/hive-mind
Formal AI draft	UNKNOWN STEP	2026-10-07T07:08:24.0747404Z Deleting the contents of '/home/runner/work/hive-mind/hive-mind'
Formal AI draft	UNKNOWN STEP	2026-10-07T07:08:24.0768236Z ##[group]Determining repository object format
Formal AI draft	UNKNOWN STEP	2026-10-07T07:08:24.0778128Z ##[endgroup]
Formal AI draft	UNKNOWN STEP	2026-10-07T07:08:24.0788112Z ##[group]Initializing the repository
Formal AI draft	UNKNOWN STEP	2026-10-07T07:08:24.0788894Z [command]/usr/bin/git init /home/runner/work/hive-mind/hive-mind
Formal AI draft	UNKNOWN STEP	2026-10-07T07:08:24.0872200Z hint: Using 'master' as the name for the initial branch. This default branch name
Formal AI draft	UNKNOWN STEP	2026-10-07T07:08:24.0873977Z hint: will change to "main" in Git 3.0. To configure the initial branch name
Formal AI draft	UNKNOWN STEP	2026-10-07T07:08:24.0875740Z hint: to use in all of your new repositories, which will suppress this warning,
Formal AI draft	UNKNOWN STEP	2026-10-07T07:08:24.0877549Z hint: call:
Formal AI draft	UNKNOWN STEP	2026-10-07T07:08:24.0878404Z hint:
Formal AI draft	UNKNOWN STEP	2026-10-07T07:08:24.0879409Z hint: 	git config --global init.defaultBranch <name>
Formal AI draft	UNKNOWN STEP	2026-10-07T07:08:24.0880561Z hint:
Formal AI draft	UNKNOWN STEP	2026-10-07T07:08:24.0881688Z hint: Names commonly chosen instead of 'master' are 'main', 'trunk' and
Formal AI draft	UNKNOWN STEP	2026-10-07T07:08:24.0883477Z hint: 'development'. The just-created branch can be renamed via this command:
Formal AI draft	UNKNOWN STEP	2026-10-07T07:08:24.0884864Z hint:
Formal AI draft	UNKNOWN STEP	2026-10-07T07:08:24.0885679Z hint: 	git branch -m <name>
Formal AI draft	UNKNOWN STEP	2026-10-07T07:08:24.0886894Z hint:
Formal AI draft	UNKNOWN STEP	2026-10-07T07:08:24.0888250Z hint: Disable this message with "git config set advice.defaultBranchName false"
Formal AI draft	UNKNOWN STEP	2026-10-07T07:08:24.0890248Z Initialized empty Git repository in /home/runner/work/hive-mind/hive-mind/.git/
Formal AI draft	UNKNOWN STEP	2026-10-07T07:08:24.0893729Z [command]/usr/bin/git remote add origin https://github.com/link-assistant/hive-mind
Formal AI draft	UNKNOWN STEP	2026-10-07T07:08:24.0937682Z ##[endgroup]
Formal AI draft	UNKNOWN STEP	2026-10-07T07:08:24.0942173Z ##[group]Disabling automatic garbage collection
Formal AI draft	UNKNOWN STEP	2026-10-07T07:08:24.0943403Z [command]/usr/bin/git config --local gc.auto 0
Formal AI draft	UNKNOWN STEP	2026-10-07T07:08:24.0990459Z ##[endgroup]
Formal AI draft	UNKNOWN STEP	2026-10-07T07:08:24.0991546Z ##[group]Setting up auth
Formal AI draft	UNKNOWN STEP	2026-10-07T07:08:24.0992100Z Removing SSH command configuration
Formal AI draft	UNKNOWN STEP	2026-10-07T07:08:24.0998441Z [command]/usr/bin/git config --local --name-only --get-regexp core\.sshCommand
Formal AI draft	UNKNOWN STEP	2026-10-07T07:08:24.1032533Z [command]/usr/bin/git submodule foreach --recursive sh -c "git config --local --name-only --get-regexp 'core\.sshCommand' && git config --local --unset-all 'core.sshCommand' || :"
Formal AI draft	UNKNOWN STEP	2026-10-07T07:08:24.1418979Z Removing HTTP extra header
Formal AI draft	UNKNOWN STEP	2026-10-07T07:08:24.1425801Z [command]/usr/bin/git config --local --name-only --get-regexp http\.https\:\/\/github\.com\/\.extraheader
Formal AI draft	UNKNOWN STEP	2026-10-07T07:08:24.1465016Z [command]/usr/bin/git submodule foreach --recursive sh -c "git config --local --name-only --get-regexp 'http\.https\:\/\/github\.com\/\.extraheader' && git config --local --unset-all 'http.https://github.com/.extraheader' || :"
Formal AI draft	UNKNOWN STEP	2026-10-07T07:08:24.1680361Z Removing includeIf entries pointing to credentials config files
Formal AI draft	UNKNOWN STEP	2026-10-07T07:08:24.1685052Z [command]/usr/bin/git config --local --name-only --get-regexp ^includeIf\.gitdir:
Formal AI draft	UNKNOWN STEP	2026-10-07T07:08:24.1749238Z [command]/usr/bin/git submodule foreach --recursive git config --local --show-origin --name-only --get-regexp remote.origin.url
Formal AI draft	UNKNOWN STEP	2026-10-07T07:08:24.1975399Z [command]/usr/bin/git config --file /home/runner/work/_temp/git-credentials-8cba1a9b-03bd-414f-9b9c-1f420eb2796a.config http.https://github.com/.extraheader AUTHORIZATION: basic [REDACTED]
Formal AI draft	UNKNOWN STEP	2026-10-07T07:08:24.2017630Z [command]/usr/bin/git config --local includeIf.gitdir:/home/runner/work/hive-mind/hive-mind/.git.path /home/runner/work/_temp/git-credentials-8cba1a9b-03bd-414f-9b9c-1f420eb2796a.config
Formal AI draft	UNKNOWN STEP	2026-10-07T07:08:24.2051743Z [command]/usr/bin/git config --local includeIf.gitdir:/home/runner/work/hive-mind/hive-mind/.git/worktrees/*.path /home/runner/work/_temp/git-credentials-8cba1a9b-03bd-414f-9b9c-1f420eb2796a.config
Formal AI draft	UNKNOWN STEP	2026-10-07T07:08:24.2091729Z [command]/usr/bin/git config --local includeIf.gitdir:/github/workspace/.git.path /github/runner_temp/git-credentials-8cba1a9b-03bd-414f-9b9c-1f420eb2796a.config
Formal AI draft	UNKNOWN STEP	2026-10-07T07:08:24.2126843Z [command]/usr/bin/git config --local includeIf.gitdir:/github/workspace/.git/worktrees/*.path /github/runner_temp/git-credentials-8cba1a9b-03bd-414f-9b9c-1f420eb2796a.config
Formal AI draft	UNKNOWN STEP	2026-10-07T07:08:24.2159387Z ##[endgroup]
Formal AI draft	UNKNOWN STEP	2026-10-07T07:08:24.2160765Z ##[group]Fetching the repository
Formal AI draft	UNKNOWN STEP	2026-10-07T07:08:24.2167505Z [command]/usr/bin/git -c protocol.version=2 fetch --no-tags --prune --no-recurse-submodules --depth=1 origin +e63…690:refs/remotes/origin/main
Formal AI draft	UNKNOWN STEP	2026-10-07T07:08:41.8366894Z From https://github.com/link-assistant/hive-mind
Formal AI draft	UNKNOWN STEP	2026-10-07T07:08:41.8369158Z  * [new ref]         e63…690 -> origin/main
Formal AI draft	UNKNOWN STEP	2026-10-07T07:08:41.8377119Z [command]/usr/bin/git branch --list --remote origin/main
Formal AI draft	UNKNOWN STEP	2026-10-07T07:08:41.8407020Z   origin/main
Formal AI draft	UNKNOWN STEP	2026-10-07T07:08:41.8414353Z [command]/usr/bin/git rev-parse refs/remotes/origin/main
Formal AI draft	UNKNOWN STEP	2026-10-07T07:08:41.8441065Z e63…690
Formal AI draft	UNKNOWN STEP	2026-10-07T07:08:41.8445977Z ##[endgroup]
Formal AI draft	UNKNOWN STEP	2026-10-07T07:08:41.8447812Z ##[group]Determining the checkout info
Formal AI draft	UNKNOWN STEP	2026-10-07T07:08:41.8449221Z ##[endgroup]
Formal AI draft	UNKNOWN STEP	2026-10-07T07:08:41.8450752Z [command]/usr/bin/git sparse-checkout disable
Formal AI draft	UNKNOWN STEP	2026-10-07T07:08:41.8508438Z [command]/usr/bin/git config --local --unset-all extensions.worktreeConfig
Formal AI draft	UNKNOWN STEP	2026-10-07T07:08:41.8544099Z ##[group]Checking out the ref
Formal AI draft	UNKNOWN STEP	2026-10-07T07:08:41.8548201Z [command]/usr/bin/git checkout --progress --force -B main refs/remotes/origin/main
Formal AI draft	UNKNOWN STEP	2026-10-07T07:08:42.9184142Z Updating files:  26% (2052/7753)
Formal AI draft	UNKNOWN STEP	2026-10-07T07:08:42.9710354Z Updating files:  27% (2094/7753)
Formal AI draft	UNKNOWN STEP	2026-10-07T07:08:43.0048893Z Updating files:  28% (2171/7753)
Formal AI draft	UNKNOWN STEP	2026-10-07T07:08:43.0273260Z Updating files:  29% (2249/7753)
Formal AI draft	UNKNOWN STEP	2026-10-07T07:08:43.0414482Z Updating files:  30% (2326/7753)
Formal AI draft	UNKNOWN STEP	2026-10-07T07:08:43.0775649Z Updating files:  31% (2404/7753)
Formal AI draft	UNKNOWN STEP	2026-10-07T07:08:43.1529625Z Updating files:  32% (2481/7753)
Formal AI draft	UNKNOWN STEP	2026-10-07T07:08:43.1743881Z Updating files:  33% (2559/7753)
Formal AI draft	UNKNOWN STEP	2026-10-07T07:08:43.1915283Z Updating files:  34% (2637/7753)
Formal AI draft	UNKNOWN STEP	2026-10-07T07:08:43.2086819Z Updating files:  35% (2714/7753)
Formal AI draft	UNKNOWN STEP	2026-10-07T07:08:43.3538816Z Updating files:  36% (2792/7753)
Formal AI draft	UNKNOWN STEP	2026-10-07T07:08:43.3751349Z Updating files:  37% (2869/7753)
Formal AI draft	UNKNOWN STEP	2026-10-07T07:08:43.4449627Z Updating files:  38% (2947/7753)
Formal AI draft	UNKNOWN STEP	2026-10-07T07:08:43.6016272Z Updating files:  39% (3024/7753)
Formal AI draft	UNKNOWN STEP	2026-10-07T07:08:43.6304575Z Updating files:  40% (3102/7753)
Formal AI draft	UNKNOWN STEP	2026-10-07T07:08:43.7197948Z Updating files:  41% (3179/7753)
Formal AI draft	UNKNOWN STEP	2026-10-07T07:08:43.7599016Z Updating files:  42% (3257/7753)
Formal AI draft	UNKNOWN STEP	2026-10-07T07:08:43.7862721Z Updating files:  43% (3334/7753)
Formal AI draft	UNKNOWN STEP	2026-10-07T07:08:43.8291618Z Updating files:  44% (3412/7753)
Formal AI draft	UNKNOWN STEP	2026-10-07T07:08:43.8671724Z Updating files:  45% (3489/7753)
Formal AI draft	UNKNOWN STEP	2026-10-07T07:08:43.9073413Z Updating files:  45% (3508/7753)
Formal AI draft	UNKNOWN STEP	2026-10-07T07:08:43.9615834Z Updating files:  46% (3567/7753)
Formal AI draft	UNKNOWN STEP	2026-10-07T07:08:43.9861946Z Updating files:  47% (3644/7753)
Formal AI draft	UNKNOWN STEP	2026-10-07T07:08:44.0084126Z Updating files:  48% (3722/7753)
Formal AI draft	UNKNOWN STEP	2026-10-07T07:08:44.0299403Z Updating files:  49% (3799/7753)
Formal AI draft	UNKNOWN STEP	2026-10-07T07:08:44.0709338Z Updating files:  50% (3877/7753)
Formal AI draft	UNKNOWN STEP	2026-10-07T07:08:44.0919920Z Updating files:  51% (3955/7753)
Formal AI draft	UNKNOWN STEP	2026-10-07T07:08:44.0963938Z Updating files:  52% (4032/7753)
Formal AI draft	UNKNOWN STEP	2026-10-07T07:08:44.2220651Z Updating files:  53% (4110/7753)
Formal AI draft	UNKNOWN STEP	2026-10-07T07:08:44.2441194Z Updating files:  54% (4187/7753)
Formal AI draft	UNKNOWN STEP	2026-10-07T07:08:44.3112477Z Updating files:  55% (4265/7753)
Formal AI draft	UNKNOWN STEP	2026-10-07T07:08:44.3157617Z Updating files:  56% (4342/7753)
Formal AI draft	UNKNOWN STEP	2026-10-07T07:08:44.3262571Z Updating files:  57% (4420/7753)
Formal AI draft	UNKNOWN STEP	2026-10-07T07:08:44.3668132Z Updating files:  58% (4497/7753)
Formal AI draft	UNKNOWN STEP	2026-10-07T07:08:44.3934561Z Updating files:  59% (4575/7753)
Formal AI draft	UNKNOWN STEP	2026-10-07T07:08:44.4026965Z Updating files:  60% (4652/7753)
Formal AI draft	UNKNOWN STEP	2026-10-07T07:08:44.4110609Z Updating files:  61% (4730/7753)
Formal AI draft	UNKNOWN STEP	2026-10-07T07:08:44.4994970Z Updating files:  62% (4807/7753)
Formal AI draft	UNKNOWN STEP	2026-10-07T07:08:44.5384715Z Updating files:  63% (4885/7753)
Formal AI draft	UNKNOWN STEP	2026-10-07T07:08:44.5829420Z Updating files:  64% (4962/7753)
Formal AI draft	UNKNOWN STEP	2026-10-07T07:08:44.6587706Z Updating files:  65% (5040/7753)
Formal AI draft	UNKNOWN STEP	2026-10-07T07:08:44.6683268Z Updating files:  66% (5117/7753)
Formal AI draft	UNKNOWN STEP	2026-10-07T07:08:44.6803314Z Updating files:  67% (5195/7753)
Formal AI draft	UNKNOWN STEP	2026-10-07T07:08:44.7673993Z Updating files:  68% (5273/7753)
Formal AI draft	UNKNOWN STEP	2026-10-07T07:08:44.7760530Z Updating files:  69% (5350/7753)
Formal AI draft	UNKNOWN STEP	2026-10-07T07:08:44.9350657Z Updating files:  70% (5428/7753)
Formal AI draft	UNKNOWN STEP	2026-10-07T07:08:44.9603480Z Updating files:  70% (5497/7753)
Formal AI draft	UNKNOWN STEP	2026-10-07T07:08:44.9985727Z Updating files:  71% (5505/7753)
Formal AI draft	UNKNOWN STEP	2026-10-07T07:08:45.0389205Z Updating files:  72% (5583/7753)
Formal AI draft	UNKNOWN STEP	2026-10-07T07:08:45.0698423Z Updating files:  73% (5660/7753)
Formal AI draft	UNKNOWN STEP	2026-10-07T07:08:45.0761653Z Updating files:  74% (5738/7753)
Formal AI draft	UNKNOWN STEP	2026-10-07T07:08:45.0802594Z Updating files:  75% (5815/7753)
Formal AI draft	UNKNOWN STEP	2026-10-07T07:08:45.0841424Z Updating files:  76% (5893/7753)
Formal AI draft	UNKNOWN STEP	2026-10-07T07:08:45.0886882Z Updating files:  77% (5970/7753)
Formal AI draft	UNKNOWN STEP	2026-10-07T07:08:45.0937149Z Updating files:  78% (6048/7753)
Formal AI draft	UNKNOWN STEP	2026-10-07T07:08:45.0995859Z Updating files:  79% (6125/7753)
Formal AI draft	UNKNOWN STEP	2026-10-07T07:08:45.1033536Z Updating files:  80% (6203/7753)
Formal AI draft	UNKNOWN STEP	2026-10-07T07:08:45.1072938Z Updating files:  81% (6280/7753)
Formal AI draft	UNKNOWN STEP	2026-10-07T07:08:45.1114837Z Updating files:  82% (6358/7753)
Formal AI draft	UNKNOWN STEP	2026-10-07T07:08:45.1154476Z Updating files:  83% (6435/7753)
Formal AI draft	UNKNOWN STEP	2026-10-07T07:08:45.1192704Z Updating files:  84% (6513/7753)
Formal AI draft	UNKNOWN STEP	2026-10-07T07:08:45.1232509Z Updating files:  85% (6591/7753)
Formal AI draft	UNKNOWN STEP	2026-10-07T07:08:45.1279286Z Updating files:  86% (6668/7753)
Formal AI draft	UNKNOWN STEP	2026-10-07T07:08:45.1342972Z Updating files:  87% (6746/7753)
Formal AI draft	UNKNOWN STEP	2026-10-07T07:08:45.1412905Z Updating files:  88% (6823/7753)
Formal AI draft	UNKNOWN STEP	2026-10-07T07:08:45.1489857Z Updating files:  89% (6901/7753)
Formal AI draft	UNKNOWN STEP	2026-10-07T07:08:45.1567424Z Updating files:  90% (6978/7753)
Formal AI draft	UNKNOWN STEP	2026-10-07T07:08:45.1638669Z Updating files:  91% (7056/7753)
Formal AI draft	UNKNOWN STEP	2026-10-07T07:08:45.1699561Z Updating files:  92% (7133/7753)
Formal AI draft	UNKNOWN STEP	2026-10-07T07:08:45.1754124Z Updating files:  93% (7211/7753)
Formal AI draft	UNKNOWN STEP	2026-10-07T07:08:45.1814866Z Updating files:  94% (7288/7753)
Formal AI draft	UNKNOWN STEP	2026-10-07T07:08:45.1874119Z Updating files:  95% (7366/7753)
Formal AI draft	UNKNOWN STEP	2026-10-07T07:08:45.1927692Z Updating files:  96% (7443/7753)
Formal AI draft	UNKNOWN STEP	2026-10-07T07:08:45.1990747Z Updating files:  97% (7521/7753)
Formal AI draft	UNKNOWN STEP	2026-10-07T07:08:45.2052058Z Updating files:  98% (7598/7753)
Formal AI draft	UNKNOWN STEP	2026-10-07T07:08:45.2108323Z Updating files:  99% (7676/7753)
Formal AI draft	UNKNOWN STEP	2026-10-07T07:08:45.2108774Z Updating files: 100% (7753/7753)
Formal AI draft	UNKNOWN STEP	2026-10-07T07:08:45.2109070Z Updating files: 100% (7753/7753), done.
Formal AI draft	UNKNOWN STEP	2026-10-07T07:08:45.2202039Z Switched to a new branch 'main'
Formal AI draft	UNKNOWN STEP	2026-10-07T07:08:45.2208887Z branch 'main' set up to track 'origin/main'.
Formal AI draft	UNKNOWN STEP	2026-10-07T07:08:45.2284157Z ##[endgroup]
Formal AI draft	UNKNOWN STEP	2026-10-07T07:08:45.2334524Z [command]/usr/bin/git log -1 --format=%H
Formal AI draft	UNKNOWN STEP	2026-10-07T07:08:45.2364946Z e63…690
Formal AI draft	UNKNOWN STEP	2026-10-07T07:08:45.2373990Z ##[group]Removing auth
Formal AI draft	UNKNOWN STEP	2026-10-07T07:08:45.2374424Z Removing SSH command configuration
Formal AI draft	UNKNOWN STEP	2026-10-07T07:08:45.2378634Z [command]/usr/bin/git config --local --name-only --get-regexp core\.sshCommand
Formal AI draft	UNKNOWN STEP	2026-10-07T07:08:45.2414672Z [command]/usr/bin/git submodule foreach --recursive sh -c "git config --local --name-only --get-regexp 'core\.sshCommand' && git config --local --unset-all 'core.sshCommand' || :"
Formal AI draft	UNKNOWN STEP	2026-10-07T07:08:45.2644957Z Removing HTTP extra header
Formal AI draft	UNKNOWN STEP	2026-10-07T07:08:45.2649055Z [command]/usr/bin/git config --local --name-only --get-regexp http\.https\:\/\/github\.com\/\.extraheader
Formal AI draft	UNKNOWN STEP	2026-10-07T07:08:45.2684613Z [command]/usr/bin/git submodule foreach --recursive sh -c "git config --local --name-only --get-regexp 'http\.https\:\/\/github\.com\/\.extraheader' && git config --local --unset-all 'http.https://github.com/.extraheader' || :"
Formal AI draft	UNKNOWN STEP	2026-10-07T07:08:45.2911959Z Removing includeIf entries pointing to credentials config files
Formal AI draft	UNKNOWN STEP	2026-10-07T07:08:45.2915745Z [command]/usr/bin/git config --local --name-only --get-regexp ^includeIf\.gitdir:
Formal AI draft	UNKNOWN STEP	2026-10-07T07:08:45.2946784Z includeif.gitdir:/home/runner/work/hive-mind/hive-mind/.git.path
Formal AI draft	UNKNOWN STEP	2026-10-07T07:08:45.2948043Z includeif.gitdir:/home/runner/work/hive-mind/hive-mind/.git/worktrees/*.path
Formal AI draft	UNKNOWN STEP	2026-10-07T07:08:45.2949026Z includeif.gitdir:/github/workspace/.git.path
Formal AI draft	UNKNOWN STEP	2026-10-07T07:08:45.2949853Z includeif.gitdir:/github/workspace/.git/worktrees/*.path
Formal AI draft	UNKNOWN STEP	2026-10-07T07:08:45.2964086Z [command]/usr/bin/git config --local --get-all includeif.gitdir:/home/runner/work/hive-mind/hive-mind/.git.path
Formal AI draft	UNKNOWN STEP	2026-10-07T07:08:45.2999004Z /home/runner/work/_temp/git-credentials-8cba1a9b-03bd-414f-9b9c-1f420eb2796a.config
Formal AI draft	UNKNOWN STEP	2026-10-07T07:08:45.3008326Z [command]/usr/bin/git config --local --unset includeif.gitdir:/home/runner/work/hive-mind/hive-mind/.git.path \/home\/runner\/work\/_temp\/git\-credentials\-8cba1a9b\-03bd\-414f\-9b9c\-1f420eb2796a\.config
Formal AI draft	UNKNOWN STEP	2026-10-07T07:08:45.3043896Z [command]/usr/bin/git config --local --get-all includeif.gitdir:/home/runner/work/hive-mind/hive-mind/.git/worktrees/*.path
Formal AI draft	UNKNOWN STEP	2026-10-07T07:08:45.3069643Z /home/runner/work/_temp/git-credentials-8cba1a9b-03bd-414f-9b9c-1f420eb2796a.config
Formal AI draft	UNKNOWN STEP	2026-10-07T07:08:45.3083143Z [command]/usr/bin/git config --local --unset includeif.gitdir:/home/runner/work/hive-mind/hive-mind/.git/worktrees/*.path \/home\/runner\/work\/_temp\/git\-credentials\-8cba1a9b\-03bd\-414f\-9b9c\-1f420eb2796a\.config
Formal AI draft	UNKNOWN STEP	2026-10-07T07:08:45.3122914Z [command]/usr/bin/git config --local --get-all includeif.gitdir:/github/workspace/.git.path
Formal AI draft	UNKNOWN STEP	2026-10-07T07:08:45.3150283Z /github/runner_temp/git-credentials-8cba1a9b-03bd-414f-9b9c-1f420eb2796a.config
Formal AI draft	UNKNOWN STEP	2026-10-07T07:08:45.3157965Z [command]/usr/bin/git config --local --unset includeif.gitdir:/github/workspace/.git.path \/github\/runner_temp\/git\-credentials\-8cba1a9b\-03bd\-414f\-9b9c\-1f420eb2796a\.config
Formal AI draft	UNKNOWN STEP	2026-10-07T07:08:45.3193896Z [command]/usr/bin/git config --local --get-all includeif.gitdir:/github/workspace/.git/worktrees/*.path
Formal AI draft	UNKNOWN STEP	2026-10-07T07:08:45.3219709Z /github/runner_temp/git-credentials-8cba1a9b-03bd-414f-9b9c-1f420eb2796a.config
Formal AI draft	UNKNOWN STEP	2026-10-07T07:08:45.3227001Z [command]/usr/bin/git config --local --unset includeif.gitdir:/github/workspace/.git/worktrees/*.path \/github\/runner_temp\/git\-credentials\-8cba1a9b\-03bd\-414f\-9b9c\-1f420eb2796a\.config
Formal AI draft	UNKNOWN STEP	2026-10-07T07:08:45.3262420Z [command]/usr/bin/git submodule foreach --recursive git config --local --show-origin --name-only --get-regexp remote.origin.url
Formal AI draft	UNKNOWN STEP	2026-10-07T07:08:45.3490045Z Removing credentials config '/home/runner/work/_temp/git-credentials-8cba1a9b-03bd-414f-9b9c-1f420eb2796a.config'
Formal AI draft	UNKNOWN STEP	2026-10-07T07:08:45.3498605Z ##[endgroup]
Formal AI draft	UNKNOWN STEP	2026-10-07T07:08:45.3744388Z ##[group]Run actions/setup-node@v7
Formal AI draft	UNKNOWN STEP	2026-10-07T07:08:45.3744683Z with:
Formal AI draft	UNKNOWN STEP	2026-10-07T07:08:45.3744883Z   node-version: 24.x
Formal AI draft	UNKNOWN STEP	2026-10-07T07:08:45.3745117Z   check-latest: false
Formal AI draft	UNKNOWN STEP	2026-10-07T07:08:45.3747655Z   token: [REDACTED]
Formal AI draft	UNKNOWN STEP	2026-10-07T07:08:45.3747892Z   package-manager-cache: true
Formal AI draft	UNKNOWN STEP	2026-10-07T07:08:45.3748169Z ##[endgroup]
Formal AI draft	UNKNOWN STEP	2026-10-07T07:08:45.5008742Z Found in cache @ /opt/hostedtoolcache/node/24.21.0/x64
Formal AI draft	UNKNOWN STEP	2026-10-07T07:08:45.5011891Z ##[group]Environment details
Formal AI draft	UNKNOWN STEP	2026-10-07T07:08:45.9176164Z node: v24.21.0
Formal AI draft	UNKNOWN STEP	2026-10-07T07:08:45.9176469Z npm: 11.19.0
Formal AI draft	UNKNOWN STEP	2026-10-07T07:08:45.9177190Z yarn: 1.22.22
Formal AI draft	UNKNOWN STEP	2026-10-07T07:08:45.9178295Z ##[endgroup]
Formal AI draft	UNKNOWN STEP	2026-10-07T07:08:45.9182388Z Detected npm as the package manager from package.json's packageManager field. Auto caching has been enabled for npm. If you want to disable it, set package-manager-cache input to false
Formal AI draft	UNKNOWN STEP	2026-10-07T07:08:45.9201355Z [command]/opt/hostedtoolcache/node/24.21.0/x64/bin/npm config get cache
Formal AI draft	UNKNOWN STEP	2026-10-07T07:08:46.2696390Z /home/runner/.npm
Formal AI draft	UNKNOWN STEP	2026-10-07T07:08:46.3551354Z Cache hit for: node-cache-Linux-x64-npm-67346d39b54e803912c2d3b2b917f8d5d6da963561f69ecaf8a8e9b20b88590f
Formal AI draft	UNKNOWN STEP	2026-10-07T07:08:46.4162908Z Received 4057 of 4057 (100.0%), 0.2 MBs/sec
Formal AI draft	UNKNOWN STEP	2026-10-07T07:08:46.4163465Z Cache Size: ~0 MB (4057 B)
Formal AI draft	UNKNOWN STEP	2026-10-07T07:08:46.4197405Z [command]/usr/bin/tar -xf /home/runner/work/_temp/88acdccc-9dcf-4c93-b019-1269b62e320d/cache.tzst -P -C /home/runner/work/hive-mind/hive-mind --use-compress-program unzstd
Formal AI draft	UNKNOWN STEP	2026-10-07T07:08:46.4265732Z Cache restored successfully
Formal AI draft	UNKNOWN STEP	2026-10-07T07:08:46.4271539Z Cache restored from key: node-cache-Linux-x64-npm-67346d39b54e803912c2d3b2b917f8d5d6da963561f69ecaf8a8e9b20b88590f
Formal AI draft	UNKNOWN STEP	2026-10-07T07:08:46.4415033Z ##[group]Run npm ci --omit=dev --ignore-scripts
Formal AI draft	UNKNOWN STEP	2026-10-07T07:08:46.4415481Z ^[[36;1mnpm ci --omit=dev --ignore-scripts^[[0m
Formal AI draft	UNKNOWN STEP	2026-10-07T07:08:46.4682281Z shell: /usr/bin/bash -e {0}
Formal AI draft	UNKNOWN STEP	2026-10-07T07:08:46.4682575Z ##[endgroup]
Formal AI draft	UNKNOWN STEP	2026-10-07T07:08:52.4908748Z 
Formal AI draft	UNKNOWN STEP	2026-10-07T07:08:52.4916966Z added 144 packages, and audited 145 packages in 6s
Formal AI draft	UNKNOWN STEP	2026-10-07T07:08:52.4917317Z 
Formal AI draft	UNKNOWN STEP	2026-10-07T07:08:52.4917532Z 36 packages are looking for funding
Formal AI draft	UNKNOWN STEP	2026-10-07T07:08:52.4917878Z   run `npm fund` for details
Formal AI draft	UNKNOWN STEP	2026-10-07T07:08:52.4921094Z 
Formal AI draft	UNKNOWN STEP	2026-10-07T07:08:52.4921348Z found 0 vulnerabilities
Formal AI draft	UNKNOWN STEP	2026-10-07T07:08:52.5648018Z Prepare all required actions
Formal AI draft	UNKNOWN STEP	2026-10-07T07:08:52.5648763Z Getting action download info
Formal AI draft	UNKNOWN STEP	2026-10-07T07:08:52.6661781Z Download action repository 'actions/create-github-app-token@v3' (SHA:bcd2ba49218906704ab6c1aa796996da409d3eb1)
Formal AI draft	UNKNOWN STEP	2026-10-07T07:08:53.1283410Z ##[group]Run ./.github/actions/resolve-github-token
Formal AI draft	UNKNOWN STEP	2026-10-07T07:08:53.1283781Z with:
Formal AI draft	UNKNOWN STEP	2026-10-07T07:08:53.1286414Z   default-token: [REDACTED]
Formal AI draft	UNKNOWN STEP	2026-10-07T07:08:53.1286900Z   repository-operations: false
Formal AI draft	UNKNOWN STEP	2026-10-07T07:08:53.1287159Z   owner: link-assistant
Formal AI draft	UNKNOWN STEP	2026-10-07T07:08:53.1287379Z ##[endgroup]
Formal AI draft	UNKNOWN STEP	2026-10-07T07:08:53.1350057Z ##[start-action display=Mint installation token;id=gh.app]
Formal AI draft	UNKNOWN STEP	2026-10-07T07:08:53.1363031Z ##[end-action id=gh.app;outcome=skipped;conclusion=skipped;duration_ms=0]
Formal AI draft	UNKNOWN STEP	2026-10-07T07:08:53.1365047Z ##[start-action display=Mint repository administration token;id=gh.admin]
Formal AI draft	UNKNOWN STEP	2026-10-07T07:08:53.1370187Z ##[end-action id=gh.admin;outcome=skipped;conclusion=skipped;duration_ms=0]
Formal AI draft	UNKNOWN STEP	2026-10-07T07:08:53.1382777Z ##[start-action display=Resolve and report credentials;id=gh.resolve]
Formal AI draft	UNKNOWN STEP	2026-10-07T07:08:53.1759007Z ##[group]Run node "$ACTION_PATH/../../../scripts/resolve-automation-token.mjs"
Formal AI draft	UNKNOWN STEP	2026-10-07T07:08:53.1759588Z ^[[36;1mnode "$ACTION_PATH/../../../scripts/resolve-automation-token.mjs"^[[0m
Formal AI draft	UNKNOWN STEP	2026-10-07T07:08:53.1831163Z shell: /usr/bin/bash --noprofile --norc -e -o pipefail {0}
Formal AI draft	UNKNOWN STEP	2026-10-07T07:08:53.1831509Z env:
Formal AI draft	UNKNOWN STEP	2026-10-07T07:08:53.1831715Z   RESOLVED_APP_TOKEN: 
[REDACTED] AI draft	UNKNOWN STEP	2026-10-07T07:08:53.1831959Z   APP_ADMINISTRATION_GRANTED: false
Formal AI draft	UNKNOWN STEP	2026-10-07T07:08:53.1832231Z   AUTOMATION_TOKEN: 
[REDACTED] AI draft	UNKNOWN STEP	2026-10-07T07:08:53.1834642Z   DEFAULT_TOKEN: [REDACTED]
Formal AI draft	UNKNOWN STEP	2026-10-07T07:08:53.1834886Z   AUTOMATION_OWNER: link-assistant
Formal AI draft	UNKNOWN STEP	2026-10-07T07:08:53.1835323Z   ACTION_PATH: /home/runner/work/hive-mind/hive-mind/./.github/actions/resolve-github-token
Formal AI draft	UNKNOWN STEP	2026-10-07T07:08:53.1835762Z ##[endgroup]
Formal AI draft	UNKNOWN STEP	2026-10-07T07:08:53.2244469Z GitHub credentials: layer default (built-in github.token; optional credentials unavailable); pull request checks through dispatch-checks.
Formal AI draft	UNKNOWN STEP	2026-10-07T07:08:53.6267809Z ##[end-action id=gh.resolve;outcome=success;conclusion=success;duration_ms=488]
Formal AI draft	UNKNOWN STEP	2026-10-07T07:08:53.6323800Z ##[group]Run node scripts/formal-ai-draft.mjs --decide
Formal AI draft	UNKNOWN STEP	2026-10-07T07:08:53.6324219Z ^[[36;1mnode scripts/formal-ai-draft.mjs --decide^[[0m
Formal AI draft	UNKNOWN STEP	2026-10-07T07:08:53.6388855Z shell: /usr/bin/bash -e {0}
Formal AI draft	UNKNOWN STEP	2026-10-07T07:08:53.6389112Z env:
Formal AI draft	UNKNOWN STEP	2026-10-07T07:08:53.6389308Z   FORMAL_AI_DRAFT_ISSUE: 
Formal AI draft	UNKNOWN STEP	2026-10-07T07:08:53.6389552Z   AUTOMATION_LAYER: default
Formal AI draft	UNKNOWN STEP	2026-10-07T07:08:53.6391985Z   GH_TOKEN: [REDACTED]
Formal AI draft	UNKNOWN STEP	2026-10-07T07:08:53.6392198Z ##[endgroup]
Formal AI draft	UNKNOWN STEP	2026-10-07T07:08:53.6776764Z Formal AI draft: attempting — #2591 was just opened by konard
Formal AI draft	UNKNOWN STEP	2026-10-07T07:08:53.6780303Z should_run=true
Formal AI draft	UNKNOWN STEP	2026-10-07T07:08:53.6780774Z decision_code=run
Formal AI draft	UNKNOWN STEP	2026-10-07T07:08:53.6781430Z decision_reason=#2591 was just opened by konard
Formal AI draft	UNKNOWN STEP	2026-10-07T07:08:53.6781867Z issue_number=2591
Formal AI draft	UNKNOWN STEP	2026-10-07T07:08:53.6857679Z ##[group]Run node scripts/free-disk-space.mjs
Formal AI draft	UNKNOWN STEP	2026-10-07T07:08:53.6858081Z ^[[36;1mnode scripts/free-disk-space.mjs^[[0m
Formal AI draft	UNKNOWN STEP	2026-10-07T07:08:53.6923753Z shell: /usr/bin/bash -e {0}
Formal AI draft	UNKNOWN STEP	2026-10-07T07:08:53.6924023Z ##[endgroup]
Formal AI draft	UNKNOWN STEP	2026-10-07T07:08:53.7266831Z 
Formal AI draft	UNKNOWN STEP	2026-10-07T07:08:53.7267251Z Disk space before cleanup:
Formal AI draft	UNKNOWN STEP	2026-10-07T07:08:53.7310073Z Filesystem      Size  Used Avail Use% Mounted on
Formal AI draft	UNKNOWN STEP	2026-10-07T07:08:53.7310538Z /dev/root       145G   61G   85G  42% /
Formal AI draft	UNKNOWN STEP	2026-10-07T07:08:53.7314491Z 
Formal AI draft	UNKNOWN STEP	2026-10-07T07:08:53.7314915Z Removing unnecessary packages to free disk space...
Formal AI draft	UNKNOWN STEP	2026-10-07T07:08:53.7315563Z Removing /usr/share/dotnet...
Formal AI draft	UNKNOWN STEP	2026-10-07T07:09:01.0549577Z Removing /usr/local/lib/android...
Formal AI draft	UNKNOWN STEP	2026-10-07T07:09:43.9667526Z Removing /opt/ghc...
Formal AI draft	UNKNOWN STEP	2026-10-07T07:09:43.9757792Z Removing /opt/hostedtoolcache/CodeQL...
Formal AI draft	UNKNOWN STEP	2026-10-07T07:09:54.4345789Z Pruning unused Docker images...
Formal AI draft	UNKNOWN STEP	2026-10-07T07:10:02.5828926Z Deleted Images:
Formal AI draft	UNKNOWN STEP	2026-10-07T07:10:02.5829614Z untagged: ghcr.io/github/gh-aw-mcpg:latest
Formal AI draft	UNKNOWN STEP	2026-10-07T07:10:02.5830950Z untagged: ghcr.io/github/gh-aw-mcpg@sha256:69920365d9f0143ed853743c319b2bd4614ca7f9537474ad8eff0c47da84c5a4
Formal AI draft	UNKNOWN STEP	2026-10-07T07:10:02.5832338Z deleted: sha256:a589ff70a2020d1b1c5e77be8a997173f4eed8fe2230ae03893c330994c27440
Formal AI draft	UNKNOWN STEP	2026-10-07T07:10:02.5833952Z deleted: sha256:f6f64d8c05fe09a3dd0f862e98e1a328d3d04066599e52943909ed085832edc1
Formal AI draft	UNKNOWN STEP	2026-10-07T07:10:02.5835097Z deleted: sha256:8c4097e58e0f06073d33d3a39e8382033cf595f6e7f12463c7b41c59636458b3
Formal AI draft	UNKNOWN STEP	2026-10-07T07:10:02.5835949Z deleted: sha256:66f209f4bb598ee46b2b245fdd3d616d92551c3b8c7963beb917398f4aeb3c71
Formal AI draft	UNKNOWN STEP	2026-10-07T07:10:02.5836949Z deleted: sha256:83d924042ae52d38952f6fc718db75e574675264bd2a59bba16d73375bd7e731
Formal AI draft	UNKNOWN STEP	2026-10-07T07:10:02.5837712Z deleted: sha256:1514500ea842bcd611f5b5bda57e12dfd11c0c1f9c27c58b39f5e8a2f548904c
Formal AI draft	UNKNOWN STEP	2026-10-07T07:10:02.5838468Z deleted: sha256:09df3d36d3df02c2be99898ac9e632f91e02fb8262d715c6c0e25927ed2e5dd6
Formal AI draft	UNKNOWN STEP	2026-10-07T07:10:02.5839203Z deleted: sha256:6ccd0f9257b0a94f3e50f50a9cdc766408da9d5ded13721abdac5fc34f663f49
Formal AI draft	UNKNOWN STEP	2026-10-07T07:10:02.5839940Z deleted: sha256:4b35d13cdd93533c08ba296080135dfc555c64a3a0a4284ac739b93e53ee63f6
Formal AI draft	UNKNOWN STEP	2026-10-07T07:10:02.5840654Z deleted: sha256:70834cf3bba44803e61e4c9d424992d91e06c34dcbfa92d388fc493c51c26e3a
Formal AI draft	UNKNOWN STEP	2026-10-07T07:10:02.5841379Z deleted: sha256:1a597abbdca4511eb22f2e0b00a5d8b6d6129e7669ed56d751b9d1d611d80bfa
Formal AI draft	UNKNOWN STEP	2026-10-07T07:10:02.5842135Z deleted: sha256:d5c28ed9f7e287d23038493d8b2dbea75a712162b907ec2fab74295d6bbf77fc
Formal AI draft	UNKNOWN STEP	2026-10-07T07:10:02.5842778Z deleted: sha256:34884abbe92863fce933ed7c39c0e045631af0ed86d5cc0dfbdf9fdca426ce3c
Formal AI draft	UNKNOWN STEP	2026-10-07T07:10:02.5843302Z untagged: ghcr.io/github/gh-aw-firewall/agent:latest
Formal AI draft	UNKNOWN STEP	2026-10-07T07:10:02.5844023Z untagged: ghcr.io/github/gh-aw-firewall/agent@sha256:c4ab1d48d533cc7daaa5f2e1193d1a644888242fb8813d49c6de46d129224b76
Formal AI draft	UNKNOWN STEP	2026-10-07T07:10:02.5844783Z deleted: sha256:d1d510080c4d6741ea6a805d8f522bb83040186cef3474cc665932a84f6f9a3b
Formal AI draft	UNKNOWN STEP	2026-10-07T07:10:02.5845399Z deleted: sha256:a36ad49dd6a643355c7cfaeb88a936f7b5497be9ac5e359d77838b59a06a9484
Formal AI draft	UNKNOWN STEP	2026-10-07T07:10:02.5846038Z deleted: sha256:c3b9d9d6c2048d6377865d46d9673644e36d68d1d705423c08f73fd770951ebd
Formal AI draft	UNKNOWN STEP	2026-10-07T07:10:02.5847066Z deleted: sha256:f36d7f24b908694df65fd9ca11bc8cea1695cdefde4bc25917d255ab780a6c5a
Formal AI draft	UNKNOWN STEP	2026-10-07T07:10:02.5848143Z deleted: sha256:0d3a8a0909078dac23ab090b36fc7c1c2aed4077ffc1a3737b2f349982e3bf18
Formal AI draft	UNKNOWN STEP	2026-10-07T07:10:02.5849198Z deleted: sha256:3fbc856d47390f0a1e6452df997b32fab464f1403072452dfc365be442554ec2
Formal AI draft	UNKNOWN STEP	2026-10-07T07:10:02.5850245Z deleted: sha256:65f9ebd4727d61b55afd5938f51345aa07b3bc49c8166cde2dcddb9db23c49d8
Formal AI draft	UNKNOWN STEP	2026-10-07T07:10:02.5851303Z deleted: sha256:f097e2497bb7a3a93ba583355f9aa0969e9b5ed0c4b7195da497a573d26d0587
Formal AI draft	UNKNOWN STEP	2026-10-07T07:10:02.5852364Z deleted: sha256:fae4af64a1d0eaa231b93632655a22515ca4a2df2eb6a152c19244260acbc686
Formal AI draft	UNKNOWN STEP	2026-10-07T07:10:02.5853406Z deleted: sha256:947b4c7bd3af9212604e76d1dc3328aa4e3553f05895e6d697ba0c8b73c3858f
Formal AI draft	UNKNOWN STEP	2026-10-07T07:10:02.5854420Z deleted: sha256:3e409bffaeb687c59d9765b9337e45d9c2586e839da7fa201cfc40181203c527
Formal AI draft	UNKNOWN STEP	2026-10-07T07:10:02.5855702Z deleted: sha256:b0abfb0029661d51cd75ec5346b9fe8ddbd4d3eb06ebcdf3f87be435c7a2efcf
Formal AI draft	UNKNOWN STEP	2026-10-07T07:10:02.5857005Z deleted: sha256:0927740f6eb9022de196045cbec3e9c9a749e1b9babf5fd2ac481e6a9f138fcd
Formal AI draft	UNKNOWN STEP	2026-10-07T07:10:02.5858104Z deleted: sha256:dbf84fb136b1360134c9ca1e70b839610a7cdefb49b2b3f830651b2c278d6243
Formal AI draft	UNKNOWN STEP	2026-10-07T07:10:02.5859202Z deleted: sha256:d2c2d920e811c3ab0bab67d153df423777d2fb96bc4b4e863ad34a607ffdd31f
Formal AI draft	UNKNOWN STEP	2026-10-07T07:10:02.5860393Z deleted: sha256:2fd7520b580ec2804a912be352699931f4d94eed938d13cdd56dd6716acfcc24
Formal AI draft	UNKNOWN STEP	2026-10-07T07:10:02.5861540Z deleted: sha256:eaf36430f3a5bd8d9c5909e9eb4574058da9ffce2b8e6c43059dab2429795db0
Formal AI draft	UNKNOWN STEP	2026-10-07T07:10:02.5862663Z deleted: sha256:c6ea6aafe9dc03cc6517d39086b07b646355a11bb1c9ab9d563315d3ca81e40f
Formal AI draft	UNKNOWN STEP	2026-10-07T07:10:02.5863509Z deleted: sha256:cbaf391e670933f026c05c7dedec3faf8f194b6c2d83b0d5694ad68323c8077c
Formal AI draft	UNKNOWN STEP	2026-10-07T07:10:02.5864076Z untagged: ghcr.io/dependabot/dependabot-updater-core:latest
Formal AI draft	UNKNOWN STEP	2026-10-07T07:10:02.5864881Z untagged: ghcr.io/dependabot/dependabot-updater-core@sha256:a5d0dc2d722bfe644fc186e3da58ca49eea8605b05001031f011afcb0946437d
Formal AI draft	UNKNOWN STEP	2026-10-07T07:10:02.5865687Z deleted: sha256:226ed17086e98ddeee3160baabfb3f78a829d92364d4133509d18d2418c9962e
Formal AI draft	UNKNOWN STEP	2026-10-07T07:10:02.5866787Z deleted: sha256:a4b37f3c3617c1181c4bd735abc926cc64939bbe4e534a571c57b06573c69ed4
Formal AI draft	UNKNOWN STEP	2026-10-07T07:10:02.5868094Z deleted: sha256:f9dda1566037eef47f8cb9dec17ba2b28020635a3e9f569eb918b2b03336ef03
Formal AI draft	UNKNOWN STEP	2026-10-07T07:10:02.5868801Z deleted: sha256:55b82155bfb308b2d87edaf948abd91e04a74d1eff676f8e20a5ddb1fe12ea7f
Formal AI draft	UNKNOWN STEP	2026-10-07T07:10:02.5869469Z deleted: sha256:c2e18b3df92d4cccbdbba1c79600054ea52ceac5a68a9a9bf1e469fd4e7c2dc8
Formal AI draft	UNKNOWN STEP	2026-10-07T07:10:02.5870101Z deleted: sha256:7c01245d0daa8ab74e7b8943a126337ab56e1de160aa26c216eebed691ed09a2
Formal AI draft	UNKNOWN STEP	2026-10-07T07:10:02.5870715Z deleted: sha256:c37398791ef4025533b74164475c93f61a48638861a0ef60d01ccb33dc4651f9
Formal AI draft	UNKNOWN STEP	2026-10-07T07:10:02.5871326Z deleted: sha256:44f38d6ca23ee40568b9a8303d373e563993cf6dbfcbbcd3f4628697cfe4d204
Formal AI draft	UNKNOWN STEP	2026-10-07T07:10:02.5871987Z deleted: sha256:e9f7c247b87eb18217443248dbb6f1cfc2a5365eeb8ac65fa27ddf1f5e31b187
Formal AI draft	UNKNOWN STEP	2026-10-07T07:10:02.5872629Z deleted: sha256:3fea50b4a75138e7e325f4f3a9cd98b28ddc99bd56d9134af70ec36f78946a98
Formal AI draft	UNKNOWN STEP	2026-10-07T07:10:02.5873272Z deleted: sha256:187fb0bdb8d16bedfdd75b896bc2d58a83fc0c2d3c7bb1d6d067d73f3326f903
Formal AI draft	UNKNOWN STEP	2026-10-07T07:10:02.5873897Z deleted: sha256:c0126d25af1c42e5bae3fe68ac215775c239673f562341470b2a1ff519e3698b
Formal AI draft	UNKNOWN STEP	2026-10-07T07:10:02.5874693Z deleted: sha256:d81fb2a7c6ee3be05fdefaa7fd223be219c1ab172083ec1b994c3ecda33ac0a8
Formal AI draft	UNKNOWN STEP	2026-10-07T07:10:02.5875704Z untagged: ghcr.io/github/gh-aw-firewall/squid:latest
Formal AI draft	UNKNOWN STEP	2026-10-07T07:10:02.5877479Z untagged: ghcr.io/github/gh-aw-firewall/squid@sha256:90a46d2e6e910ace2c09c2dcf6b56dc374ed513d9da642a4e9fcfcd6e9248a9d
Formal AI draft	UNKNOWN STEP	2026-10-07T07:10:02.5878861Z deleted: sha256:22967111f2812e3549c638bafb97d3d5de396bb09e7a6b84173d58b979433abb
Formal AI draft	UNKNOWN STEP	2026-10-07T07:10:02.5880034Z deleted: sha256:fe61a40e72d1b55573e81cfd30c9c67bdf654ab7499fffa20aa5f1e99d3ce2b3
Formal AI draft	UNKNOWN STEP	2026-10-07T07:10:02.5881154Z deleted: sha256:6622e63bac11514b91f8cd292706df7511ef5e53c05cc34cf4e0547046806349
Formal AI draft	UNKNOWN STEP	2026-10-07T07:10:02.5882305Z deleted: sha256:99ce13b82c73a9cb85ecf17be027d4af9c0fc013359175e13b41d62c534388cd
Formal AI draft	UNKNOWN STEP	2026-10-07T07:10:02.5883413Z deleted: sha256:233058792c4175e827ae35c05186a1a7a1883cdd7ecd714c18fdbd05e5ee6f5d
Formal AI draft	UNKNOWN STEP	2026-10-07T07:10:02.5884338Z untagged: ghcr.io/github/gh-aw-firewall/api-proxy:latest
Formal AI draft	UNKNOWN STEP	2026-10-07T07:10:02.5885652Z untagged: ghcr.io/github/gh-aw-firewall/api-proxy@sha256:a5a37489635109334a5e2b5cb2eaba32e8c8f1a89d8dea6009baa962a8904c4a
Formal AI draft	UNKNOWN STEP	2026-10-07T07:10:02.5887289Z deleted: sha256:6b335d6fe22a4651a1f265fea4267b837129d7dfe5279c12f46e6d080182ee44
Formal AI draft	UNKNOWN STEP	2026-10-07T07:10:02.5888481Z deleted: sha256:57bbc946e2694df38e8baf48cc03cca3d041fee0db6904f0fa2ecd086eb6c665
Formal AI draft	UNKNOWN STEP	2026-10-07T07:10:02.5889646Z deleted: sha256:647298b6666399d02b3532375456b2f9e67085b875cbbafd00a19d980c7a64a9
Formal AI draft	UNKNOWN STEP	2026-10-07T07:10:02.5890792Z deleted: sha256:7c3450d927f76cf245455ad60b2167ffbf9eecedf71107c8700999b6ed20bbe8
Formal AI draft	UNKNOWN STEP	2026-10-07T07:10:02.5891872Z deleted: sha256:571099cedc705b69a7a433c124f6f641f87cf06fa7eab02deaa040c72e09449c
Formal AI draft	UNKNOWN STEP	2026-10-07T07:10:02.5893250Z deleted: sha256:59822d62b99bd1d07714c99b45500342321788ea351ae428da40b399797d471f
Formal AI draft	UNKNOWN STEP	2026-10-07T07:10:02.5894483Z deleted: sha256:74fbe05a3fb74eabc46606fb21bfcdd547ca31892af3577c3388abee99709ee0
Formal AI draft	UNKNOWN STEP	2026-10-07T07:10:02.5895539Z deleted: sha256:d4cfb75713e7cfcd135cc71b3c80caadc432d96f2ddd0a2ea8475e117893399b
Formal AI draft	UNKNOWN STEP	2026-10-07T07:10:02.5896205Z deleted: sha256:9c745b5bd5a166422f81bb165ae5b0d11faf4a7d12384cd8a33d866e56bf2e5d
Formal AI draft	UNKNOWN STEP	2026-10-07T07:10:02.5897204Z deleted: sha256:7bef4835a0bbba6744a4c9b2708597845518261ee6db084bae1f40dcffecca97
Formal AI draft	UNKNOWN STEP	2026-10-07T07:10:02.5897843Z deleted: sha256:f49d3aa361fffa2b2e94a63d2b3e6c2673485c02a7b18dbcfb4d164a12cad5cc
Formal AI draft	UNKNOWN STEP	2026-10-07T07:10:02.5898466Z deleted: sha256:1fc800ab7c27044f68113e1c7f474000aa447219dbd77479447ab6ad1b86b2d7
Formal AI draft	UNKNOWN STEP	2026-10-07T07:10:02.5899085Z deleted: sha256:9c1e16c1243231b6b2b3f73fb3dadefc3d37c0c7c539e99409b3b1f5d41ee184
Formal AI draft	UNKNOWN STEP	2026-10-07T07:10:02.5899788Z deleted: sha256:ff9b85e5f9ce82bac83d2f8e3097d4b731eb1c268226154012db9a54f9da2cb2
Formal AI draft	UNKNOWN STEP	2026-10-07T07:10:02.5900580Z deleted: sha256:a8aabe94b66ee52be2cc5a04366a49ff3fc40c2945530afcced3919350ddfdf5
Formal AI draft	UNKNOWN STEP	2026-10-07T07:10:02.5901213Z deleted: sha256:74d97c428c51a828f9051a7a40a53ff1fc99e54fc30323ce36760701b0b7f711
Formal AI draft	UNKNOWN STEP	2026-10-07T07:10:02.5901718Z untagged: ghcr.io/github/github-mcp-server:latest
Formal AI draft	UNKNOWN STEP	2026-10-07T07:10:02.5902421Z untagged: ghcr.io/github/github-mcp-server@sha256:7aaeeec9ae4fe9a736d100c1ff0798f3c219b5009e05f5d3945fcacb13cc196b
Formal AI draft	UNKNOWN STEP	2026-10-07T07:10:02.5903377Z deleted: sha256:70d716031cd8fbdb03ea648b706ea4ac706b6d33b8f420bac7479c2f441c4261
Formal AI draft	UNKNOWN STEP	2026-10-07T07:10:02.5904072Z deleted: sha256:407ddefc6e57c644a3e138b7dbcf96c123214628adf111bc1b8626888bda78b3
Formal AI draft	UNKNOWN STEP	2026-10-07T07:10:02.5904698Z deleted: sha256:1e1cabb4a65e50fb84bc4612619b0025e4a1d06d5e38699d1e67e5a8e4f333db
Formal AI draft	UNKNOWN STEP	2026-10-07T07:10:02.5905311Z deleted: sha256:86766d6a6e947f4a599c6e23307470f8f75732fc3d143ec1f3260e4406202bee
Formal AI draft	UNKNOWN STEP	2026-10-07T07:10:02.5905932Z deleted: sha256:2944471a0bbdfb4985f84f8d287edb5cd982d1060589e707a6cb0cbe82cdfe89
Formal AI draft	UNKNOWN STEP	2026-10-07T07:10:02.5906810Z deleted: sha256:5e555e7975e2202f21fb93d460d701a340ade876f3afccb70d702f1dc5ab80db
Formal AI draft	UNKNOWN STEP	2026-10-07T07:10:02.5907453Z deleted: sha256:2a080d78a1c5e3615170178f1c6f4c726340da9d5ff2926cb66e2fd97851da9d
Formal AI draft	UNKNOWN STEP	2026-10-07T07:10:02.5908089Z deleted: sha256:af4a114029fbf94a3cf75c5cfaa5e947019cd6faae4b800c9306ac9079363def
Formal AI draft	UNKNOWN STEP	2026-10-07T07:10:02.5908721Z deleted: sha256:c7b875d3de914680ec64ba55be5865955ec595e7370812894ee68a502e2e8391
Formal AI draft	UNKNOWN STEP	2026-10-07T07:10:02.5909341Z deleted: sha256:85d9b4c1ef131ee259952a35027e942f79626303ab143eff7ef00d55201bd06f
Formal AI draft	UNKNOWN STEP	2026-10-07T07:10:02.5909960Z deleted: sha256:492c6420fd79f4cd4e761bec1e74db6044d45adb5b073a82289af68aa3162e3f
Formal AI draft	UNKNOWN STEP	2026-10-07T07:10:02.5910573Z deleted: sha256:14b282df61c0316a80216cec27e753777da93de1d7e062072ef3b517f984fcf1
Formal AI draft	UNKNOWN STEP	2026-10-07T07:10:02.5911188Z deleted: sha256:fdaace00fc3f072b9060f703047b30a2c14d8bde7dbbf31a396802c032923732
Formal AI draft	UNKNOWN STEP	2026-10-07T07:10:02.5911838Z deleted: sha256:7f73eafc455b691b504d4d3c3f3c7be90e135c1d0ba4988b2cac29579cd6b567
Formal AI draft	UNKNOWN STEP	2026-10-07T07:10:02.5912784Z deleted: sha256:32a12b65383df6b6553c8d59f691675ca1980f8cec9c51cce163c3c8f7665a41
Formal AI draft	UNKNOWN STEP	2026-10-07T07:10:02.5913646Z deleted: sha256:5217b01660b515ac25ea055a8bd04a20790c7d6bd6085374b59b9081283911af
Formal AI draft	UNKNOWN STEP	2026-10-07T07:10:02.5914334Z deleted: sha256:7223ea1323e8c1159ec17f07d35acc27bdd1cc2bc3ed425b44ef21dac9915db0
Formal AI draft	UNKNOWN STEP	2026-10-07T07:10:02.5915014Z 
Formal AI draft	UNKNOWN STEP	2026-10-07T07:10:02.5915295Z Total reclaimed space: 1.852GB
Formal AI draft	UNKNOWN STEP	2026-10-07T07:10:02.5915638Z 
Formal AI draft	UNKNOWN STEP	2026-10-07T07:10:02.5915858Z Disk space after cleanup:
Formal AI draft	UNKNOWN STEP	2026-10-07T07:10:02.5916685Z Filesystem      Size  Used Avail Use% Mounted on
Formal AI draft	UNKNOWN STEP	2026-10-07T07:10:02.5917335Z /dev/root       145G   41G  105G  28% /
Formal AI draft	UNKNOWN STEP	2026-10-07T07:10:02.5917663Z 
Formal AI draft	UNKNOWN STEP	2026-10-07T07:10:02.5917935Z Disk space cleanup completed successfully
Formal AI draft	UNKNOWN STEP	2026-10-07T07:10:02.6033395Z ##[group]Run node scripts/formal-ai-draft.mjs
Formal AI draft	UNKNOWN STEP	2026-10-07T07:10:02.6033781Z ^[[36;1mnode scripts/formal-ai-draft.mjs^[[0m
Formal AI draft	UNKNOWN STEP	2026-10-07T07:10:02.6095841Z shell: /usr/bin/bash -e {0}
Formal AI draft	UNKNOWN STEP	2026-10-07T07:10:02.6096098Z env:
Formal AI draft	UNKNOWN STEP	2026-10-07T07:10:02.6096291Z   FORMAL_AI_DRAFT_ISSUE: 
Formal AI draft	UNKNOWN STEP	2026-10-07T07:10:02.6096812Z   FORMAL_AI_DRAFT_IMAGE: konard/hive-mind:latest
Formal AI draft	UNKNOWN STEP	2026-10-07T07:10:02.6097142Z   FORMAL_AI_INSTALL_GRANT: workspace
Formal AI draft	UNKNOWN STEP	2026-10-07T07:10:02.6097519Z   FORMAL_AI_DRAFT_LOG_DIR: /home/runner/work/_temp/formal-ai-draft-logs
Formal AI draft	UNKNOWN STEP	2026-10-07T07:10:02.6097893Z   AUTOMATION_LAYER: default
Formal AI draft	UNKNOWN STEP	2026-10-07T07:10:02.6100430Z   GH_TOKEN: [REDACTED]
Formal AI draft	UNKNOWN STEP	2026-10-07T07:10:02.6100649Z ##[endgroup]
Formal AI draft	UNKNOWN STEP	2026-10-07T07:10:02.6471084Z Formal AI draft: attempting — #2591 was just opened by konard
Formal AI draft	UNKNOWN STEP	2026-10-07T07:10:02.6474467Z should_run=true
Formal AI draft	UNKNOWN STEP	2026-10-07T07:10:02.6474894Z decision_code=run
Formal AI draft	UNKNOWN STEP	2026-10-07T07:10:02.6475438Z decision_reason=#2591 was just opened by konard
Formal AI draft	UNKNOWN STEP	2026-10-07T07:10:02.6475822Z issue_number=2591
Formal AI draft	UNKNOWN STEP	2026-10-07T07:10:02.6478748Z 
Formal AI draft	UNKNOWN STEP	2026-10-07T07:10:02.6482342Z $ docker run --rm --user box -e GH_TOKEN -e FORMAL_AI_INSTALL_GRANT -e GIT_CONFIG_COUNT=3 -e GIT_CONFIG_KEY_0=init.defaultBranch -e GIT_CONFIG_VALUE_0=main -e GIT_CONFIG_KEY_1=user.name -e GIT_CONFIG_VALUE_1=github-actions[bot] -e GIT_CONFIG_KEY_2=user.email -e GIT_CONFIG_VALUE_2=41898282+github-actions[bot]@users.noreply.github.com -v /home/runner/work/_temp/formal-ai-draft-logs:/home/box/logs konard/hive-mind:latest solve https://github.com/link-assistant/hive-mind/issues/2591 --tool agent --model formal-ai --attach-logs --verbose --attribution formal-ai --no-auto-restart-until-mergeable --log-dir /home/box/logs
Formal AI draft	UNKNOWN STEP	2026-10-07T07:10:02.6484835Z 
Formal AI draft	UNKNOWN STEP	2026-10-07T07:10:02.6646862Z Unable to find image 'konard/hive-mind:latest' locally
Formal AI draft	UNKNOWN STEP	2026-10-07T07:10:03.0375305Z latest: Pulling from konard/hive-mind
Formal AI draft	UNKNOWN STEP	2026-10-07T07:10:03.1316269Z e51aee9c82ec: Pulling fs layer
Formal AI draft	UNKNOWN STEP	2026-10-07T07:10:03.1317782Z 05a10bd1cc45: Pulling fs layer
Formal AI draft	UNKNOWN STEP	2026-10-07T07:10:03.1321101Z ed547ccbabc0: Pulling fs layer
Formal AI draft	UNKNOWN STEP	2026-10-07T07:10:03.1321935Z d1216e18a94a: Pulling fs layer
Formal AI draft	UNKNOWN STEP	2026-10-07T07:10:03.1322647Z 801e18c812ce: Pulling fs layer
Formal AI draft	UNKNOWN STEP	2026-10-07T07:10:03.1323977Z 03bfcb459b16: Pulling fs layer
Formal AI draft	UNKNOWN STEP	2026-10-07T07:10:03.1325851Z 5c5a40b6ebe1: Pulling fs layer
Formal AI draft	UNKNOWN STEP	2026-10-07T07:10:03.1326786Z b6fb525b9859: Pulling fs layer
Formal AI draft	UNKNOWN STEP	2026-10-07T07:10:03.1327526Z 4f4fb700ef54: Pulling fs layer
Formal AI draft	UNKNOWN STEP	2026-10-07T07:10:03.1328217Z 77830f763d05: Pulling fs layer
Formal AI draft	UNKNOWN STEP	2026-10-07T07:10:03.1328941Z 14ecf2c22b76: Pulling fs layer
Formal AI draft	UNKNOWN STEP	2026-10-07T07:10:03.1329544Z dcab939a8ad2: Pulling fs layer
Formal AI draft	UNKNOWN STEP	2026-10-07T07:10:03.1329996Z 1685d9f397ea: Pulling fs layer
Formal AI draft	UNKNOWN STEP	2026-10-07T07:10:03.1330443Z 94885de726b2: Pulling fs layer
Formal AI draft	UNKNOWN STEP	2026-10-07T07:10:03.1331017Z f8f776c88cef: Pulling fs layer
Formal AI draft	UNKNOWN STEP	2026-10-07T07:10:03.1331448Z 2b1a79a952e0: Pulling fs layer
Formal AI draft	UNKNOWN STEP	2026-10-07T07:10:03.1332014Z 4eb943637211: Pulling fs layer
Formal AI draft	UNKNOWN STEP	2026-10-07T07:10:03.1332438Z 633efee25919: Pulling fs layer
Formal AI draft	UNKNOWN STEP	2026-10-07T07:10:03.1332837Z c24cd2c53c21: Pulling fs layer
Formal AI draft	UNKNOWN STEP	2026-10-07T07:10:03.1333406Z fcdcbe182a20: Pulling fs layer
Formal AI draft	UNKNOWN STEP	2026-10-07T07:10:03.1333845Z dfd5851c656b: Pulling fs layer
Formal AI draft	UNKNOWN STEP	2026-10-07T07:10:03.1334327Z 03bfcb459b16: Waiting
Formal AI draft	UNKNOWN STEP	2026-10-07T07:10:03.1334793Z b517b72f2ac1: Pulling fs layer
Formal AI draft	UNKNOWN STEP	2026-10-07T07:10:03.1335196Z 6f70f7f850cc: Pulling fs layer
Formal AI draft	UNKNOWN STEP	2026-10-07T07:10:03.1335709Z 77830f763d05: Waiting
Formal AI draft	UNKNOWN STEP	2026-10-07T07:10:03.1336063Z 5c5a40b6ebe1: Waiting
Formal AI draft	UNKNOWN STEP	2026-10-07T07:10:03.1336435Z a4887fd0e95d: Pulling fs layer
Formal AI draft	UNKNOWN STEP	2026-10-07T07:10:03.1337185Z b6fb525b9859: Waiting
Formal AI draft	UNKNOWN STEP	2026-10-07T07:10:03.1337580Z 4f4fb700ef54: Waiting
Formal AI draft	UNKNOWN STEP	2026-10-07T07:10:03.1338000Z 1685d9f397ea: Waiting
Formal AI draft	UNKNOWN STEP	2026-10-07T07:10:03.1338449Z d1216e18a94a: Waiting
Formal AI draft	UNKNOWN STEP	2026-10-07T07:10:03.1338813Z 4ca8235aa44a: Pulling fs layer
Formal AI draft	UNKNOWN STEP	2026-10-07T07:10:03.1339280Z 801e18c812ce: Waiting
Formal AI draft	UNKNOWN STEP	2026-10-07T07:10:03.1339710Z 94885de726b2: Waiting
Formal AI draft	UNKNOWN STEP	2026-10-07T07:10:03.1340074Z 2b285eb0d0ec: Pulling fs layer
Formal AI draft	UNKNOWN STEP	2026-10-07T07:10:03.1340613Z 0c4fac90fc3b: Pulling fs layer
Formal AI draft	UNKNOWN STEP	2026-10-07T07:10:03.1341019Z f8f776c88cef: Waiting
Formal AI draft	UNKNOWN STEP	2026-10-07T07:10:03.1341351Z 4eb943637211: Waiting
Formal AI draft	UNKNOWN STEP	2026-10-07T07:10:03.1341869Z 16f5437797c6: Pulling fs layer
Formal AI draft	UNKNOWN STEP	2026-10-07T07:10:03.1342518Z 9fb16e261db6: Pulling fs layer
Formal AI draft	UNKNOWN STEP	2026-10-07T07:10:03.1343108Z 66b3a348f42a: Pulling fs layer
Formal AI draft	UNKNOWN STEP	2026-10-07T07:10:03.1343531Z 633efee25919: Waiting
Formal AI draft	UNKNOWN STEP	2026-10-07T07:10:03.1343865Z 2b1a79a952e0: Waiting
Formal AI draft	UNKNOWN STEP	2026-10-07T07:10:03.1344392Z 967f5f9fdab7: Pulling fs layer
Formal AI draft	UNKNOWN STEP	2026-10-07T07:10:03.1344794Z c24cd2c53c21: Waiting
Formal AI draft	UNKNOWN STEP	2026-10-07T07:10:03.1345135Z fcdcbe182a20: Waiting
Formal AI draft	UNKNOWN STEP	2026-10-07T07:10:03.1345656Z 4a988c5e45ed: Pulling fs layer
Formal AI draft	UNKNOWN STEP	2026-10-07T07:10:03.1346042Z dfd5851c656b: Waiting
Formal AI draft	UNKNOWN STEP	2026-10-07T07:10:03.1346410Z 4d80c8c7aade: Pulling fs layer
Formal AI draft	UNKNOWN STEP	2026-10-07T07:10:03.1347109Z 1bbed1478017: Pulling fs layer
Formal AI draft	UNKNOWN STEP	2026-10-07T07:10:03.1347479Z b517b72f2ac1: Waiting
Formal AI draft	UNKNOWN STEP	2026-10-07T07:10:03.1347910Z a4887fd0e95d: Waiting
Formal AI draft	UNKNOWN STEP	2026-10-07T07:10:03.1348366Z 6f70f7f850cc: Waiting
Formal AI draft	UNKNOWN STEP	2026-10-07T07:10:03.1348702Z 4ca8235aa44a: Waiting
Formal AI draft	UNKNOWN STEP	2026-10-07T07:10:03.1349109Z 2b285eb0d0ec: Waiting
Formal AI draft	UNKNOWN STEP	2026-10-07T07:10:03.1349550Z 0c4fac90fc3b: Waiting
Formal AI draft	UNKNOWN STEP	2026-10-07T07:10:03.1349889Z 16f5437797c6: Waiting
Formal AI draft	UNKNOWN STEP	2026-10-07T07:10:03.1350255Z 9fb16e261db6: Waiting
Formal AI draft	UNKNOWN STEP	2026-10-07T07:10:03.1350737Z 14ecf2c22b76: Waiting
Formal AI draft	UNKNOWN STEP	2026-10-07T07:10:03.1351073Z dcab939a8ad2: Waiting
Formal AI draft	UNKNOWN STEP	2026-10-07T07:10:03.1351441Z 66b3a348f42a: Waiting
Formal AI draft	UNKNOWN STEP	2026-10-07T07:10:03.1351919Z 967f5f9fdab7: Waiting
Formal AI draft	UNKNOWN STEP	2026-10-07T07:10:03.1352251Z 4a988c5e45ed: Waiting
Formal AI draft	UNKNOWN STEP	2026-10-07T07:10:03.1352582Z 4d80c8c7aade: Waiting
Formal AI draft	UNKNOWN STEP	2026-10-07T07:10:03.1353107Z f076a49d2bdb: Pulling fs layer
Formal AI draft	UNKNOWN STEP	2026-10-07T07:10:03.1353480Z 1bbed1478017: Waiting
Formal AI draft	UNKNOWN STEP	2026-10-07T07:10:03.1353847Z 116a58d6b92e: Pulling fs layer
Formal AI draft	UNKNOWN STEP	2026-10-07T07:10:03.1354412Z 2c3e2da519d2: Pulling fs layer
Formal AI draft	UNKNOWN STEP	2026-10-07T07:10:03.1354812Z 4c3b4d3a3ed0: Pulling fs layer
Formal AI draft	UNKNOWN STEP	2026-10-07T07:10:03.1355316Z a48579fd153b: Pulling fs layer
Formal AI draft	UNKNOWN STEP	2026-10-07T07:10:03.1355783Z dcd1000c3472: Pulling fs layer
Formal AI draft	UNKNOWN STEP	2026-10-07T07:10:03.1356450Z ee0cacb14ddc: Pulling fs layer
Formal AI draft	UNKNOWN STEP	2026-10-07T07:10:03.1357121Z 27fe2684e59f: Pulling fs layer
Formal AI draft	UNKNOWN STEP	2026-10-07T07:10:03.1357496Z f076a49d2bdb: Waiting
Formal AI draft	UNKNOWN STEP	2026-10-07T07:10:03.1358020Z da6114e36569: Pulling fs layer
Formal AI draft	UNKNOWN STEP	2026-10-07T07:10:03.1358435Z 106127901317: Pulling fs layer
Formal AI draft	UNKNOWN STEP	2026-10-07T07:10:03.1358804Z 116a58d6b92e: Waiting
Formal AI draft	UNKNOWN STEP	2026-10-07T07:10:03.1359339Z 1b8a1b250b6a: Pulling fs layer
Formal AI draft	UNKNOWN STEP	2026-10-07T07:10:03.1359715Z 2c3e2da519d2: Waiting
Formal AI draft	UNKNOWN STEP	2026-10-07T07:10:03.1360105Z 945011c2069b: Pulling fs layer
Formal AI draft	UNKNOWN STEP	2026-10-07T07:10:03.1360656Z 3c6212075bca: Pulling fs layer
Formal AI draft	UNKNOWN STEP	2026-10-07T07:10:03.1361021Z 4c3b4d3a3ed0: Waiting
Formal AI draft	UNKNOWN STEP	2026-10-07T07:10:03.1361484Z 9b2882aedaee: Pulling fs layer
Formal AI draft	UNKNOWN STEP	2026-10-07T07:10:03.1361963Z 43e23b57af09: Pulling fs layer
Formal AI draft	UNKNOWN STEP	2026-10-07T07:10:03.1362355Z 895dc0ed59f8: Pulling fs layer
Formal AI draft	UNKNOWN STEP	2026-10-07T07:10:03.1362891Z 248b98554115: Pulling fs layer
Formal AI draft	UNKNOWN STEP	2026-10-07T07:10:03.1363293Z f893b74a5f71: Pulling fs layer
Formal AI draft	UNKNOWN STEP	2026-10-07T07:10:03.1363681Z 58b659bcc426: Pulling fs layer
Formal AI draft	UNKNOWN STEP	2026-10-07T07:10:03.1364239Z 02a62884b66c: Pulling fs layer
Formal AI draft	UNKNOWN STEP	2026-10-07T07:10:03.1364627Z 00c13752838d: Pulling fs layer
Formal AI draft	UNKNOWN STEP	2026-10-07T07:10:03.1365082Z c9f4db89de9f: Pulling fs layer
Formal AI draft	UNKNOWN STEP	2026-10-07T07:10:03.1365595Z 56571c1b4003: Pulling fs layer
Formal AI draft	UNKNOWN STEP	2026-10-07T07:10:03.1365992Z d9afbd3723d7: Pulling fs layer
Formal AI draft	UNKNOWN STEP	2026-10-07T07:10:03.1366738Z 749d748b3435: Pulling fs layer
Formal AI draft	UNKNOWN STEP	2026-10-07T07:10:03.1367447Z 945011c2069b: Waiting
Formal AI draft	UNKNOWN STEP	2026-10-07T07:10:03.1367997Z 3c6212075bca: Waiting
Formal AI draft	UNKNOWN STEP	2026-10-07T07:10:03.1368308Z ee0cacb14ddc: Waiting
Formal AI draft	UNKNOWN STEP	2026-10-07T07:10:03.1368533Z 9b2882aedaee: Waiting
Formal AI draft	UNKNOWN STEP	2026-10-07T07:10:03.1368756Z 27fe2684e59f: Waiting
Formal AI draft	UNKNOWN STEP	2026-10-07T07:10:03.1369083Z da6114e36569: Waiting
Formal AI draft	UNKNOWN STEP	2026-10-07T07:10:03.1369327Z 43e23b57af09: Waiting
Formal AI draft	UNKNOWN STEP	2026-10-07T07:10:03.1369545Z 106127901317: Waiting
Formal AI draft	UNKNOWN STEP	2026-10-07T07:10:03.1369760Z 895dc0ed59f8: Waiting
Formal AI draft	UNKNOWN STEP	2026-10-07T07:10:03.1369979Z 1b8a1b250b6a: Waiting
Formal AI draft	UNKNOWN STEP	2026-10-07T07:10:03.1370341Z 248b98554115: Waiting
Formal AI draft	UNKNOWN STEP	2026-10-07T07:10:03.1370560Z f893b74a5f71: Waiting
Formal AI draft	UNKNOWN STEP	2026-10-07T07:10:03.1370776Z a48579fd153b: Waiting
Formal AI draft	UNKNOWN STEP	2026-10-07T07:10:03.1371002Z 58b659bcc426: Waiting
Formal AI draft	UNKNOWN STEP	2026-10-07T07:10:03.1371233Z dcd1000c3472: Waiting
Formal AI draft	UNKNOWN STEP	2026-10-07T07:10:03.1371557Z 02a62884b66c: Waiting
Formal AI draft	UNKNOWN STEP	2026-10-07T07:10:03.1371783Z 00c13752838d: Waiting
Formal AI draft	UNKNOWN STEP	2026-10-07T07:10:03.1372004Z 749d748b3435: Waiting
Formal AI draft	UNKNOWN STEP	2026-10-07T07:10:03.1372220Z c9f4db89de9f: Waiting
Formal AI draft	UNKNOWN STEP	2026-10-07T07:10:03.1372624Z 56571c1b4003: Waiting
Formal AI draft	UNKNOWN STEP	2026-10-07T07:10:03.1372856Z d9afbd3723d7: Waiting
Formal AI draft	UNKNOWN STEP	2026-10-07T07:10:03.2135454Z 05a10bd1cc45: Verifying Checksum
Formal AI draft	UNKNOWN STEP	2026-10-07T07:10:03.2139209Z 05a10bd1cc45: Download complete
Formal AI draft	UNKNOWN STEP	2026-10-07T07:10:03.2338175Z ed547ccbabc0: Verifying Checksum
Formal AI draft	UNKNOWN STEP	2026-10-07T07:10:03.2341608Z ed547ccbabc0: Download complete
Formal AI draft	UNKNOWN STEP	2026-10-07T07:10:03.3156770Z e51aee9c82ec: Verifying Checksum
Formal AI draft	UNKNOWN STEP	2026-10-07T07:10:03.3157628Z e51aee9c82ec: Download complete
Formal AI draft	UNKNOWN STEP	2026-10-07T07:10:03.4499676Z 03bfcb459b16: Download complete
Formal AI draft	UNKNOWN STEP	2026-10-07T07:10:03.5803523Z 5c5a40b6ebe1: Verifying Checksum
Formal AI draft	UNKNOWN STEP	2026-10-07T07:10:03.5804722Z 5c5a40b6ebe1: Download complete
Formal AI draft	UNKNOWN STEP	2026-10-07T07:10:03.7569259Z d1216e18a94a: Verifying Checksum
Formal AI draft	UNKNOWN STEP	2026-10-07T07:10:03.7570265Z d1216e18a94a: Download complete
Formal AI draft	UNKNOWN STEP	2026-10-07T07:10:03.8078179Z 4f4fb700ef54: Verifying Checksum
Formal AI draft	UNKNOWN STEP	2026-10-07T07:10:03.8079181Z 4f4fb700ef54: Download complete
Formal AI draft	UNKNOWN STEP	2026-10-07T07:10:03.9655416Z 77830f763d05: Verifying Checksum
Formal AI draft	UNKNOWN STEP	2026-10-07T07:10:03.9656026Z 77830f763d05: Download complete
Formal AI draft	UNKNOWN STEP	2026-10-07T07:10:04.0970843Z 14ecf2c22b76: Verifying Checksum
Formal AI draft	UNKNOWN STEP	2026-10-07T07:10:04.0975180Z 14ecf2c22b76: Download complete
Formal AI draft	UNKNOWN STEP	2026-10-07T07:10:04.2097945Z dcab939a8ad2: Verifying Checksum
Formal AI draft	UNKNOWN STEP	2026-10-07T07:10:04.2098638Z dcab939a8ad2: Download complete
Formal AI draft	UNKNOWN STEP	2026-10-07T07:10:04.4458098Z e51aee9c82ec: Pull complete
Formal AI draft	UNKNOWN STEP	2026-10-07T07:10:05.0407902Z 05a10bd1cc45: Pull complete
Formal AI draft	UNKNOWN STEP	2026-10-07T07:10:05.1286211Z ed547ccbabc0: Pull complete
Formal AI draft	UNKNOWN STEP	2026-10-07T07:10:06.7789069Z d1216e18a94a: Pull complete
Formal AI draft	UNKNOWN STEP	2026-10-07T07:10:07.2716090Z 801e18c812ce: Verifying Checksum
Formal AI draft	UNKNOWN STEP	2026-10-07T07:10:07.2716859Z 801e18c812ce: Download complete
Formal AI draft	UNKNOWN STEP	2026-10-07T07:10:07.3998162Z 94885de726b2: Verifying Checksum
Formal AI draft	UNKNOWN STEP	2026-10-07T07:10:07.3998837Z 94885de726b2: Download complete
Formal AI draft	UNKNOWN STEP	2026-10-07T07:10:08.6106765Z 1685d9f397ea: Verifying Checksum
Formal AI draft	UNKNOWN STEP	2026-10-07T07:10:08.6107674Z 1685d9f397ea: Download complete
Formal AI draft	UNKNOWN STEP	2026-10-07T07:10:08.7060624Z 2b1a79a952e0: Verifying Checksum
Formal AI draft	UNKNOWN STEP	2026-10-07T07:10:08.7061631Z 2b1a79a952e0: Download complete
Formal AI draft	UNKNOWN STEP	2026-10-07T07:10:08.8112675Z 4eb943637211: Verifying Checksum
Formal AI draft	UNKNOWN STEP	2026-10-07T07:10:08.8117815Z 4eb943637211: Download complete
Formal AI draft	UNKNOWN STEP	2026-10-07T07:10:17.2580093Z 633efee25919: Verifying Checksum
Formal AI draft	UNKNOWN STEP	2026-10-07T07:10:17.2581916Z 633efee25919: Download complete
Formal AI draft	UNKNOWN STEP	2026-10-07T07:10:18.0546034Z f8f776c88cef: Verifying Checksum
Formal AI draft	UNKNOWN STEP	2026-10-07T07:10:18.0546847Z f8f776c88cef: Download complete
Formal AI draft	UNKNOWN STEP	2026-10-07T07:10:18.5847333Z c24cd2c53c21: Verifying Checksum
Formal AI draft	UNKNOWN STEP	2026-10-07T07:10:18.5848027Z c24cd2c53c21: Download complete
Formal AI draft	UNKNOWN STEP	2026-10-07T07:10:19.2893458Z fcdcbe182a20: Verifying Checksum
Formal AI draft	UNKNOWN STEP	2026-10-07T07:10:19.2895275Z fcdcbe182a20: Download complete
Formal AI draft	UNKNOWN STEP	2026-10-07T07:10:20.3509161Z 801e18c812ce: Pull complete
Formal AI draft	UNKNOWN STEP	2026-10-07T07:10:21.4250772Z b6fb525b9859: Verifying Checksum
Formal AI draft	UNKNOWN STEP	2026-10-07T07:10:21.4251418Z b6fb525b9859: Download complete
Formal AI draft	UNKNOWN STEP	2026-10-07T07:10:22.2355232Z 03bfcb459b16: Pull complete
Formal AI draft	UNKNOWN STEP	2026-10-07T07:10:22.2817999Z 5c5a40b6ebe1: Pull complete
Formal AI draft	UNKNOWN STEP	2026-10-07T07:10:22.7145894Z dfd5851c656b: Verifying Checksum
Formal AI draft	UNKNOWN STEP	2026-10-07T07:10:22.7146692Z dfd5851c656b: Download complete
Formal AI draft	UNKNOWN STEP	2026-10-07T07:10:23.3402259Z 6f70f7f850cc: Verifying Checksum
Formal AI draft	UNKNOWN STEP	2026-10-07T07:10:23.3403070Z 6f70f7f850cc: Download complete
Formal AI draft	UNKNOWN STEP	2026-10-07T07:10:23.3890305Z a4887fd0e95d: Verifying Checksum
Formal AI draft	UNKNOWN STEP	2026-10-07T07:10:23.3890907Z a4887fd0e95d: Download complete
Formal AI draft	UNKNOWN STEP	2026-10-07T07:10:23.4401432Z 4ca8235aa44a: Verifying Checksum
Formal AI draft	UNKNOWN STEP	2026-10-07T07:10:23.4402056Z 4ca8235aa44a: Download complete
Formal AI draft	UNKNOWN STEP	2026-10-07T07:10:23.4674433Z 2b285eb0d0ec: Verifying Checksum
Formal AI draft	UNKNOWN STEP	2026-10-07T07:10:23.4675034Z 2b285eb0d0ec: Download complete
Formal AI draft	UNKNOWN STEP	2026-10-07T07:10:23.5554184Z 16f5437797c6: Verifying Checksum
Formal AI draft	UNKNOWN STEP	2026-10-07T07:10:23.5554841Z 16f5437797c6: Download complete
Formal AI draft	UNKNOWN STEP	2026-10-07T07:10:24.0514609Z b517b72f2ac1: Verifying Checksum
Formal AI draft	UNKNOWN STEP	2026-10-07T07:10:24.0515251Z b517b72f2ac1: Download complete
Formal AI draft	UNKNOWN STEP	2026-10-07T07:10:25.4653005Z 9fb16e261db6: Verifying Checksum
Formal AI draft	UNKNOWN STEP	2026-10-07T07:10:25.4653697Z 9fb16e261db6: Download complete
Formal AI draft	UNKNOWN STEP	2026-10-07T07:10:28.2802069Z 0c4fac90fc3b: Verifying Checksum
Formal AI draft	UNKNOWN STEP	2026-10-07T07:10:28.2802746Z 0c4fac90fc3b: Download complete
Formal AI draft	UNKNOWN STEP	2026-10-07T07:10:29.9519944Z 4a988c5e45ed: Verifying Checksum
Formal AI draft	UNKNOWN STEP	2026-10-07T07:10:29.9520928Z 4a988c5e45ed: Download complete
Formal AI draft	UNKNOWN STEP	2026-10-07T07:10:30.0536394Z 4d80c8c7aade: Verifying Checksum
Formal AI draft	UNKNOWN STEP	2026-10-07T07:10:30.0537295Z 4d80c8c7aade: Download complete
Formal AI draft	UNKNOWN STEP	2026-10-07T07:10:30.1077601Z 1bbed1478017: Verifying Checksum
Formal AI draft	UNKNOWN STEP	2026-10-07T07:10:30.1079983Z 1bbed1478017: Download complete
Formal AI draft	UNKNOWN STEP	2026-10-07T07:10:30.1598093Z f076a49d2bdb: Verifying Checksum
Formal AI draft	UNKNOWN STEP	2026-10-07T07:10:30.1598988Z f076a49d2bdb: Download complete
Formal AI draft	UNKNOWN STEP	2026-10-07T07:10:30.2147263Z 116a58d6b92e: Verifying Checksum
Formal AI draft	UNKNOWN STEP	2026-10-07T07:10:30.2150496Z 116a58d6b92e: Download complete
Formal AI draft	UNKNOWN STEP	2026-10-07T07:10:30.2677474Z 2c3e2da519d2: Verifying Checksum
Formal AI draft	UNKNOWN STEP	2026-10-07T07:10:30.2678101Z 2c3e2da519d2: Download complete
Formal AI draft	UNKNOWN STEP	2026-10-07T07:10:30.3209082Z 4c3b4d3a3ed0: Verifying Checksum
Formal AI draft	UNKNOWN STEP	2026-10-07T07:10:30.3210391Z 4c3b4d3a3ed0: Download complete
Formal AI draft	UNKNOWN STEP	2026-10-07T07:10:30.3752253Z a48579fd153b: Download complete
Formal AI draft	UNKNOWN STEP	2026-10-07T07:10:30.4247564Z dcd1000c3472: Verifying Checksum
Formal AI draft	UNKNOWN STEP	2026-10-07T07:10:30.4248512Z dcd1000c3472: Download complete
Formal AI draft	UNKNOWN STEP	2026-10-07T07:10:30.4788437Z ee0cacb14ddc: Verifying Checksum
Formal AI draft	UNKNOWN STEP	2026-10-07T07:10:30.4789503Z ee0cacb14ddc: Download complete
Formal AI draft	UNKNOWN STEP	2026-10-07T07:10:30.5302176Z 27fe2684e59f: Verifying Checksum
Formal AI draft	UNKNOWN STEP	2026-10-07T07:10:30.5306144Z 27fe2684e59f: Download complete
Formal AI draft	UNKNOWN STEP	2026-10-07T07:10:30.5796120Z da6114e36569: Verifying Checksum
Formal AI draft	UNKNOWN STEP	2026-10-07T07:10:30.5797688Z da6114e36569: Download complete
Formal AI draft	UNKNOWN STEP	2026-10-07T07:10:30.6311505Z 106127901317: Verifying Checksum
Formal AI draft	UNKNOWN STEP	2026-10-07T07:10:30.6311917Z 106127901317: Download complete
Formal AI draft	UNKNOWN STEP	2026-10-07T07:10:30.6854048Z 1b8a1b250b6a: Verifying Checksum
Formal AI draft	UNKNOWN STEP	2026-10-07T07:10:30.6854646Z 1b8a1b250b6a: Download complete
Formal AI draft	UNKNOWN STEP	2026-10-07T07:10:32.8860924Z 945011c2069b: Verifying Checksum
Formal AI draft	UNKNOWN STEP	2026-10-07T07:10:32.8861844Z 945011c2069b: Download complete
Formal AI draft	UNKNOWN STEP	2026-10-07T07:10:32.9973461Z 3c6212075bca: Verifying Checksum
Formal AI draft	UNKNOWN STEP	2026-10-07T07:10:32.9980777Z 3c6212075bca: Download complete
Formal AI draft	UNKNOWN STEP	2026-10-07T07:10:34.0723694Z 9b2882aedaee: Download complete
Formal AI draft	UNKNOWN STEP	2026-10-07T07:10:34.2988770Z 43e23b57af09: Verifying Checksum
Formal AI draft	UNKNOWN STEP	2026-10-07T07:10:34.2990842Z 43e23b57af09: Download complete
Formal AI draft	UNKNOWN STEP	2026-10-07T07:10:36.7359549Z 895dc0ed59f8: Verifying Checksum
Formal AI draft	UNKNOWN STEP	2026-10-07T07:10:36.7360198Z 895dc0ed59f8: Download complete
Formal AI draft	UNKNOWN STEP	2026-10-07T07:10:36.7837108Z 967f5f9fdab7: Verifying Checksum
Formal AI draft	UNKNOWN STEP	2026-10-07T07:10:36.7837781Z 967f5f9fdab7: Download complete
Formal AI draft	UNKNOWN STEP	2026-10-07T07:10:37.9954260Z f893b74a5f71: Verifying Checksum
Formal AI draft	UNKNOWN STEP	2026-10-07T07:10:37.9954968Z f893b74a5f71: Download complete
Formal AI draft	UNKNOWN STEP	2026-10-07T07:10:38.4024492Z 58b659bcc426: Verifying Checksum
Formal AI draft	UNKNOWN STEP	2026-10-07T07:10:38.4024933Z 58b659bcc426: Download complete
Formal AI draft	UNKNOWN STEP	2026-10-07T07:10:38.4972895Z 02a62884b66c: Verifying Checksum
Formal AI draft	UNKNOWN STEP	2026-10-07T07:10:38.4973859Z 02a62884b66c: Download complete
Formal AI draft	UNKNOWN STEP	2026-10-07T07:10:38.7259391Z 00c13752838d: Verifying Checksum
Formal AI draft	UNKNOWN STEP	2026-10-07T07:10:38.7264775Z 00c13752838d: Download complete
Formal AI draft	UNKNOWN STEP	2026-10-07T07:10:38.8410145Z c9f4db89de9f: Verifying Checksum
Formal AI draft	UNKNOWN STEP	2026-10-07T07:10:38.8412306Z c9f4db89de9f: Download complete
Formal AI draft	UNKNOWN STEP	2026-10-07T07:10:38.9286305Z 56571c1b4003: Verifying Checksum
Formal AI draft	UNKNOWN STEP	2026-10-07T07:10:38.9287939Z 56571c1b4003: Download complete
Formal AI draft	UNKNOWN STEP	2026-10-07T07:10:39.2293348Z d9afbd3723d7: Verifying Checksum
Formal AI draft	UNKNOWN STEP	2026-10-07T07:10:39.2299332Z d9afbd3723d7: Download complete
Formal AI draft	UNKNOWN STEP	2026-10-07T07:10:39.3490016Z 749d748b3435: Verifying Checksum
Formal AI draft	UNKNOWN STEP	2026-10-07T07:10:39.3507286Z 749d748b3435: Download complete
Formal AI draft	UNKNOWN STEP	2026-10-07T07:10:40.6864167Z 66b3a348f42a: Verifying Checksum
Formal AI draft	UNKNOWN STEP	2026-10-07T07:10:40.6864960Z 66b3a348f42a: Download complete
Formal AI draft	UNKNOWN STEP	2026-10-07T07:10:45.2818763Z b6fb525b9859: Pull complete
Formal AI draft	UNKNOWN STEP	2026-10-07T07:10:45.6791496Z 4f4fb700ef54: Pull complete
Formal AI draft	UNKNOWN STEP	2026-10-07T07:10:45.7259485Z 77830f763d05: Pull complete
Formal AI draft	UNKNOWN STEP	2026-10-07T07:10:45.7372349Z 14ecf2c22b76: Pull complete
Formal AI draft	UNKNOWN STEP	2026-10-07T07:10:45.7525121Z dcab939a8ad2: Pull complete
Formal AI draft	UNKNOWN STEP	2026-10-07T07:10:46.3669667Z 248b98554115: Verifying Checksum
Formal AI draft	UNKNOWN STEP	2026-10-07T07:10:46.3670692Z 248b98554115: Download complete
Formal AI draft	UNKNOWN STEP	2026-10-07T07:10:50.6389147Z 1685d9f397ea: Pull complete
Formal AI draft	UNKNOWN STEP	2026-10-07T07:10:50.6485401Z 94885de726b2: Pull complete
Formal AI draft	UNKNOWN STEP	2026-10-07T07:11:04.9346296Z f8f776c88cef: Pull complete
Formal AI draft	UNKNOWN STEP	2026-10-07T07:11:04.9560761Z 2b1a79a952e0: Pull complete
Formal AI draft	UNKNOWN STEP	2026-10-07T07:11:04.9700234Z 4eb943637211: Pull complete
Formal AI draft	UNKNOWN STEP	2026-10-07T07:11:18.3830014Z 633efee25919: Pull complete
Formal AI draft	UNKNOWN STEP	2026-10-07T07:11:23.1868399Z c24cd2c53c21: Pull complete
Formal AI draft	UNKNOWN STEP	2026-10-07T07:11:28.4377836Z fcdcbe182a20: Pull complete
Formal AI draft	UNKNOWN STEP	2026-10-07T07:11:52.7530339Z dfd5851c656b: Pull complete
Formal AI draft	UNKNOWN STEP	2026-10-07T07:11:55.5402287Z b517b72f2ac1: Pull complete
Formal AI draft	UNKNOWN STEP	2026-10-07T07:11:56.0407480Z 6f70f7f850cc: Pull complete
Formal AI draft	UNKNOWN STEP	2026-10-07T07:12:01.0677540Z a4887fd0e95d: Pull complete
Formal AI draft	UNKNOWN STEP	2026-10-07T07:12:01.0770599Z 4ca8235aa44a: Pull complete
Formal AI draft	UNKNOWN STEP	2026-10-07T07:12:01.0865344Z 2b285eb0d0ec: Pull complete
Formal AI draft	UNKNOWN STEP	2026-10-07T07:12:15.6756145Z 0c4fac90fc3b: Pull complete
Formal AI draft	UNKNOWN STEP	2026-10-07T07:12:15.6853712Z 16f5437797c6: Pull complete
Formal AI draft	UNKNOWN STEP	2026-10-07T07:12:20.3738579Z 9fb16e261db6: Pull complete
Formal AI draft	UNKNOWN STEP	2026-10-07T07:12:40.2871370Z 66b3a348f42a: Pull complete
Formal AI draft	UNKNOWN STEP	2026-10-07T07:12:59.3456782Z 967f5f9fdab7: Pull complete
Formal AI draft	UNKNOWN STEP	2026-10-07T07:13:25.4296891Z 4a988c5e45ed: Pull complete
Formal AI draft	UNKNOWN STEP	2026-10-07T07:13:25.4923273Z 4d80c8c7aade: Pull complete
Formal AI draft	UNKNOWN STEP	2026-10-07T07:13:25.5013598Z 1bbed1478017: Pull complete
Formal AI draft	UNKNOWN STEP	2026-10-07T07:13:25.5099235Z f076a49d2bdb: Pull complete
Formal AI draft	UNKNOWN STEP	2026-10-07T07:13:25.5173036Z 116a58d6b92e: Pull complete
Formal AI draft	UNKNOWN STEP	2026-10-07T07:13:25.5248470Z 2c3e2da519d2: Pull complete
Formal AI draft	UNKNOWN STEP	2026-10-07T07:13:25.5320035Z 4c3b4d3a3ed0: Pull complete
Formal AI draft	UNKNOWN STEP	2026-10-07T07:13:25.5416300Z a48579fd153b: Pull complete
Formal AI draft	UNKNOWN STEP	2026-10-07T07:13:25.5494547Z dcd1000c3472: Pull complete
Formal AI draft	UNKNOWN STEP	2026-10-07T07:13:25.5574863Z ee0cacb14ddc: Pull complete
Formal AI draft	UNKNOWN STEP	2026-10-07T07:13:25.5648004Z 27fe2684e59f: Pull complete
Formal AI draft	UNKNOWN STEP	2026-10-07T07:13:25.5741721Z da6114e36569: Pull complete
Formal AI draft	UNKNOWN STEP	2026-10-07T07:13:25.5821465Z 106127901317: Pull complete
Formal AI draft	UNKNOWN STEP	2026-10-07T07:13:25.5913588Z 1b8a1b250b6a: Pull complete
Formal AI draft	UNKNOWN STEP	2026-10-07T07:13:30.1965482Z 945011c2069b: Pull complete
Formal AI draft	UNKNOWN STEP	2026-10-07T07:13:30.2063655Z 3c6212075bca: Pull complete
Formal AI draft	UNKNOWN STEP	2026-10-07T07:13:31.1819930Z 9b2882aedaee: Pull complete
Formal AI draft	UNKNOWN STEP	2026-10-07T07:13:31.2785113Z 43e23b57af09: Pull complete
Formal AI draft	UNKNOWN STEP	2026-10-07T07:13:32.7876951Z 895dc0ed59f8: Pull complete
Formal AI draft	UNKNOWN STEP	2026-10-07T07:13:46.4419054Z 248b98554115: Pull complete
Formal AI draft	UNKNOWN STEP	2026-10-07T07:14:01.0928307Z f893b74a5f71: Pull complete
Formal AI draft	UNKNOWN STEP	2026-10-07T07:14:01.3900922Z 58b659bcc426: Pull complete
Formal AI draft	UNKNOWN STEP	2026-10-07T07:14:01.4071815Z 02a62884b66c: Pull complete
Formal AI draft	UNKNOWN STEP	2026-10-07T07:14:01.4180213Z 00c13752838d: Pull complete
Formal AI draft	UNKNOWN STEP	2026-10-07T07:14:01.4290504Z c9f4db89de9f: Pull complete
Formal AI draft	UNKNOWN STEP	2026-10-07T07:14:01.4380184Z 56571c1b4003: Pull complete
Formal AI draft	UNKNOWN STEP	2026-10-07T07:14:01.5761660Z d9afbd3723d7: Pull complete
Formal AI draft	UNKNOWN STEP	2026-10-07T07:14:01.5850390Z 749d748b3435: Pull complete
Formal AI draft	UNKNOWN STEP	2026-10-07T07:14:01.5903679Z Digest: sha256:382176ec84ca6cd619cb29a7ac8b684830c0462e32a319218a14eb0f2fedf788
Formal AI draft	UNKNOWN STEP	2026-10-07T07:14:01.5916346Z Status: Downloaded newer image for konard/hive-mind:latest
Formal AI draft	UNKNOWN STEP	2026-10-07T07:14:02.4815783Z [use-m] acquired install lock for 'command-stream-v-latest' at /tmp/hive-mind-use-m-locks/command-stream-v-latest.lock
Formal AI draft	UNKNOWN STEP	2026-10-07T07:14:02.4818296Z [use-m] use('command-stream') loading (alias command-stream-v-latest)
Formal AI draft	UNKNOWN STEP	2026-10-07T07:14:02.4820426Z [use-m] use('command-stream') pinned to 'command-stream@1.5.0'
Formal AI draft	UNKNOWN STEP	2026-10-07T07:14:04.2790611Z [use-m] use('command-stream') loaded in 1797ms
Formal AI draft	UNKNOWN STEP	2026-10-07T07:14:04.2988620Z [use-m] use('getenv') pinned to 'getenv@2.0.0'
Formal AI draft	UNKNOWN STEP	2026-10-07T07:14:04.2995431Z [use-m] acquired install lock for 'getenv-v-2.0.0' at /tmp/hive-mind-use-m-locks/getenv-v-2.0.0.lock
Formal AI draft	UNKNOWN STEP	2026-10-07T07:14:04.2996934Z [use-m] use('getenv@2.0.0') loading (alias getenv-v-2.0.0)
Formal AI draft	UNKNOWN STEP	2026-10-07T07:14:04.3904186Z [use-m] use('getenv@2.0.0') loaded in 91ms
Formal AI draft	UNKNOWN STEP	2026-10-07T07:14:04.3919876Z [use-m] use('links-notation') pinned to 'links-notation@0.22.0'
Formal AI draft	UNKNOWN STEP	2026-10-07T07:14:04.3927342Z [use-m] acquired install lock for 'links-notation-v-0.22.0' at /tmp/hive-mind-use-m-locks/links-notation-v-0.22.0.lock
Formal AI draft	UNKNOWN STEP	2026-10-07T07:14:04.3928712Z [use-m] use('links-notation@0.22.0') loading (alias links-notation-v-0.22.0)
Formal AI draft	UNKNOWN STEP	2026-10-07T07:14:04.4844353Z [use-m] use('links-notation@0.22.0') loaded in 92ms
Formal AI draft	UNKNOWN STEP	2026-10-07T07:14:04.5197810Z [use-m] use('fs') loading (alias fs-v-latest)
Formal AI draft	UNKNOWN STEP	2026-10-07T07:14:04.5200564Z [use-m] use('fs') loaded in 0ms
Formal AI draft	UNKNOWN STEP	2026-10-07T07:14:04.5205109Z [use-m] use('path') loading (alias path-v-latest)
Formal AI draft	UNKNOWN STEP	2026-10-07T07:14:04.5209761Z [use-m] use('path') loaded in 0ms
Formal AI draft	UNKNOWN STEP	2026-10-07T07:14:04.5227852Z [use-m] use('fs') joined an in-flight load (alias fs-v-latest)
Formal AI draft	UNKNOWN STEP	2026-10-07T07:14:04.5230604Z [use-m] use('crypto') loading (alias crypto-v-latest)
Formal AI draft	UNKNOWN STEP	2026-10-07T07:14:04.5231431Z [use-m] use('crypto') loaded in 1ms
Formal AI draft	UNKNOWN STEP	2026-10-07T07:14:04.5232414Z [use-m] use('command-stream') joined an in-flight load (alias command-stream-v-latest)
Formal AI draft	UNKNOWN STEP	2026-10-07T07:14:04.5233494Z [use-m] use('fs') joined an in-flight load (alias fs-v-latest)
Formal AI draft	UNKNOWN STEP	2026-10-07T07:14:04.5659218Z [use-m] use('command-stream') joined an in-flight load (alias command-stream-v-latest)
Formal AI draft	UNKNOWN STEP	2026-10-07T07:14:04.5668710Z [use-m] use('command-stream') joined an in-flight load (alias command-stream-v-latest)
Formal AI draft	UNKNOWN STEP	2026-10-07T07:14:04.5670761Z [use-m] use('command-stream') joined an in-flight load (alias command-stream-v-latest)
Formal AI draft	UNKNOWN STEP	2026-10-07T07:14:04.5671808Z [use-m] use('fs') joined an in-flight load (alias fs-v-latest)
Formal AI draft	UNKNOWN STEP	2026-10-07T07:14:04.5672672Z [use-m] use('fs') joined an in-flight load (alias fs-v-latest)
Formal AI draft	UNKNOWN STEP	2026-10-07T07:14:04.5673411Z [use-m] use('fs') joined an in-flight load (alias fs-v-latest)
Formal AI draft	UNKNOWN STEP	2026-10-07T07:14:04.5675376Z [use-m] use('command-stream') joined an in-flight load (alias command-stream-v-latest)
Formal AI draft	UNKNOWN STEP	2026-10-07T07:14:04.5686101Z [use-m] use('command-stream') joined an in-flight load (alias command-stream-v-latest)
Formal AI draft	UNKNOWN STEP	2026-10-07T07:14:04.5687675Z [use-m] use('fs') joined an in-flight load (alias fs-v-latest)
Formal AI draft	UNKNOWN STEP	2026-10-07T07:14:04.5688504Z [use-m] use('fs') joined an in-flight load (alias fs-v-latest)
Formal AI draft	UNKNOWN STEP	2026-10-07T07:14:04.5689471Z [use-m] use('os') loading (alias os-v-latest)
Formal AI draft	UNKNOWN STEP	2026-10-07T07:14:04.5690522Z [use-m] use('path') joined an in-flight load (alias path-v-latest)
Formal AI draft	UNKNOWN STEP	2026-10-07T07:14:04.5692153Z [use-m] use('path') joined an in-flight load (alias path-v-latest)
Formal AI draft	UNKNOWN STEP	2026-10-07T07:14:04.5694967Z [use-m] use('os') joined an in-flight load (alias os-v-latest)
Formal AI draft	UNKNOWN STEP	2026-10-07T07:14:04.5697540Z [use-m] use('os') loaded in 1ms
Formal AI draft	UNKNOWN STEP	2026-10-07T07:14:04.5698720Z [use-m] use('path') joined an in-flight load (alias path-v-latest)
Formal AI draft	UNKNOWN STEP	2026-10-07T07:14:04.5699959Z [use-m] use('path') joined an in-flight load (alias path-v-latest)
Formal AI draft	UNKNOWN STEP	2026-10-07T07:14:04.5701246Z [use-m] use('fs') joined an in-flight load (alias fs-v-latest)
Formal AI draft	UNKNOWN STEP	2026-10-07T07:14:04.5702380Z [use-m] use('path') joined an in-flight load (alias path-v-latest)
Formal AI draft	UNKNOWN STEP	2026-10-07T07:14:04.5703747Z [use-m] use('command-stream') joined an in-flight load (alias command-stream-v-latest)
Formal AI draft	UNKNOWN STEP	2026-10-07T07:14:04.5709425Z [use-m] use('path') joined an in-flight load (alias path-v-latest)
Formal AI draft	UNKNOWN STEP	2026-10-07T07:14:04.5710682Z [use-m] use('fs') joined an in-flight load (alias fs-v-latest)
Formal AI draft	UNKNOWN STEP	2026-10-07T07:14:04.5744335Z [use-m] use('command-stream') joined an in-flight load (alias command-stream-v-latest)
Formal AI draft	UNKNOWN STEP	2026-10-07T07:14:04.5823229Z [use-m] use('command-stream') joined an in-flight load (alias command-stream-v-latest)
Formal AI draft	UNKNOWN STEP	2026-10-07T07:14:04.5833994Z [use-m] use('command-stream') joined an in-flight load (alias command-stream-v-latest)
Formal AI draft	UNKNOWN STEP	2026-10-07T07:14:04.5835117Z [use-m] use('os') joined an in-flight load (alias os-v-latest)
Formal AI draft	UNKNOWN STEP	2026-10-07T07:14:04.5836065Z [use-m] use('path') joined an in-flight load (alias path-v-latest)
Formal AI draft	UNKNOWN STEP	2026-10-07T07:14:04.5837282Z [use-m] use('fs') joined an in-flight load (alias fs-v-latest)
Formal AI draft	UNKNOWN STEP	2026-10-07T07:14:04.5857104Z [use-m] use('command-stream') joined an in-flight load (alias command-stream-v-latest)
Formal AI draft	UNKNOWN STEP	2026-10-07T07:14:04.5859505Z [use-m] use('path') joined an in-flight load (alias path-v-latest)
Formal AI draft	UNKNOWN STEP	2026-10-07T07:14:04.5912988Z [use-m] use('fs') joined an in-flight load (alias fs-v-latest)
Formal AI draft	UNKNOWN STEP	2026-10-07T07:14:04.5914001Z [use-m] use('command-stream') joined an in-flight load (alias command-stream-v-latest)
Formal AI draft	UNKNOWN STEP	2026-10-07T07:14:04.5931487Z [use-m] use('command-stream') joined an in-flight load (alias command-stream-v-latest)
Formal AI draft	UNKNOWN STEP	2026-10-07T07:14:04.5963660Z [use-m] use('command-stream') joined an in-flight load (alias command-stream-v-latest)
Formal AI draft	UNKNOWN STEP	2026-10-07T07:14:04.5964882Z [use-m] use('path') joined an in-flight load (alias path-v-latest)
Formal AI draft	UNKNOWN STEP	2026-10-07T07:14:04.5965946Z [use-m] use('fs') joined an in-flight load (alias fs-v-latest)
Formal AI draft	UNKNOWN STEP	2026-10-07T07:14:04.6034613Z [use-m] use('command-stream') joined an in-flight load (alias command-stream-v-latest)
Formal AI draft	UNKNOWN STEP	2026-10-07T07:14:04.6138107Z [use-m] use('command-stream') joined an in-flight load (alias command-stream-v-latest)
Formal AI draft	UNKNOWN STEP	2026-10-07T07:14:04.6154855Z [use-m] use('command-stream') joined an in-flight load (alias command-stream-v-latest)
Formal AI draft	UNKNOWN STEP	2026-10-07T07:14:04.6198449Z [use-m] use('command-stream') joined an in-flight load (alias command-stream-v-latest)
Formal AI draft	UNKNOWN STEP	2026-10-07T07:14:04.6209690Z [use-m] use('command-stream') joined an in-flight load (alias command-stream-v-latest)
Formal AI draft	UNKNOWN STEP	2026-10-07T07:14:04.6220038Z [use-m] use('command-stream') joined an in-flight load (alias command-stream-v-latest)
Formal AI draft	UNKNOWN STEP	2026-10-07T07:14:04.6229192Z [use-m] use('command-stream') joined an in-flight load (alias command-stream-v-latest)
Formal AI draft	UNKNOWN STEP	2026-10-07T07:14:04.6312072Z [use-m] use('command-stream') joined an in-flight load (alias command-stream-v-latest)
Formal AI draft	UNKNOWN STEP	2026-10-07T07:14:04.6467787Z 📁 Log file: /home/box/solve-2026-10-07T07-14-04-633Z.log
Formal AI draft	UNKNOWN STEP	2026-10-07T07:14:04.6509560Z    (All output will be logged here)
Formal AI draft	UNKNOWN STEP	2026-10-07T07:14:04.6512917Z [use-m] use('path') joined an in-flight load (alias path-v-latest)
Formal AI draft	UNKNOWN STEP	2026-10-07T07:14:04.6517012Z [use-m] acquired install lock for 'zx-v-latest' at /tmp/hive-mind-use-m-locks/zx-v-latest.lock
Formal AI draft	UNKNOWN STEP	2026-10-07T07:14:04.6531935Z [use-m] use('zx') loading (alias zx-v-latest)
Formal AI draft	UNKNOWN STEP	2026-10-07T07:14:04.6532594Z [use-m] use('zx') pinned to 'zx@8.8.5'
Formal AI draft	UNKNOWN STEP	2026-10-07T07:14:05.2152656Z [use-m] use('zx') loaded in 563ms
Formal AI draft	UNKNOWN STEP	2026-10-07T07:14:05.4931266Z 
Formal AI draft	UNKNOWN STEP	2026-10-07T07:14:05.4940259Z 🚀 solve v2.33.13
Formal AI draft	UNKNOWN STEP	2026-10-07T07:14:05.4947273Z 🔧 Raw command executed:
Formal AI draft	UNKNOWN STEP	2026-10-07T07:14:05.4957546Z    /home/box/.nvm/versions/node/v26.10.0/bin/node /home/box/.bun/bin/solve https://github.com/link-assistant/hive-mind/issues/2591 --tool agent --model formal-ai --attach-logs --verbose --attribution formal-ai --no-auto-restart-until-mergeable --log-dir /home/box/logs
Formal AI draft	UNKNOWN STEP	2026-10-07T07:14:05.4961181Z 
Formal AI draft	UNKNOWN STEP	2026-10-07T07:14:05.5362712Z 🧭 Execution context: docker container (indicators: /.dockerenv) — per-task disk usage is scoped to this container.
Formal AI draft	UNKNOWN STEP	2026-10-07T07:14:05.5437003Z 📈 Resource usage (solve start):
Formal AI draft	UNKNOWN STEP	2026-10-07T07:14:05.5437630Z    CPU load: 1.59 1.34 0.63 (4 CPUs)
Formal AI draft	UNKNOWN STEP	2026-10-07T07:14:05.5438304Z    Memory: 14.4 GB available / 15.6 GB total (1.2 GB used)
Formal AI draft	UNKNOWN STEP	2026-10-07T07:14:05.5439145Z    Process RSS: 113 MB, V8 heap: 25 MB used of 4.1 GB limit (0.6%)
Formal AI draft	UNKNOWN STEP	2026-10-07T07:14:05.5439972Z    Disk (/): 81.4 GB available / 144.3 GB total (43.5% used)
Formal AI draft	UNKNOWN STEP	2026-10-07T07:14:05.5447040Z 📈 [RESOURCES] phase=solve_start ts=2026-10-07T07%3A14%3A05.536Z load1=1.59 load5=1.34 load15=0.63 cpuCount=4 memTotalBytes=16770748416 memAvailableBytes=15436648448 memUsedBytes=1334099968 processRssBytes=118153216 processHeapUsedBytes=26383640 processHeapTotalBytes=49152000 processExternalBytes=4778455 processHeapLimitBytes=4395630592 processHeapUsedPercent=0.600224232855644 diskPath=%2F diskTotalBytes=154894188544 diskAvailableBytes=87447166976 diskUsedBytes=67430244352 diskUsedPercent=43.533101522944115 mem=14.4%20GB%20available%20%2F%2015.6%20GB%20total heap=25%20MB%20used%20of%204.1%20GB%20limit%20(0.6%25) disk=81.4%20GB%20available%20%2F%20144.3%20GB%20total
Formal AI draft	UNKNOWN STEP	2026-10-07T07:14:05.5496388Z [use-m] use('command-stream') joined an in-flight load (alias command-stream-v-latest)
Formal AI draft	UNKNOWN STEP	2026-10-07T07:14:05.5502947Z [use-m] use('fs') joined an in-flight load (alias fs-v-latest)
Formal AI draft	UNKNOWN STEP	2026-10-07T07:14:05.5508630Z [use-m] use('path') joined an in-flight load (alias path-v-latest)
Formal AI draft	UNKNOWN STEP	2026-10-07T07:14:05.5515484Z [use-m] use('os') joined an in-flight load (alias os-v-latest)
Formal AI draft	UNKNOWN STEP	2026-10-07T07:14:05.5530280Z 
Formal AI draft	UNKNOWN STEP	2026-10-07T07:14:05.5543764Z ⚠️  SECURITY WARNING: --attach-logs is ENABLED
Formal AI draft	UNKNOWN STEP	2026-10-07T07:14:05.5555131Z 
Formal AI draft	UNKNOWN STEP	2026-10-07T07:14:05.5572952Z    This option will upload the complete solution draft log file to the Pull Request.
Formal AI draft	UNKNOWN STEP	2026-10-07T07:14:05.5590479Z    The log may contain sensitive information such as:
Formal AI draft	UNKNOWN STEP	2026-10-07T07:14:05.5607870Z    • API keys, tokens, or secrets
Formal AI draft	UNKNOWN STEP	2026-10-07T07:14:05.5625058Z    • File paths and directory structures
Formal AI draft	UNKNOWN STEP	2026-10-07T07:14:05.5643934Z    • Command outputs and error messages
Formal AI draft	UNKNOWN STEP	2026-10-07T07:14:05.5667085Z    • Internal system information
Formal AI draft	UNKNOWN STEP	2026-10-07T07:14:05.5682644Z 
Formal AI draft	UNKNOWN STEP	2026-10-07T07:14:05.5701749Z    ⚠️  DO NOT use this option with public repositories or if the log
Formal AI draft	UNKNOWN STEP	2026-10-07T07:14:05.5726097Z        might contain sensitive data that should not be shared publicly.
Formal AI draft	UNKNOWN STEP	2026-10-07T07:14:05.5734733Z 
Formal AI draft	UNKNOWN STEP	2026-10-07T07:14:05.5748649Z    Continuing in 5 seconds... (Press Ctrl+C to abort)
Formal AI draft	UNKNOWN STEP	2026-10-07T07:14:05.5756385Z 
Formal AI draft	UNKNOWN STEP	2026-10-07T07:14:06.5772963Z 
Formal AI draft	UNKNOWN STEP	2026-10-07T07:14:07.5793804Z    Countdown: 5 seconds remaining...
Formal AI draft	UNKNOWN STEP	2026-10-07T07:14:08.5813135Z    Countdown: 4 seconds remaining...
Formal AI draft	UNKNOWN STEP	2026-10-07T07:14:09.5833355Z    Countdown: 3 seconds remaining...
Formal AI draft	UNKNOWN STEP	2026-10-07T07:14:10.5853008Z    Countdown: 2 seconds remaining...
Formal AI draft	UNKNOWN STEP	2026-10-07T07:14:10.5853639Z    Countdown: 1 seconds remaining...
Formal AI draft	UNKNOWN STEP	2026-10-07T07:14:10.5854102Z    Proceeding with log attachment enabled.                    
Formal AI draft	UNKNOWN STEP	2026-10-07T07:14:10.5862414Z 
Formal AI draft	UNKNOWN STEP	2026-10-07T07:14:10.6218857Z [use-m] use('command-stream') joined an in-flight load (alias command-stream-v-latest)
Formal AI draft	UNKNOWN STEP	2026-10-07T07:14:11.8448543Z [VERBOSE] agentic-cli-updater: 0 updated, 1 current, 0 failed
Formal AI draft	UNKNOWN STEP	2026-10-07T07:14:11.8536140Z 💾 Disk space check: 83385MB available (10240MB required) ✅
Formal AI draft	UNKNOWN STEP	2026-10-07T07:14:11.8571235Z 🧠 Memory check: 15105MB available, swap: 3071MB (0MB used), total: 18176MB (256MB required) ✅
Formal AI draft	UNKNOWN STEP	2026-10-07T07:14:12.2981025Z ✅ Formal AI wrapper and agent CLI are available
Formal AI draft	UNKNOWN STEP	2026-10-07T07:14:12.2992557Z 📦 Formal AI wrapper version: 0.352.1
Formal AI draft	UNKNOWN STEP	2026-10-07T07:14:12.3006016Z 📦 agent CLI version: 0.26.11
Formal AI draft	UNKNOWN STEP	2026-10-07T07:14:12.3016583Z [use-m] use('command-stream') joined an in-flight load (alias command-stream-v-latest)
Formal AI draft	UNKNOWN STEP	2026-10-07T07:14:12.3029366Z 
Formal AI draft	UNKNOWN STEP	2026-10-07T07:14:12.3029947Z 🔐 Checking GitHub authentication and permissions...
Formal AI draft	UNKNOWN STEP	2026-10-07T07:14:12.8661570Z ✅ GitHub authentication: OK
Formal AI draft	UNKNOWN STEP	2026-10-07T07:14:12.8671735Z ⚠️  Warning: Could not determine token scopes from auth status
Formal AI draft	UNKNOWN STEP	2026-10-07T07:14:12.8686532Z 🎭 Checking Playwright MCP preflight for Agent...
Formal AI draft	UNKNOWN STEP	2026-10-07T07:14:13.6138526Z Usage: Playwright MCP [options]
Formal AI draft	UNKNOWN STEP	2026-10-07T07:14:13.6138909Z 
Formal AI draft	UNKNOWN STEP	2026-10-07T07:14:13.6139178Z Options:
Formal AI draft	UNKNOWN STEP	2026-10-07T07:14:13.6140126Z   -V, --version                         output the version number
Formal AI draft	UNKNOWN STEP	2026-10-07T07:14:13.6165561Z   --allowed-hosts <hosts...>            comma-separated list of hosts this
Formal AI draft	UNKNOWN STEP	2026-10-07T07:14:13.6166415Z                                         server is allowed to serve from.
Formal AI draft	UNKNOWN STEP	2026-10-07T07:14:13.6167385Z                                         Defaults to the host the server is bound
Formal AI draft	UNKNOWN STEP	2026-10-07T07:14:13.6168152Z                                         to. Pass '*' to disable the host check.
Formal AI draft	UNKNOWN STEP	2026-10-07T07:14:13.6169007Z   --allowed-origins <origins>           semicolon-separated list of TRUSTED
Formal AI draft	UNKNOWN STEP	2026-10-07T07:14:13.6169868Z                                         origins to allow the browser to request.
Formal AI draft	UNKNOWN STEP	2026-10-07T07:14:13.6170579Z                                         Default is to allow all.
Formal AI draft	UNKNOWN STEP	2026-10-07T07:14:13.6171265Z                                         Important: *does not* serve as a
Formal AI draft	UNKNOWN STEP	2026-10-07T07:14:13.6171982Z                                         security boundary and *does not* affect
Formal AI draft	UNKNOWN STEP	2026-10-07T07:14:13.6172628Z                                         redirects.
Formal AI draft	UNKNOWN STEP	2026-10-07T07:14:13.6173407Z   --allow-unrestricted-file-access      allow access to files outside of the
Formal AI draft	UNKNOWN STEP	2026-10-07T07:14:13.6174234Z                                         workspace roots. Also allows
Formal AI draft	UNKNOWN STEP	2026-10-07T07:14:13.6174942Z                                         unrestricted access to file:// URLs. By
Formal AI draft	UNKNOWN STEP	2026-10-07T07:14:13.6175652Z                                         default access to file system is
Formal AI draft	UNKNOWN STEP	2026-10-07T07:14:13.6176373Z                                         restricted to workspace root directories
Formal AI draft	UNKNOWN STEP	2026-10-07T07:14:13.6177277Z                                         (or cwd if no roots are configured)
Formal AI draft	UNKNOWN STEP	2026-10-07T07:14:13.6178008Z                                         only, and navigation to file:// URLs is
Formal AI draft	UNKNOWN STEP	2026-10-07T07:14:13.6178642Z                                         blocked.
Formal AI draft	UNKNOWN STEP	2026-10-07T07:14:13.6179406Z   --blocked-origins <origins>           semicolon-separated list of origins to
Formal AI draft	UNKNOWN STEP	2026-10-07T07:14:13.6180493Z                                         block the browser from requesting.
Formal AI draft	UNKNOWN STEP	2026-10-07T07:14:13.6181203Z                                         Blocklist is evaluated before allowlist.
Formal AI draft	UNKNOWN STEP	2026-10-07T07:14:13.6181840Z                                         If used without the allowlist, requests
Formal AI draft	UNKNOWN STEP	2026-10-07T07:14:13.6182279Z                                         not matching the blocklist are still
Formal AI draft	UNKNOWN STEP	2026-10-07T07:14:13.6182656Z                                         allowed.
Formal AI draft	UNKNOWN STEP	2026-10-07T07:14:13.6183029Z                                         Important: *does not* serve as a
Formal AI draft	UNKNOWN STEP	2026-10-07T07:14:13.6183468Z                                         security boundary and *does not* affect
Formal AI draft	UNKNOWN STEP	2026-10-07T07:14:13.6183855Z                                         redirects.
Formal AI draft	UNKNOWN STEP	2026-10-07T07:14:13.6184256Z   --block-service-workers               block service workers
Formal AI draft	UNKNOWN STEP	2026-10-07T07:14:13.6184726Z   --browser <browser>                   browser or chrome channel to use,
Formal AI draft	UNKNOWN STEP	2026-10-07T07:14:13.6185187Z                                         possible values: chrome, firefox,
Formal AI draft	UNKNOWN STEP	2026-10-07T07:14:13.6185570Z                                         webkit, msedge.
Formal AI draft	UNKNOWN STEP	2026-10-07T07:14:13.6185979Z   --caps <caps>                         comma-separated list of additional
Formal AI draft	UNKNOWN STEP	2026-10-07T07:14:13.6186436Z                                         capabilities to enable, possible values:
Formal AI draft	UNKNOWN STEP	2026-10-07T07:14:13.6187124Z                                         vision, pdf, devtools.
Formal AI draft	UNKNOWN STEP	2026-10-07T07:14:13.6187557Z   --cdp-endpoint <endpoint>             CDP endpoint to connect to.
Formal AI draft	UNKNOWN STEP	2026-10-07T07:14:13.6188065Z   --cdp-header <headers...>             CDP headers to send with the connect
Formal AI draft	UNKNOWN STEP	2026-10-07T07:14:13.6188538Z                                         request, multiple can be specified.
Formal AI draft	UNKNOWN STEP	2026-10-07T07:14:13.6189207Z   --cdp-timeout <timeout>               timeout in milliseconds for connecting
Formal AI draft	UNKNOWN STEP	2026-10-07T07:14:13.6189683Z                                         to CDP endpoint, defaults to 30000ms
Formal AI draft	UNKNOWN STEP	2026-10-07T07:14:13.6190130Z   --codegen <lang>                      specify the language to use for code
Formal AI draft	UNKNOWN STEP	2026-10-07T07:14:13.6190566Z                                         generation, possible values:
Formal AI draft	UNKNOWN STEP	2026-10-07T07:14:13.6190964Z                                         "typescript", "python", "java",
Formal AI draft	UNKNOWN STEP	2026-10-07T07:14:13.6191355Z                                         "csharp", "none". Default is
Formal AI draft	UNKNOWN STEP	2026-10-07T07:14:13.6191712Z                                         "typescript".
Formal AI draft	UNKNOWN STEP	2026-10-07T07:14:13.6192111Z   --config <path>                       path to the configuration file.
Formal AI draft	UNKNOWN STEP	2026-10-07T07:14:13.6192606Z   --console-level <level>               level of console messages to return:
Formal AI draft	UNKNOWN STEP	2026-10-07T07:14:13.6193050Z                                         "error", "warning", "info", "debug".
Formal AI draft	UNKNOWN STEP	2026-10-07T07:14:13.6193463Z                                         Each level includes the messages of more
Formal AI draft	UNKNOWN STEP	2026-10-07T07:14:13.6193845Z                                         severe levels.
Formal AI draft	UNKNOWN STEP	2026-10-07T07:14:13.6194262Z   --device <device>                     device to emulate, for example: "iPhone
Formal AI draft	UNKNOWN STEP	2026-10-07T07:14:13.6194662Z                                         15"
Formal AI draft	UNKNOWN STEP	2026-10-07T07:14:13.6195039Z   --mobile                              emulate a generic mobile device (Pixel
Formal AI draft	UNKNOWN STEP	2026-10-07T07:14:13.6195479Z                                         10 for Chromium, iPhone 17 for WebKit).
Formal AI draft	UNKNOWN STEP	2026-10-07T07:14:13.6195913Z                                         Mobile pages are usually lighter, which
Formal AI draft	UNKNOWN STEP	2026-10-07T07:14:13.6196344Z                                         saves tokens. Cannot be combined with
Formal AI draft	UNKNOWN STEP	2026-10-07T07:14:13.6196944Z                                         --device.
Formal AI draft	UNKNOWN STEP	2026-10-07T07:14:13.6197366Z   --executable-path <path>              path to the browser executable.
Formal AI draft	UNKNOWN STEP	2026-10-07T07:14:13.6197856Z   --extension                           Connect to a running browser instance
Formal AI draft	UNKNOWN STEP	2026-10-07T07:14:13.6198286Z                                         (Edge/Chrome only). Requires the
Formal AI draft	UNKNOWN STEP	2026-10-07T07:14:13.6198699Z                                         "Playwright Extension" to be installed.
Formal AI draft	UNKNOWN STEP	2026-10-07T07:14:13.6199322Z   --endpoint <endpoint>                 Bound browser endpoint to connect to.
Formal AI draft	UNKNOWN STEP	2026-10-07T07:14:13.6199824Z   --file-paths <mode>                   how file paths are rendered in tool
Formal AI draft	UNKNOWN STEP	2026-10-07T07:14:13.6200291Z                                         results, "relative" to the workspace
Formal AI draft	UNKNOWN STEP	2026-10-07T07:14:13.6200694Z                                         root or "absolute". Default is
Formal AI draft	UNKNOWN STEP	2026-10-07T07:14:13.6201054Z                                         "relative".
Formal AI draft	UNKNOWN STEP	2026-10-07T07:14:13.6201505Z   --grant-permissions <permissions...>  List of permissions to grant to the
Formal AI draft	UNKNOWN STEP	2026-10-07T07:14:13.6201978Z                                         browser context, for example
Formal AI draft	UNKNOWN STEP	2026-10-07T07:14:13.6202372Z                                         "geolocation", "clipboard-read",
Formal AI draft	UNKNOWN STEP	2026-10-07T07:14:13.6202753Z                                         "clipboard-write".
Formal AI draft	UNKNOWN STEP	2026-10-07T07:14:13.6203166Z   --headless                            run browser in headless mode, headed by
Formal AI draft	UNKNOWN STEP	2026-10-07T07:14:13.6203562Z                                         default
Formal AI draft	UNKNOWN STEP	2026-10-07T07:14:13.6203942Z   --host <host>                         host to bind server to. Default is
Formal AI draft	UNKNOWN STEP	2026-10-07T07:14:13.6204371Z                                         localhost. Use 0.0.0.0 to bind to all
Formal AI draft	UNKNOWN STEP	2026-10-07T07:14:13.6204735Z                                         interfaces.
Formal AI draft	UNKNOWN STEP	2026-10-07T07:14:13.6205151Z   --idle-timeout <timeout>              close the browser after this many
Formal AI draft	UNKNOWN STEP	2026-10-07T07:14:13.6205606Z                                         milliseconds without a completed tool
Formal AI draft	UNKNOWN STEP	2026-10-07T07:14:13.6206015Z                                         call, the next tool call relaunches it.
Formal AI draft	UNKNOWN STEP	2026-10-07T07:14:13.6206419Z                                         Defaults to one hour for headless
Formal AI draft	UNKNOWN STEP	2026-10-07T07:14:13.6207460Z                                         browsers, never for headed ones, 0
Formal AI draft	UNKNOWN STEP	2026-10-07T07:14:13.6208067Z                                         disables.
Formal AI draft	UNKNOWN STEP	2026-10-07T07:14:13.6208704Z   --ignore-https-errors                 ignore https errors
Formal AI draft	UNKNOWN STEP	2026-10-07T07:14:13.6209488Z   --init-page <path...>                 path to TypeScript file to evaluate on
Formal AI draft	UNKNOWN STEP	2026-10-07T07:14:13.6210022Z                                         Playwright page object
Formal AI draft	UNKNOWN STEP	2026-10-07T07:14:13.6210467Z   --init-script <path...>               path to JavaScript file to add as an
Formal AI draft	UNKNOWN STEP	2026-10-07T07:14:13.6210930Z                                         initialization script. The script will
Formal AI draft	UNKNOWN STEP	2026-10-07T07:14:13.6211375Z                                         be evaluated in every page before any of
Formal AI draft	UNKNOWN STEP	2026-10-07T07:14:13.6211793Z                                         the page's scripts. Can be specified
Formal AI draft	UNKNOWN STEP	2026-10-07T07:14:13.6212169Z                                         multiple times.
Formal AI draft	UNKNOWN STEP	2026-10-07T07:14:13.6212699Z   --isolated                            keep the browser profile in memory, do
Formal AI draft	UNKNOWN STEP	2026-10-07T07:14:13.6213437Z                                         not save it to disk.
Formal AI draft	UNKNOWN STEP	2026-10-07T07:14:13.6214118Z   --image-responses <mode>              whether to send image responses to the
Formal AI draft	UNKNOWN STEP	2026-10-07T07:14:13.6214918Z                                         client. Can be "allow", "omit" or
Formal AI draft	UNKNOWN STEP	2026-10-07T07:14:13.6215617Z                                         "only". With "only", a response that
Formal AI draft	UNKNOWN STEP	2026-10-07T07:14:13.6216655Z                                         carries an image consists of the image
Formal AI draft	UNKNOWN STEP	2026-10-07T07:14:13.6217145Z                                         parts alone, without the text part.
Formal AI draft	UNKNOWN STEP	2026-10-07T07:14:13.6217564Z                                         Defaults to "allow".
Formal AI draft	UNKNOWN STEP	2026-10-07T07:14:13.6217975Z   --no-sandbox                          disable the sandbox for all process
Formal AI draft	UNKNOWN STEP	2026-10-07T07:14:13.6218421Z                                         types that are normally sandboxed.
Formal AI draft	UNKNOWN STEP	2026-10-07T07:14:13.6218869Z   --no-webmcp                           do not collect or expose the tools that
Formal AI draft	UNKNOWN STEP	2026-10-07T07:14:13.6219324Z                                         a page registers through the WebMCP API.
Formal AI draft	UNKNOWN STEP	2026-10-07T07:14:13.6219960Z   --output-dir <path>                   path to the directory for automatically
Formal AI draft	UNKNOWN STEP	2026-10-07T07:14:13.6220423Z                                         named output files, for example a
Formal AI draft	UNKNOWN STEP	2026-10-07T07:14:13.6220827Z                                         screenshot taken without an explicit
Formal AI draft	UNKNOWN STEP	2026-10-07T07:14:13.6221246Z                                         file name. Files with an explicit name
Formal AI draft	UNKNOWN STEP	2026-10-07T07:14:13.6221656Z                                         are resolved against the workspace root
Formal AI draft	UNKNOWN STEP	2026-10-07T07:14:13.6222062Z                                         instead and are not affected by this
Formal AI draft	UNKNOWN STEP	2026-10-07T07:14:13.6222423Z                                         option.
Formal AI draft	UNKNOWN STEP	2026-10-07T07:14:13.6222843Z   --output-max-size <bytes>             Threshold for evicting old output files,
Formal AI draft	UNKNOWN STEP	2026-10-07T07:14:13.6223279Z                                         in bytes.
Formal AI draft	UNKNOWN STEP	2026-10-07T07:14:13.6223692Z   --port <port>                         port to listen on for SSE transport.
Formal AI draft	UNKNOWN STEP	2026-10-07T07:14:13.6224187Z   --profile-dir-name <name>             name of the profile directory in the
Formal AI draft	UNKNOWN STEP	2026-10-07T07:14:13.6224674Z                                         user data dir to connect to with
Formal AI draft	UNKNOWN STEP	2026-10-07T07:14:13.6225085Z                                         --extension, for example "Profile 1".
Formal AI draft	UNKNOWN STEP	2026-10-07T07:14:13.6225498Z                                         Defaults to the last used profile that
Formal AI draft	UNKNOWN STEP	2026-10-07T07:14:13.6225901Z                                         has the extension installed.
Formal AI draft	UNKNOWN STEP	2026-10-07T07:14:13.6226360Z   --proxy-bypass <bypass>               comma-separated domains to bypass proxy,
Formal AI draft	UNKNOWN STEP	2026-10-07T07:14:13.6227081Z                                         for example
Formal AI draft	UNKNOWN STEP	2026-10-07T07:14:13.6227459Z                                         ".com,chromium.org,.domain.com"
Formal AI draft	UNKNOWN STEP	2026-10-07T07:14:13.6228052Z   --proxy-server <proxy>                specify proxy server, for example
Formal AI draft	UNKNOWN STEP	2026-10-07T07:14:13.6228514Z                                         "http://myproxy:3128" or
Formal AI draft	UNKNOWN STEP	2026-10-07T07:14:13.6228905Z                                         "socks5://myproxy:8080"
Formal AI draft	UNKNOWN STEP	2026-10-07T07:14:13.6229337Z   --sandbox                             enable the sandbox for all process types
Formal AI draft	UNKNOWN STEP	2026-10-07T07:14:13.6229783Z                                         that are normally not sandboxed.
Formal AI draft	UNKNOWN STEP	2026-10-07T07:14:13.6230223Z   --save-session                        Whether to save the Playwright MCP
Formal AI draft	UNKNOWN STEP	2026-10-07T07:14:13.6230661Z                                         session into the output directory.
Formal AI draft	UNKNOWN STEP	2026-10-07T07:14:13.6231120Z   --secrets [REDACTED]                      path to a file containing secrets in the
Formal AI draft	UNKNOWN STEP	2026-10-07T07:14:13.6231631Z                                         dotenv format
Formal AI draft	UNKNOWN STEP	2026-10-07T07:14:13.6232077Z   --shared-browser-context              reuse the same browser context between
Formal AI draft	UNKNOWN STEP	2026-10-07T07:14:13.6232541Z                                         all connected HTTP clients.
Formal AI draft	UNKNOWN STEP	2026-10-07T07:14:13.6232976Z   --snapshot-boxes                      include each element's bounding box as
Formal AI draft	UNKNOWN STEP	2026-10-07T07:14:13.6233470Z                                         [box=x,y,width,height] in snapshots.
Formal AI draft	UNKNOWN STEP	2026-10-07T07:14:13.6233887Z                                         Coordinates are viewport-relative, in
Formal AI draft	UNKNOWN STEP	2026-10-07T07:14:13.6234264Z                                         CSS pixels.
Formal AI draft	UNKNOWN STEP	2026-10-07T07:14:13.6234682Z   --snapshot-mode <mode>                when taking snapshots for responses,
Formal AI draft	UNKNOWN STEP	2026-10-07T07:14:13.6235141Z                                         specifies the mode to use. Can be "full"
Formal AI draft	UNKNOWN STEP	2026-10-07T07:14:13.6235539Z                                         or "none". Default is "full".
Formal AI draft	UNKNOWN STEP	2026-10-07T07:14:13.6235979Z   --storage-state <path>                path to the storage state file for
Formal AI draft	UNKNOWN STEP	2026-10-07T07:14:13.6236401Z                                         isolated sessions.
Formal AI draft	UNKNOWN STEP	2026-10-07T07:14:13.6237086Z   --test-id-attribute <attribute>       specify the attribute to use for test
Formal AI draft	UNKNOWN STEP	2026-10-07T07:14:13.6237559Z                                         ids, defaults to "data-testid"
Formal AI draft	UNKNOWN STEP	2026-10-07T07:14:13.6238030Z   --timeout-action <timeout>            specify action timeout in milliseconds,
Formal AI draft	UNKNOWN STEP	2026-10-07T07:14:13.6238612Z                                         defaults to 5000ms
Formal AI draft	UNKNOWN STEP	2026-10-07T07:14:13.6239039Z   --timeout-navigation <timeout>        specify navigation timeout in
Formal AI draft	UNKNOWN STEP	2026-10-07T07:14:13.6239490Z                                         milliseconds, defaults to 60000ms
Formal AI draft	UNKNOWN STEP	2026-10-07T07:14:13.6239964Z   --timeout-settle <timeout>            how long to wait after each action for
Formal AI draft	UNKNOWN STEP	2026-10-07T07:14:13.6240415Z                                         triggered work to settle, in
Formal AI draft	UNKNOWN STEP	2026-10-07T07:14:13.6240796Z                                         milliseconds, defaults to 500ms
Formal AI draft	UNKNOWN STEP	2026-10-07T07:14:13.6241221Z   --user-agent <ua string>              specify user agent string
Formal AI draft	UNKNOWN STEP	2026-10-07T07:14:13.6241711Z   --user-data-dir <path>                path to the user data directory. If not
Formal AI draft	UNKNOWN STEP	2026-10-07T07:14:13.6242181Z                                         specified, a temporary directory will be
Formal AI draft	UNKNOWN STEP	2026-10-07T07:14:13.6242552Z                                         created.
Formal AI draft	UNKNOWN STEP	2026-10-07T07:14:13.6242964Z   --viewport-size <size>                specify browser viewport size in pixels,
Formal AI draft	UNKNOWN STEP	2026-10-07T07:14:13.6243403Z                                         for example "1280x720"
Formal AI draft	UNKNOWN STEP	2026-10-07T07:14:13.6243794Z   -h, --help                            display help for command
Formal AI draft	UNKNOWN STEP	2026-10-07T07:14:13.6300619Z 🎭 @playwright/mcp package is available via npx
Formal AI draft	UNKNOWN STEP	2026-10-07T07:14:13.6314556Z 🎭 Playwright MCP ready for Agent
Formal AI draft	UNKNOWN STEP	2026-10-07T07:14:13.6328393Z 📋 URL validation:
Formal AI draft	UNKNOWN STEP	2026-10-07T07:14:13.6342639Z    Input URL: https://github.com/link-assistant/hive-mind/issues/2591
Formal AI draft	UNKNOWN STEP	2026-10-07T07:14:13.6355473Z    Is Issue URL: true
Formal AI draft	UNKNOWN STEP	2026-10-07T07:14:13.6383710Z    Is PR URL: false
Formal AI draft	UNKNOWN STEP	2026-10-07T07:14:13.6471229Z 🔍 --auto-accept-invite: Checking for pending invitation to link-assistant/hive-mind...
Formal AI draft	UNKNOWN STEP	2026-10-07T07:14:13.9142034Z    Could not fetch repository invitations: Unexpected non-whitespace character after JSON at position 199 (line 1 column 200)
Formal AI draft	UNKNOWN STEP	2026-10-07T07:14:14.1758685Z    Could not fetch organization memberships: Unexpected non-whitespace character after JSON at position 188 (line 1 column 189)
Formal AI draft	UNKNOWN STEP	2026-10-07T07:14:14.1773958Z ℹ️  --auto-accept-invite: No pending invitation found for link-assistant/hive-mind or organization link-assistant
Formal AI draft	UNKNOWN STEP	2026-10-07T07:14:14.1791230Z 🔍 Checking repository access for auto-fork...
Formal AI draft	UNKNOWN STEP	2026-10-07T07:14:14.5815222Z {"admin":false,"maintain":false,"pull":false,"push":false,"triage":false}
Formal AI draft	UNKNOWN STEP	2026-10-07T07:14:14.5855121Z ℹ️ Auto-fork: User roles do not establish token write access; attempting direct repository access
Formal AI draft	UNKNOWN STEP	2026-10-07T07:14:14.5872035Z 🔍 Checking repository write permissions...
Formal AI draft	UNKNOWN STEP	2026-10-07T07:14:14.9115779Z {"admin":false,"maintain":false,"pull":false,"push":false,"triage":false}
Formal AI draft	UNKNOWN STEP	2026-10-07T07:14:14.9155536Z ℹ️ User roles do not establish token write access; GitHub will enforce token permissions on write
Formal AI draft	UNKNOWN STEP	2026-10-07T07:14:15.1618538Z link-assistant
Formal AI draft	UNKNOWN STEP	2026-10-07T07:14:16.1668236Z link-assistant/hive-mind
Formal AI draft	UNKNOWN STEP	2026-10-07T07:14:16.1668814Z    Repository visibility: public
Formal AI draft	UNKNOWN STEP	2026-10-07T07:14:16.1681358Z    Auto-cleanup default: false (repository is public)
Formal AI draft	UNKNOWN STEP	2026-10-07T07:14:16.1711246Z 🔍 Auto-continue enabled: Checking for existing PRs for issue #2591...
Formal AI draft	UNKNOWN STEP	2026-10-07T07:14:16.1725600Z 🔍 Checking for existing branches in link-assistant/hive-mind...
Formal AI draft	UNKNOWN STEP	2026-10-07T07:14:21.9029175Z [{"createdAt":"2026-10-06T21:31:12Z","headRefName":"issue-2573-26a4a34753c6","isDraft":false,"number":2574,"state":"OPEN"},{"createdAt":"2026-10-06T21:09:33Z","headRefName":"issue-2571-e18a3c59511b","isDraft":false,"number":2572,"state":"OPEN"},{"createdAt":"2026-10-06T15:38:51Z","headRefName":"issue-2563-e3ed55c6893b","isDraft":false,"number":2566,"state":"OPEN"},{"createdAt":"2026-10-06T14:39:42Z","headRefName":"issue-2326-b5647b8dfa49","isDraft":false,"number":2562,"state":"OPEN"},{"createdAt":"2026-10-06T14:33:42Z","headRefName":"issue-2530-6aebfa4f3869","isDraft":false,"number":2561,"state":"OPEN"},{"createdAt":"2026-10-06T09:27:18Z","headRefName":"issue-2549-d52dedc271a8","isDraft":false,"number":2550,"state":"OPEN"},{"createdAt":"2026-09-27T16:43:26Z","headRefName":"issue-2289-f6cd9c2908da","isDraft":false,"number":2310,"state":"OPEN"},{"createdAt":"2026-09-27T04:26:58Z","headRefName":"issue-2303-928b0c381ae1","isDraft":false,"number":2304,"state":"OPEN"},{"createdAt":"2026-09-25T22:10:48Z","headRefName":"issue-2284-c9fd32283dac","isDraft":false,"number":2300,"state":"OPEN"},{"createdAt":"2026-09-25T21:36:08Z","headRefName":"issue-2296-61628f56d512","isDraft":false,"number":2299,"state":"OPEN"}]
Formal AI draft	UNKNOWN STEP	2026-10-07T07:14:22.2085833Z []
Formal AI draft	UNKNOWN STEP	2026-10-07T07:14:22.2113979Z 📋 Found 10 existing PR(s) for issue #2591
Formal AI draft	UNKNOWN STEP	2026-10-07T07:14:22.2126742Z   PR #2574: created 9h ago (OPEN, ready)
Formal AI draft	UNKNOWN STEP	2026-10-07T07:14:22.2141130Z   PR #2574: Branch 'issue-2573-26a4a34753c6' doesn't match expected pattern 'issue-2591-*' - skipping
Formal AI draft	UNKNOWN STEP	2026-10-07T07:14:22.2162451Z   PR #2572: created 10h ago (OPEN, ready)
Formal AI draft	UNKNOWN STEP	2026-10-07T07:14:22.2175643Z   PR #2572: Branch 'issue-2571-e18a3c59511b' doesn't match expected pattern 'issue-2591-*' - skipping
Formal AI draft	UNKNOWN STEP	2026-10-07T07:14:22.2188119Z   PR #2566: created 15h ago (OPEN, ready)
Formal AI draft	UNKNOWN STEP	2026-10-07T07:14:22.2204726Z   PR #2566: Branch 'issue-2563-e3ed55c6893b' doesn't match expected pattern 'issue-2591-*' - skipping
Formal AI draft	UNKNOWN STEP	2026-10-07T07:14:22.2218530Z   PR #2562: created 16h ago (OPEN, ready)
Formal AI draft	UNKNOWN STEP	2026-10-07T07:14:22.2233526Z   PR #2562: Branch 'issue-2326-b5647b8dfa49' doesn't match expected pattern 'issue-2591-*' - skipping
Formal AI draft	UNKNOWN STEP	2026-10-07T07:14:22.2246417Z   PR #2561: created 16h ago (OPEN, ready)
Formal AI draft	UNKNOWN STEP	2026-10-07T07:14:22.2260639Z   PR #2561: Branch 'issue-2530-6aebfa4f3869' doesn't match expected pattern 'issue-2591-*' - skipping
Formal AI draft	UNKNOWN STEP	2026-10-07T07:14:22.2273449Z   PR #2550: created 21h ago (OPEN, ready)
Formal AI draft	UNKNOWN STEP	2026-10-07T07:14:22.2286816Z   PR #2550: Branch 'issue-2549-d52dedc271a8' doesn't match expected pattern 'issue-2591-*' - skipping
Formal AI draft	UNKNOWN STEP	2026-10-07T07:14:22.2299089Z   PR #2310: created 230h ago (OPEN, ready)
Formal AI draft	UNKNOWN STEP	2026-10-07T07:14:22.2314019Z   PR #2310: Branch 'issue-2289-f6cd9c2908da' doesn't match expected pattern 'issue-2591-*' - skipping
Formal AI draft	UNKNOWN STEP	2026-10-07T07:14:22.2330857Z   PR #2304: created 242h ago (OPEN, ready)
Formal AI draft	UNKNOWN STEP	2026-10-07T07:14:22.2344498Z   PR #2304: Branch 'issue-2303-928b0c381ae1' doesn't match expected pattern 'issue-2591-*' - skipping
Formal AI draft	UNKNOWN STEP	2026-10-07T07:14:22.2356606Z   PR #2300: created 273h ago (OPEN, ready)
Formal AI draft	UNKNOWN STEP	2026-10-07T07:14:22.2370091Z   PR #2300: Branch 'issue-2284-c9fd32283dac' doesn't match expected pattern 'issue-2591-*' - skipping
Formal AI draft	UNKNOWN STEP	2026-10-07T07:14:22.2382324Z   PR #2299: created 273h ago (OPEN, ready)
Formal AI draft	UNKNOWN STEP	2026-10-07T07:14:22.2405298Z   PR #2299: Branch 'issue-2296-61628f56d512' doesn't match expected pattern 'issue-2591-*' - skipping
Formal AI draft	UNKNOWN STEP	2026-10-07T07:14:22.2418497Z ⏭️  No suitable PRs found (missing CLAUDE.md/.gitkeep or older than 24h) - creating new PR as usual
Formal AI draft	UNKNOWN STEP	2026-10-07T07:14:22.2431078Z 📝 Issue mode: Working with issue #2591
Formal AI draft	UNKNOWN STEP	2026-10-07T07:14:22.2451887Z 
Formal AI draft	UNKNOWN STEP	2026-10-07T07:14:22.2452545Z Creating temporary directory: /tmp/gh-issue-solver-1791357262243
Formal AI draft	UNKNOWN STEP	2026-10-07T07:14:22.2473763Z 🔐 Authenticated git transport enabled for github.com (token source: GH_TOKEN) - repository setup
Formal AI draft	UNKNOWN STEP	2026-10-07T07:14:22.2504806Z 
Formal AI draft	UNKNOWN STEP	2026-10-07T07:14:22.2505574Z 📥 Cloning repository:       link-assistant/hive-mind
Formal AI draft	UNKNOWN STEP	2026-10-07T07:14:22.5745974Z Cloning into '/tmp/gh-issue-solver-1791357262243'...
Formal AI draft	UNKNOWN STEP	2026-10-07T07:14:36.6838019Z Updating files:  26% (2048/7753)
Formal AI draft	UNKNOWN STEP	2026-10-07T07:14:36.7406342Z Updating files:  27% (2094/7753)
Formal AI draft	UNKNOWN STEP	2026-10-07T07:14:36.7780772Z Updating files:  28% (2171/7753)
Formal AI draft	UNKNOWN STEP	2026-10-07T07:14:36.8023333Z Updating files:  29% (2249/7753)
Formal AI draft	UNKNOWN STEP	2026-10-07T07:14:36.8189336Z Updating files:  30% (2326/7753)
Formal AI draft	UNKNOWN STEP	2026-10-07T07:14:36.8573538Z Updating files:  31% (2404/7753)
Formal AI draft	UNKNOWN STEP	2026-10-07T07:14:36.9320964Z Updating files:  32% (2481/7753)
Formal AI draft	UNKNOWN STEP	2026-10-07T07:14:36.9515712Z Updating files:  33% (2559/7753)
Formal AI draft	UNKNOWN STEP	2026-10-07T07:14:36.9675115Z Updating files:  34% (2637/7753)
Formal AI draft	UNKNOWN STEP	2026-10-07T07:14:36.9880826Z Updating files:  35% (2714/7753)
Formal AI draft	UNKNOWN STEP	2026-10-07T07:14:37.1557364Z Updating files:  36% (2792/7753)
Formal AI draft	UNKNOWN STEP	2026-10-07T07:14:37.1784650Z Updating files:  37% (2869/7753)
Formal AI draft	UNKNOWN STEP	2026-10-07T07:14:37.2507467Z Updating files:  38% (2947/7753)
Formal AI draft	UNKNOWN STEP	2026-10-07T07:14:37.4298614Z Updating files:  39% (3024/7753)
Formal AI draft	UNKNOWN STEP	2026-10-07T07:14:37.4614559Z Updating files:  40% (3102/7753)
Formal AI draft	UNKNOWN STEP	2026-10-07T07:14:37.5020174Z Updating files:  41% (3179/7753)
Formal AI draft	UNKNOWN STEP	2026-10-07T07:14:37.5546485Z Updating files:  41% (3211/7753)
Formal AI draft	UNKNOWN STEP	2026-10-07T07:14:37.5972640Z Updating files:  42% (3257/7753)
Formal AI draft	UNKNOWN STEP	2026-10-07T07:14:37.6275719Z Updating files:  43% (3334/7753)
Formal AI draft	UNKNOWN STEP	2026-10-07T07:14:37.6731095Z Updating files:  44% (3412/7753)
Formal AI draft	UNKNOWN STEP	2026-10-07T07:14:37.7460369Z Updating files:  45% (3489/7753)
Formal AI draft	UNKNOWN STEP	2026-10-07T07:14:37.8032282Z Updating files:  46% (3567/7753)
Formal AI draft	UNKNOWN STEP	2026-10-07T07:14:37.8305478Z Updating files:  47% (3644/7753)
Formal AI draft	UNKNOWN STEP	2026-10-07T07:14:37.8544956Z Updating files:  48% (3722/7753)
Formal AI draft	UNKNOWN STEP	2026-10-07T07:14:37.8793705Z Updating files:  49% (3799/7753)
Formal AI draft	UNKNOWN STEP	2026-10-07T07:14:37.9325232Z Updating files:  50% (3877/7753)
Formal AI draft	UNKNOWN STEP	2026-10-07T07:14:37.9526256Z Updating files:  51% (3955/7753)
Formal AI draft	UNKNOWN STEP	2026-10-07T07:14:37.9586354Z Updating files:  52% (4032/7753)
Formal AI draft	UNKNOWN STEP	2026-10-07T07:14:38.0919587Z Updating files:  53% (4110/7753)
Formal AI draft	UNKNOWN STEP	2026-10-07T07:14:38.1110501Z Updating files:  54% (4187/7753)
Formal AI draft	UNKNOWN STEP	2026-10-07T07:14:38.1804950Z Updating files:  55% (4265/7753)
Formal AI draft	UNKNOWN STEP	2026-10-07T07:14:38.1864874Z Updating files:  56% (4342/7753)
Formal AI draft	UNKNOWN STEP	2026-10-07T07:14:38.1991418Z Updating files:  57% (4420/7753)
Formal AI draft	UNKNOWN STEP	2026-10-07T07:14:38.2432575Z Updating files:  58% (4497/7753)
Formal AI draft	UNKNOWN STEP	2026-10-07T07:14:38.2721097Z Updating files:  59% (4575/7753)
Formal AI draft	UNKNOWN STEP	2026-10-07T07:14:38.2835727Z Updating files:  60% (4652/7753)
Formal AI draft	UNKNOWN STEP	2026-10-07T07:14:38.2939130Z Updating files:  61% (4730/7753)
Formal AI draft	UNKNOWN STEP	2026-10-07T07:14:38.3902357Z Updating files:  62% (4807/7753)
Formal AI draft	UNKNOWN STEP	2026-10-07T07:14:38.4319736Z Updating files:  63% (4885/7753)
Formal AI draft	UNKNOWN STEP	2026-10-07T07:14:38.4925322Z Updating files:  64% (4962/7753)
Formal AI draft	UNKNOWN STEP	2026-10-07T07:14:38.5256274Z Updating files:  65% (5040/7753)
Formal AI draft	UNKNOWN STEP	2026-10-07T07:14:38.5711702Z Updating files:  65% (5043/7753)
Formal AI draft	UNKNOWN STEP	2026-10-07T07:14:38.5830769Z Updating files:  66% (5117/7753)
Formal AI draft	UNKNOWN STEP	2026-10-07T07:14:38.5976615Z Updating files:  67% (5195/7753)
Formal AI draft	UNKNOWN STEP	2026-10-07T07:14:38.6857651Z Updating files:  68% (5273/7753)
Formal AI draft	UNKNOWN STEP	2026-10-07T07:14:38.7020334Z Updating files:  69% (5350/7753)
Formal AI draft	UNKNOWN STEP	2026-10-07T07:14:38.9550689Z Updating files:  70% (5428/7753)
Formal AI draft	UNKNOWN STEP	2026-10-07T07:14:39.0232383Z Updating files:  71% (5505/7753)
Formal AI draft	UNKNOWN STEP	2026-10-07T07:14:39.0647641Z Updating files:  72% (5583/7753)
Formal AI draft	UNKNOWN STEP	2026-10-07T07:14:39.0975614Z Updating files:  73% (5660/7753)
Formal AI draft	UNKNOWN STEP	2026-10-07T07:14:39.1062569Z Updating files:  74% (5738/7753)
Formal AI draft	UNKNOWN STEP	2026-10-07T07:14:39.1121910Z Updating files:  75% (5815/7753)
Formal AI draft	UNKNOWN STEP	2026-10-07T07:14:39.1176742Z Updating files:  76% (5893/7753)
Formal AI draft	UNKNOWN STEP	2026-10-07T07:14:39.1245670Z Updating files:  77% (5970/7753)
Formal AI draft	UNKNOWN STEP	2026-10-07T07:14:39.1319394Z Updating files:  78% (6048/7753)
Formal AI draft	UNKNOWN STEP	2026-10-07T07:14:39.1405072Z Updating files:  79% (6125/7753)
Formal AI draft	UNKNOWN STEP	2026-10-07T07:14:39.1461802Z Updating files:  80% (6203/7753)
Formal AI draft	UNKNOWN STEP	2026-10-07T07:14:39.1523823Z Updating files:  81% (6280/7753)
Formal AI draft	UNKNOWN STEP	2026-10-07T07:14:39.1589928Z Updating files:  82% (6358/7753)
Formal AI draft	UNKNOWN STEP	2026-10-07T07:14:39.1651224Z Updating files:  83% (6435/7753)
Formal AI draft	UNKNOWN STEP	2026-10-07T07:14:39.1710533Z Updating files:  84% (6513/7753)
Formal AI draft	UNKNOWN STEP	2026-10-07T07:14:39.1770238Z Updating files:  85% (6591/7753)
Formal AI draft	UNKNOWN STEP	2026-10-07T07:14:39.1839310Z Updating files:  86% (6668/7753)
Formal AI draft	UNKNOWN STEP	2026-10-07T07:14:39.1933278Z Updating files:  87% (6746/7753)
Formal AI draft	UNKNOWN STEP	2026-10-07T07:14:39.2038596Z Updating files:  88% (6823/7753)
Formal AI draft	UNKNOWN STEP	2026-10-07T07:14:39.2152949Z Updating files:  89% (6901/7753)
Formal AI draft	UNKNOWN STEP	2026-10-07T07:14:39.2266265Z Updating files:  90% (6978/7753)
Formal AI draft	UNKNOWN STEP	2026-10-07T07:14:39.2362864Z Updating files:  91% (7056/7753)
Formal AI draft	UNKNOWN STEP	2026-10-07T07:14:39.2450241Z Updating files:  92% (7133/7753)
Formal AI draft	UNKNOWN STEP	2026-10-07T07:14:39.2521894Z Updating files:  93% (7211/7753)
Formal AI draft	UNKNOWN STEP	2026-10-07T07:14:39.2648441Z Updating files:  94% (7288/7753)
Formal AI draft	UNKNOWN STEP	2026-10-07T07:14:39.2725458Z Updating files:  95% (7366/7753)
Formal AI draft	UNKNOWN STEP	2026-10-07T07:14:39.2798214Z Updating files:  96% (7443/7753)
Formal AI draft	UNKNOWN STEP	2026-10-07T07:14:39.2881030Z Updating files:  97% (7521/7753)
Formal AI draft	UNKNOWN STEP	2026-10-07T07:14:39.2967131Z Updating files:  98% (7598/7753)
Formal AI draft	UNKNOWN STEP	2026-10-07T07:14:39.3044609Z Updating files:  99% (7676/7753)
Formal AI draft	UNKNOWN STEP	2026-10-07T07:14:39.3045288Z Updating files: 100% (7753/7753)
Formal AI draft	UNKNOWN STEP	2026-10-07T07:14:39.3045925Z Updating files: 100% (7753/7753), done.
Formal AI draft	UNKNOWN STEP	2026-10-07T07:14:39.3365940Z true
Formal AI draft	UNKNOWN STEP	2026-10-07T07:14:39.3383203Z ✅ Cloned to:                /tmp/gh-issue-solver-1791357262243
Formal AI draft	UNKNOWN STEP	2026-10-07T07:14:39.3408902Z 🧹 Ignoring AI tool scratch directories in this workspace: .formal-ai/, .playwright-mcp/
Formal AI draft	UNKNOWN STEP	2026-10-07T07:14:39.3466233Z origin	https://github.com/link-assistant/hive-mind.git (fetch)
Formal AI draft	UNKNOWN STEP	2026-10-07T07:14:39.3467347Z origin	https://github.com/link-assistant/hive-mind.git (push)
Formal AI draft	UNKNOWN STEP	2026-10-07T07:14:39.4824525Z 
Formal AI draft	UNKNOWN STEP	2026-10-07T07:14:39.4825619Z 📊 [DISK] phase=after_clone bytes=1918300447 path=/tmp/gh-issue-solver-1791357262243 size=1.8 GB
Formal AI draft	UNKNOWN STEP	2026-10-07T07:14:39.4873204Z 📈 Resource usage (after repository clone):
Formal AI draft	UNKNOWN STEP	2026-10-07T07:14:39.4873811Z    CPU load: 1.66 1.37 0.67 (4 CPUs)
Formal AI draft	UNKNOWN STEP	2026-10-07T07:14:39.4874254Z    Memory: 14.3 GB available / 15.6 GB total (1.3 GB used)
Formal AI draft	UNKNOWN STEP	2026-10-07T07:14:39.4874770Z    Process RSS: 127 MB, V8 heap: 30 MB used of 4.1 GB limit (0.7%)
Formal AI draft	UNKNOWN STEP	2026-10-07T07:14:39.4875241Z    Disk (/): 79.6 GB available / 144.3 GB total (44.8% used)
Formal AI draft	UNKNOWN STEP	2026-10-07T07:14:39.4879329Z 📈 [RESOURCES] phase=after_clone ts=2026-10-07T07%3A14%3A39.482Z load1=1.66 load5=1.37 load15=0.67 cpuCount=4 memTotalBytes=16770748416 memAvailableBytes=15376265216 memUsedBytes=1394483200 processRssBytes=133005312 processHeapUsedBytes=31242072 processHeapTotalBytes=61661184 processExternalBytes=5357961 processHeapLimitBytes=4395630592 processHeapUsedPercent=0.7107529021401442 diskPath=%2F diskTotalBytes=154894188544 diskAvailableBytes=85492551680 diskUsedBytes=69384859648 diskUsedPercent=44.79500509361602 mem=14.3%20GB%20available%20%2F%2015.6%20GB%20total heap=30%20MB%20used%20of%204.1%20GB%20limit%20(0.7%25) disk=79.6%20GB%20available%20%2F%20144.3%20GB%20total
Formal AI draft	UNKNOWN STEP	2026-10-07T07:14:39.4932249Z main
Formal AI draft	UNKNOWN STEP	2026-10-07T07:14:39.5002667Z e63…690
Formal AI draft	UNKNOWN STEP	2026-10-07T07:14:39.5003051Z 
Formal AI draft	UNKNOWN STEP	2026-10-07T07:14:39.5003751Z 📌 Default branch:           main
Formal AI draft	UNKNOWN STEP	2026-10-07T07:14:39.7055449Z 
Formal AI draft	UNKNOWN STEP	2026-10-07T07:14:39.7056668Z 🌿 Creating branch:          issue-2591-1b69dfe657e2 from main (default)
Formal AI draft	UNKNOWN STEP	2026-10-07T07:14:39.8886803Z Switched to a new branch 'issue-2591-1b69dfe657e2'
Formal AI draft	UNKNOWN STEP	2026-10-07T07:14:39.8892697Z branch 'issue-2591-1b69dfe657e2' set up to track 'origin/main'.
Formal AI draft	UNKNOWN STEP	2026-10-07T07:14:39.8911299Z 🔍 Verifying:                Branch creation...
Formal AI draft	UNKNOWN STEP	2026-10-07T07:14:39.8985142Z issue-2591-1b69dfe657e2
Formal AI draft	UNKNOWN STEP	2026-10-07T07:14:39.8985665Z ✅ Branch created:           issue-2591-1b69dfe657e2
Formal AI draft	UNKNOWN STEP	2026-10-07T07:14:39.8998521Z ✅ Current branch:           issue-2591-1b69dfe657e2
Formal AI draft	UNKNOWN STEP	2026-10-07T07:14:39.9011946Z    Branch operation: Create new branch
Formal AI draft	UNKNOWN STEP	2026-10-07T07:14:39.9024600Z    Branch verification: Matches expected
Formal AI draft	UNKNOWN STEP	2026-10-07T07:14:39.9065577Z 
Formal AI draft	UNKNOWN STEP	2026-10-07T07:14:39.9066260Z 🚀 Auto PR creation:         ENABLED
Formal AI draft	UNKNOWN STEP	2026-10-07T07:14:39.9075658Z      Creating:               Initial commit and draft PR...
Formal AI draft	UNKNOWN STEP	2026-10-07T07:14:39.9090242Z 
Formal AI draft	UNKNOWN STEP	2026-10-07T07:14:39.9105217Z    Using .gitkeep mode (--claude-file=false, --gitkeep-file=true, --auto-gitkeep-file=true)
Formal AI draft	UNKNOWN STEP	2026-10-07T07:14:39.9117756Z 📝 Creating:                 .gitkeep (default)
Formal AI draft	UNKNOWN STEP	2026-10-07T07:14:39.9133061Z    Issue URL from argv['issue-url']: https://github.com/link-assistant/hive-mind/issues/2591
Formal AI draft	UNKNOWN STEP	2026-10-07T07:14:39.9147978Z    Issue URL from argv._[0]: https://github.com/link-assistant/hive-mind/issues/2591
Formal AI draft	UNKNOWN STEP	2026-10-07T07:14:39.9161323Z    Final issue URL: https://github.com/link-assistant/hive-mind/issues/2591
Formal AI draft	UNKNOWN STEP	2026-10-07T07:14:39.9175828Z ✅ File created:             .gitkeep
Formal AI draft	UNKNOWN STEP	2026-10-07T07:14:39.9188973Z 📦 Adding file:              To git staging
Formal AI draft	UNKNOWN STEP	2026-10-07T07:14:40.1245597Z A  .gitkeep
Formal AI draft	UNKNOWN STEP	2026-10-07T07:14:40.1262989Z    Git status after add: A  .gitkeep
Formal AI draft	UNKNOWN STEP	2026-10-07T07:14:40.1277599Z 📝 Creating commit:          With .gitkeep file
Formal AI draft	UNKNOWN STEP	2026-10-07T07:14:40.1589366Z [issue-2591-1b69dfe657e2 59d1112a] Initial commit with task details
Formal AI draft	UNKNOWN STEP	2026-10-07T07:14:40.1590245Z  1 file changed, 1 insertion(+)
Formal AI draft	UNKNOWN STEP	2026-10-07T07:14:40.1590621Z  create mode 100644 .gitkeep
Formal AI draft	UNKNOWN STEP	2026-10-07T07:14:40.1605536Z ✅ Commit created:           Successfully with .gitkeep
Formal AI draft	UNKNOWN STEP	2026-10-07T07:14:40.1621146Z    Commit output: [issue-2591-1b69dfe657e2 59d1112a] Initial commit with task details
Formal AI draft	UNKNOWN STEP	2026-10-07T07:14:40.1621876Z  1 file changed, 1 insertion(+)
Formal AI draft	UNKNOWN STEP	2026-10-07T07:14:40.1622346Z  create mode 100644 .gitkeep
Formal AI draft	UNKNOWN STEP	2026-10-07T07:14:40.1699321Z 59d…da6
Formal AI draft	UNKNOWN STEP	2026-10-07T07:14:40.1699823Z    Commit hash: 59d1112...
Formal AI draft	UNKNOWN STEP	2026-10-07T07:14:40.1755859Z 59d1112a Initial commit with task details
Formal AI draft	UNKNOWN STEP	2026-10-07T07:14:40.1773715Z    Latest commit: 59d1112a Initial commit with task details
Formal AI draft	UNKNOWN STEP	2026-10-07T07:14:40.2250441Z    Git status: clean
Formal AI draft	UNKNOWN STEP	2026-10-07T07:14:40.2304231Z origin	https://github.com/link-assistant/hive-mind.git (fetch)
Formal AI draft	UNKNOWN STEP	2026-10-07T07:14:40.2305163Z origin	https://github.com/link-assistant/hive-mind.git (push)
Formal AI draft	UNKNOWN STEP	2026-10-07T07:14:40.2326064Z    Remotes: origin	https://github.com/link-assistant/hive-mind.git (fetch)
Formal AI draft	UNKNOWN STEP	2026-10-07T07:14:40.2390076Z * issue-2591-1b69dfe657e2 59d1112a [origin/main: ahead 1] Initial commit with task details
Formal AI draft	UNKNOWN STEP	2026-10-07T07:14:40.2390947Z   main                    e6331301 [origin/main] Merge pull request #2499 from link-assistant/issue-2498-69233edb3b6c
Formal AI draft	UNKNOWN STEP	2026-10-07T07:14:40.2406664Z    Branch info: * issue-2591-1b69dfe657e2 59d1112a [origin/main: ahead 1] Initial commit with task details
Formal AI draft	UNKNOWN STEP	2026-10-07T07:14:40.2407670Z   main                    e6331301 [origin/main] Merge pull request #2499 from link-assistant/issue-2498-69233edb3b6c
Formal AI draft	UNKNOWN STEP	2026-10-07T07:14:40.2419541Z 📤 Pushing branch:           To remote repository...
Formal AI draft	UNKNOWN STEP	2026-10-07T07:14:40.2432980Z    Push command: git push -u origin issue-2591-1b69dfe657e2
Formal AI draft	UNKNOWN STEP	2026-10-07T07:14:41.9198066Z remote: 
Formal AI draft	UNKNOWN STEP	2026-10-07T07:14:41.9198928Z remote: Create a pull request for 'issue-2591-1b69dfe657e2' on GitHub by visiting:        
Formal AI draft	UNKNOWN STEP	2026-10-07T07:14:41.9200230Z remote:      https://github.com/link-assistant/hive-mind/pull/new/issue-2591-1b69dfe657e2        
Formal AI draft	UNKNOWN STEP	2026-10-07T07:14:41.9201013Z remote: 
Formal AI draft	UNKNOWN STEP	2026-10-07T07:14:41.9238220Z To https://github.com/link-assistant/hive-mind.git
Formal AI draft	UNKNOWN STEP	2026-10-07T07:14:41.9239568Z  * [new branch]        issue-2591-1b69dfe657e2 -> issue-2591-1b69dfe657e2
Formal AI draft	UNKNOWN STEP	2026-10-07T07:14:41.9281350Z branch 'issue-2591-1b69dfe657e2' set up to track 'origin/issue-2591-1b69dfe657e2'.
Formal AI draft	UNKNOWN STEP	2026-10-07T07:14:41.9297317Z    Push exit code: 0
Formal AI draft	UNKNOWN STEP	2026-10-07T07:14:41.9314026Z    Push output: remote: 
Formal AI draft	UNKNOWN STEP	2026-10-07T07:14:41.9315123Z remote: Create a pull request for 'issue-2591-1b69dfe657e2' on GitHub by visiting:        
Formal AI draft	UNKNOWN STEP	2026-10-07T07:14:41.9316394Z remote:      https://github.com/link-assistant/hive-mind/pull/new/issue-2591-1b69dfe657e2        
Formal AI draft	UNKNOWN STEP	2026-10-07T07:14:41.9317384Z remote: 
Formal AI draft	UNKNOWN STEP	2026-10-07T07:14:41.9317912Z To https://github.com/link-assistant/hive-mind.git
Formal AI draft	UNKNOWN STEP	2026-10-07T07:14:41.9318705Z  * [new branch]        issue-2591-1b69dfe657e2 -> issue-2591-1b69dfe657e2
Formal AI draft	UNKNOWN STEP	2026-10-07T07:14:41.9319453Z branch 'issue-2591-1b69dfe657e2' set up to track 'origin/issue-2591-1b69dfe657e2'.
Formal AI draft	UNKNOWN STEP	2026-10-07T07:14:41.9328028Z ✅ Branch pushed:            Successfully to remote
Formal AI draft	UNKNOWN STEP	2026-10-07T07:14:41.9343782Z    Push output: remote: 
Formal AI draft	UNKNOWN STEP	2026-10-07T07:14:41.9344475Z remote: Create a pull request for 'issue-2591-1b69dfe657e2' on GitHub by visiting:        
Formal AI draft	UNKNOWN STEP	2026-10-07T07:14:41.9345247Z remote:      https://github.com/link-assistant/hive-mind/pull/new/issue-2591-1b69dfe657e2        
Formal AI draft	UNKNOWN STEP	2026-10-07T07:14:41.9345740Z remote: 
Formal AI draft	UNKNOWN STEP	2026-10-07T07:14:41.9346066Z To https://github.com/link-assistant/hive-mind.git
Formal AI draft	UNKNOWN STEP	2026-10-07T07:14:41.9346764Z  * [new branch]        issue-2591-1b69dfe657e2 -> issue-2591-1b69dfe657e2
Formal AI draft	UNKNOWN STEP	2026-10-07T07:14:41.9347383Z branch 'issue-2591-1b69dfe657e2' set up to track 'origin/issue-2591-1b69dfe657e2'.
Formal AI draft	UNKNOWN STEP	2026-10-07T07:14:41.9358933Z    Waiting for GitHub to sync...
Formal AI draft	UNKNOWN STEP	2026-10-07T07:14:44.4309201Z 1
Formal AI draft	UNKNOWN STEP	2026-10-07T07:14:44.4337513Z    Compare API check: 1 commit(s) ahead of main
Formal AI draft	UNKNOWN STEP	2026-10-07T07:14:44.4350204Z    GitHub compare API ready: 1 commit(s) found
Formal AI draft	UNKNOWN STEP	2026-10-07T07:14:44.7785537Z issue-2591-1b69dfe657e2
Formal AI draft	UNKNOWN STEP	2026-10-07T07:14:44.7786146Z    Branch verified on GitHub: issue-2591-1b69dfe657e2
Formal AI draft	UNKNOWN STEP	2026-10-07T07:14:45.2354576Z 59d…da6
Formal AI draft	UNKNOWN STEP	2026-10-07T07:14:45.2354991Z    Remote commit SHA: 59d1112...
Formal AI draft	UNKNOWN STEP	2026-10-07T07:14:45.2367227Z 📋 Getting issue:            Title from GitHub...
Formal AI draft	UNKNOWN STEP	2026-10-07T07:14:46.0297317Z We must support all obvious aliases for latest versions of models
Formal AI draft	UNKNOWN STEP	2026-10-07T07:14:46.0348901Z    Issue title: "We must support all obvious aliases for latest versions of models"
Formal AI draft	UNKNOWN STEP	2026-10-07T07:14:46.0364816Z 👤 Getting user:             Current GitHub account...
Formal AI draft	UNKNOWN STEP	2026-10-07T07:14:46.2680082Z {"message":"Resource not accessible by integration","documentation_url":"https://docs.github.com/rest/users/users#get-the-authenticated-user","status":"403"}gh: Resource not accessible by integration (HTTP 403)
Formal AI draft	UNKNOWN STEP	2026-10-07T07:14:46.2710905Z    Warning: Could not get current user
Formal AI draft	UNKNOWN STEP	2026-10-07T07:14:46.2721805Z 🔄 Fetching:                 Latest main branch...
Formal AI draft	UNKNOWN STEP	2026-10-07T07:14:46.6574350Z ✅ Base updated:             Fetched latest main
Formal AI draft	UNKNOWN STEP	2026-10-07T07:14:46.6587070Z 🔍 Checking:                 Commits between branches...
Formal AI draft	UNKNOWN STEP	2026-10-07T07:14:46.6648363Z 1
Formal AI draft	UNKNOWN STEP	2026-10-07T07:14:46.6665375Z    Commits ahead of origin/main: 1
Formal AI draft	UNKNOWN STEP	2026-10-07T07:14:46.6682415Z ✅ Commits found:            1 commit(s) ahead
Formal AI draft	UNKNOWN STEP	2026-10-07T07:14:46.6695597Z 🔀 Creating PR:              Draft pull request...
Formal AI draft	UNKNOWN STEP	2026-10-07T07:14:46.6709308Z 🎯 Target branch:            main (default)
Formal AI draft	UNKNOWN STEP	2026-10-07T07:14:46.6724358Z    PR Title: [WIP] We must support all obvious aliases for latest versions of models
Formal AI draft	UNKNOWN STEP	2026-10-07T07:14:46.6736303Z    Base branch: main
Formal AI draft	UNKNOWN STEP	2026-10-07T07:14:46.6751104Z    Head branch: issue-2591-1b69dfe657e2
Formal AI draft	UNKNOWN STEP	2026-10-07T07:14:46.6772250Z    PR Body:
Formal AI draft	UNKNOWN STEP	2026-10-07T07:14:46.6773322Z ## 🤖 AI-Powered Solution Draft
Formal AI draft	UNKNOWN STEP	2026-10-07T07:14:46.6773889Z 
Formal AI draft	UNKNOWN STEP	2026-10-07T07:14:46.6774470Z This pull request is being automatically generated to solve issue #2591.
Formal AI draft	UNKNOWN STEP	2026-10-07T07:14:46.6775004Z 
Formal AI draft	UNKNOWN STEP	2026-10-07T07:14:46.6775314Z ### 📋 Issue Reference
Formal AI draft	UNKNOWN STEP	2026-10-07T07:14:46.6775707Z Fixes #2591
Formal AI draft	UNKNOWN STEP	2026-10-07T07:14:46.6775906Z 
Formal AI draft	UNKNOWN STEP	2026-10-07T07:14:46.6776108Z ### 🚧 Status
Formal AI draft	UNKNOWN STEP	2026-10-07T07:14:46.6786878Z **Work in Progress** - The AI assistant is currently analyzing and implementing the solution draft.
Formal AI draft	UNKNOWN STEP	2026-10-07T07:14:46.6787566Z 
Formal AI draft	UNKNOWN STEP	2026-10-07T07:14:46.6787890Z ### 📝 Implementation Details
Formal AI draft	UNKNOWN STEP	2026-10-07T07:14:46.6788578Z _Details will be added as the solution draft is developed..._
Formal AI draft	UNKNOWN STEP	2026-10-07T07:14:46.6789009Z 
Formal AI draft	UNKNOWN STEP	2026-10-07T07:14:46.6789240Z ---
Formal AI draft	UNKNOWN STEP	2026-10-07T07:14:46.6789814Z *This PR was created automatically by the AI issue solver*
Formal AI draft	UNKNOWN STEP	2026-10-07T07:14:46.6791564Z [use-m] use('command-stream') joined an in-flight load (alias command-stream-v-latest)
Formal AI draft	UNKNOWN STEP	2026-10-07T07:14:47.1319229Z    Command: cd "/tmp/gh-issue-solver-1791357262243" && gh pr create --draft --title "$(cat '/tmp/pr-title-1791357287127.txt')" --body-file "/tmp/pr-body-1791357286676.md" --base main --head issue-2591-1b69dfe657e2 --repo link-assistant/hive-mind
Formal AI draft	UNKNOWN STEP	2026-10-07T07:14:48.9169471Z    gh pr create stdout: https://github.com/link-assistant/hive-mind/pull/2592
Formal AI draft	UNKNOWN STEP	2026-10-07T07:14:48.9182938Z 🔍 Verifying:                PR creation...
Formal AI draft	UNKNOWN STEP	2026-10-07T07:14:51.1869435Z {"number":2592,"state":"OPEN","url":"https://github.com/link-assistant/hive-mind/pull/2592"}
Formal AI draft	UNKNOWN STEP	2026-10-07T07:14:51.1906241Z ✅ Verification:             PR exists on GitHub (attempt 1/5)
Formal AI draft	UNKNOWN STEP	2026-10-07T07:14:51.1920141Z ✅ PR created:               #2592
Formal AI draft	UNKNOWN STEP	2026-10-07T07:14:51.1934125Z 📍 PR URL:                   https://github.com/link-assistant/hive-mind/pull/2592
Formal AI draft	UNKNOWN STEP	2026-10-07T07:14:51.1947603Z 🔗 Linking:                  Issue #2591 to PR #2592...
Formal AI draft	UNKNOWN STEP	2026-10-07T07:14:51.4257325Z    Issue node ID: I_kwDOPUU0qc8AAAABVi7wLQ
Formal AI draft	UNKNOWN STEP	2026-10-07T07:14:51.7231890Z    PR node ID: PR_kwDOPUU0qc8AAAABHEVk0A
Formal AI draft	UNKNOWN STEP	2026-10-07T07:14:52.1042072Z ✅ Link verified:            Issue #2591 → PR #2592
Formal AI draft	UNKNOWN STEP	2026-10-07T07:14:52.3735271Z 
Formal AI draft	UNKNOWN STEP	2026-10-07T07:14:52.3736152Z 📊 Comment counting conditions:
Formal AI draft	UNKNOWN STEP	2026-10-07T07:14:52.3747972Z    prNumber: 2592
Formal AI draft	UNKNOWN STEP	2026-10-07T07:14:52.3760786Z    branchName: issue-2591-1b69dfe657e2
Formal AI draft	UNKNOWN STEP	2026-10-07T07:14:52.3783808Z    isContinueMode: false
Formal AI draft	UNKNOWN STEP	2026-10-07T07:14:52.3797440Z    Will count comments: true
Formal AI draft	UNKNOWN STEP	2026-10-07T07:14:52.3812121Z 💬 Counting comments:        Checking for new comments since last commit...
Formal AI draft	UNKNOWN STEP	2026-10-07T07:14:52.3825705Z    PR #2592 on branch: issue-2591-1b69dfe657e2
Formal AI draft	UNKNOWN STEP	2026-10-07T07:14:52.3838453Z    Owner/Repo: link-assistant/hive-mind
Formal AI draft	UNKNOWN STEP	2026-10-07T07:14:52.3851772Z    Repository path: /tmp/gh-issue-solver-1791357262243
Formal AI draft	UNKNOWN STEP	2026-10-07T07:14:52.3933402Z   📅 Last commit time:       2026-10-07T07:14:40.000Z
Formal AI draft	UNKNOWN STEP	2026-10-07T07:14:53.2943372Z   💬 New PR comments:        0
Formal AI draft	UNKNOWN STEP	2026-10-07T07:14:53.2955023Z   💬 New PR review comments: 0
Formal AI draft	UNKNOWN STEP	2026-10-07T07:14:53.2969059Z   💬 New issue comments:     0
Formal AI draft	UNKNOWN STEP	2026-10-07T07:14:53.2981832Z    Total new comments: 0
Formal AI draft	UNKNOWN STEP	2026-10-07T07:14:53.2995561Z    Comment lines to add: No (saving tokens)
Formal AI draft	UNKNOWN STEP	2026-10-07T07:14:53.3007341Z    PR review comments fetched: 0
Formal AI draft	UNKNOWN STEP	2026-10-07T07:14:53.3019185Z    PR conversation comments fetched: 0
Formal AI draft	UNKNOWN STEP	2026-10-07T07:14:53.3030667Z    Total PR comments checked: 0
Formal AI draft	UNKNOWN STEP	2026-10-07T07:14:55.8699924Z    Feedback info will be added to prompt:
Formal AI draft	UNKNOWN STEP	2026-10-07T07:14:55.8723675Z      - Pull request description was edited after last commit
Formal AI draft	UNKNOWN STEP	2026-10-07T07:14:55.8732505Z 📅 Getting timestamps:       From GitHub servers...
Formal AI draft	UNKNOWN STEP	2026-10-07T07:14:56.3262603Z 2026-10-07T07:06:06Z
Formal AI draft	UNKNOWN STEP	2026-10-07T07:14:56.3292899Z   📝 Issue updated:          2026-10-07T07:06:06.000Z
Formal AI draft	UNKNOWN STEP	2026-10-07T07:14:56.6121997Z   💬 Comments:               None found
Formal AI draft	UNKNOWN STEP	2026-10-07T07:14:56.9272487Z [{"createdAt":"2026-10-07T07:14:48Z"}]
Formal AI draft	UNKNOWN STEP	2026-10-07T07:14:56.9305258Z   🔀 Recent PR:              2026-10-07T07:14:48.000Z
Formal AI draft	UNKNOWN STEP	2026-10-07T07:14:56.9317658Z 
Formal AI draft	UNKNOWN STEP	2026-10-07T07:14:56.9318250Z ✅ Reference time:           2026-10-07T07:14:48.000Z
Formal AI draft	UNKNOWN STEP	2026-10-07T07:14:56.9332112Z 
Formal AI draft	UNKNOWN STEP	2026-10-07T07:14:56.9332859Z 🔍 Checking for uncommitted changes to include as feedback...
Formal AI draft	UNKNOWN STEP	2026-10-07T07:14:56.9827632Z ✅ No uncommitted changes found
Formal AI draft	UNKNOWN STEP	2026-10-07T07:14:58.3147364Z 👁️  Model vision capability: not supported
Formal AI draft	UNKNOWN STEP	2026-10-07T07:14:58.3203580Z 
Formal AI draft	UNKNOWN STEP	2026-10-07T07:14:58.3204204Z 📝 Final prompt structure:
Formal AI draft	UNKNOWN STEP	2026-10-07T07:14:58.3217321Z    Characters: 278
Formal AI draft	UNKNOWN STEP	2026-10-07T07:14:58.3236508Z    System prompt characters: 11188
Formal AI draft	UNKNOWN STEP	2026-10-07T07:14:58.3249373Z    Feedback info: Included
Formal AI draft	UNKNOWN STEP	2026-10-07T07:14:58.3348191Z 
Formal AI draft	UNKNOWN STEP	2026-10-07T07:14:58.3348820Z 🤖 Executing Agent:          FORMAL-AI
Formal AI draft	UNKNOWN STEP	2026-10-07T07:14:58.3360835Z    Model: formal-ai
Formal AI draft	UNKNOWN STEP	2026-10-07T07:14:58.3374932Z    Working directory: /tmp/gh-issue-solver-1791357262243
Formal AI draft	UNKNOWN STEP	2026-10-07T07:14:58.3387157Z    Branch: issue-2591-1b69dfe657e2
Formal AI draft	UNKNOWN STEP	2026-10-07T07:14:58.3402622Z    Prompt length: 278 chars
Formal AI draft	UNKNOWN STEP	2026-10-07T07:14:58.3416660Z    System prompt length: 11188 chars
Formal AI draft	UNKNOWN STEP	2026-10-07T07:14:58.3429234Z    Feedback info included: Yes (1 lines)
Formal AI draft	UNKNOWN STEP	2026-10-07T07:14:58.3623353Z 📈 System resources before execution:
Formal AI draft	UNKNOWN STEP	2026-10-07T07:14:58.3635880Z    Memory: MemFree:          405360 kB
Formal AI draft	UNKNOWN STEP	2026-10-07T07:14:58.3648006Z    Load: 1.29 1.30 0.66 1/286 1692
Formal AI draft	UNKNOWN STEP	2026-10-07T07:14:58.3742218Z 🧾 Formal AI attribution enabled (formal-ai/0.352.1)
Formal AI draft	UNKNOWN STEP	2026-10-07T07:14:58.3755222Z    Evidence bundle: dev/log/self-authored/issue-2591/evidence
Formal AI draft	UNKNOWN STEP	2026-10-07T07:14:58.3770167Z    Commit hooks:    /tmp/gh-issue-solver-1791357262243/.git/hive-mind-formal-ai-attribution/hooks
Formal AI draft	UNKNOWN STEP	2026-10-07T07:14:58.3782845Z    Delegating to:   /tmp/gh-issue-solver-1791357262243/.git/hooks
Formal AI draft	UNKNOWN STEP	2026-10-07T07:14:58.3858769Z 🧠 Formal AI: local wrapper version 0.352.1 (minimum 0.336.0)
Formal AI draft	UNKNOWN STEP	2026-10-07T07:14:58.3881247Z 🧠 Formal AI: starting a local server in /tmp/gh-issue-solver-1791357262243
Formal AI draft	UNKNOWN STEP	2026-10-07T07:14:58.9074842Z 🧠 Formal AI: server ready on http://127.0.0.1:37943 (pid 1700)
Formal AI draft	UNKNOWN STEP	2026-10-07T07:14:58.9149331Z 🧠 Formal AI: serving backend 0.352.1 at http://127.0.0.1:37943
Formal AI draft	UNKNOWN STEP	2026-10-07T07:14:59.2938134Z 🧠 Formal AI: protocol openai, endpoint http://127.0.0.1:37943/api/openai/v1
Formal AI draft	UNKNOWN STEP	2026-10-07T07:14:59.2957714Z 🧠 Formal AI: config LINK_ASSISTANT_AGENT_CONFIG_DIR=/home/box/.cache/hive-mind/formal-ai/agent-XR4lX5/.config/link-assistant-agent, seeded /home/box/.config/link-assistant-agent → .config/link-assistant-agent
Formal AI draft	UNKNOWN STEP	2026-10-07T07:14:59.2977218Z 🧠 Formal AI: environment FORMAL_AI_API_KEY, GH_CONFIG_DIR, GH_TOKEN, LINK_ASSISTANT_AGENT_CONFIG_DIR
Formal AI draft	UNKNOWN STEP	2026-10-07T07:14:59.2999005Z 
Formal AI draft	UNKNOWN STEP	2026-10-07T07:14:59.2999569Z 📝 Raw command:              
Formal AI draft	UNKNOWN STEP	2026-10-07T07:14:59.3019145Z (cd "/tmp/gh-issue-solver-1791357262243" && cat "/tmp/agent_prompt_1791357299297_1.txt" | agent --model formalai/formal-ai --no-summarize-session --no-generate-title --verbose)
Formal AI draft	UNKNOWN STEP	2026-10-07T07:14:59.3029145Z 
Formal AI draft	UNKNOWN STEP	2026-10-07T07:14:59.3046459Z 📋 Command details:          
Formal AI draft	UNKNOWN STEP	2026-10-07T07:14:59.3064012Z   📂 Working directory:      /tmp/gh-issue-solver-1791357262243
Formal AI draft	UNKNOWN STEP	2026-10-07T07:14:59.3082091Z   🌿 Branch:                 issue-2591-1b69dfe657e2
Formal AI draft	UNKNOWN STEP	2026-10-07T07:14:59.3100234Z   🤖 Model:                  Agent FORMAL-AI
Formal AI draft	UNKNOWN STEP	2026-10-07T07:14:59.3117256Z 
Formal AI draft	UNKNOWN STEP	2026-10-07T07:14:59.3117907Z ▶️ Streaming output:         
Formal AI draft	UNKNOWN STEP	2026-10-07T07:14:59.3118154Z 
Formal AI draft	UNKNOWN STEP	2026-10-07T07:14:59.7393081Z {
Formal AI draft	UNKNOWN STEP	2026-10-07T07:14:59.7393551Z   "type": "config",
Formal AI draft	UNKNOWN STEP	2026-10-07T07:14:59.7393978Z   "level": "info",
Formal AI draft	UNKNOWN STEP	2026-10-07T07:14:59.7394459Z   "timestamp": "2026-10-07T07:14:59.734Z",
Formal AI draft	UNKNOWN STEP	2026-10-07T07:14:59.7394994Z   "service": "default",
Formal AI draft	UNKNOWN STEP	2026-10-07T07:14:59.7395683Z   "source": "lino-arguments (CLI args > env vars > .lenv > defaults)",
Formal AI draft	UNKNOWN STEP	2026-10-07T07:14:59.7396412Z   "config": {
Formal AI draft	UNKNOWN STEP	2026-10-07T07:14:59.7397094Z     "verbose": true,
Formal AI draft	UNKNOWN STEP	2026-10-07T07:14:59.7397506Z     "dryRun": false,
Formal AI draft	UNKNOWN STEP	2026-10-07T07:14:59.7397940Z     "generateTitle": false,
Formal AI draft	UNKNOWN STEP	2026-10-07T07:14:59.7398450Z     "outputResponseModel": true,
Formal AI draft	UNKNOWN STEP	2026-10-07T07:14:59.7399027Z     "summarizeSession": false,
Formal AI draft	UNKNOWN STEP	2026-10-07T07:14:59.7399559Z     "retryOnRateLimits": true,
Formal AI draft	UNKNOWN STEP	2026-10-07T07:14:59.7400040Z     "compactJson": false,
Formal AI draft	UNKNOWN STEP	2026-10-07T07:14:59.7400922Z     "configDir": "/home/box/.cache/hive-mind/formal-ai/agent-XR4lX5/.config/link-assistant-agent",
Formal AI draft	UNKNOWN STEP	2026-10-07T07:14:59.7401464Z     "disableAutoupdate": false,
Formal AI draft	UNKNOWN STEP	2026-10-07T07:14:59.7401744Z     "disablePrune": false,
Formal AI draft	UNKNOWN STEP	2026-10-07T07:14:59.7402092Z     "enableExperimentalModels": false,
Formal AI draft	UNKNOWN STEP	2026-10-07T07:14:59.7402589Z     "disableAutocompact": false,
Formal AI draft	UNKNOWN STEP	2026-10-07T07:14:59.7403034Z     "experimental": false,
Formal AI draft	UNKNOWN STEP	2026-10-07T07:14:59.7403494Z     "experimentalWatcher": false,
Formal AI draft	UNKNOWN STEP	2026-10-07T07:14:59.7403793Z     "retryTimeout": 604800,
Formal AI draft	UNKNOWN STEP	2026-10-07T07:14:59.7404313Z     "maxRetryDelay": 1200,
Formal AI draft	UNKNOWN STEP	2026-10-07T07:14:59.7404555Z     "minRetryInterval": 30,
Formal AI draft	UNKNOWN STEP	2026-10-07T07:14:59.7404828Z     "streamChunkTimeoutMs": 120000,
Formal AI draft	UNKNOWN STEP	2026-10-07T07:14:59.7405127Z     "streamStepTimeoutMs": 600000,
Formal AI draft	UNKNOWN STEP	2026-10-07T07:14:59.7405430Z     "mcpDefaultToolCallTimeout": 120000,
Formal AI draft	UNKNOWN STEP	2026-10-07T07:14:59.7405746Z     "mcpMaxToolCallTimeout": 600000,
Formal AI draft	UNKNOWN STEP	2026-10-07T07:14:59.7406054Z     "verifyImagesAtReadTool": true,
Formal AI draft	UNKNOWN STEP	2026-10-07T07:14:59.7406313Z     "readOnly": false,
Formal AI draft	UNKNOWN STEP	2026-10-07T07:14:59.7417013Z     "permissionMode": "auto"
Formal AI draft	UNKNOWN STEP	2026-10-07T07:14:59.7417537Z   },
Formal AI draft	UNKNOWN STEP	2026-10-07T07:14:59.7417979Z   "message": "Agent configuration resolved"
Formal AI draft	UNKNOWN STEP	2026-10-07T07:14:59.7418576Z }
Formal AI draft	UNKNOWN STEP	2026-10-07T07:14:59.7458758Z {
Formal AI draft	UNKNOWN STEP	2026-10-07T07:14:59.7459291Z   "type": "status",
Formal AI draft	UNKNOWN STEP	2026-10-07T07:14:59.7459849Z   "mode": "stdin-stream",
Formal AI draft	UNKNOWN STEP	2026-10-07T07:14:59.7460787Z   "message": "Agent CLI in continuous listening mode. Accepts JSON and plain text input.",
Formal AI draft	UNKNOWN STEP	2026-10-07T07:14:59.7461689Z   "hint": "Press CTRL+C to exit. Use --help for options.",
Formal AI draft	UNKNOWN STEP	2026-10-07T07:14:59.7462283Z   "acceptedFormats": [
Formal AI draft	UNKNOWN STEP	2026-10-07T07:14:59.7462883Z     "JSON object with \"message\" field",
Formal AI draft	UNKNOWN STEP	2026-10-07T07:14:59.7463417Z     "Plain text"
Formal AI draft	UNKNOWN STEP	2026-10-07T07:14:59.7463827Z   ],
Formal AI draft	UNKNOWN STEP	2026-10-07T07:14:59.7464208Z   "options": {
Formal AI draft	UNKNOWN STEP	2026-10-07T07:14:59.7464635Z     "inputFormat": "text",
Formal AI draft	UNKNOWN STEP	2026-10-07T07:14:59.7465173Z     "interactive": true,
Formal AI draft	UNKNOWN STEP	2026-10-07T07:14:59.7465761Z     "autoMergeQueuedMessages": true,
Formal AI draft	UNKNOWN STEP	2026-10-07T07:14:59.7466356Z     "alwaysAcceptStdin": true,
Formal AI draft	UNKNOWN STEP	2026-10-07T07:14:59.7467273Z     "compactJson": false
Formal AI draft	UNKNOWN STEP	2026-10-07T07:14:59.7467674Z   }
Formal AI draft	UNKNOWN STEP	2026-10-07T07:14:59.7467986Z }
Formal AI draft	UNKNOWN STEP	2026-10-07T07:14:59.7490540Z {
Formal AI draft	UNKNOWN STEP	2026-10-07T07:14:59.7491070Z   "type": "log",
Formal AI draft	UNKNOWN STEP	2026-10-07T07:14:59.7491567Z   "level": "info",
Formal AI draft	UNKNOWN STEP	2026-10-07T07:14:59.7492176Z   "timestamp": "2026-10-07T07:14:59.735Z",
Formal AI draft	UNKNOWN STEP	2026-10-07T07:14:59.7492829Z   "service": "default",
Formal AI draft	UNKNOWN STEP	2026-10-07T07:14:59.7493343Z   "version": "0.26.11",
Formal AI draft	UNKNOWN STEP	2026-10-07T07:14:59.7495022Z   "command": "/home/box/.bun/bin/bun /home/box/.bun/install/global/node_modules/@link-assistant/agent/src/index.js --model formalai/formal-ai --no-summarize-session --no-generate-title --verbose",
Formal AI draft	UNKNOWN STEP	2026-10-07T07:14:59.7497072Z   "workingDirectory": "/tmp/gh-issue-solver-1791357262243",
Formal AI draft	UNKNOWN STEP	2026-10-07T07:14:59.7498285Z   "scriptPath": "/home/box/.bun/install/global/node_modules/@link-assistant/agent/src/index.js",
Formal AI draft	UNKNOWN STEP	2026-10-07T07:14:59.7499633Z   "message": "Agent started (continuous mode)"
Formal AI draft	UNKNOWN STEP	2026-10-07T07:14:59.7500281Z }
Formal AI draft	UNKNOWN STEP	2026-10-07T07:14:59.7508246Z {
Formal AI draft	UNKNOWN STEP	2026-10-07T07:14:59.7508622Z   "type": "log",
Formal AI draft	UNKNOWN STEP	2026-10-07T07:14:59.7509012Z   "level": "info",
Formal AI draft	UNKNOWN STEP	2026-10-07T07:14:59.7509471Z   "timestamp": "2026-10-07T07:14:59.736Z",
Formal AI draft	UNKNOWN STEP	2026-10-07T07:14:59.7509975Z   "service": "default",
Formal AI draft	UNKNOWN STEP	2026-10-07T07:14:59.7510527Z   "directory": "/tmp/gh-issue-solver-1791357262243",
Formal AI draft	UNKNOWN STEP	2026-10-07T07:14:59.7511140Z   "message": "creating instance"
Formal AI draft	UNKNOWN STEP	2026-10-07T07:14:59.7511595Z }
Formal AI draft	UNKNOWN STEP	2026-10-07T07:14:59.7525083Z {
Formal AI draft	UNKNOWN STEP	2026-10-07T07:14:59.7525464Z   "type": "log",
Formal AI draft	UNKNOWN STEP	2026-10-07T07:14:59.7525877Z   "level": "info",
Formal AI draft	UNKNOWN STEP	2026-10-07T07:14:59.7526346Z   "timestamp": "2026-10-07T07:14:59.736Z",
Formal AI draft	UNKNOWN STEP	2026-10-07T07:14:59.7527355Z   "service": "project",
Formal AI draft	UNKNOWN STEP	2026-10-07T07:14:59.7527930Z   "directory": "/tmp/gh-issue-solver-1791357262243",
Formal AI draft	UNKNOWN STEP	2026-10-07T07:14:59.7528507Z   "message": "fromDirectory"
Formal AI draft	UNKNOWN STEP	2026-10-07T07:14:59.7528914Z }
Formal AI draft	UNKNOWN STEP	2026-10-07T07:14:59.7547008Z {
Formal AI draft	UNKNOWN STEP	2026-10-07T07:14:59.7547395Z   "type": "log",
Formal AI draft	UNKNOWN STEP	2026-10-07T07:14:59.7547798Z   "level": "info",
Formal AI draft	UNKNOWN STEP	2026-10-07T07:14:59.7548251Z   "timestamp": "2026-10-07T07:14:59.737Z",
Formal AI draft	UNKNOWN STEP	2026-10-07T07:14:59.7548624Z   "service": "project",
Formal AI draft	UNKNOWN STEP	2026-10-07T07:14:59.7548879Z   "status": "started",
Formal AI draft	UNKNOWN STEP	2026-10-07T07:14:59.7549407Z   "message": "git.rev-parse"
Formal AI draft	UNKNOWN STEP	2026-10-07T07:14:59.7550104Z }
Formal AI draft	UNKNOWN STEP	2026-10-07T07:14:59.8062330Z {
Formal AI draft	UNKNOWN STEP	2026-10-07T07:14:59.8063078Z   "type": "log",
Formal AI draft	UNKNOWN STEP	2026-10-07T07:14:59.8063790Z   "level": "info",
Formal AI draft	UNKNOWN STEP	2026-10-07T07:14:59.8080431Z   "timestamp": "2026-10-07T07:14:59.804Z",
Formal AI draft	UNKNOWN STEP	2026-10-07T07:14:59.8080954Z   "service": "project",
Formal AI draft	UNKNOWN STEP	2026-10-07T07:14:59.8081363Z   "status": "completed",
Formal AI draft	UNKNOWN STEP	2026-10-07T07:14:59.8081790Z   "duration": 67,
Formal AI draft	UNKNOWN STEP	2026-10-07T07:14:59.8082197Z   "message": "git.rev-parse"
Formal AI draft	UNKNOWN STEP	2026-10-07T07:14:59.8082896Z }
Formal AI draft	UNKNOWN STEP	2026-10-07T07:14:59.8090043Z {
Formal AI draft	UNKNOWN STEP	2026-10-07T07:14:59.8090436Z   "type": "log",
Formal AI draft	UNKNOWN STEP	2026-10-07T07:14:59.8090840Z   "level": "info",
Formal AI draft	UNKNOWN STEP	2026-10-07T07:14:59.8091353Z   "timestamp": "2026-10-07T07:14:59.806Z",
Formal AI draft	UNKNOWN STEP	2026-10-07T07:14:59.8091902Z   "service": "storage",
Formal AI draft	UNKNOWN STEP	2026-10-07T07:14:59.8092349Z   "index": 0,
Formal AI draft	UNKNOWN STEP	2026-10-07T07:14:59.8092812Z   "message": "running migration"
Formal AI draft	UNKNOWN STEP	2026-10-07T07:14:59.8093274Z }
Formal AI draft	UNKNOWN STEP	2026-10-07T07:14:59.8105716Z {
Formal AI draft	UNKNOWN STEP	2026-10-07T07:14:59.8106369Z   "type": "log",
Formal AI draft	UNKNOWN STEP	2026-10-07T07:14:59.8106809Z   "level": "info",
Formal AI draft	UNKNOWN STEP	2026-10-07T07:14:59.8107573Z   "timestamp": "2026-10-07T07:14:59.807Z",
Formal AI draft	UNKNOWN STEP	2026-10-07T07:14:59.8108102Z   "service": "storage",
Formal AI draft	UNKNOWN STEP	2026-10-07T07:14:59.8108516Z   "index": 1,
Formal AI draft	UNKNOWN STEP	2026-10-07T07:14:59.8108961Z   "message": "running migration"
Formal AI draft	UNKNOWN STEP	2026-10-07T07:14:59.8109422Z }
Formal AI draft	UNKNOWN STEP	2026-10-07T07:14:59.8126348Z {
Formal AI draft	UNKNOWN STEP	2026-10-07T07:14:59.8126955Z   "type": "log",
Formal AI draft	UNKNOWN STEP	2026-10-07T07:14:59.8127337Z   "level": "info",
Formal AI draft	UNKNOWN STEP	2026-10-07T07:14:59.8127796Z   "timestamp": "2026-10-07T07:14:59.810Z",
Formal AI draft	UNKNOWN STEP	2026-10-07T07:14:59.8128314Z   "service": "default",
Formal AI draft	UNKNOWN STEP	2026-10-07T07:14:59.8128751Z   "processArgv": [
Formal AI draft	UNKNOWN STEP	2026-10-07T07:14:59.8129188Z     "/home/box/.bun/bin/bun",
Formal AI draft	UNKNOWN STEP	2026-10-07T07:14:59.8130016Z     "/home/box/.bun/install/global/node_modules/@link-assistant/agent/src/index.js",
Formal AI draft	UNKNOWN STEP	2026-10-07T07:14:59.8130800Z     "--model",
Formal AI draft	UNKNOWN STEP	2026-10-07T07:14:59.8131202Z     "formalai/formal-ai",
Formal AI draft	UNKNOWN STEP	2026-10-07T07:14:59.8131676Z     "--no-summarize-session",
Formal AI draft	UNKNOWN STEP	2026-10-07T07:14:59.8132166Z     "--no-generate-title",
Formal AI draft	UNKNOWN STEP	2026-10-07T07:14:59.8132613Z     "--verbose"
Formal AI draft	UNKNOWN STEP	2026-10-07T07:14:59.8133000Z   ],
Formal AI draft	UNKNOWN STEP	2026-10-07T07:14:59.8133338Z   "bunArgv": [
Formal AI draft	UNKNOWN STEP	2026-10-07T07:14:59.8133674Z     "/home/box/.bun/bin/bun",
Formal AI draft	UNKNOWN STEP	2026-10-07T07:14:59.8134361Z     "/home/box/.bun/install/global/node_modules/@link-assistant/agent/src/index.js",
Formal AI draft	UNKNOWN STEP	2026-10-07T07:14:59.8135006Z     "--model",
Formal AI draft	UNKNOWN STEP	2026-10-07T07:14:59.8135331Z     "formalai/formal-ai",
Formal AI draft	UNKNOWN STEP	2026-10-07T07:14:59.8135711Z     "--no-summarize-session",
Formal AI draft	UNKNOWN STEP	2026-10-07T07:14:59.8136102Z     "--no-generate-title",
Formal AI draft	UNKNOWN STEP	2026-10-07T07:14:59.8136712Z     "--verbose"
Formal AI draft	UNKNOWN STEP	2026-10-07T07:14:59.8137046Z   ],
Formal AI draft	UNKNOWN STEP	2026-10-07T07:14:59.8137422Z   "cliModelArg": "formalai/formal-ai",
Formal AI draft	UNKNOWN STEP	2026-10-07T07:14:59.8137938Z   "yargsModel": "formalai/formal-ai",
Formal AI draft	UNKNOWN STEP	2026-10-07T07:14:59.8138481Z   "message": "model resolution: argv sources"
Formal AI draft	UNKNOWN STEP	2026-10-07T07:14:59.8138946Z }
Formal AI draft	UNKNOWN STEP	2026-10-07T07:14:59.8142519Z {
Formal AI draft	UNKNOWN STEP	2026-10-07T07:14:59.8143105Z   "type": "log",
Formal AI draft	UNKNOWN STEP	2026-10-07T07:14:59.8143481Z   "level": "info",
Formal AI draft	UNKNOWN STEP	2026-10-07T07:14:59.8143899Z   "timestamp": "2026-10-07T07:14:59.810Z",
Formal AI draft	UNKNOWN STEP	2026-10-07T07:14:59.8144350Z   "service": "default",
Formal AI draft	UNKNOWN STEP	2026-10-07T07:14:59.8144764Z   "rawModel": "formalai/formal-ai",
Formal AI draft	UNKNOWN STEP	2026-10-07T07:14:59.8145184Z   "providerID": "formalai",
Formal AI draft	UNKNOWN STEP	2026-10-07T07:14:59.8145573Z   "modelID": "formal-ai",
Formal AI draft	UNKNOWN STEP	2026-10-07T07:14:59.8146051Z   "message": "using explicit provider/model"
Formal AI draft	UNKNOWN STEP	2026-10-07T07:14:59.8146783Z }
Formal AI draft	UNKNOWN STEP	2026-10-07T07:14:59.8162997Z {
Formal AI draft	UNKNOWN STEP	2026-10-07T07:14:59.8163707Z   "type": "log",
Formal AI draft	UNKNOWN STEP	2026-10-07T07:14:59.8164076Z   "level": "info",
Formal AI draft	UNKNOWN STEP	2026-10-07T07:14:59.8164518Z   "timestamp": "2026-10-07T07:14:59.811Z",
Formal AI draft	UNKNOWN STEP	2026-10-07T07:14:59.8165004Z   "service": "provider",
Formal AI draft	UNKNOWN STEP	2026-10-07T07:14:59.8165392Z   "status": "started",
Formal AI draft	UNKNOWN STEP	2026-10-07T07:14:59.8165746Z   "message": "state"
Formal AI draft	UNKNOWN STEP	2026-10-07T07:14:59.8166095Z }
Formal AI draft	UNKNOWN STEP	2026-10-07T07:14:59.8178329Z {
Formal AI draft	UNKNOWN STEP	2026-10-07T07:14:59.8178878Z   "type": "log",
Formal AI draft	UNKNOWN STEP	2026-10-07T07:14:59.8179280Z   "level": "info",
Formal AI draft	UNKNOWN STEP	2026-10-07T07:14:59.8179774Z   "timestamp": "2026-10-07T07:14:59.813Z",
Formal AI draft	UNKNOWN STEP	2026-10-07T07:14:59.8180276Z   "service": "config",
Formal AI draft	UNKNOWN STEP	2026-10-07T07:14:59.8180894Z   "path": "/home/box/.config/link-assistant-agent/config.json",
Formal AI draft	UNKNOWN STEP	2026-10-07T07:14:59.8181511Z   "message": "loading"
Formal AI draft	UNKNOWN STEP	2026-10-07T07:14:59.8181920Z }
Formal AI draft	UNKNOWN STEP	2026-10-07T07:14:59.8197430Z {
Formal AI draft	UNKNOWN STEP	2026-10-07T07:14:59.8197977Z   "type": "log",
Formal AI draft	UNKNOWN STEP	2026-10-07T07:14:59.8198646Z   "level": "info",
Formal AI draft	UNKNOWN STEP	2026-10-07T07:14:59.8199314Z   "timestamp": "2026-10-07T07:14:59.817Z",
Formal AI draft	UNKNOWN STEP	2026-10-07T07:14:59.8199815Z   "service": "config",
Formal AI draft	UNKNOWN STEP	2026-10-07T07:14:59.8200421Z   "path": "/home/box/.config/link-assistant-agent/opencode.json",
Formal AI draft	UNKNOWN STEP	2026-10-07T07:14:59.8201238Z   "message": "loading"
Formal AI draft	UNKNOWN STEP	2026-10-07T07:14:59.8202078Z }
Formal AI draft	UNKNOWN STEP	2026-10-07T07:14:59.8214776Z {
Formal AI draft	UNKNOWN STEP	2026-10-07T07:14:59.8215177Z   "type": "log",
Formal AI draft	UNKNOWN STEP	2026-10-07T07:14:59.8215560Z   "level": "info",
Formal AI draft	UNKNOWN STEP	2026-10-07T07:14:59.8216021Z   "timestamp": "2026-10-07T07:14:59.817Z",
Formal AI draft	UNKNOWN STEP	2026-10-07T07:14:59.8216714Z   "service": "config",
Formal AI draft	UNKNOWN STEP	2026-10-07T07:14:59.8217394Z   "path": "/home/box/.config/link-assistant-agent/opencode.jsonc",
Formal AI draft	UNKNOWN STEP	2026-10-07T07:14:59.8218032Z   "message": "loading"
Formal AI draft	UNKNOWN STEP	2026-10-07T07:14:59.8218398Z }
Formal AI draft	UNKNOWN STEP	2026-10-07T07:14:59.8235732Z {
Formal AI draft	UNKNOWN STEP	2026-10-07T07:14:59.8236674Z   "type": "log",
Formal AI draft	UNKNOWN STEP	2026-10-07T07:14:59.8237055Z   "level": "debug",
Formal AI draft	UNKNOWN STEP	2026-10-07T07:14:59.8237649Z   "timestamp": "2026-10-07T07:14:59.818Z",
Formal AI draft	UNKNOWN STEP	2026-10-07T07:14:59.8238123Z   "service": "config",
Formal AI draft	UNKNOWN STEP	2026-10-07T07:14:59.8238917Z   "path": "/home/box/.cache/hive-mind/formal-ai/agent-XR4lX5/.config/link-assistant-agent",
Formal AI draft	UNKNOWN STEP	2026-10-07T07:14:59.8239995Z   "message": "loading config from LINK_ASSISTANT_AGENT_CONFIG_DIR"
Formal AI draft	UNKNOWN STEP	2026-10-07T07:14:59.8240636Z }
Formal AI draft	UNKNOWN STEP	2026-10-07T07:14:59.8252928Z {
Formal AI draft	UNKNOWN STEP	2026-10-07T07:14:59.8257708Z   "type": "log",
Formal AI draft	UNKNOWN STEP	2026-10-07T07:14:59.8258200Z   "level": "debug",
Formal AI draft	UNKNOWN STEP	2026-10-07T07:14:59.8258705Z   "timestamp": "2026-10-07T07:14:59.820Z",
Formal AI draft	UNKNOWN STEP	2026-10-07T07:14:59.8259242Z   "service": "config",
Formal AI draft	UNKNOWN STEP	2026-10-07T07:14:59.8259920Z   "message": "loading config from /home/box/.cache/hive-mind/formal-ai/agent-XR4lX5/.config/link-assistant-agent/opencode.jsonc"
Formal AI draft	UNKNOWN STEP	2026-10-07T07:14:59.8260518Z }
Formal AI draft	UNKNOWN STEP	2026-10-07T07:14:59.8275223Z {
Formal AI draft	UNKNOWN STEP	2026-10-07T07:14:59.8275786Z   "type": "log",
Formal AI draft	UNKNOWN STEP	2026-10-07T07:14:59.8276386Z   "level": "info",
Formal AI draft	UNKNOWN STEP	2026-10-07T07:14:59.8277012Z   "timestamp": "2026-10-07T07:14:59.820Z",
Formal AI draft	UNKNOWN STEP	2026-10-07T07:14:59.8277537Z   "service": "config",
Formal AI draft	UNKNOWN STEP	2026-10-07T07:14:59.8278463Z   "path": "/home/box/.cache/hive-mind/formal-ai/agent-XR4lX5/.config/link-assistant-agent/opencode.jsonc",
Formal AI draft	UNKNOWN STEP	2026-10-07T07:14:59.8279327Z   "message": "loading"
Formal AI draft	UNKNOWN STEP	2026-10-07T07:14:59.8279684Z }
Formal AI draft	UNKNOWN STEP	2026-10-07T07:14:59.8291946Z {
Formal AI draft	UNKNOWN STEP	2026-10-07T07:14:59.8292538Z   "type": "log",
Formal AI draft	UNKNOWN STEP	2026-10-07T07:14:59.8293148Z   "level": "debug",
Formal AI draft	UNKNOWN STEP	2026-10-07T07:14:59.8293904Z   "timestamp": "2026-10-07T07:14:59.820Z",
Formal AI draft	UNKNOWN STEP	2026-10-07T07:14:59.8294439Z   "service": "config",
Formal AI draft	UNKNOWN STEP	2026-10-07T07:14:59.8295958Z   "message": "loading config from /home/box/.cache/hive-mind/formal-ai/agent-XR4lX5/.config/link-assistant-agent/opencode.json"
Formal AI draft	UNKNOWN STEP	2026-10-07T07:14:59.8297358Z }
Formal AI draft	UNKNOWN STEP	2026-10-07T07:14:59.8314886Z {
Formal AI draft	UNKNOWN STEP	2026-10-07T07:14:59.8315361Z   "type": "log",
Formal AI draft	UNKNOWN STEP	2026-10-07T07:14:59.8315962Z   "level": "info",
Formal AI draft	UNKNOWN STEP	2026-10-07T07:14:59.8316717Z   "timestamp": "2026-10-07T07:14:59.820Z",
Formal AI draft	UNKNOWN STEP	2026-10-07T07:14:59.8317279Z   "service": "config",
Formal AI draft	UNKNOWN STEP	2026-10-07T07:14:59.8318037Z   "path": "/home/box/.cache/hive-mind/formal-ai/agent-XR4lX5/.config/link-assistant-agent/opencode.json",
Formal AI draft	UNKNOWN STEP	2026-10-07T07:14:59.8318558Z   "message": "loading"
Formal AI draft	UNKNOWN STEP	2026-10-07T07:14:59.8318780Z }
Formal AI draft	UNKNOWN STEP	2026-10-07T07:14:59.8348851Z {
Formal AI draft	UNKNOWN STEP	2026-10-07T07:14:59.8349341Z   "type": "log",
Formal AI draft	UNKNOWN STEP	2026-10-07T07:14:59.8349602Z   "level": "info",
Formal AI draft	UNKNOWN STEP	2026-10-07T07:14:59.8349875Z   "timestamp": "2026-10-07T07:14:59.832Z",
Formal AI draft	UNKNOWN STEP	2026-10-07T07:14:59.8350174Z   "service": "models.dev",
Formal AI draft	UNKNOWN STEP	2026-10-07T07:14:59.8350534Z   "path": "/home/box/.cache/link-assistant-agent/models.json",
Formal AI draft	UNKNOWN STEP	2026-10-07T07:14:59.8350963Z   "message": "no cache found, awaiting refresh"
Formal AI draft	UNKNOWN STEP	2026-10-07T07:14:59.8351255Z }
Formal AI draft	UNKNOWN STEP	2026-10-07T07:14:59.8366289Z {
Formal AI draft	UNKNOWN STEP	2026-10-07T07:14:59.8366861Z   "type": "log",
Formal AI draft	UNKNOWN STEP	2026-10-07T07:14:59.8367262Z   "level": "info",
Formal AI draft	UNKNOWN STEP	2026-10-07T07:14:59.8367737Z   "timestamp": "2026-10-07T07:14:59.833Z",
Formal AI draft	UNKNOWN STEP	2026-10-07T07:14:59.8368269Z   "service": "models.dev",
Formal AI draft	UNKNOWN STEP	2026-10-07T07:14:59.8368685Z   "file": {},
Formal AI draft	UNKNOWN STEP	2026-10-07T07:14:59.8369062Z   "message": "refreshing"
Formal AI draft	UNKNOWN STEP	2026-10-07T07:14:59.8369445Z }
Formal AI draft	UNKNOWN STEP	2026-10-07T07:14:59.8385928Z {
Formal AI draft	UNKNOWN STEP	2026-10-07T07:14:59.8386248Z   "type": "log",
Formal AI draft	UNKNOWN STEP	2026-10-07T07:14:59.8386851Z   "level": "info",
Formal AI draft	UNKNOWN STEP	2026-10-07T07:14:59.8387140Z   "timestamp": "2026-10-07T07:14:59.833Z",
Formal AI draft	UNKNOWN STEP	2026-10-07T07:14:59.8387447Z   "service": "http",
Formal AI draft	UNKNOWN STEP	2026-10-07T07:14:59.8387839Z   "caller": "models.dev",
Formal AI draft	UNKNOWN STEP	2026-10-07T07:14:59.8388081Z   "callNum": 1,
Formal AI draft	UNKNOWN STEP	2026-10-07T07:14:59.8388289Z   "method": "GET",
Formal AI draft	UNKNOWN STEP	2026-10-07T07:14:59.8388558Z   "url": "https://models.dev/api.json",
Formal AI draft	UNKNOWN STEP	2026-10-07T07:14:59.8388979Z   "headers": {
Formal AI draft	UNKNOWN STEP	2026-10-07T07:14:59.8389444Z     "User-Agent": "agent-cli/1.0.0"
Formal AI draft	UNKNOWN STEP	2026-10-07T07:14:59.8389707Z   },
Formal AI draft	UNKNOWN STEP	2026-10-07T07:14:59.8389925Z   "message": "HTTP request"
Formal AI draft	UNKNOWN STEP	2026-10-07T07:14:59.8390272Z }
Formal AI draft	UNKNOWN STEP	2026-10-07T07:15:00.2027232Z {
Formal AI draft	UNKNOWN STEP	2026-10-07T07:15:00.2027551Z   "type": "log",
Formal AI draft	UNKNOWN STEP	2026-10-07T07:15:00.2027957Z   "level": "info",
Formal AI draft	UNKNOWN STEP	2026-10-07T07:15:00.2028283Z   "timestamp": "2026-10-07T07:15:00.199Z",
Formal AI draft	UNKNOWN STEP	2026-10-07T07:15:00.2028582Z   "service": "http",
Formal AI draft	UNKNOWN STEP	2026-10-07T07:15:00.2028815Z   "caller": "models.dev",
Formal AI draft	UNKNOWN STEP	2026-10-07T07:15:00.2029052Z   "callNum": 1,
Formal AI draft	UNKNOWN STEP	2026-10-07T07:15:00.2029258Z   "method": "GET",
Formal AI draft	UNKNOWN STEP	2026-10-07T07:15:00.2029523Z   "url": "https://models.dev/api.json",
Formal AI draft	UNKNOWN STEP	2026-10-07T07:15:00.2029809Z   "status": 200,
Formal AI draft	UNKNOWN STEP	2026-10-07T07:15:00.2030018Z   "statusText": "OK",
Formal AI draft	UNKNOWN STEP	2026-10-07T07:15:00.2030237Z   "durationMs": 366,
Formal AI draft	UNKNOWN STEP	2026-10-07T07:15:00.2030459Z   "responseHeaders": {
Formal AI draft	UNKNOWN STEP	2026-10-07T07:15:00.2030727Z     "access-control-allow-origin": "*",
Formal AI draft	UNKNOWN STEP	2026-10-07T07:15:00.2031031Z     "alt-svc": "h3=\":443\"; ma=86400",
Formal AI draft	UNKNOWN STEP	2026-10-07T07:15:00.2031391Z     "cache-control": "public, max-age=0, must-revalidate",
Formal AI draft	UNKNOWN STEP	2026-10-07T07:15:00.2031740Z     "cf-cache-status": "HIT",
Formal AI draft	UNKNOWN STEP	2026-10-07T07:15:00.2032491Z     "cf-ray": "a46b1cb5acc67e4a-LHR",
Formal AI draft	UNKNOWN STEP	2026-10-07T07:15:00.2032799Z     "connection": "keep-alive",
Formal AI draft	UNKNOWN STEP	2026-10-07T07:15:00.2033073Z     "content-encoding": "zstd",
Formal AI draft	UNKNOWN STEP	2026-10-07T07:15:00.2033364Z     "content-type": "application/json",
Formal AI draft	UNKNOWN STEP	2026-10-07T07:15:00.2033682Z     "date": "Wed, 07 Oct 2026 07:15:00 GMT",
Formal AI draft	UNKNOWN STEP	2026-10-07T07:15:00.2034241Z     "etag": "W/\"6f2dcbfac00f2b8ca9469db2c6431d96\"",
Formal AI draft	UNKNOWN STEP	2026-10-07T07:15:00.2035068Z     "nel": "{\"report_to\":\"cf-nel\",\"success_fraction\":0.0,\"max_age\":604800}",
Formal AI draft	UNKNOWN STEP	2026-10-07T07:15:00.2036405Z     "report-to": "{\"group\":\"cf-nel\",\"max_age\":604800,\"endpoints\":[{\"url\":\"https://a.nel.cloudflare.com/report/v4?s=3r345HSbrC6xiqbeOrD1nIcBVTl7UaNqrm%2FhBoqjDo6mHPVAygnHK6TNFujhMJtIPp1sBiV39aNdemgoYmwmwQSMTx4BEVaTVY0KxkFTS432U5Lw7%2FweiMRqdZIo\"}]}",
Formal AI draft	UNKNOWN STEP	2026-10-07T07:15:00.2037781Z     "server": "cloudflare",
Formal AI draft	UNKNOWN STEP	2026-10-07T07:15:00.2038061Z     "transfer-encoding": "chunked"
Formal AI draft	UNKNOWN STEP	2026-10-07T07:15:00.2038330Z   },
Formal AI draft	UNKNOWN STEP	2026-10-07T07:15:00.2038530Z   "message": "HTTP response"
Formal AI draft	UNKNOWN STEP	2026-10-07T07:15:00.2038763Z }
Formal AI draft	UNKNOWN STEP	2026-10-07T07:15:00.5143146Z {
Formal AI draft	UNKNOWN STEP	2026-10-07T07:15:00.5143550Z   "type": "log",
Formal AI draft	UNKNOWN STEP	2026-10-07T07:15:00.5143936Z   "level": "info",
Formal AI draft	UNKNOWN STEP	2026-10-07T07:15:00.5144679Z   "timestamp": "2026-10-07T07:15:00.509Z",
Formal AI draft	UNKNOWN STEP	2026-10-07T07:15:00.5145176Z   "service": "http",
Formal AI draft	UNKNOWN STEP	2026-10-07T07:15:00.5145565Z   "caller": "models.dev",
Formal AI draft	UNKNOWN STEP	2026-10-07T07:15:00.5145956Z   "callNum": 1,
Formal AI draft	UNKNOWN STEP	2026-10-07T07:15:00.5146390Z   "url": "https://models.dev/api.json",
Formal AI draft	UNKNOWN STEP	2026-10-07T07:15:00.5154934Z   "bodyPreview": "{\"deepinfra\":{\"id\":\"deepinfra\",\"env\":[\"DEEPINFRA_API_KEY\"],\"npm\":\"@ai-sdk/deepinfra\",\"name\":\"Deep Infra\",\"doc\":\"https://deepinfra.com/models\",\"models\":{\"tencent/Hy3\":{\"id\":\"tencent/Hy3\",\"name\":\"Hy3\",\"description\":\"Tencent Hy reasoning model for coding, instruction following, and agent tasks\",\"family\":\"Hy\",\"attachment\":false,\"reasoning\":true,\"reasoning_options\":[],\"tool_call\":true,\"structured_output\":true,\"temperature\":true,\"release_date\":\"2026-07-06\",\"last_updated\":\"2026-07-06\",\"modalities\":{\"input\":[\"text\"],\"output\":[\"text\"]},\"open_weights\":true,\"limit\":{\"context\":262144,\"input\":192000,\"output\":128000},\"cost\":{\"input\":0.13,\"output\":0.53,\"cache_read\":0.033},\"canonical_model_id\":\"tencent/hy3\"},\"tencent/Hy4-preview\":{\"id\":\"tencent/Hy4-preview\",\"name\":\"Hy4 preview\",\"description\":\"A next-generation productivity model with significantly enhanced Agent and complex task execution capabilities.\",\"family\":\"Hy\",\"attachment\":false,\"reasoning\":true,\"reasoning_options\":[{\"type\":\"effort\",\"values\":[\"none\",\"high\"]}],\"tool_call\":true,\"structured_output\":true,\"temperature\":true,\"release_date\":\"2026-08-28\",\"last_updated\":\"2026-08-28\",\"modalities\":{\"input\":[\"text\"],\"output\":[\"text\"]},\"open_weights\":true,\"limit\":{\"context\":1048576,\"output\":64000},\"cost\":{\"input\":0.834,\"output\":2.501,\"cache_read\":0.042},\"canonical_model_id\":\"tencent/hy4-preview\"},\"meta-llama/Llama-3.3-70B-Instruct-Turbo\":{\"id\":\"meta-llama/Llama-3.3-70B-Instruct-Turbo\",\"name\":\"Llama 3.3 70B Turbo\",\"description\":\"Compact Llama instruction model for fast chat and local deployment\",\"family\":\"llama\",\"attachment\":false,\"reasoning\":false,\"tool_call\":true,\"structured_output\":true,\"release_date\":\"2024-12-06\",\"last_updated\":\"2024-12-06\",\"modalities\":{\"input\":[\"text\"],\"output\":[\"text\"]},\"open_weights\":true,\"limit\":{\"context\":131072,\"output\":16384},\"cost\":{\"input\":0.1,\"output\":0.32}},\"meta-llama/Llama-4-Scout-17B-16E-Instruct\":{\"id\":\"meta-llama/Llama-4-Scout-17B-16E-Instruct\",\"name\":\"Llama 4 Scout 17B\",\"description\":\"Open multimodal... [truncated, total 5331010 chars]",
Formal AI draft	UNKNOWN STEP	2026-10-07T07:15:00.5164111Z   "message": "HTTP response body"
Formal AI draft	UNKNOWN STEP	2026-10-07T07:15:00.5164546Z }
Formal AI draft	UNKNOWN STEP	2026-10-07T07:15:00.5296979Z {
Formal AI draft	UNKNOWN STEP	2026-10-07T07:15:00.5297339Z   "type": "log",
Formal AI draft	UNKNOWN STEP	2026-10-07T07:15:00.5297738Z   "level": "info",
Formal AI draft	UNKNOWN STEP	2026-10-07T07:15:00.5298189Z   "timestamp": "2026-10-07T07:15:00.512Z",
Formal AI draft	UNKNOWN STEP	2026-10-07T07:15:00.5298675Z   "service": "models.dev",
Formal AI draft	UNKNOWN STEP	2026-10-07T07:15:00.5299283Z   "path": "/home/box/.cache/link-assistant-agent/models.json",
Formal AI draft	UNKNOWN STEP	2026-10-07T07:15:00.5299999Z   "message": "cache unavailable, using bundled data"
Formal AI draft	UNKNOWN STEP	2026-10-07T07:15:00.5300504Z }
Formal AI draft	UNKNOWN STEP	2026-10-07T07:15:00.5314638Z {
Formal AI draft	UNKNOWN STEP	2026-10-07T07:15:00.5315014Z   "type": "log",
Formal AI draft	UNKNOWN STEP	2026-10-07T07:15:00.5315376Z   "level": "info",
Formal AI draft	UNKNOWN STEP	2026-10-07T07:15:00.5315808Z   "timestamp": "2026-10-07T07:15:00.512Z",
Formal AI draft	UNKNOWN STEP	2026-10-07T07:15:00.5316098Z   "service": "http",
Formal AI draft	UNKNOWN STEP	2026-10-07T07:15:00.5316330Z   "caller": "global",
Formal AI draft	UNKNOWN STEP	2026-10-07T07:15:00.5316870Z   "callNum": 2,
Formal AI draft	UNKNOWN STEP	2026-10-07T07:15:00.5317085Z   "method": "GET",
Formal AI draft	UNKNOWN STEP	2026-10-07T07:15:00.5317358Z   "url": "https://models.dev/api.json",
Formal AI draft	UNKNOWN STEP	2026-10-07T07:15:00.5317634Z   "headers": {},
Formal AI draft	UNKNOWN STEP	2026-10-07T07:15:00.5317849Z   "message": "HTTP request"
Formal AI draft	UNKNOWN STEP	2026-10-07T07:15:00.5318081Z }
Formal AI draft	UNKNOWN STEP	2026-10-07T07:15:00.6830901Z {
Formal AI draft	UNKNOWN STEP	2026-10-07T07:15:00.6831340Z   "type": "log",
Formal AI draft	UNKNOWN STEP	2026-10-07T07:15:00.6831719Z   "level": "info",
Formal AI draft	UNKNOWN STEP	2026-10-07T07:15:00.6832128Z   "timestamp": "2026-10-07T07:15:00.679Z",
Formal AI draft	UNKNOWN STEP	2026-10-07T07:15:00.6832422Z   "service": "http",
Formal AI draft	UNKNOWN STEP	2026-10-07T07:15:00.6832649Z   "caller": "global",
Formal AI draft	UNKNOWN STEP	2026-10-07T07:15:00.6832876Z   "callNum": 2,
Formal AI draft	UNKNOWN STEP	2026-10-07T07:15:00.6833306Z   "method": "GET",
Formal AI draft	UNKNOWN STEP	2026-10-07T07:15:00.6833583Z   "url": "https://models.dev/api.json",
Formal AI draft	UNKNOWN STEP	2026-10-07T07:15:00.6833878Z   "status": 200,
Formal AI draft	UNKNOWN STEP	2026-10-07T07:15:00.6834096Z   "statusText": "OK",
Formal AI draft	UNKNOWN STEP	2026-10-07T07:15:00.6834317Z   "durationMs": 167,
Formal AI draft	UNKNOWN STEP	2026-10-07T07:15:00.6834544Z   "responseHeaders": {
Formal AI draft	UNKNOWN STEP	2026-10-07T07:15:00.6834818Z     "access-control-allow-origin": "*",
Formal AI draft	UNKNOWN STEP	2026-10-07T07:15:00.6835126Z     "alt-svc": "h3=\":443\"; ma=86400",
Formal AI draft	UNKNOWN STEP	2026-10-07T07:15:00.6835492Z     "cache-control": "public, max-age=0, must-revalidate",
Formal AI draft	UNKNOWN STEP	2026-10-07T07:15:00.6835832Z     "cf-cache-status": "HIT",
Formal AI draft	UNKNOWN STEP	2026-10-07T07:15:00.6836117Z     "cf-ray": "a46b1cb87c317e4a-LHR",
Formal AI draft	UNKNOWN STEP	2026-10-07T07:15:00.6836407Z     "connection": "keep-alive",
Formal AI draft	UNKNOWN STEP	2026-10-07T07:15:00.6837184Z     "content-encoding": "zstd",
Formal AI draft	UNKNOWN STEP	2026-10-07T07:15:00.6837518Z     "content-type": "application/json",
Formal AI draft	UNKNOWN STEP	2026-10-07T07:15:00.6837838Z     "date": "Wed, 07 Oct 2026 07:15:00 GMT",
Formal AI draft	UNKNOWN STEP	2026-10-07T07:15:00.6838201Z     "etag": "W/\"6f2dcbfac00f2b8ca9469db2c6431d96\"",
Formal AI draft	UNKNOWN STEP	2026-10-07T07:15:00.6838656Z     "nel": "{\"report_to\":\"cf-nel\",\"success_fraction\":0.0,\"max_age\":604800}",
Formal AI draft	UNKNOWN STEP	2026-10-07T07:15:00.6839963Z     "report-to": "{\"group\":\"cf-nel\",\"max_age\":604800,\"endpoints\":[{\"url\":\"https://a.nel.cloudflare.com/report/v4?s=%2BIfWCzRYb8roGvcfKP3JBdrvz7PqGgYjCmAfdd8Z4bxK0TqdiThWu5VcSnVqCQfW0QFgEnWxE3wO%2F9MGssPLIkIECCWxSudJXidTFtk6rxF%2B36YkAc0ilgDgu8sZ\"}]}",
Formal AI draft	UNKNOWN STEP	2026-10-07T07:15:00.6841051Z     "server": "cloudflare",
Formal AI draft	UNKNOWN STEP	2026-10-07T07:15:00.6841329Z     "transfer-encoding": "chunked"
Formal AI draft	UNKNOWN STEP	2026-10-07T07:15:00.6841587Z   },
Formal AI draft	UNKNOWN STEP	2026-10-07T07:15:00.6841786Z   "message": "HTTP response"
Formal AI draft	UNKNOWN STEP	2026-10-07T07:15:00.6842017Z }
Formal AI draft	UNKNOWN STEP	2026-10-07T07:15:00.8061078Z {
Formal AI draft	UNKNOWN STEP	2026-10-07T07:15:00.8061474Z   "type": "log",
Formal AI draft	UNKNOWN STEP	2026-10-07T07:15:00.8062161Z   "level": "info",
Formal AI draft	UNKNOWN STEP	2026-10-07T07:15:00.8062618Z   "timestamp": "2026-10-07T07:15:00.798Z",
Formal AI draft	UNKNOWN STEP	2026-10-07T07:15:00.8063115Z   "service": "http",
Formal AI draft	UNKNOWN STEP	2026-10-07T07:15:00.8063495Z   "caller": "global",
Formal AI draft	UNKNOWN STEP	2026-10-07T07:15:00.8063870Z   "callNum": 2,
Formal AI draft	UNKNOWN STEP	2026-10-07T07:15:00.8064329Z   "url": "https://models.dev/api.json",
Formal AI draft	UNKNOWN STEP	2026-10-07T07:15:00.8083276Z   "bodyPreview": "{\"deepinfra\":{\"id\":\"deepinfra\",\"env\":[\"DEEPINFRA_API_KEY\"],\"npm\":\"@ai-sdk/deepinfra\",\"name\":\"Deep Infra\",\"doc\":\"https://deepinfra.com/models\",\"models\":{\"tencent/Hy3\":{\"id\":\"tencent/Hy3\",\"name\":\"Hy3\",\"description\":\"Tencent Hy reasoning model for coding, instruction following, and agent tasks\",\"family\":\"Hy\",\"attachment\":false,\"reasoning\":true,\"reasoning_options\":[],\"tool_call\":true,\"structured_output\":true,\"temperature\":true,\"release_date\":\"2026-07-06\",\"last_updated\":\"2026-07-06\",\"modalities\":{\"input\":[\"text\"],\"output\":[\"text\"]},\"open_weights\":true,\"limit\":{\"context\":262144,\"input\":192000,\"output\":128000},\"cost\":{\"input\":0.13,\"output\":0.53,\"cache_read\":0.033},\"canonical_model_id\":\"tencent/hy3\"},\"tencent/Hy4-preview\":{\"id\":\"tencent/Hy4-preview\",\"name\":\"Hy4 preview\",\"description\":\"A next-generation productivity model with significantly enhanced Agent and complex task execution capabilities.\",\"family\":\"Hy\",\"attachment\":false,\"reasoning\":true,\"reasoning_options\":[{\"type\":\"effort\",\"values\":[\"none\",\"high\"]}],\"tool_call\":true,\"structured_output\":true,\"temperature\":true,\"release_date\":\"2026-08-28\",\"last_updated\":\"2026-08-28\",\"modalities\":{\"input\":[\"text\"],\"output\":[\"text\"]},\"open_weights\":true,\"limit\":{\"context\":1048576,\"output\":64000},\"cost\":{\"input\":0.834,\"output\":2.501,\"cache_read\":0.042},\"canonical_model_id\":\"tencent/hy4-preview\"},\"meta-llama/Llama-3.3-70B-Instruct-Turbo\":{\"id\":\"meta-llama/Llama-3.3-70B-Instruct-Turbo\",\"name\":\"Llama 3.3 70B Turbo\",\"description\":\"Compact Llama instruction model for fast chat and local deployment\",\"family\":\"llama\",\"attachment\":false,\"reasoning\":false,\"tool_call\":true,\"structured_output\":true,\"release_date\":\"2024-12-06\",\"last_updated\":\"2024-12-06\",\"modalities\":{\"input\":[\"text\"],\"output\":[\"text\"]},\"open_weights\":true,\"limit\":{\"context\":131072,\"output\":16384},\"cost\":{\"input\":0.1,\"output\":0.32}},\"meta-llama/Llama-4-Scout-17B-16E-Instruct\":{\"id\":\"meta-llama/Llama-4-Scout-17B-16E-Instruct\",\"name\":\"Llama 4 Scout 17B\",\"description\":\"Open multimodal Llama model for long-context analysis and efficient agents\",\"family\":\"llama\",\"attachment\":true,\"reasoning\":false,\"tool_call\":true,\"structured_output\":true,\"release_date\":\"2025-04-05\",\"last_updated\":\"2025-04-05\",\"modalities\":{\"input\":[\"text\",\"image\"],\"output\":[\"text\"]},\"open_weights\":true,\"limit\":{\"context\":327680,\"output\":16384},\"cost\":{\"input\":0.1,\"output\":0.3}},\"meta-llama/Llama-4-Maverick-17B-128E-Instruct-FP8\":{\"id\":\"meta-llama/Llama-4-Maverick-17B-128E-Instruct-FP8\",\"name\":\"Llama 4 Maverick 17B FP8\",\"description\":\"Open multimodal Llama model for strong reasoning and fast responses\",\"family\":\"llama\",\"attachment\":true,\"reasoning\":false,\"tool_call\":false,\"structured_output\":true,\"release_date\":\"2025-04-05\",\"last_updated\":\"2025-04-05\",\"modalities\":{\"input\":[\"text\",\"image\"],\"output\":[\"text\"]},\"open_weights\":true,\"limit\":{\"context\":1048576,\"output\":16384},\"status\":\"deprecated\",\"cost\":{\"input\":0.2,\"output\":0.8}},\"XiaomiMiMo/MiMo-V2.6-Pro\":{\"id\":\"XiaomiMiMo/MiMo-V2.6-Pro\",\"name\":\"MiMo-V2.6-Pro\",\"description\":\"Stronger MiMo Pro tier for multimodal reasoning and coding-agent execution\",\"family\":\"mimo\",\"attachment\":true,\"reasoning\":true,\"reasoning_options\":[{\"type\":\"toggle\"}],\"tool_call\":true,\"structured_output\":true,\"temperature\":true,\"release_date\":\"2026-09-22\",\"last_updated\":\"2026-09-22\",\"modalities\":{\"input\":[\"text\",\"image\",\"audio\",\"video\"],\"output\":[\"text\"]},\"open_weights\":true,\"limit\":{\"context\":1048576,\"output\":131072},\"cost\":{\"input\":0.43,\"output\":0.87,\"cache_read\":0.0036},\"canonical_model_id\":\"xiaomi/mimo-v2.6-pro\"},\"XiaomiMiMo/MiMo-V2.5-Pro\":{\"id\":\"XiaomiMiMo/MiMo-V2.5-Pro\",\"name\":\"MiMo-V2.5-Pro\",\"description\":\"Stronger MiMo Pro tier for multimodal reasoning and coding-agent execution\",\"family\":\"mimo\",\"attachment\":true,\"reasoning\":true,\"reasoning_options\":[{\"type\":\"toggle\"}],\"tool_call\":true,\"interleaved\":{\"field\":\"reasoning_content\"},\"structured_output\":true,\"temperature\":true,\"knowledge\":\"2024-12\",\"release_date\":\"2026-04-22\",\"last_updated\":\"2026-04-22\",\"modal... [truncated, total 5331010 chars]",
Formal AI draft	UNKNOWN STEP	2026-10-07T07:15:00.8098007Z   "message": "HTTP response body"
Formal AI draft	UNKNOWN STEP	2026-10-07T07:15:00.8098266Z }
Formal AI draft	UNKNOWN STEP	2026-10-07T07:15:00.8260396Z {
Formal AI draft	UNKNOWN STEP	2026-10-07T07:15:00.8260688Z   "type": "log",
Formal AI draft	UNKNOWN STEP	2026-10-07T07:15:00.8261016Z   "level": "info",
Formal AI draft	UNKNOWN STEP	2026-10-07T07:15:00.8261311Z   "timestamp": "2026-10-07T07:15:00.823Z",
Formal AI draft	UNKNOWN STEP	2026-10-07T07:15:00.8261613Z   "service": "provider",
Formal AI draft	UNKNOWN STEP	2026-10-07T07:15:00.8261854Z   "message": "init"
Formal AI draft	UNKNOWN STEP	2026-10-07T07:15:00.8262055Z }
Formal AI draft	UNKNOWN STEP	2026-10-07T07:15:00.8319473Z {
Formal AI draft	UNKNOWN STEP	2026-10-07T07:15:00.8319847Z   "type": "log",
Formal AI draft	UNKNOWN STEP	2026-10-07T07:15:00.8320237Z   "level": "info",
Formal AI draft	UNKNOWN STEP	2026-10-07T07:15:00.8320867Z   "timestamp": "2026-10-07T07:15:00.829Z",
Formal AI draft	UNKNOWN STEP	2026-10-07T07:15:00.8321392Z   "service": "claude-oauth",
Formal AI draft	UNKNOWN STEP	2026-10-07T07:15:00.8321939Z   "path": "/home/box/.claude/.credentials.json",
Formal AI draft	UNKNOWN STEP	2026-10-07T07:15:00.8322587Z   "message": "credentials file not found"
Formal AI draft	UNKNOWN STEP	2026-10-07T07:15:00.8323058Z }
Formal AI draft	UNKNOWN STEP	2026-10-07T07:15:00.8373199Z {
Formal AI draft	UNKNOWN STEP	2026-10-07T07:15:00.8373757Z   "type": "log",
Formal AI draft	UNKNOWN STEP	2026-10-07T07:15:00.8374178Z   "level": "info",
Formal AI draft	UNKNOWN STEP	2026-10-07T07:15:00.8374615Z   "timestamp": "2026-10-07T07:15:00.830Z",
Formal AI draft	UNKNOWN STEP	2026-10-07T07:15:00.8375127Z   "service": "provider-registry",
Formal AI draft	UNKNOWN STEP	2026-10-07T07:15:00.8375401Z   "available": [
Formal AI draft	UNKNOWN STEP	2026-10-07T07:15:00.8375610Z     "formal-ai",
Formal AI draft	UNKNOWN STEP	2026-10-07T07:15:00.8375810Z     "formalai",
Formal AI draft	UNKNOWN STEP	2026-10-07T07:15:00.8376150Z     "@link-assistant",
Formal AI draft	UNKNOWN STEP	2026-10-07T07:15:00.8376745Z     "opencode",
Formal AI draft	UNKNOWN STEP	2026-10-07T07:15:00.8377117Z     "kilo",
Formal AI draft	UNKNOWN STEP	2026-10-07T07:15:00.8377489Z     "link-assistant"
Formal AI draft	UNKNOWN STEP	2026-10-07T07:15:00.8377876Z   ],
Formal AI draft	UNKNOWN STEP	2026-10-07T07:15:00.8378299Z   "message": "providers available"
Formal AI draft	UNKNOWN STEP	2026-10-07T07:15:00.8378780Z }
Formal AI draft	UNKNOWN STEP	2026-10-07T07:15:00.8379474Z {
Formal AI draft	UNKNOWN STEP	2026-10-07T07:15:00.8379851Z   "type": "log",
Formal AI draft	UNKNOWN STEP	2026-10-07T07:15:00.8380242Z   "level": "info",
Formal AI draft	UNKNOWN STEP	2026-10-07T07:15:00.8380715Z   "timestamp": "2026-10-07T07:15:00.830Z",
Formal AI draft	UNKNOWN STEP	2026-10-07T07:15:00.8381227Z   "service": "provider",
Formal AI draft	UNKNOWN STEP	2026-10-07T07:15:00.8381666Z   "status": "completed",
Formal AI draft	UNKNOWN STEP	2026-10-07T07:15:00.8382096Z   "duration": 1019,
Formal AI draft	UNKNOWN STEP	2026-10-07T07:15:00.8382472Z   "message": "state"
Formal AI draft	UNKNOWN STEP	2026-10-07T07:15:00.8382864Z }
Formal AI draft	UNKNOWN STEP	2026-10-07T07:15:00.8423414Z {
Formal AI draft	UNKNOWN STEP	2026-10-07T07:15:00.8423791Z   "type": "log",
Formal AI draft	UNKNOWN STEP	2026-10-07T07:15:00.8424201Z   "level": "info",
Formal AI draft	UNKNOWN STEP	2026-10-07T07:15:00.8424676Z   "timestamp": "2026-10-07T07:15:00.831Z",
Formal AI draft	UNKNOWN STEP	2026-10-07T07:15:00.8425194Z   "service": "default",
Formal AI draft	UNKNOWN STEP	2026-10-07T07:15:00.8426196Z   "hint": "Secondary calls (compaction, session summary) inherit --model unless a compaction model is named explicitly",
Formal AI draft	UNKNOWN STEP	2026-10-07T07:15:00.8427862Z   "baseProviderID": "formalai",
Formal AI draft	UNKNOWN STEP	2026-10-07T07:15:00.8428387Z   "baseModelID": "formal-ai",
Formal AI draft	UNKNOWN STEP	2026-10-07T07:15:00.8428859Z   "dropped": [
Formal AI draft	UNKNOWN STEP	2026-10-07T07:15:00.8429269Z     "big-pickle",
Formal AI draft	UNKNOWN STEP	2026-10-07T07:15:00.8429712Z     "minimax-m2.5-free",
Formal AI draft	UNKNOWN STEP	2026-10-07T07:15:00.8430182Z     "nemotron-3-super-free",
Formal AI draft	UNKNOWN STEP	2026-10-07T07:15:00.8430650Z     "hy3-preview-free",
Formal AI draft	UNKNOWN STEP	2026-10-07T07:15:00.8431115Z     "ling-2.6-flash-free",
Formal AI draft	UNKNOWN STEP	2026-10-07T07:15:00.8431559Z     "gpt-5-nano"
Formal AI draft	UNKNOWN STEP	2026-10-07T07:15:00.8431937Z   ],
Formal AI draft	UNKNOWN STEP	2026-10-07T07:15:00.8432279Z   "kept": [
Formal AI draft	UNKNOWN STEP	2026-10-07T07:15:00.8432635Z     "same"
Formal AI draft	UNKNOWN STEP	2026-10-07T07:15:00.8432975Z   ],
Formal AI draft	UNKNOWN STEP	2026-10-07T07:15:00.8433644Z   "message": "default compaction models narrowed to the configured provider"
Formal AI draft	UNKNOWN STEP	2026-10-07T07:15:00.8434365Z }
Formal AI draft	UNKNOWN STEP	2026-10-07T07:15:00.8478279Z {
Formal AI draft	UNKNOWN STEP	2026-10-07T07:15:00.8478799Z   "type": "log",
Formal AI draft	UNKNOWN STEP	2026-10-07T07:15:00.8479146Z   "level": "info",
Formal AI draft	UNKNOWN STEP	2026-10-07T07:15:00.8479682Z   "timestamp": "2026-10-07T07:15:00.831Z",
Formal AI draft	UNKNOWN STEP	2026-10-07T07:15:00.8479978Z   "service": "default",
Formal AI draft	UNKNOWN STEP	2026-10-07T07:15:00.8480215Z   "models": [
Formal AI draft	UNKNOWN STEP	2026-10-07T07:15:00.8480413Z     "same"
Formal AI draft	UNKNOWN STEP	2026-10-07T07:15:00.8480590Z   ],
Formal AI draft	UNKNOWN STEP	2026-10-07T07:15:00.8480783Z   "source": "default",
Formal AI draft	UNKNOWN STEP	2026-10-07T07:15:00.8481098Z   "message": "compaction models cascade configured"
Formal AI draft	UNKNOWN STEP	2026-10-07T07:15:00.8481403Z }
Formal AI draft	UNKNOWN STEP	2026-10-07T07:15:00.8494508Z {
Formal AI draft	UNKNOWN STEP	2026-10-07T07:15:00.8495098Z   "type": "model_resolved",
Formal AI draft	UNKNOWN STEP	2026-10-07T07:15:00.8495640Z   "timestamp": "2026-10-07T07:15:00.831Z",
Formal AI draft	UNKNOWN STEP	2026-10-07T07:15:00.8496217Z   "requested": "formalai/formal-ai",
Formal AI draft	UNKNOWN STEP	2026-10-07T07:15:00.8497028Z   "selector": "formalai/formal-ai",
Formal AI draft	UNKNOWN STEP	2026-10-07T07:15:00.8497507Z   "providerID": "formalai",
Formal AI draft	UNKNOWN STEP	2026-10-07T07:15:00.8497937Z   "modelID": "formal-ai",
Formal AI draft	UNKNOWN STEP	2026-10-07T07:15:00.8498359Z   "source": "cli",
Formal AI draft	UNKNOWN STEP	2026-10-07T07:15:00.8498738Z   "matchesRequest": true
Formal AI draft	UNKNOWN STEP	2026-10-07T07:15:00.8499124Z }
Formal AI draft	UNKNOWN STEP	2026-10-07T07:15:00.8512615Z {
Formal AI draft	UNKNOWN STEP	2026-10-07T07:15:00.8512985Z   "type": "log",
Formal AI draft	UNKNOWN STEP	2026-10-07T07:15:00.8513396Z   "level": "info",
Formal AI draft	UNKNOWN STEP	2026-10-07T07:15:00.8513842Z   "timestamp": "2026-10-07T07:15:00.837Z",
Formal AI draft	UNKNOWN STEP	2026-10-07T07:15:00.8514326Z   "service": "http",
Formal AI draft	UNKNOWN STEP	2026-10-07T07:15:00.8514790Z   "caller": "continuous-mode",
Formal AI draft	UNKNOWN STEP	2026-10-07T07:15:00.8515216Z   "callNum": 3,
Formal AI draft	UNKNOWN STEP	2026-10-07T07:15:00.8515558Z   "method": "POST",
Formal AI draft	UNKNOWN STEP	2026-10-07T07:15:00.8516035Z   "url": "http://127.0.0.1:45765/session",
Formal AI draft	UNKNOWN STEP	2026-10-07T07:15:00.8516728Z   "headers": {
Formal AI draft	UNKNOWN STEP	2026-10-07T07:15:00.8517166Z     "Content-Type": "application/json"
Formal AI draft	UNKNOWN STEP	2026-10-07T07:15:00.8517674Z   },
Formal AI draft	UNKNOWN STEP	2026-10-07T07:15:00.8517989Z   "bodyPreview": "{}",
Formal AI draft	UNKNOWN STEP	2026-10-07T07:15:00.8518437Z   "message": "HTTP request"
Formal AI draft	UNKNOWN STEP	2026-10-07T07:15:00.8518796Z }
Formal AI draft	UNKNOWN STEP	2026-10-07T07:15:00.8529754Z {
Formal AI draft	UNKNOWN STEP	2026-10-07T07:15:00.8530116Z   "type": "log",
Formal AI draft	UNKNOWN STEP	2026-10-07T07:15:00.8530508Z   "level": "info",
Formal AI draft	UNKNOWN STEP	2026-10-07T07:15:00.8530969Z   "timestamp": "2026-10-07T07:15:00.837Z",
Formal AI draft	UNKNOWN STEP	2026-10-07T07:15:00.8531456Z   "service": "http",
Formal AI draft	UNKNOWN STEP	2026-10-07T07:15:00.8531840Z   "caller": "global",
Formal AI draft	UNKNOWN STEP	2026-10-07T07:15:00.8532237Z   "callNum": 4,
Formal AI draft	UNKNOWN STEP	2026-10-07T07:15:00.8532611Z   "method": "POST",
Formal AI draft	UNKNOWN STEP	2026-10-07T07:15:00.8533086Z   "url": "http://127.0.0.1:45765/session",
Formal AI draft	UNKNOWN STEP	2026-10-07T07:15:00.8533559Z   "headers": {
Formal AI draft	UNKNOWN STEP	2026-10-07T07:15:00.8533976Z     "Content-Type": "application/json"
Formal AI draft	UNKNOWN STEP	2026-10-07T07:15:00.8534425Z   },
Formal AI draft	UNKNOWN STEP	2026-10-07T07:15:00.8534737Z   "bodyPreview": "{}",
Formal AI draft	UNKNOWN STEP	2026-10-07T07:15:00.8535395Z   "message": "HTTP request"
Formal AI draft	UNKNOWN STEP	2026-10-07T07:15:00.8535850Z }
Formal AI draft	UNKNOWN STEP	2026-10-07T07:15:00.8548556Z {
Formal AI draft	UNKNOWN STEP	2026-10-07T07:15:00.8548930Z   "type": "log",
Formal AI draft	UNKNOWN STEP	2026-10-07T07:15:00.8549320Z   "level": "info",
Formal AI draft	UNKNOWN STEP	2026-10-07T07:15:00.8549771Z   "timestamp": "2026-10-07T07:15:00.841Z",
Formal AI draft	UNKNOWN STEP	2026-10-07T07:15:00.8550251Z   "service": "server",
Formal AI draft	UNKNOWN STEP	2026-10-07T07:15:00.8550659Z   "method": "POST",
Formal AI draft	UNKNOWN STEP	2026-10-07T07:15:00.8551040Z   "path": "/session",
Formal AI draft	UNKNOWN STEP	2026-10-07T07:15:00.8551415Z   "message": "request"
Formal AI draft	UNKNOWN STEP	2026-10-07T07:15:00.8551769Z }
Formal AI draft	UNKNOWN STEP	2026-10-07T07:15:00.8565707Z {
Formal AI draft	UNKNOWN STEP	2026-10-07T07:15:00.8566066Z   "type": "log",
Formal AI draft	UNKNOWN STEP	2026-10-07T07:15:00.8566660Z   "level": "info",
Formal AI draft	UNKNOWN STEP	2026-10-07T07:15:00.8567109Z   "timestamp": "2026-10-07T07:15:00.841Z",
Formal AI draft	UNKNOWN STEP	2026-10-07T07:15:00.8567616Z   "service": "server",
Formal AI draft	UNKNOWN STEP	2026-10-07T07:15:00.8568013Z   "status": "started",
Formal AI draft	UNKNOWN STEP	2026-10-07T07:15:00.8568374Z   "method": "POST",
Formal AI draft	UNKNOWN STEP	2026-10-07T07:15:00.8568736Z   "path": "/session",
Formal AI draft	UNKNOWN STEP	2026-10-07T07:15:00.8569120Z   "message": "request"
Formal AI draft	UNKNOWN STEP	2026-10-07T07:15:00.8569492Z }
Formal AI draft	UNKNOWN STEP	2026-10-07T07:15:00.8586964Z {
Formal AI draft	UNKNOWN STEP	2026-10-07T07:15:00.8587500Z   "type": "log",
Formal AI draft	UNKNOWN STEP	2026-10-07T07:15:00.8588454Z   "level": "info",
Formal AI draft	UNKNOWN STEP	2026-10-07T07:15:00.8589292Z   "timestamp": "2026-10-07T07:15:00.843Z",
Formal AI draft	UNKNOWN STEP	2026-10-07T07:15:00.8590041Z   "service": "session",
Formal AI draft	UNKNOWN STEP	2026-10-07T07:15:00.8590546Z   "id": "ses_eeac8cf94ffeyTFAtT4RkpA28d",
Formal AI draft	UNKNOWN STEP	2026-10-07T07:15:00.8591096Z   "version": "0.26.11",
Formal AI draft	UNKNOWN STEP	2026-10-07T07:15:00.8591714Z   "projectID": "017b0927f8cf9a4f9cf10a4ebc3e59cd51dec5d9",
Formal AI draft	UNKNOWN STEP	2026-10-07T07:15:00.8592480Z   "directory": "/tmp/gh-issue-solver-1791357262243",
Formal AI draft	UNKNOWN STEP	2026-10-07T07:15:00.8593173Z   "title": "New session - 2026-10-07T07:15:00.843Z",
Formal AI draft	UNKNOWN STEP	2026-10-07T07:15:00.8593696Z   "time": {
Formal AI draft	UNKNOWN STEP	2026-10-07T07:15:00.8594053Z     "created": 1791357300843,
Formal AI draft	UNKNOWN STEP	2026-10-07T07:15:00.8594741Z     "updated": 1791357300843
Formal AI draft	UNKNOWN STEP	2026-10-07T07:15:00.8595149Z   },
Formal AI draft	UNKNOWN STEP	2026-10-07T07:15:00.8595481Z   "message": "created"
Formal AI draft	UNKNOWN STEP	2026-10-07T07:15:00.8595859Z }
Formal AI draft	UNKNOWN STEP	2026-10-07T07:15:00.8604299Z {
Formal AI draft	UNKNOWN STEP	2026-10-07T07:15:00.8605055Z   "type": "session.created",
Formal AI draft	UNKNOWN STEP	2026-10-07T07:15:00.8605802Z   "level": "info",
Formal AI draft	UNKNOWN STEP	2026-10-07T07:15:00.8606435Z   "timestamp": "2026-10-07T07:15:00.846Z",
Formal AI draft	UNKNOWN STEP	2026-10-07T07:15:00.8607098Z   "service": "bus",
Formal AI draft	UNKNOWN STEP	2026-10-07T07:15:00.8607483Z   "message": "publishing"
Formal AI draft	UNKNOWN STEP	2026-10-07T07:15:00.8607863Z }
Formal AI draft	UNKNOWN STEP	2026-10-07T07:15:00.8620583Z {
Formal AI draft	UNKNOWN STEP	2026-10-07T07:15:00.8621533Z   "type": "session.updated",
Formal AI draft	UNKNOWN STEP	2026-10-07T07:15:00.8622583Z   "level": "info",
Formal AI draft	UNKNOWN STEP	2026-10-07T07:15:00.8623042Z   "timestamp": "2026-10-07T07:15:00.846Z",
Formal AI draft	UNKNOWN STEP	2026-10-07T07:15:00.8623516Z   "service": "bus",
Formal AI draft	UNKNOWN STEP	2026-10-07T07:15:00.8623896Z   "message": "publishing"
Formal AI draft	UNKNOWN STEP	2026-10-07T07:15:00.8624308Z }
Formal AI draft	UNKNOWN STEP	2026-10-07T07:15:00.8636149Z {
Formal AI draft	UNKNOWN STEP	2026-10-07T07:15:00.8637269Z   "type": "log",
Formal AI draft	UNKNOWN STEP	2026-10-07T07:15:00.8637880Z   "level": "info",
Formal AI draft	UNKNOWN STEP	2026-10-07T07:15:00.8638350Z   "timestamp": "2026-10-07T07:15:00.847Z",
Formal AI draft	UNKNOWN STEP	2026-10-07T07:15:00.8638858Z   "service": "server",
Formal AI draft	UNKNOWN STEP	2026-10-07T07:15:00.8639281Z   "status": "completed",
Formal AI draft	UNKNOWN STEP	2026-10-07T07:15:00.8639701Z   "duration": 6,
Formal AI draft	UNKNOWN STEP	2026-10-07T07:15:00.8640059Z   "method": "POST",
Formal AI draft	UNKNOWN STEP	2026-10-07T07:15:00.8640424Z   "path": "/session",
Formal AI draft	UNKNOWN STEP	2026-10-07T07:15:00.8640787Z   "message": "request"
Formal AI draft	UNKNOWN STEP	2026-10-07T07:15:00.8641147Z }
Formal AI draft	UNKNOWN STEP	2026-10-07T07:15:00.8662399Z {
Formal AI draft	UNKNOWN STEP	2026-10-07T07:15:00.8663137Z   "type": "log",
Formal AI draft	UNKNOWN STEP	2026-10-07T07:15:00.8663375Z   "level": "info",
Formal AI draft	UNKNOWN STEP	2026-10-07T07:15:00.8663645Z   "timestamp": "2026-10-07T07:15:00.852Z",
Formal AI draft	UNKNOWN STEP	2026-10-07T07:15:00.8664144Z   "service": "http",
Formal AI draft	UNKNOWN STEP	2026-10-07T07:15:00.8664402Z   "caller": "global",
Formal AI draft	UNKNOWN STEP	2026-10-07T07:15:00.8664623Z   "callNum": 4,
Formal AI draft	UNKNOWN STEP	2026-10-07T07:15:00.8664830Z   "method": "POST",
Formal AI draft	UNKNOWN STEP	2026-10-07T07:15:00.8665102Z   "url": "http://127.0.0.1:45765/session",
Formal AI draft	UNKNOWN STEP	2026-10-07T07:15:00.8665389Z   "status": 200,
Formal AI draft	UNKNOWN STEP	2026-10-07T07:15:00.8665605Z   "statusText": "OK",
Formal AI draft	UNKNOWN STEP	2026-10-07T07:15:00.8665827Z   "durationMs": 10,
Formal AI draft	UNKNOWN STEP	2026-10-07T07:15:00.8666126Z   "responseHeaders": {
Formal AI draft	UNKNOWN STEP	2026-10-07T07:15:00.8666853Z     "access-control-allow-origin": "*",
Formal AI draft	UNKNOWN STEP	2026-10-07T07:15:00.8667214Z     "content-length": "269",
Formal AI draft	UNKNOWN STEP	2026-10-07T07:15:00.8667508Z     "content-type": "application/json",
Formal AI draft	UNKNOWN STEP	2026-10-07T07:15:00.8667811Z     "date": "Wed, 07 Oct 2026 07:15:00 GMT"
Formal AI draft	UNKNOWN STEP	2026-10-07T07:15:00.8668177Z   },
Formal AI draft	UNKNOWN STEP	2026-10-07T07:15:00.8668633Z   "message": "HTTP response"
Formal AI draft	UNKNOWN STEP	2026-10-07T07:15:00.8669219Z }
Formal AI draft	UNKNOWN STEP	2026-10-07T07:15:00.8687756Z {
Formal AI draft	UNKNOWN STEP	2026-10-07T07:15:00.8688119Z   "type": "log",
Formal AI draft	UNKNOWN STEP	2026-10-07T07:15:00.8688844Z   "level": "info",
Formal AI draft	UNKNOWN STEP	2026-10-07T07:15:00.8689183Z   "timestamp": "2026-10-07T07:15:00.852Z",
Formal AI draft	UNKNOWN STEP	2026-10-07T07:15:00.8689480Z   "service": "http",
Formal AI draft	UNKNOWN STEP	2026-10-07T07:15:00.8689708Z   "caller": "global",
Formal AI draft	UNKNOWN STEP	2026-10-07T07:15:00.8689933Z   "callNum": 4,
Formal AI draft	UNKNOWN STEP	2026-10-07T07:15:00.8690196Z   "url": "http://127.0.0.1:45765/session",
Formal AI draft	UNKNOWN STEP	2026-10-07T07:15:00.8691507Z   "bodyPreview": "{\"id\":\"ses_eeac8cf94ffeyTFAtT4RkpA28d\",\"version\":\"0.26.11\",\"projectID\":\"017b0927f8cf9a4f9cf10a4ebc3e59cd51dec5d9\",\"directory\":\"/tmp/gh-issue-solver-1791357262243\",\"title\":\"New session - 2026-10-07T07:15:00.843Z\",\"time\":{\"created\":1791357300843,\"updated\":1791357300843}}",
Formal AI draft	UNKNOWN STEP	2026-10-07T07:15:00.8692691Z   "message": "HTTP response body"
Formal AI draft	UNKNOWN STEP	2026-10-07T07:15:00.8692945Z }
Formal AI draft	UNKNOWN STEP	2026-10-07T07:15:00.8713698Z {
Formal AI draft	UNKNOWN STEP	2026-10-07T07:15:00.8713917Z   "type": "log",
Formal AI draft	UNKNOWN STEP	2026-10-07T07:15:00.8714156Z   "level": "info",
Formal AI draft	UNKNOWN STEP	2026-10-07T07:15:00.8714680Z   "timestamp": "2026-10-07T07:15:00.852Z",
Formal AI draft	UNKNOWN STEP	2026-10-07T07:15:00.8714980Z   "service": "http",
Formal AI draft	UNKNOWN STEP	2026-10-07T07:15:00.8715237Z   "caller": "continuous-mode",
Formal AI draft	UNKNOWN STEP	2026-10-07T07:15:00.8715484Z   "callNum": 3,
Formal AI draft	UNKNOWN STEP	2026-10-07T07:15:00.8715696Z   "method": "POST",
Formal AI draft	UNKNOWN STEP	2026-10-07T07:15:00.8715955Z   "url": "http://127.0.0.1:45765/session",
Formal AI draft	UNKNOWN STEP	2026-10-07T07:15:00.8716233Z   "status": 200,
Formal AI draft	UNKNOWN STEP	2026-10-07T07:15:00.8716454Z   "statusText": "OK",
Formal AI draft	UNKNOWN STEP	2026-10-07T07:15:00.8716972Z   "durationMs": 15,
Formal AI draft	UNKNOWN STEP	2026-10-07T07:15:00.8717194Z   "responseHeaders": {
Formal AI draft	UNKNOWN STEP	2026-10-07T07:15:00.8717473Z     "access-control-allow-origin": "*",
Formal AI draft	UNKNOWN STEP	2026-10-07T07:15:00.8717765Z     "content-length": "269",
Formal AI draft	UNKNOWN STEP	2026-10-07T07:15:00.8718256Z     "content-type": "application/json",
Formal AI draft	UNKNOWN STEP	2026-10-07T07:15:00.8718574Z     "date": "Wed, 07 Oct 2026 07:15:00 GMT"
Formal AI draft	UNKNOWN STEP	2026-10-07T07:15:00.8718841Z   },
Formal AI draft	UNKNOWN STEP	2026-10-07T07:15:00.8719040Z   "message": "HTTP response"
Formal AI draft	UNKNOWN STEP	2026-10-07T07:15:00.8719272Z }
Formal AI draft	UNKNOWN STEP	2026-10-07T07:15:00.8741303Z {
Formal AI draft	UNKNOWN STEP	2026-10-07T07:15:00.8741687Z   "type": "log",
Formal AI draft	UNKNOWN STEP	2026-10-07T07:15:00.8742067Z   "level": "info",
Formal AI draft	UNKNOWN STEP	2026-10-07T07:15:00.8742509Z   "timestamp": "2026-10-07T07:15:00.852Z",
Formal AI draft	UNKNOWN STEP	2026-10-07T07:15:00.8742987Z   "service": "http",
Formal AI draft	UNKNOWN STEP	2026-10-07T07:15:00.8743419Z   "caller": "continuous-mode",
Formal AI draft	UNKNOWN STEP	2026-10-07T07:15:00.8743852Z   "callNum": 3,
Formal AI draft	UNKNOWN STEP	2026-10-07T07:15:00.8744289Z   "url": "http://127.0.0.1:45765/session",
Formal AI draft	UNKNOWN STEP	2026-10-07T07:15:00.8746785Z   "bodyPreview": "{\"id\":\"ses_eeac8cf94ffeyTFAtT4RkpA28d\",\"version\":\"0.26.11\",\"projectID\":\"017b0927f8cf9a4f9cf10a4ebc3e59cd51dec5d9\",\"directory\":\"/tmp/gh-issue-solver-1791357262243\",\"title\":\"New session - 2026-10-07T07:15:00.843Z\",\"time\":{\"created\":1791357300843,\"updated\":1791357300843}}",
Formal AI draft	UNKNOWN STEP	2026-10-07T07:15:00.8748043Z   "message": "HTTP response body"
Formal AI draft	UNKNOWN STEP	2026-10-07T07:15:00.8748306Z }
Formal AI draft	UNKNOWN STEP	2026-10-07T07:15:00.8767113Z {
Formal AI draft	UNKNOWN STEP	2026-10-07T07:15:00.8767461Z   "type": "*",
Formal AI draft	UNKNOWN STEP	2026-10-07T07:15:00.8768013Z   "level": "info",
Formal AI draft	UNKNOWN STEP	2026-10-07T07:15:00.8768473Z   "timestamp": "2026-10-07T07:15:00.852Z",
Formal AI draft	UNKNOWN STEP	2026-10-07T07:15:00.8768989Z   "service": "bus",
Formal AI draft	UNKNOWN STEP	2026-10-07T07:15:00.8769535Z   "message": "subscribing"
Formal AI draft	UNKNOWN STEP	2026-10-07T07:15:00.8769947Z }
Formal AI draft	UNKNOWN STEP	2026-10-07T07:15:00.8920275Z {
Formal AI draft	UNKNOWN STEP	2026-10-07T07:15:00.8921384Z   "type": "input",
Formal AI draft	UNKNOWN STEP	2026-10-07T07:15:00.8922236Z   "timestamp": "2026-10-07T07:15:00.854Z",
Formal AI draft	UNKNOWN STEP	2026-10-07T07:15:00.9003518Z   "raw": "You are an AI issue solver using @link-assistant/agent.\nGeneral guidelines.\n   - When you execute commands and the output becomes large, save the logs to files for easier review.\n   - When running commands, avoid setting a timeout yourself. Let them run as long as needed.\n   - When running sudo commands, especially package installations, run them in the background to avoid timeout issues.\n   - When CI is failing, download the logs locally and investigate them carefully.\n   - When a code or log file has more than 1500 lines, read it in chunks of 1500 lines.\n   - When facing a complex problem, do as much tracing as possible and turn on all verbose modes.\n   - When you create debug, test, or example scripts while fixing an issue, keep them in ./examples and/or ./experiments so you can reuse them later.\n   - When you test assumptions, keep experiment scripts in ./experiments.\n   - When an experiment demonstrates a real-world use case of the software, add it to ./examples.\n   - When you face something extremely hard, use divide and conquer.\nInitial research.\n   - When you start, create a detailed plan for yourself and follow your todo list step by step. Add as many relevant points from these guidelines to the todo list as practical so you can track the work clearly.\n   - When you read issue, read all details and comments thoroughly.\n   - When you see screenshots or images in issue descriptions, pull request descriptions, comments, or discussions, download the image to a local file first, then use the Read tool to view and analyze it. Before reading downloaded images with the Read tool, verify that the file is a valid image rather than HTML by using a CLI tool such as the 'file' command. When the file command shows \"HTML\", \"text\", or \"ASCII text\", the download failed, so do not call Read on that file. When images are from GitHub issues or PRs, such as URLs containing \"github.com/user-attachments\", use: curl -L -H \"Authorization: [REDACTED] $(gh auth token)\" -o <filename> \"<url>\"\n   - When you need issue details, use gh issue view https://github.com/link-assistant/hive-mind/issues/2591.\n   - When you need related code, use gh search code --owner link-assistant [keywords].\n   - When you need repo context, read files in your working directory.\n   - When you study related work, study the most recent related pull requests.\n   - When the issue is not defined clearly enough, write a comment with clarifying questions.\n   - When accessing GitHub Gists, use gh gist view command instead of direct URL fetching.\n   - When you are fixing a bug, find the actual root cause first and run as many experiments as needed.\n   - When you are fixing a bug and the code does not have enough tracing or logs, add them and keep them in the code with the default state switched off.\n   - When you need comments on a pull request, note that GitHub has three different comment types with different API endpoints:\n      1. PR review comments (inline code comments): gh api repos/link-assistant/hive-mind/pulls/2592/comments --paginate\n      2. PR conversation comments (general discussion): gh api repos/link-assistant/hive-mind/issues/2592/comments --paginate\n      3. PR reviews (approve/request changes): gh api repos/link-assistant/hive-mind/pulls/2592/reviews --paginate\n      Note: The command \"gh pr view --json comments\" only returns conversation comments and misses review comments.\n   - When you need the latest comments on the issue, use gh api repos/link-assistant/hive-mind/issues/2591/comments --paginate.\nSolution development and testing.\n   - When issue is solvable, first create a test that reproduces the problem, then implement the fix.\n   - When coding, commit each atomic step that is useful on its own to the pull request branch so interrupted work remains preserved in the pull request.\n   - When you test:\n      start from testing of small functions using separate scripts;\n      write unit tests with mocks for easy and quick start.\n   - When you test integrations, use existing framework.\n   - When you test solution draft, include automated checks in pr.\n   - When you write or modify tests, consider setting reasonable timeouts at test, suite, and CI job levels so failures surface quickly instead of hanging.\n   - When you see repeated test timeout patterns in CI, investigate the root cause rather than increasing timeouts.\n   - When the issue is unclear, write a comment on the issue with questions.\n   - When you encounter any problems that you are unable to solve yourself, write a comment to the pull request asking for help.\n   - When you need human help, use gh pr comment 2592 --body \"your message\" to comment on existing PR.\nReproducible testing.\n   - When fixing a bug, create a test that reproduces the problem before implementing the fix. When you cannot reproduce the problem, you cannot verify the fix.\n   - When encountering logic bugs, write an automated test that fails due to the bug, then implement the fix to make it pass.\n   - When encountering UI bugs, capture a screenshot showing the problem state, then create a visual regression test or manual verification screenshot after the fix.\n   - When creating tests, prefer minimum reproducible examples, meaning the simplest test case that demonstrates the issue.\n   - When submitting a fix, include in the PR description: (1) how to reproduce the issue, (2) the automated test that verifies the fix, (3) before/after screenshots for UI issues.\n   - When a bug fix does not have a reproducing test, treat the fix as incomplete because regressions can occur later without notice.\nPreparing pull request.\n   - When you code, follow contributing guidelines.\n   - When you commit, write clear message.\n   - When you need examples of style, use gh pr list --repo link-assistant/hive-mind --state merged --search [keywords].\n   - When you open pr, describe solution draft and include tests.\n   - When there is a package with version and GitHub Actions workflows for automatic release, update the version in your pull request to prepare for next release.\n   - When you update existing pr 2592, use gh pr edit to modify title and description.\n   - When you finalize the pull request:\n      check that the pull request title and description are updated (the PR may start with a [WIP] prefix and a placeholder description that should be replaced with the actual title and description of the changes),\n      follow style from merged prs for code, title, and description,\n      check that no uncommitted changes corresponding to the original requirements are left behind,\n      check that the default branch is merged into the pull request branch,\n      check that all CI checks are passing if they exist before you finish,\n      check for latest comments on the issue and pull request to ensure no recent feedback was missed,\n      double-check that all changes in the pull request address the original requirements of the issue,\n      check for newly introduced bugs in the pull request by carefully reading gh pr diff,\n      check that no previously existing features were removed without an explicit request in the issue description, issue comments, or pull request comments.\n   - When you finish implementation, use gh pr ready 2592.\nWorkflow and collaboration.\n   - When you check branch, verify with git branch --show-current.\n   - When you push, push only to branch issue-2591-1b69dfe657e2.\n   - When you finish, create a pull request from branch issue-2591-1b69dfe657e2.\n   - When pr 2592 already exists for this branch, update it instead of creating new one.\n   - When you organize workflow, use pull requests instead of direct merges to default branch (main or master).\n   - When you manage commits, preserve commit history for later analysis.\n   - When you contribute, keep repository history forward-moving with regular commits, pushes, and reverts if needed.\n   - When you face conflict that you cannot resolve yourself, ask for help.\n   - When you collaborate, respect branch protections by working only on issue-2591-1b69dfe657e2.\n   - When you mention a result, include the pull request URL or comment URL.\n   - When you need to create pr, remember pr 2592 already exists for this branch.\nSelf review.\n   - When you check your solution draft, run all tests locally.\n   - When you check your solution draft, verify git status shows a clean working tree with no uncommitted changes.\n   - When you compare with repo style, use gh pr diff [number].\n   - When you finalize, confirm code, tests, and description are consistent.\nGitHub CLI command patterns.\n   - When fetching lists from GitHub API, use the --paginate flag to ensure all results are returned (GitHub returns max 30 per page by default).\n   - When listing PR review comments (inline code comments), use gh api repos/OWNER/REPO/pulls/NUMBER/comments --paginate.\n   - When listing PR conversation comments, use gh api repos/OWNER/REPO/issues/NUMBER/comments --paginate.\n   - When listing PR reviews, use gh api repos/OWNER/REPO/pulls/NUMBER/reviews --paginate.\n   - When listing issue comments, use gh api repos/OWNER/REPO/issues/NUMBER/comments --paginate.\n   - When adding PR comment, use gh pr comment NUMBER --body \"text\" --repo OWNER/REPO.\n   - When adding issue comment, use gh issue comment NUMBER --body \"text\" --repo OWNER/REPO.\n   - When viewing PR details, use gh pr view NUMBER --repo OWNER/REPO.\n   - When filtering with jq, use gh api repos/link-assistant/hive-mind/pulls/2592/comments --paginate --jq 'reverse | .[0:5]'.\nPlaywright MCP usage (browser automation via MCP tools).\n   - When you develop frontend web applications (HTML, CSS, JavaScript, React, Vue, Angular, etc.), use Playwright MCP tools to test the UI in a real browser.\n   - When WebFetch tool fails to retrieve expected content (e.g., returns empty content, JavaScript-rendered pages, or login-protected pages), use Playwright MCP tools (browser_navigate, browser_snapshot) as a fallback for web browsing.\n   - When WebSearch tool fails or returns insufficient results, use Playwright MCP tools (browser_navigate, browser_snapshot) as a fallback for internet search.\n   - When you need to interact with dynamic web pages that require JavaScript execution, use Playwright MCP tools.\n   - When you need to visually verify how a web page looks or take screenshots, use browser_take_screenshot from Playwright MCP.\n   - When you need to fill forms, click buttons, or perform user interactions on web pages, use Playwright MCP tools (browser_click, browser_type, browser_fill_form).\n   - When you need to test responsive design or different viewport sizes, use browser_resize from Playwright MCP.\n   - When you finish using the browser, close it with browser_close to free resources.\n   - When reproducing UI bugs, use browser_take_screenshot to capture the problem state before implementing any fix.\n   - When fixing UI bugs, take before/after screenshots to provide visual evidence of the fix for human verification.\n   - When creating UI tests, save baseline screenshots to the repository for visual regression testing.\n   - When verifying UI fixes, compare screenshots to ensure the fix does not introduce unintended visual changes.\nIssue to solve: https://github.com/link-assistant/hive-mind/issues/2591\nYour prepared branch: issue-2591-1b69dfe657e2\nYour prepared working directory: /tmp/gh-issue-solver-1791357262243\nYour prepared Pull Request: https://github.com/link-assistant/hive-mind/pull/2592\nProceed.",
Formal AI draft	UNKNOWN STEP	2026-10-07T07:15:00.9092145Z   "parsed": {
Formal AI draft	UNKNOWN STEP	2026-10-07T07:15:00.9173970Z     "message": "You are an AI issue solver using @link-assistant/agent.\nGeneral guidelines.\n   - When you execute commands and the output becomes large, save the logs to files for easier review.\n   - When running commands, avoid setting a timeout yourself. Let them run as long as needed.\n   - When running sudo commands, especially package installations, run them in the background to avoid timeout issues.\n   - When CI is failing, download the logs locally and investigate them carefully.\n   - When a code or log file has more than 1500 lines, read it in chunks of 1500 lines.\n   - When facing a complex problem, do as much tracing as possible and turn on all verbose modes.\n   - When you create debug, test, or example scripts while fixing an issue, keep them in ./examples and/or ./experiments so you can reuse them later.\n   - When you test assumptions, keep experiment scripts in ./experiments.\n   - When an experiment demonstrates a real-world use case of the software, add it to ./examples.\n   - When you face something extremely hard, use divide and conquer.\nInitial research.\n   - When you start, create a detailed plan for yourself and follow your todo list step by step. Add as many relevant points from these guidelines to the todo list as practical so you can track the work clearly.\n   - When you read issue, read all details and comments thoroughly.\n   - When you see screenshots or images in issue descriptions, pull request descriptions, comments, or discussions, download the image to a local file first, then use the Read tool to view and analyze it. Before reading downloaded images with the Read tool, verify that the file is a valid image rather than HTML by using a CLI tool such as the 'file' command. When the file command shows \"HTML\", \"text\", or \"ASCII text\", the download failed, so do not call Read on that file. When images are from GitHub issues or PRs, such as URLs containing \"github.com/user-attachments\", use: curl -L -H \"Authorization: [REDACTED] $(gh auth token)\" -o <filename> \"<url>\"\n   - When you need issue details, use gh issue view https://github.com/link-assistant/hive-mind/issues/2591.\n   - When you need related code, use gh search code --owner link-assistant [keywords].\n   - When you need repo context, read files in your working directory.\n   - When you study related work, study the most recent related pull requests.\n   - When the issue is not defined clearly enough, write a comment with clarifying questions.\n   - When accessing GitHub Gists, use gh gist view command instead of direct URL fetching.\n   - When you are fixing a bug, find the actual root cause first and run as many experiments as needed.\n   - When you are fixing a bug and the code does not have enough tracing or logs, add them and keep them in the code with the default state switched off.\n   - When you need comments on a pull request, note that GitHub has three different comment types with different API endpoints:\n      1. PR review comments (inline code comments): gh api repos/link-assistant/hive-mind/pulls/2592/comments --paginate\n      2. PR conversation comments (general discussion): gh api repos/link-assistant/hive-mind/issues/2592/comments --paginate\n      3. PR reviews (approve/request changes): gh api repos/link-assistant/hive-mind/pulls/2592/reviews --paginate\n      Note: The command \"gh pr view --json comments\" only returns conversation comments and misses review comments.\n   - When you need the latest comments on the issue, use gh api repos/link-assistant/hive-mind/issues/2591/comments --paginate.\nSolution development and testing.\n   - When issue is solvable, first create a test that reproduces the problem, then implement the fix.\n   - When coding, commit each atomic step that is useful on its own to the pull request branch so interrupted work remains preserved in the pull request.\n   - When you test:\n      start from testing of small functions using separate scripts;\n      write unit tests with mocks for easy and quick start.\n   - When you test integrations, use existing framework.\n   - When you test solution draft, include automated checks in pr.\n   - When you write or modify tests, consider setting reasonable timeouts at test, suite, and CI job levels so failures surface quickly instead of hanging.\n   - When you see repeated test timeout patterns in CI, investigate the root cause rather than increasing timeouts.\n   - When the issue is unclear, write a comment on the issue with questions.\n   - When you encounter any problems that you are unable to solve yourself, write a comment to the pull request asking for help.\n   - When you need human help, use gh pr comment 2592 --body \"your message\" to comment on existing PR.\nReproducible testing.\n   - When fixing a bug, create a test that reproduces the problem before implementing the fix. When you cannot reproduce the problem, you cannot verify the fix.\n   - When encountering logic bugs, write an automated test that fails due to the bug, then implement the fix to make it pass.\n   - When encountering UI bugs, capture a screenshot showing the problem state, then create a visual regression test or manual verification screenshot after the fix.\n   - When creating tests, prefer minimum reproducible examples, meaning the simplest test case that demonstrates the issue.\n   - When submitting a fix, include in the PR description: (1) how to reproduce the issue, (2) the automated test that verifies the fix, (3) before/after screenshots for UI issues.\n   - When a bug fix does not have a reproducing test, treat the fix as incomplete because regressions can occur later without notice.\nPreparing pull request.\n   - When you code, follow contributing guidelines.\n   - When you commit, write clear message.\n   - When you need examples of style, use gh pr list --repo link-assistant/hive-mind --state merged --search [keywords].\n   - When you open pr, describe solution draft and include tests.\n   - When there is a package with version and GitHub Actions workflows for automatic release, update the version in your pull request to prepare for next release.\n   - When you update existing pr 2592, use gh pr edit to modify title and description.\n   - When you finalize the pull request:\n      check that the pull request title and description are updated (the PR may start with a [WIP] prefix and a placeholder description that should be replaced with the actual title and description of the changes),\n      follow style from merged prs for code, title, and description,\n      check that no uncommitted changes corresponding to the original requirements are left behind,\n      check that the default branch is merged into the pull request branch,\n      check that all CI checks are passing if they exist before you finish,\n      check for latest comments on the issue and pull request to ensure no recent feedback was missed,\n      double-check that all changes in the pull request address the original requirements of the issue,\n      check for newly introduced bugs in the pull request by carefully reading gh pr diff,\n      check that no previously existing features were removed without an explicit request in the issue description, issue comments, or pull request comments.\n   - When you finish implementation, use gh pr ready 2592.\nWorkflow and collaboration.\n   - When you check branch, verify with git branch --show-current.\n   - When you push, push only to branch issue-2591-1b69dfe657e2.\n   - When you finish, create a pull request from branch issue-2591-1b69dfe657e2.\n   - When pr 2592 already exists for this branch, update it instead of creating new one.\n   - When you organize workflow, use pull requests instead of direct merges to default branch (main or master).\n   - When you manage commits, preserve commit history for later analysis.\n   - When you contribute, keep repository history forward-moving with regular commits, pushes, and reverts if needed.\n   - When you face conflict that you cannot resolve yourself, ask for help.\n   - When you collaborate, respect branch protections by working only on issue-2591-1b69dfe657e2.\n   - When you mention a result, include the pull request URL or comment URL.\n   - When you need to create pr, remember pr 2592 already exists for this branch.\nSelf review.\n   - When you check your solution draft, run all tests locally.\n   - When you check your solution draft, verify git status shows a clean working tree with no uncommitted changes.\n   - When you compare with repo style, use gh pr diff [number].\n   - When you finalize, confirm code, tests, and description are consistent.\nGitHub CLI command patterns.\n   - When fetching lists from GitHub API, use the --paginate flag to ensure all results are returned (GitHub returns max 30 per page by default).\n   - When listing PR review comments (inline code comments), use gh api repos/OWNER/REPO/pulls/NUMBER/comments --paginate.\n   - When listing PR conversation comments, use gh api repos/OWNER/REPO/issues/NUMBER/comments --paginate.\n   - When listing PR reviews, use gh api repos/OWNER/REPO/pulls/NUMBER/reviews --paginate.\n   - When listing issue comments, use gh api repos/OWNER/REPO/issues/NUMBER/comments --paginate.\n   - When adding PR comment, use gh pr comment NUMBER --body \"text\" --repo OWNER/REPO.\n   - When adding issue comment, use gh issue comment NUMBER --body \"text\" --repo OWNER/REPO.\n   - When viewing PR details, use gh pr view NUMBER --repo OWNER/REPO.\n   - When filtering with jq, use gh api repos/link-assistant/hive-mind/pulls/2592/comments --paginate --jq 'reverse | .[0:5]'.\nPlaywright MCP usage (browser automation via MCP tools).\n   - When you develop frontend web applications (HTML, CSS, JavaScript, React, Vue, Angular, etc.), use Playwright MCP tools to test the UI in a real browser.\n   - When WebFetch tool fails to retrieve expected content (e.g., returns empty content, JavaScript-rendered pages, or login-protected pages), use Playwright MCP tools (browser_navigate, browser_snapshot) as a fallback for web browsing.\n   - When WebSearch tool fails or returns insufficient results, use Playwright MCP tools (browser_navigate, browser_snapshot) as a fallback for internet search.\n   - When you need to interact with dynamic web pages that require JavaScript execution, use Playwright MCP tools.\n   - When you need to visually verify how a web page looks or take screenshots, use browser_take_screenshot from Playwright MCP.\n   - When you need to fill forms, click buttons, or perform user interactions on web pages, use Playwright MCP tools (browser_click, browser_type, browser_fill_form).\n   - When you need to test responsive design or different viewport sizes, use browser_resize from Playwright MCP.\n   - When you finish using the browser, close it with browser_close to free resources.\n   - When reproducing UI bugs, use browser_take_screenshot to capture the problem state before implementing any fix.\n   - When fixing UI bugs, take before/after screenshots to provide visual evidence of the fix for human verification.\n   - When creating UI tests, save baseline screenshots to the repository for visual regression testing.\n   - When verifying UI fixes, compare screenshots to ensure the fix does not introduce unintended visual changes.\nIssue to solve: https://github.com/link-assistant/hive-mind/issues/2591\nYour prepared branch: issue-2591-1b69dfe657e2\nYour prepared working directory: /tmp/gh-issue-solver-1791357262243\nYour prepared Pull Request: https://github.com/link-assistant/hive-mind/pull/2592\nProceed."
Formal AI draft	UNKNOWN STEP	2026-10-07T07:15:00.9244307Z   },
Formal AI draft	UNKNOWN STEP	2026-10-07T07:15:00.9244665Z   "format": "text",
Formal AI draft	UNKNOWN STEP	2026-10-07T07:15:00.9245051Z   "kind": "message"
Formal AI draft	UNKNOWN STEP	2026-10-07T07:15:00.9245404Z }
Formal AI draft	UNKNOWN STEP	2026-10-07T07:15:00.9245736Z {
Formal AI draft	UNKNOWN STEP	2026-10-07T07:15:00.9246054Z   "type": "*",
Formal AI draft	UNKNOWN STEP	2026-10-07T07:15:00.9246418Z   "level": "info",
Formal AI draft	UNKNOWN STEP	2026-10-07T07:15:00.9247062Z   "timestamp": "2026-10-07T07:15:00.855Z",
Formal AI draft	UNKNOWN STEP	2026-10-07T07:15:00.9247546Z   "service": "bus",
Formal AI draft	UNKNOWN STEP	2026-10-07T07:15:00.9247915Z   "message": "subscribing"
Formal AI draft	UNKNOWN STEP	2026-10-07T07:15:00.9248301Z }
Formal AI draft	UNKNOWN STEP	2026-10-07T07:15:00.9248607Z {
Formal AI draft	UNKNOWN STEP	2026-10-07T07:15:00.9248911Z   "type": "log",
Formal AI draft	UNKNOWN STEP	2026-10-07T07:15:00.9249234Z   "level": "info",
Formal AI draft	UNKNOWN STEP	2026-10-07T07:15:00.9249626Z   "timestamp": "2026-10-07T07:15:00.855Z",
Formal AI draft	UNKNOWN STEP	2026-10-07T07:15:00.9250064Z   "service": "http",
Formal AI draft	UNKNOWN STEP	2026-10-07T07:15:00.9250403Z   "caller": "global",
Formal AI draft	UNKNOWN STEP	2026-10-07T07:15:00.9250747Z   "callNum": 5,
Formal AI draft	UNKNOWN STEP	2026-10-07T07:15:00.9251076Z   "method": "POST",
Formal AI draft	UNKNOWN STEP	2026-10-07T07:15:00.9251699Z   "url": "http://127.0.0.1:45765/session/ses_eeac8cf94ffeyTFAtT4RkpA28d/message",
Formal AI draft	UNKNOWN STEP	2026-10-07T07:15:00.9252353Z   "headers": {
Formal AI draft	UNKNOWN STEP	2026-10-07T07:15:00.9252756Z     "Content-Type": "application/json"
Formal AI draft	UNKNOWN STEP	2026-10-07T07:15:00.9253179Z   },
Formal AI draft	UNKNOWN STEP	2026-10-07T07:15:00.9281315Z   "bodyPreview": "{\"parts\":[{\"type\":\"text\",\"text\":\"You are an AI issue solver using @link-assistant/agent.\\nGeneral guidelines.\\n   - When you execute commands and the output becomes large, save the logs to files for easier review.\\n   - When running commands, avoid setting a timeout yourself. Let them run as long as needed.\\n   - When running sudo commands, especially package installations, run them in the background to avoid timeout issues.\\n   - When CI is failing, download the logs locally and investigate them carefully.\\n   - When a code or log file has more than 1500 lines, read it in chunks of 1500 lines.\\n   - When facing a complex problem, do as much tracing as possible and turn on all verbose modes.\\n   - When you create debug, test, or example scripts while fixing an issue, keep them in ./examples and/or ./experiments so you can reuse them later.\\n   - When you test assumptions, keep experiment scripts in ./experiments.\\n   - When an experiment demonstrates a real-world use case of the software, add it to ./examples.\\n   - When you face something extremely hard, use divide and conquer.\\nInitial research.\\n   - When you start, create a detailed plan for yourself and follow your todo list step by step. Add as many relevant points from these guidelines to the todo list as practical so you can track the work clearly.\\n   - When you read issue, read all details and comments thoroughly.\\n   - When you see screenshots or images in issue descriptions, pull request descriptions, comments, or discussions, download the image to a local file first, then use the Read tool to view and analyze it. Before reading downloaded images with the Read tool, verify that the file is a valid image rather than HTML by using a CLI tool such as the 'file' command. When the file command shows \\\"HTML\\\", \\\"text\\\", or \\\"ASCII text\\\", the download failed, so do not call Read on that file. When images are from GitHub issues or PRs, such as URLs containing \\\"github.com/user-attachments\\\", use: curl -L -H \\\"Authorization: [REDACTED] $(gh auth token)\\\" -o <filename> \\\"<url>\\\"\\n   - When you need issue details, use gh issue view https://github.com/link-assistant/hive-mind/issues/2591.\\n   - When you need related code, use gh search code --owner link-assistant [keywords].\\n   - When you need repo context, read files in your working directory.\\n   - When you study related work, study the most recent related pull requests.\\n   - When the issue is not defined clearly enough, write a comment with clarifying questions.\\n   - When accessing GitHub Gists, use gh gist view command instead of direct URL fetching.\\n   - When you are fixing a bug, find the actual root cause first and run as many experiments as needed.\\n   - When you are fixing a bug and the code does not have enough tracing or logs, add them and keep them in the code with the default state switched off.\\n   - When you need comments on a pull request, note that GitHub has three different comment types with different API endpoints:\\n      1. PR review comments (inline code comments): gh api repos/link-assistant/hive-mind/pulls/2592/comments --paginate\\n      2. PR conversation comments (general discussion): gh api repos/link-assistant/hive-mind/issues/2592/comments --paginate\\n      3. PR reviews (approve/request changes): gh api repos/link-assistant/hive-mind/pulls/2592/reviews --paginate\\n      Note: The command \\\"gh pr view --json comments\\\" only returns conversation comments and misses review comments.\\n   - When you need the latest comments on the issue, use gh api repos/link-assistant/hive-mind/issues/2591/comments --paginate.\\nSolution development and testing.\\n   - When issue is solvable, first create a test that reproduces the problem, then implement the fix.\\n   - When coding, commit each atomic step that is useful on its own to the pull request branch so interrupted work remains preserved in the pull request.\\n   - When you test:\\n      start from testing of small functions using separate scripts;\\n      write un... [truncated, total 11892 chars]",
Formal AI draft	UNKNOWN STEP	2026-10-07T07:15:00.9304847Z   "message": "HTTP request"
Formal AI draft	UNKNOWN STEP	2026-10-07T07:15:00.9305243Z }
Formal AI draft	UNKNOWN STEP	2026-10-07T07:15:00.9305533Z {
Formal AI draft	UNKNOWN STEP	2026-10-07T07:15:00.9305841Z   "type": "log",
Formal AI draft	UNKNOWN STEP	2026-10-07T07:15:00.9306184Z   "level": "info",
Formal AI draft	UNKNOWN STEP	2026-10-07T07:15:00.9306771Z   "timestamp": "2026-10-07T07:15:00.855Z",
Formal AI draft	UNKNOWN STEP	2026-10-07T07:15:00.9307245Z   "service": "server",
Formal AI draft	UNKNOWN STEP	2026-10-07T07:15:00.9307617Z   "method": "POST",
Formal AI draft	UNKNOWN STEP	2026-10-07T07:15:00.9308159Z   "path": "/session/ses_eeac8cf94ffeyTFAtT4RkpA28d/message",
Formal AI draft	UNKNOWN STEP	2026-10-07T07:15:00.9308739Z   "message": "request"
Formal AI draft	UNKNOWN STEP	2026-10-07T07:15:00.9309090Z }
Formal AI draft	UNKNOWN STEP	2026-10-07T07:15:00.9309373Z {
Formal AI draft	UNKNOWN STEP	2026-10-07T07:15:00.9309670Z   "type": "log",
Formal AI draft	UNKNOWN STEP	2026-10-07T07:15:00.9310014Z   "level": "info",
Formal AI draft	UNKNOWN STEP	2026-10-07T07:15:00.9310426Z   "timestamp": "2026-10-07T07:15:00.855Z",
Formal AI draft	UNKNOWN STEP	2026-10-07T07:15:00.9310885Z   "service": "server",
Formal AI draft	UNKNOWN STEP	2026-10-07T07:15:00.9311451Z   "status": "started",
Formal AI draft	UNKNOWN STEP	2026-10-07T07:15:00.9311826Z   "method": "POST",
Formal AI draft	UNKNOWN STEP	2026-10-07T07:15:00.9312358Z   "path": "/session/ses_eeac8cf94ffeyTFAtT4RkpA28d/message",
Formal AI draft	UNKNOWN STEP	2026-10-07T07:15:00.9312924Z   "message": "request"
Formal AI draft	UNKNOWN STEP	2026-10-07T07:15:00.9313271Z }
Formal AI draft	UNKNOWN STEP	2026-10-07T07:15:00.9313576Z {
Formal AI draft	UNKNOWN STEP	2026-10-07T07:15:00.9313878Z   "type": "log",
Formal AI draft	UNKNOWN STEP	2026-10-07T07:15:00.9314265Z   "level": "info",
Formal AI draft	UNKNOWN STEP	2026-10-07T07:15:00.9314681Z   "timestamp": "2026-10-07T07:15:00.862Z",
Formal AI draft	UNKNOWN STEP	2026-10-07T07:15:00.9315134Z   "service": "server",
Formal AI draft	UNKNOWN STEP	2026-10-07T07:15:00.9315516Z   "status": "completed",
Formal AI draft	UNKNOWN STEP	2026-10-07T07:15:00.9315898Z   "duration": 7,
Formal AI draft	UNKNOWN STEP	2026-10-07T07:15:00.9316265Z   "method": "POST",
Formal AI draft	UNKNOWN STEP	2026-10-07T07:15:00.9316978Z   "path": "/session/ses_eeac8cf94ffeyTFAtT4RkpA28d/message",
Formal AI draft	UNKNOWN STEP	2026-10-07T07:15:00.9317557Z   "message": "request"
Formal AI draft	UNKNOWN STEP	2026-10-07T07:15:00.9317918Z }
Formal AI draft	UNKNOWN STEP	2026-10-07T07:15:00.9318205Z {
Formal AI draft	UNKNOWN STEP	2026-10-07T07:15:00.9318541Z   "type": "message.updated",
Formal AI draft	UNKNOWN STEP	2026-10-07T07:15:00.9318952Z   "level": "info",
Formal AI draft	UNKNOWN STEP	2026-10-07T07:15:00.9319401Z   "timestamp": "2026-10-07T07:15:00.866Z",
Formal AI draft	UNKNOWN STEP	2026-10-07T07:15:00.9319864Z   "service": "bus",
Formal AI draft	UNKNOWN STEP	2026-10-07T07:15:00.9320232Z   "message": "publishing"
Formal AI draft	UNKNOWN STEP	2026-10-07T07:15:00.9320612Z }
Formal AI draft	UNKNOWN STEP	2026-10-07T07:15:00.9320899Z {
Formal AI draft	UNKNOWN STEP	2026-10-07T07:15:00.9321267Z   "type": "message.part.updated",
Formal AI draft	UNKNOWN STEP	2026-10-07T07:15:00.9321706Z   "level": "info",
Formal AI draft	UNKNOWN STEP	2026-10-07T07:15:00.9322135Z   "timestamp": "2026-10-07T07:15:00.868Z",
Formal AI draft	UNKNOWN STEP	2026-10-07T07:15:00.9322591Z   "service": "bus",
Formal AI draft	UNKNOWN STEP	2026-10-07T07:15:00.9322954Z   "message": "publishing"
Formal AI draft	UNKNOWN STEP	2026-10-07T07:15:00.9323328Z }
Formal AI draft	UNKNOWN STEP	2026-10-07T07:15:00.9323614Z {
Formal AI draft	UNKNOWN STEP	2026-10-07T07:15:00.9323931Z   "type": "session.updated",
Formal AI draft	UNKNOWN STEP	2026-10-07T07:15:00.9324343Z   "level": "info",
Formal AI draft	UNKNOWN STEP	2026-10-07T07:15:00.9341958Z   "timestamp": "2026-10-07T07:15:00.868Z",
Formal AI draft	UNKNOWN STEP	2026-10-07T07:15:00.9342710Z   "service": "bus",
Formal AI draft	UNKNOWN STEP	2026-10-07T07:15:00.9343114Z   "message": "publishing"
Formal AI draft	UNKNOWN STEP	2026-10-07T07:15:00.9343509Z }
Formal AI draft	UNKNOWN STEP	2026-10-07T07:15:00.9343821Z {
Formal AI draft	UNKNOWN STEP	2026-10-07T07:15:00.9344137Z   "type": "log",
Formal AI draft	UNKNOWN STEP	2026-10-07T07:15:00.9344488Z   "level": "info",
Formal AI draft	UNKNOWN STEP	2026-10-07T07:15:00.9344937Z   "timestamp": "2026-10-07T07:15:00.872Z",
Formal AI draft	UNKNOWN STEP	2026-10-07T07:15:00.9345481Z   "service": "session.prompt",
Formal AI draft	UNKNOWN STEP	2026-10-07T07:15:00.9345913Z   "step": 0,
Formal AI draft	UNKNOWN STEP	2026-10-07T07:15:00.9346378Z   "sessionID": "ses_eeac8cf94ffeyTFAtT4RkpA28d",
Formal AI draft	UNKNOWN STEP	2026-10-07T07:15:00.9347125Z   "message": "loop"
Formal AI draft	UNKNOWN STEP	2026-10-07T07:15:00.9347481Z }
Formal AI draft	UNKNOWN STEP	2026-10-07T07:15:00.9348244Z 📌 Session ID: ses_eeac8cf94ffeyTFAtT4RkpA28d
Formal AI draft	UNKNOWN STEP	2026-10-07T07:15:00.9351824Z 🧾 Formal AI evidence bundle armed for session ses_eeac8cf94ffeyTFAtT4RkpA28d
Formal AI draft	UNKNOWN STEP	2026-10-07T07:15:00.9366198Z {
Formal AI draft	UNKNOWN STEP	2026-10-07T07:15:00.9366892Z   "type": "log",
Formal AI draft	UNKNOWN STEP	2026-10-07T07:15:00.9367495Z   "level": "info",
Formal AI draft	UNKNOWN STEP	2026-10-07T07:15:00.9368203Z   "timestamp": "2026-10-07T07:15:00.874Z",
Formal AI draft	UNKNOWN STEP	2026-10-07T07:15:00.9368797Z   "service": "session.prompt",
Formal AI draft	UNKNOWN STEP	2026-10-07T07:15:00.9369545Z   "hint": "Enable with --generate-title flag or AGENT_GENERATE_TITLE=true",
Formal AI draft	UNKNOWN STEP	2026-10-07T07:15:00.9370284Z   "message": "title generation disabled"
Formal AI draft	UNKNOWN STEP	2026-10-07T07:15:00.9370771Z }
Formal AI draft	UNKNOWN STEP	2026-10-07T07:15:00.9382633Z {
Formal AI draft	UNKNOWN STEP	2026-10-07T07:15:00.9383155Z   "type": "log",
Formal AI draft	UNKNOWN STEP	2026-10-07T07:15:00.9383571Z   "level": "info",
Formal AI draft	UNKNOWN STEP	2026-10-07T07:15:00.9384042Z   "timestamp": "2026-10-07T07:15:00.874Z",
Formal AI draft	UNKNOWN STEP	2026-10-07T07:15:00.9384578Z   "service": "session.prompt",
Formal AI draft	UNKNOWN STEP	2026-10-07T07:15:00.9385010Z   "providerID": "formalai",
Formal AI draft	UNKNOWN STEP	2026-10-07T07:15:00.9385436Z   "modelID": "formal-ai",
Formal AI draft	UNKNOWN STEP	2026-10-07T07:15:00.9385935Z   "sessionID": "ses_eeac8cf94ffeyTFAtT4RkpA28d",
Formal AI draft	UNKNOWN STEP	2026-10-07T07:15:00.9386458Z   "step": 1,
Formal AI draft	UNKNOWN STEP	2026-10-07T07:15:00.9387112Z   "message": "resolving model"
Formal AI draft	UNKNOWN STEP	2026-10-07T07:15:00.9387541Z }
Formal AI draft	UNKNOWN STEP	2026-10-07T07:15:00.9404518Z {
Formal AI draft	UNKNOWN STEP	2026-10-07T07:15:00.9404993Z   "type": "log",
Formal AI draft	UNKNOWN STEP	2026-10-07T07:15:00.9405457Z   "level": "info",
Formal AI draft	UNKNOWN STEP	2026-10-07T07:15:00.9406004Z   "timestamp": "2026-10-07T07:15:00.875Z",
Formal AI draft	UNKNOWN STEP	2026-10-07T07:15:00.9406793Z   "service": "provider",
Formal AI draft	UNKNOWN STEP	2026-10-07T07:15:00.9407344Z   "providerID": "formalai",
Formal AI draft	UNKNOWN STEP	2026-10-07T07:15:00.9407842Z   "modelID": "formal-ai",
Formal AI draft	UNKNOWN STEP	2026-10-07T07:15:00.9408300Z   "message": "getModel"
Formal AI draft	UNKNOWN STEP	2026-10-07T07:15:00.9408756Z }
Formal AI draft	UNKNOWN STEP	2026-10-07T07:15:00.9421314Z {
Formal AI draft	UNKNOWN STEP	2026-10-07T07:15:00.9421855Z   "type": "log",
Formal AI draft	UNKNOWN STEP	2026-10-07T07:15:00.9422696Z   "level": "info",
Formal AI draft	UNKNOWN STEP	2026-10-07T07:15:00.9423386Z   "timestamp": "2026-10-07T07:15:00.875Z",
Formal AI draft	UNKNOWN STEP	2026-10-07T07:15:00.9423910Z   "service": "provider",
Formal AI draft	UNKNOWN STEP	2026-10-07T07:15:00.9424320Z   "status": "started",
Formal AI draft	UNKNOWN STEP	2026-10-07T07:15:00.9424723Z   "providerID": "formalai",
Formal AI draft	UNKNOWN STEP	2026-10-07T07:15:00.9425138Z   "message": "getSDK"
Formal AI draft	UNKNOWN STEP	2026-10-07T07:15:00.9425489Z }
Formal AI draft	UNKNOWN STEP	2026-10-07T07:15:00.9437957Z {
Formal AI draft	UNKNOWN STEP	2026-10-07T07:15:00.9438393Z   "type": "log",
Formal AI draft	UNKNOWN STEP	2026-10-07T07:15:00.9438874Z   "level": "info",
Formal AI draft	UNKNOWN STEP	2026-10-07T07:15:00.9439391Z   "timestamp": "2026-10-07T07:15:00.876Z",
Formal AI draft	UNKNOWN STEP	2026-10-07T07:15:00.9439972Z   "service": "provider",
Formal AI draft	UNKNOWN STEP	2026-10-07T07:15:00.9440531Z   "providerID": "formalai",
Formal AI draft	UNKNOWN STEP	2026-10-07T07:15:00.9441137Z   "pkg": "@ai-sdk/openai-compatible",
Formal AI draft	UNKNOWN STEP	2026-10-07T07:15:00.9441782Z   "globalVerboseFetchInstalled": true,
Formal AI draft	UNKNOWN STEP	2026-10-07T07:15:00.9442354Z   "verboseAtCreation": true,
Formal AI draft	UNKNOWN STEP	2026-10-07T07:15:00.9443000Z   "message": "provider SDK fetch chain configured"
Formal AI draft	UNKNOWN STEP	2026-10-07T07:15:00.9443510Z }
Formal AI draft	UNKNOWN STEP	2026-10-07T07:15:00.9460664Z {
Formal AI draft	UNKNOWN STEP	2026-10-07T07:15:00.9461317Z   "type": "log",
Formal AI draft	UNKNOWN STEP	2026-10-07T07:15:00.9461921Z   "level": "info",
Formal AI draft	UNKNOWN STEP	2026-10-07T07:15:00.9462536Z   "timestamp": "2026-10-07T07:15:00.876Z",
Formal AI draft	UNKNOWN STEP	2026-10-07T07:15:00.9463177Z   "service": "provider",
Formal AI draft	UNKNOWN STEP	2026-10-07T07:15:00.9463741Z   "providerID": "formalai",
Formal AI draft	UNKNOWN STEP	2026-10-07T07:15:00.9464880Z   "pkg": "@ai-sdk/openai-compatible",
Formal AI draft	UNKNOWN STEP	2026-10-07T07:15:00.9465641Z   "message": "using bundled provider (no installation needed)"
Formal AI draft	UNKNOWN STEP	2026-10-07T07:15:00.9466254Z }
Formal AI draft	UNKNOWN STEP	2026-10-07T07:15:00.9476165Z {
Formal AI draft	UNKNOWN STEP	2026-10-07T07:15:00.9477272Z   "type": "log",
Formal AI draft	UNKNOWN STEP	2026-10-07T07:15:00.9477865Z   "level": "info",
Formal AI draft	UNKNOWN STEP	2026-10-07T07:15:00.9478350Z   "timestamp": "2026-10-07T07:15:00.876Z",
Formal AI draft	UNKNOWN STEP	2026-10-07T07:15:00.9478838Z   "service": "provider",
Formal AI draft	UNKNOWN STEP	2026-10-07T07:15:00.9479487Z   "status": "completed",
Formal AI draft	UNKNOWN STEP	2026-10-07T07:15:00.9479870Z   "duration": 1,
Formal AI draft	UNKNOWN STEP	2026-10-07T07:15:00.9480249Z   "providerID": "formalai",
Formal AI draft	UNKNOWN STEP	2026-10-07T07:15:00.9480709Z   "message": "getSDK"
Formal AI draft	UNKNOWN STEP	2026-10-07T07:15:00.9481106Z }
Formal AI draft	UNKNOWN STEP	2026-10-07T07:15:00.9491822Z {
Formal AI draft	UNKNOWN STEP	2026-10-07T07:15:00.9492352Z   "type": "log",
Formal AI draft	UNKNOWN STEP	2026-10-07T07:15:00.9492750Z   "level": "info",
Formal AI draft	UNKNOWN STEP	2026-10-07T07:15:00.9493198Z   "timestamp": "2026-10-07T07:15:00.876Z",
Formal AI draft	UNKNOWN STEP	2026-10-07T07:15:00.9493715Z   "service": "provider",
Formal AI draft	UNKNOWN STEP	2026-10-07T07:15:00.9494132Z   "providerID": "formalai",
Formal AI draft	UNKNOWN STEP	2026-10-07T07:15:00.9494544Z   "modelID": "formal-ai",
Formal AI draft	UNKNOWN STEP	2026-10-07T07:15:00.9494948Z   "message": "found"
Formal AI draft	UNKNOWN STEP	2026-10-07T07:15:00.9495286Z }
Formal AI draft	UNKNOWN STEP	2026-10-07T07:15:00.9508625Z {
Formal AI draft	UNKNOWN STEP	2026-10-07T07:15:00.9508976Z   "type": "log",
Formal AI draft	UNKNOWN STEP	2026-10-07T07:15:00.9509347Z   "level": "info",
Formal AI draft	UNKNOWN STEP	2026-10-07T07:15:00.9509789Z   "timestamp": "2026-10-07T07:15:00.876Z",
Formal AI draft	UNKNOWN STEP	2026-10-07T07:15:00.9510327Z   "service": "session.prompt",
Formal AI draft	UNKNOWN STEP	2026-10-07T07:15:00.9510773Z   "providerID": "formalai",
Formal AI draft	UNKNOWN STEP	2026-10-07T07:15:00.9511190Z   "modelID": "formal-ai",
Formal AI draft	UNKNOWN STEP	2026-10-07T07:15:00.9511664Z   "resolvedModelID": "formal-ai",
Formal AI draft	UNKNOWN STEP	2026-10-07T07:15:00.9512191Z   "message": "model resolved successfully"
Formal AI draft	UNKNOWN STEP	2026-10-07T07:15:00.9512518Z }
Formal AI draft	UNKNOWN STEP	2026-10-07T07:15:01.2027001Z {
Formal AI draft	UNKNOWN STEP	2026-10-07T07:15:01.2027435Z   "type": "log",
Formal AI draft	UNKNOWN STEP	2026-10-07T07:15:01.2027843Z   "level": "info",
Formal AI draft	UNKNOWN STEP	2026-10-07T07:15:01.2028378Z   "timestamp": "2026-10-07T07:15:01.199Z",
Formal AI draft	UNKNOWN STEP	2026-10-07T07:15:01.2028902Z   "service": "token",
Formal AI draft	UNKNOWN STEP	2026-10-07T07:15:01.2029226Z   "message": "loaded gpt-tokenizer (o200k_base)"
Formal AI draft	UNKNOWN STEP	2026-10-07T07:15:01.2029539Z }
Formal AI draft	UNKNOWN STEP	2026-10-07T07:15:01.2085476Z {
Formal AI draft	UNKNOWN STEP	2026-10-07T07:15:01.2086442Z   "type": "message.updated",
Formal AI draft	UNKNOWN STEP	2026-10-07T07:15:01.2087190Z   "level": "info",
Formal AI draft	UNKNOWN STEP	2026-10-07T07:15:01.2087488Z   "timestamp": "2026-10-07T07:15:01.206Z",
Formal AI draft	UNKNOWN STEP	2026-10-07T07:15:01.2087786Z   "service": "bus",
Formal AI draft	UNKNOWN STEP	2026-10-07T07:15:01.2088028Z   "message": "publishing"
Formal AI draft	UNKNOWN STEP	2026-10-07T07:15:01.2088262Z }
Formal AI draft	UNKNOWN STEP	2026-10-07T07:15:01.2101202Z {
Formal AI draft	UNKNOWN STEP	2026-10-07T07:15:01.2101859Z   "type": "log",
Formal AI draft	UNKNOWN STEP	2026-10-07T07:15:01.2102376Z   "level": "info",
Formal AI draft	UNKNOWN STEP	2026-10-07T07:15:01.2102974Z   "timestamp": "2026-10-07T07:15:01.207Z",
Formal AI draft	UNKNOWN STEP	2026-10-07T07:15:01.2103627Z   "service": "system-prompt",
Formal AI draft	UNKNOWN STEP	2026-10-07T07:15:01.2104238Z   "prompt": "anthropic",
Formal AI draft	UNKNOWN STEP	2026-10-07T07:15:01.2104785Z   "model": "formal-ai",
Formal AI draft	UNKNOWN STEP	2026-10-07T07:15:01.2105707Z   "message": "system prompt: anthropic (default for unknown model formal-ai)"
Formal AI draft	UNKNOWN STEP	2026-10-07T07:15:01.2107113Z }
Formal AI draft	UNKNOWN STEP	2026-10-07T07:15:01.2124677Z {
Formal AI draft	UNKNOWN STEP	2026-10-07T07:15:01.2125166Z   "type": "log",
Formal AI draft	UNKNOWN STEP	2026-10-07T07:15:01.2125673Z   "level": "info",
Formal AI draft	UNKNOWN STEP	2026-10-07T07:15:01.2126259Z   "timestamp": "2026-10-07T07:15:01.207Z",
Formal AI draft	UNKNOWN STEP	2026-10-07T07:15:01.2127121Z   "service": "ripgrep",
Formal AI draft	UNKNOWN STEP	2026-10-07T07:15:01.2127804Z   "cwd": "/tmp/gh-issue-solver-1791357262243",
Formal AI draft	UNKNOWN STEP	2026-10-07T07:15:01.2128487Z   "limit": 200,
Formal AI draft	UNKNOWN STEP	2026-10-07T07:15:01.2128975Z   "message": "tree"
Formal AI draft	UNKNOWN STEP	2026-10-07T07:15:01.2129426Z }
Formal AI draft	UNKNOWN STEP	2026-10-07T07:15:01.2147276Z {
Formal AI draft	UNKNOWN STEP	2026-10-07T07:15:01.2147758Z   "type": "log",
Formal AI draft	UNKNOWN STEP	2026-10-07T07:15:01.2148040Z   "level": "info",
Formal AI draft	UNKNOWN STEP	2026-10-07T07:15:01.2148455Z   "timestamp": "2026-10-07T07:15:01.209Z",
Formal AI draft	UNKNOWN STEP	2026-10-07T07:15:01.2148769Z   "service": "http",
Formal AI draft	UNKNOWN STEP	2026-10-07T07:15:01.2149008Z   "caller": "ripgrep",
Formal AI draft	UNKNOWN STEP	2026-10-07T07:15:01.2149230Z   "callNum": 6,
Formal AI draft	UNKNOWN STEP	2026-10-07T07:15:01.2149553Z   "method": "GET",
Formal AI draft	UNKNOWN STEP	2026-10-07T07:15:01.2150182Z   "url": "https://github.com/BurntSushi/ripgrep/releases/download/14.1.1/ripgrep-14.1.1-x86_64-unknown-linux-musl.tar.gz",
Formal AI draft	UNKNOWN STEP	2026-10-07T07:15:01.2150876Z   "headers": {},
Formal AI draft	UNKNOWN STEP	2026-10-07T07:15:01.2151134Z   "message": "HTTP request"
Formal AI draft	UNKNOWN STEP	2026-10-07T07:15:01.2151370Z }
Formal AI draft	UNKNOWN STEP	2026-10-07T07:15:01.2603466Z {
Formal AI draft	UNKNOWN STEP	2026-10-07T07:15:01.2603830Z   "type": "log",
Formal AI draft	UNKNOWN STEP	2026-10-07T07:15:01.2604227Z   "level": "info",
Formal AI draft	UNKNOWN STEP	2026-10-07T07:15:01.2604618Z   "timestamp": "2026-10-07T07:15:01.257Z",
Formal AI draft	UNKNOWN STEP	2026-10-07T07:15:01.2605086Z   "service": "http",
Formal AI draft	UNKNOWN STEP	2026-10-07T07:15:01.2605341Z   "caller": "ripgrep",
Formal AI draft	UNKNOWN STEP	2026-10-07T07:15:01.2605588Z   "callNum": 6,
Formal AI draft	UNKNOWN STEP	2026-10-07T07:15:01.2605821Z   "method": "GET",
Formal AI draft	UNKNOWN STEP	2026-10-07T07:15:01.2606715Z   "url": "https://github.com/BurntSushi/ripgrep/releases/download/14.1.1/ripgrep-14.1.1-x86_64-unknown-linux-musl.tar.gz",
Formal AI draft	UNKNOWN STEP	2026-10-07T07:15:01.2607605Z   "status": 200,
Formal AI draft	UNKNOWN STEP	2026-10-07T07:15:01.2607850Z   "statusText": "OK",
Formal AI draft	UNKNOWN STEP	2026-10-07T07:15:01.2608096Z   "durationMs": 47,
Formal AI draft	UNKNOWN STEP	2026-10-07T07:15:01.2608335Z   "responseHeaders": {
Formal AI draft	UNKNOWN STEP	2026-10-07T07:15:01.2608594Z     "accept-ranges": "bytes",
Formal AI draft	UNKNOWN STEP	2026-10-07T07:15:01.2608869Z     "age": "2813",
Formal AI draft	UNKNOWN STEP	2026-10-07T07:15:01.2609141Z     "connection": "keep-alive",
Formal AI draft	UNKNOWN STEP	2026-10-07T07:15:01.2609739Z     "content-disposition": "attachment; filename=ripgrep-14.1.1-x86_64-unknown-linux-musl.tar.gz",
Formal AI draft	UNKNOWN STEP	2026-10-07T07:15:01.2610322Z     "content-length": "2566310",
Formal AI draft	UNKNOWN STEP	2026-10-07T07:15:01.2610694Z     "content-type": "application/octet-stream",
Formal AI draft	UNKNOWN STEP	2026-10-07T07:15:01.2611090Z     "date": "Wed, 07 Oct 2026 07:15:01 GMT",
Formal AI draft	UNKNOWN STEP	2026-10-07T07:15:01.2611436Z     "etag": "\"0x8DCD0765F32CA10\"",
Formal AI draft	UNKNOWN STEP	2026-10-07T07:15:01.2611818Z     "last-modified": "Mon, 09 Sep 2024 02:23:20 GMT",
Formal AI draft	UNKNOWN STEP	2026-10-07T07:15:01.2612280Z     "server": "Windows-Azure-Blob/1.0 Microsoft-HTTPAPI/2.0",
Formal AI draft	UNKNOWN STEP	2026-10-07T07:15:01.2612666Z     "via": "1.1 varnish",
Formal AI draft	UNKNOWN STEP	2026-10-07T07:15:01.2612919Z     "x-cache": "HIT",
Formal AI draft	UNKNOWN STEP	2026-10-07T07:15:01.2613175Z     "x-cache-hits": "1",
Formal AI draft	UNKNOWN STEP	2026-10-07T07:15:01.2613475Z     "x-ms-access-tier": "Hot",
Formal AI draft	UNKNOWN STEP	2026-10-07T07:15:01.2613803Z     "x-ms-access-tier-inferred": "true",
Formal AI draft	UNKNOWN STEP	2026-10-07T07:15:01.2614153Z     "x-ms-blob-type": "BlockBlob",
Formal AI draft	UNKNOWN STEP	2026-10-07T07:15:01.2614548Z     "x-ms-creation-time": "Mon, 09 Sep 2024 02:23:20 GMT",
Formal AI draft	UNKNOWN STEP	2026-10-07T07:15:01.2614939Z     "x-ms-lease-state": "available",
Formal AI draft	UNKNOWN STEP	2026-10-07T07:15:01.2615266Z     "x-ms-lease-status": "unlocked",
Formal AI draft	UNKNOWN STEP	2026-10-07T07:15:01.2615682Z     "x-ms-request-id": "5275861b-d01e-0006-71cd-49d2ea000000",
Formal AI draft	UNKNOWN STEP	2026-10-07T07:15:01.2616061Z     "x-ms-server-encrypted": "true",
Formal AI draft	UNKNOWN STEP	2026-10-07T07:15:01.2616375Z     "x-ms-version": "2018-11-09",
Formal AI draft	UNKNOWN STEP	2026-10-07T07:15:01.2616941Z     "x-served-by": "cache-iad-kiad7000144-IAD",
Formal AI draft	UNKNOWN STEP	2026-10-07T07:15:01.2617279Z     "x-timer": "S1791357301.248142,VS0,VE5"
Formal AI draft	UNKNOWN STEP	2026-10-07T07:15:01.2617541Z   },
Formal AI draft	UNKNOWN STEP	2026-10-07T07:15:01.2617739Z   "message": "HTTP response"
Formal AI draft	UNKNOWN STEP	2026-10-07T07:15:01.2617976Z }
Formal AI draft	UNKNOWN STEP	2026-10-07T07:15:01.3046420Z {
Formal AI draft	UNKNOWN STEP	2026-10-07T07:15:01.3047121Z   "type": "log",
Formal AI draft	UNKNOWN STEP	2026-10-07T07:15:01.3047492Z   "level": "info",
Formal AI draft	UNKNOWN STEP	2026-10-07T07:15:01.3047879Z   "timestamp": "2026-10-07T07:15:01.300Z",
Formal AI draft	UNKNOWN STEP	2026-10-07T07:15:01.3048287Z   "service": "http",
Formal AI draft	UNKNOWN STEP	2026-10-07T07:15:01.3048617Z   "caller": "ripgrep",
Formal AI draft	UNKNOWN STEP	2026-10-07T07:15:01.3048944Z   "callNum": 6,
Formal AI draft	UNKNOWN STEP	2026-10-07T07:15:01.3050014Z   "url": "https://github.com/BurntSushi/ripgrep/releases/download/14.1.1/ripgrep-14.1.1-x86_64-unknown-linux-musl.tar.gz",
Formal AI draft	UNKNOWN STEP	2026-10-07T07:15:01.3091252Z   "bodyPreview": "\u001f�\b\u0000\u0000\u0000\u0000\u0000\u0000\u0003�[io\u001bI����+r�?�e�(��H���\u0001%Qnbt-)���\u0018[Ū$��:8uH��?~_Df\u001d�%[�5z��&\f�G\u001e�q���J�j�ȕ��ow�]�����};���!�\u0003\u0015�v����\u000f����588����A�?w\u0007\u0003�k^?t�����A�����\u001f��8�\u001f���W�fn\"�\u000fI\u001eE2y~�\u001f{w_����+y��O��\u001f_���=H����g��\u001d�7������\u0010��}ا^����T�X%�\u001f��\u0004���\u001b@잌R�<�e\"��\u0014���R��/.�7�|Nۖ�{���]�\u001c?g��\u0017��69�I��x.��Ǥ�ڶ��O�����{y>>\u0019]NG������z��m��\u001f��e�Ƌ�\u001f��Ԧ�G2��p&\u0013�\u001aϳ\u00077�\"��t�#�(�٦W�\ff,�8tU\u0004\u001f0��q$˥0ʋW�\bc_��ǧ�\u00169�\u0016~\u000bW*��T\u0006AKĉ�4K�,ό\u000b)�n\u0015NCE�.O<���<NB�\u0013n*�b9ߚ��M�ۜ~���5Y�f�P&�r\u0003�\u0014ő]}����4�\n�\u001b�O\u001bG�<Q���L�Q\n��\f|��E�>I>]�\u0016�L\u0004�C�b��y���7�K-����\b_bA7�L\u001dm�\u0006Am-�\u0017�O�\r�h���x/�w�\f��� ��O�g2�s�i2��.ќ,���¾\u0004�C\u0019e��f��*Ii���'�\u0014��\r�D���%֙ъ\"��I&\\�V��7*�W\u000e���8�J&+��*[�Nt�\u0015\u000eL?\u00125�<�I݈\u0019��M�\u0015\u0017tH�`=Du��HL��n�\u000f'#1����ջ���T�8���-�~|����������wqu&�����/O[����h:\u0015W\u00131��>\u001f�N[b|yr~{\n�#�1���F��\u0011���͕�\r�R�\u0011�Y\u0017��ɯ�8<\u001e��o~o����%�y�E��z8�\u0019�ܞ\u000f'��vr}5\u001da�S,{9�<�`�����m�/�\u0018��\u00071�ux~�[\roA�d*�G bx|>ҫ�������%N�\u0017÷D�ĺ^D\t\u000f3���u�_a�!��܌�.��'W�7\u0013|l�@�\u001b:;O}?��Z�p2����&WX�8�\u0019W�\b�]��*�U��|\f�Ϸ�QE��hx���4�>\u0018�;���qB:E�̊\u0004O��\u0006�6'�\u0010�[f����n^@�v�,v��/��=^/���ߚ\u00036��z�.��_�ߟ�j$rqoG�Woۡ�`�/��~������\u0011v���K�]��A\u0010v���\u001c�X�|��\n��PEp�\u0006\u0010�\u0007�3|9�\u0017b�\u001e5�\u0002&ɼ��\u0016�u[\u0000I��$S^\u000e��҃�\u0007�y�3�\u0000\u001e��<���R\u0006iT�\\�ZD\u0014\u001e���\u0000�t�#y�����Tڲ�n���\\ ��#'\u0015c�ͪ����\u0018�.�\u0004�D&\u0004�\b�+�)�\u000e\u0010ʰ'�\u000b�(S\u000b(�a����8��億p|�\u00003�+\"Ģ\n���\u0000d#��T�>i8\u00040\u000b��PX��p\u0010(_\u0003.$�~�1TR�\u0017'\te�X\u0012\u000b��q��N����8�\u0000��\u001b�\b+��2��p��\u0015Ϋ��7���_�q�\u00012\u0004qQ�i\u000e\tGڏ\u000eN##�^3�-^�4-�\u0019KTo�p�h�8C\u0007�\b+��\u0004�Fa��\u0000&�a��d8��hX����\b���\u001f�;�u�\u0015E�o,��p|�V��;<�����|�0��F�6���q�D�4O�j�\u001c|W�i.�]����\u0012�\fJG\u0007�\u0011�Ju�:�\u0018\f�\u001dJ͌B�JF\u0018\u0016\u0003�\\��C\"�F2�\re\u0017��\tH\u001b�\u001f6%\rS���\f��\u000b�~N���з]���\u0011s�2ԝI����m�4\f�\u0014��,��$�V\u0016\u001bi�0Ү������HC��\u0011�\u0019\u0002R��\u0014b!��n\u00143�8ʐi�[&�G3�]hB�C&k�H�\u0007�\u0001��I<��\u001dY������\u0006dH\n��%U0٘L �}P�B\u0018ƽ�4!-�\u0012J�\u0002��/lk�F͑L8� '�D{�\u001e�~08�0������+Z\u0000o��\u000b�QޓQ~��\"���\u0015��)\u0015�9�\u0014Ơ�Ya\r��F\u0007d�t#O���\u0019��\b�a��Ĉ\u0018��W�ޑ\u000f\u0003��HWuIN�1�\u0005G9\u001b\ron\u0001�q��v�7v5�\u001bo�@l�`k�A���\u001dWy\u0010��\u0004�\u000f'~Z������-D��r���r�0��!\u0004Z�\u0018��\u0017\u00079��:�=��=�۵{_\r�+��_\b��-�F�%0��]|O��W.���\u0017��t\u0010�D �\b%��b?��+D\u0006�����\u0016W�<t�v��7\u001d�r-�'y�\u0007�OzP;�/gN�}�t{\u0007}��![H��McǍ)�6�X�4\u0010��#S\n��3�t�\u0015�y���\bjl�n�\n��J�p�r6H9jN�QI�\u0019�M\u001b[�\u001a���_lt������U�\u000f\u0003:x9������j׶�ײ=𻲓nMe�\u0014�����k���D\u001c\u000f��\u0006\u0006��\f�\u000e��x�\"?~��\u0012�5g��l:�\bgu��}���^����4k?�\u0001��F3+׻s\u0017�<u��. Hw_�\u000b����\u0003�D@b=*XA�����K��A+�b\u0015ѹU�.\n\u0010�A���\"�\u0019����\u0006Z���\u000fu�0a�\f�o-���\u0012\u0001%��;XЊ�\u0010����\u0016\u0005ݵ��\u001b��V��eJ�g|�\u0003d\u001d-�Fi���ac[i*{m�&F�sg\u0001C�\u0010@\u0016ar���@)̩���\u0015!�˹\u000btJ>m.�qΗL\u001f�M�I�ˏL^��E�S�\u0019c�k}�\u000f\u001a��z\t�5F+\t�Z�����G3ή}\u0005�ĩ�,�\u000b�&�\u0000�K�ވB1i���Js@�,�U�:j=�j5����\u0003���H��]���\\\u001e�\t�\u0007�\t�UQq�\u0016z\u0001�k�.�\u000f\t\u0010?ՉU���BF\u000b����۽��\bN\u0001�j�\u001c��\u0011�W�.dk\u0005���GO�2\u0006k�ʩt\u0013Fޤ&@^b�@/zQ�%cp}]\u0003tg�5�*\u001f��W�E\"\u0004(\u000e��G=��b9�]��i�>k9����!�Z�D��i�G�l��I�\u0007�\u0007X\u0003\u000e�J�O�n`�χ\u000e�,q��\u0010\f4\\c\u001fxG��\u0014�H���6�\u0013�L�ByV!�2\u000f����8��]Z�L\u0012���pe�y�`\u001d\u000b�g!=��;-6fB(\\�O\u0014ar�O%��Բ��\n���0��[���F���0w\f|��D\u000fQ��{/EB\u001a'wE���{�\u0011\"\u000f~\u0005��sH�f���.�ץ\\��\t$9����|�k\n�@�mI˓8��5�\rq�\u001c�\b[;\u0010������L��I��3�mJ�mG2��\u001a�����x2\u001a����@6}��c��,�}�\u0015���P}sIB5�{7�:\u0010�(��\u0012\u00008%\u0015��n�\"�K��jU�\u0003\\\u001e\u001a�k\u001f;���\u0000�&\u0005T��Z!P\f9A\u0004�\u0010\b^�>W\u0011�s\u0014�\u000b���h�_\u0015pՂ.�\nK��U��g�)��a]�g���`\u001e���8[\u000b*��`�\u001a���\u0014-�7Z�2i0�iF�Ch\u0017(����'�u��B\r�$�#\u00030q�\u000b3>�\f1PV�(|\u0014���m�Y\u0019� �E\u0003�\f�9䌙�˕D�\u0017y�<d\u0016��\u0014Г#8_1���:\u001c�gRF��ī\u0015\u0016\u0014׉\u0004zD�\u0001G`r�B5��P���$��g��\u0016�T{�B*p�2�\u0013_�\u0007\u001c\u0005��u\u0002\u001e�!��g���Uףə��;��7�U4�q�\u0005]D���~�%�QMJ\u000b�_߰�i�a�SmȎ��2���O$\bA\u001c��nB�\u0000.�\ra\u0014�\u0003e�#Br\u0001���;8�6�]1�\t�v�;�@��\u001d.9 h\f�=;t�ydwA��k\u0012J����\u001b�ј�uZJ�IN\u0011��h�t��>Ո�����f�\u0012�@=��%���T��X/�)_�\u0000����w����\u0016$��\u0001�G-XG\f��\u0012\u0013�.o�\u001b�0�pЬ%n��-�n����\u001f4�\u001d�(�\r���F���hT\u0000�P჎K�u��\u001f*�Y��\u000e:M3=��Qp��ª\u001c���<���\u001d�N2�l�M�ޠ1%{\u0003�B����F\u0019f��bw�\u0002�m������6l�f$\b#�4�Wv\u001c\u00013D\\�-�%\u001b[\u001dv�\u0016\u000fh�Nu�ZZ�\"���t\u0015�h����t\u0011�(�̳U��\u0011���[��5�2�\u0014}�Hhd�\u0018h=DF��\r\n���=�W�\nצ�[�YCrW�I���*\\���a�\u0014��=���G8\r\u001b^c\u0016#�\u001e\u001e�\u001c�nİO��Cd\u000b\u001e[�\bt��EO�q-\u0006SJ\u0005��@�{U\u0011�\u0014\fj�\u0001.���.(��\u0000g����������8�\u00074�j���(�\u0001\u0014��={/��ٳ�%1�\fS����\u001dN��&\u000bPu��-h�M�A�q�\rS��\u001b]���,_\u0018��H5��L)�.���J�\u000ebG{�!��I\u0012��qۊ��o^��߫��c�\u0000����I^t��\u000e�G\u0010��Z����M\u0003S�<0�E�'\u0018z\u00123�>�$���d2�\t��U�;�����&�g�Z����k�Ә2r�O؍8�=��\"jƲ�?U\u0006j�w��\ne����\r�2��l�Õ\b�M��f���FU��to�\u0018rb\noz[\u0014|��3I,��ҧ��\u001a\r�^�\n*M�\"X�\u0015���d��;�\u0013$�\r���V�f��S�����<q\rJ\u0018�e[�\f\u0013A�Q�\\�i/ڔ<^��N\u0007��f�\u001c�Z#h�y1\"��L�\u0019�\f\u0015^Y���\u001d7;���\u0007́��`{�z\u001c��gv��}��+����@=\u0000o\u0014L���\u0007�\u001aE�/�\u000b�\u0018�\u0019\u0017�\"D�\u000fNqk�-B7@���+{2\u0015\u0019��0�!6Z�(9�6�\u0004S���u\u0015\u0011���\u001b�&�\u0007\u0003w���\u0019\u0012R\u0019ݫ\u0004\u0010��}�~c+Ŕ/]�s\u001c������Q9q�� ���j\u0017\u001c��Y)M��O\u0002`��Z3\u0019�b���tg�q刪�w\bc��\t�\u0017��\u0019\u001b�u;��\f�l#|�\u0018�\u0004�\u0001C\u0003�\u0003U�\u001a�=��j\u000e��GO������8s��s����N;Y���\u001a\u0005�... [truncated]",
Formal AI draft	UNKNOWN STEP	2026-10-07T07:15:01.3119699Z   "message": "HTTP response body (stream)"
Formal AI draft	UNKNOWN STEP	2026-10-07T07:15:01.3119994Z }
Formal AI draft	UNKNOWN STEP	2026-10-07T07:15:01.4717283Z {
Formal AI draft	UNKNOWN STEP	2026-10-07T07:15:01.4717588Z   "type": "log",
Formal AI draft	UNKNOWN STEP	2026-10-07T07:15:01.4717843Z   "level": "info",
Formal AI draft	UNKNOWN STEP	2026-10-07T07:15:01.4718124Z   "timestamp": "2026-10-07T07:15:01.468Z",
Formal AI draft	UNKNOWN STEP	2026-10-07T07:15:01.4718774Z   "service": "session.prompt",
Formal AI draft	UNKNOWN STEP	2026-10-07T07:15:01.4719107Z   "message": "=== VERBOSE: API Request Details ==="
Formal AI draft	UNKNOWN STEP	2026-10-07T07:15:01.4719418Z }
Formal AI draft	UNKNOWN STEP	2026-10-07T07:15:01.4742816Z {
Formal AI draft	UNKNOWN STEP	2026-10-07T07:15:01.4743537Z   "type": "log",
Formal AI draft	UNKNOWN STEP	2026-10-07T07:15:01.4743812Z   "level": "info",
Formal AI draft	UNKNOWN STEP	2026-10-07T07:15:01.4744125Z   "timestamp": "2026-10-07T07:15:01.468Z",
Formal AI draft	UNKNOWN STEP	2026-10-07T07:15:01.4744472Z   "service": "session.prompt",
Formal AI draft	UNKNOWN STEP	2026-10-07T07:15:01.4744770Z   "model": "formalai/formal-ai",
Formal AI draft	UNKNOWN STEP	2026-10-07T07:15:01.4745040Z   "apiModelID": "formal-ai",
Formal AI draft	UNKNOWN STEP	2026-10-07T07:15:01.4745348Z   "npm": "@ai-sdk/openai-compatible",
Formal AI draft	UNKNOWN STEP	2026-10-07T07:15:01.4745623Z   "message": "Model"
Formal AI draft	UNKNOWN STEP	2026-10-07T07:15:01.4745831Z }
Formal AI draft	UNKNOWN STEP	2026-10-07T07:15:01.4765660Z {
Formal AI draft	UNKNOWN STEP	2026-10-07T07:15:01.4766150Z   "type": "log",
Formal AI draft	UNKNOWN STEP	2026-10-07T07:15:01.4766535Z   "level": "info",
Formal AI draft	UNKNOWN STEP	2026-10-07T07:15:01.4767159Z   "timestamp": "2026-10-07T07:15:01.468Z",
Formal AI draft	UNKNOWN STEP	2026-10-07T07:15:01.4767501Z   "service": "session.prompt",
Formal AI draft	UNKNOWN STEP	2026-10-07T07:15:01.4767841Z   "sessionID": "ses_eeac8cf94ffeyTFAtT4RkpA28d",
Formal AI draft	UNKNOWN STEP	2026-10-07T07:15:01.4768180Z   "message": "Session ID"
Formal AI draft	UNKNOWN STEP	2026-10-07T07:15:01.4768405Z }
Formal AI draft	UNKNOWN STEP	2026-10-07T07:15:01.4787911Z {
Formal AI draft	UNKNOWN STEP	2026-10-07T07:15:01.4788285Z   "type": "log",
Formal AI draft	UNKNOWN STEP	2026-10-07T07:15:01.4788672Z   "level": "info",
Formal AI draft	UNKNOWN STEP	2026-10-07T07:15:01.4789122Z   "timestamp": "2026-10-07T07:15:01.468Z",
Formal AI draft	UNKNOWN STEP	2026-10-07T07:15:01.4789586Z   "service": "session.prompt",
Formal AI draft	UNKNOWN STEP	2026-10-07T07:15:01.4789870Z   "agent": "build",
Formal AI draft	UNKNOWN STEP	2026-10-07T07:15:01.4790099Z   "message": "Agent"
Formal AI draft	UNKNOWN STEP	2026-10-07T07:15:01.4790319Z }
Formal AI draft	UNKNOWN STEP	2026-10-07T07:15:01.4809860Z {
Formal AI draft	UNKNOWN STEP	2026-10-07T07:15:01.4810243Z   "type": "log",
Formal AI draft	UNKNOWN STEP	2026-10-07T07:15:01.4811106Z   "level": "info",
Formal AI draft	UNKNOWN STEP	2026-10-07T07:15:01.4811627Z   "timestamp": "2026-10-07T07:15:01.468Z",
Formal AI draft	UNKNOWN STEP	2026-10-07T07:15:01.4812225Z   "service": "session.prompt",
Formal AI draft	UNKNOWN STEP	2026-10-07T07:15:01.4812712Z   "temperature": 0,
Formal AI draft	UNKNOWN STEP	2026-10-07T07:15:01.4813137Z   "message": "Temperature"
Formal AI draft	UNKNOWN STEP	2026-10-07T07:15:01.4813572Z }
Formal AI draft	UNKNOWN STEP	2026-10-07T07:15:01.4827710Z {
Formal AI draft	UNKNOWN STEP	2026-10-07T07:15:01.4828089Z   "type": "log",
Formal AI draft	UNKNOWN STEP	2026-10-07T07:15:01.4828463Z   "level": "info",
Formal AI draft	UNKNOWN STEP	2026-10-07T07:15:01.4828983Z   "timestamp": "2026-10-07T07:15:01.468Z",
Formal AI draft	UNKNOWN STEP	2026-10-07T07:15:01.4829534Z   "service": "session.prompt",
Formal AI draft	UNKNOWN STEP	2026-10-07T07:15:01.4829977Z   "topP": "default",
Formal AI draft	UNKNOWN STEP	2026-10-07T07:15:01.4830365Z   "message": "Top P"
Formal AI draft	UNKNOWN STEP	2026-10-07T07:15:01.4830746Z }
Formal AI draft	UNKNOWN STEP	2026-10-07T07:15:01.4845277Z {
Formal AI draft	UNKNOWN STEP	2026-10-07T07:15:01.4845689Z   "type": "log",
Formal AI draft	UNKNOWN STEP	2026-10-07T07:15:01.4846362Z   "level": "info",
Formal AI draft	UNKNOWN STEP	2026-10-07T07:15:01.4847032Z   "timestamp": "2026-10-07T07:15:01.468Z",
Formal AI draft	UNKNOWN STEP	2026-10-07T07:15:01.4847572Z   "service": "session.prompt",
Formal AI draft	UNKNOWN STEP	2026-10-07T07:15:01.4847986Z   "tools": [
Formal AI draft	UNKNOWN STEP	2026-10-07T07:15:01.4848298Z     "bash",
Formal AI draft	UNKNOWN STEP	2026-10-07T07:15:01.4848597Z     "read",
Formal AI draft	UNKNOWN STEP	2026-10-07T07:15:01.4848897Z     "glob",
Formal AI draft	UNKNOWN STEP	2026-10-07T07:15:01.4849182Z     "grep",
Formal AI draft	UNKNOWN STEP	2026-10-07T07:15:01.4849512Z     "list",
Formal AI draft	UNKNOWN STEP	2026-10-07T07:15:01.4849847Z     "edit",
Formal AI draft	UNKNOWN STEP	2026-10-07T07:15:01.4850192Z     "write",
Formal AI draft	UNKNOWN STEP	2026-10-07T07:15:01.4850546Z     "task",
Formal AI draft	UNKNOWN STEP	2026-10-07T07:15:01.4850887Z     "webfetch",
Formal AI draft	UNKNOWN STEP	2026-10-07T07:15:01.4851265Z     "websearch",
Formal AI draft	UNKNOWN STEP	2026-10-07T07:15:01.4851639Z     "codesearch",
Formal AI draft	UNKNOWN STEP	2026-10-07T07:15:01.4852025Z     "batch",
Formal AI draft	UNKNOWN STEP	2026-10-07T07:15:01.4852390Z     "todowrite",
Formal AI draft	UNKNOWN STEP	2026-10-07T07:15:01.4852761Z     "todoread"
Formal AI draft	UNKNOWN STEP	2026-10-07T07:15:01.4853107Z   ],
Formal AI draft	UNKNOWN STEP	2026-10-07T07:15:01.4853440Z   "message": "Active Tools"
Formal AI draft	UNKNOWN STEP	2026-10-07T07:15:01.4853860Z }
Formal AI draft	UNKNOWN STEP	2026-10-07T07:15:01.4860249Z {
Formal AI draft	UNKNOWN STEP	2026-10-07T07:15:01.4860870Z   "type": "log",
Formal AI draft	UNKNOWN STEP	2026-10-07T07:15:01.4861299Z   "level": "info",
Formal AI draft	UNKNOWN STEP	2026-10-07T07:15:01.4861774Z   "timestamp": "2026-10-07T07:15:01.468Z",
Formal AI draft	UNKNOWN STEP	2026-10-07T07:15:01.4862326Z   "service": "session.prompt",
Formal AI draft	UNKNOWN STEP	2026-10-07T07:15:01.4862807Z   "message": "--- System Prompt ---"
Formal AI draft	UNKNOWN STEP	2026-10-07T07:15:01.4863240Z }
Formal AI draft	UNKNOWN STEP	2026-10-07T07:15:01.4878960Z {
Formal AI draft	UNKNOWN STEP	2026-10-07T07:15:01.4879522Z   "type": "log",
Formal AI draft	UNKNOWN STEP	2026-10-07T07:15:01.4880169Z   "level": "info",
Formal AI draft	UNKNOWN STEP	2026-10-07T07:15:01.4880882Z   "timestamp": "2026-10-07T07:15:01.468Z",
Formal AI draft	UNKNOWN STEP	2026-10-07T07:15:01.4881698Z   "service": "session.prompt",
Formal AI draft	UNKNOWN STEP	2026-10-07T07:15:01.4882369Z   "index": 1,
Formal AI draft	UNKNOWN STEP	2026-10-07T07:15:01.4882959Z   "tokens": 2054,
Formal AI draft	UNKNOWN STEP	2026-10-07T07:15:01.4883529Z   "message": "System Message"
Formal AI draft	UNKNOWN STEP	2026-10-07T07:15:01.4884423Z }
Formal AI draft	UNKNOWN STEP	2026-10-07T07:15:01.4901770Z {
Formal AI draft	UNKNOWN STEP	2026-10-07T07:15:01.4902275Z   "type": "log",
Formal AI draft	UNKNOWN STEP	2026-10-07T07:15:01.4902848Z   "level": "info",
Formal AI draft	UNKNOWN STEP	2026-10-07T07:15:01.4903517Z   "timestamp": "2026-10-07T07:15:01.469Z",
Formal AI draft	UNKNOWN STEP	2026-10-07T07:15:01.4904321Z   "service": "session.prompt",
Formal AI draft	UNKNOWN STEP	2026-10-07T07:15:01.4919342Z   "content": "You are Agent, the best coding agent on the planet.\n\nYou are an interactive CLI tool that helps users with software engineering tasks. Use the instructions below and the tools available to you to assist the user.\n\nIMPORTANT: You must NEVER generate or guess URLs for the user unless you are confident that the URLs are for helping the user with programming. You may use URLs provided by the user in their messages or local files.\n\nIf the user asks for help or wants to give feedback inform them of the following:\n- ctrl+p to list available actions\n- To give feedback, users should report the issue at\n  https://github.com/link-assistant/agent\n\nWhen the user directly asks about Agent (eg. \"can Agent do...\", \"does Agent have...\"), or asks in second person (eg. \"are you able...\", \"can you do...\"), or asks how to use a specific Agent feature (eg. implement a hook, write a slash command, or install an MCP server), use the WebFetch tool to gather information to answer the question from Agent docs. The list of available docs is available at https://github.com/link-assistant/agent#readme\n\n# Tone and style\n- Only use emojis if the user explicitly requests it. Avoid using emojis in all communication unless asked.\n- Your output will be displayed on a command line interface. Your responses should be short and concise. You can use Github-flavored markdown for formatting, and will be rendered in a monospace font using the CommonMark specification.\n- Output text to communicate with the user; all text you output outside of tool use is displayed to the user. Only use tools to complete tasks. Never use tools like Bash or code comments as means to communicate with the user during the session.\n- NEVER create files unless they're absolutely necessary for achieving your goal. ALWAYS prefer editing an existing file to creating a new one. This includes markdown files.\n\n# Professional objectivity\nPrioritize technical accuracy and truthfulness over validating the user's beliefs. Focus on facts and p... [truncated]",
Formal AI draft	UNKNOWN STEP	2026-10-07T07:15:01.4932619Z   "message": "System Message Content"
Formal AI draft	UNKNOWN STEP	2026-10-07T07:15:01.4933081Z }
Formal AI draft	UNKNOWN STEP	2026-10-07T07:15:01.4933360Z {
Formal AI draft	UNKNOWN STEP	2026-10-07T07:15:01.4933653Z   "type": "log",
Formal AI draft	UNKNOWN STEP	2026-10-07T07:15:01.4933995Z   "level": "info",
Formal AI draft	UNKNOWN STEP	2026-10-07T07:15:01.4934443Z   "timestamp": "2026-10-07T07:15:01.469Z",
Formal AI draft	UNKNOWN STEP	2026-10-07T07:15:01.4935090Z   "service": "session.prompt",
Formal AI draft	UNKNOWN STEP	2026-10-07T07:15:01.4935648Z   "index": 2,
Formal AI draft	UNKNOWN STEP	2026-10-07T07:15:01.4936035Z   "tokens": 1302,
Formal AI draft	UNKNOWN STEP	2026-10-07T07:15:01.4936385Z   "message": "System Message"
Formal AI draft	UNKNOWN STEP	2026-10-07T07:15:01.4937026Z }
Formal AI draft	UNKNOWN STEP	2026-10-07T07:15:01.4966781Z {
Formal AI draft	UNKNOWN STEP	2026-10-07T07:15:01.4967137Z   "type": "log",
Formal AI draft	UNKNOWN STEP	2026-10-07T07:15:01.4967648Z   "level": "info",
Formal AI draft	UNKNOWN STEP	2026-10-07T07:15:01.4968183Z   "timestamp": "2026-10-07T07:15:01.469Z",
Formal AI draft	UNKNOWN STEP	2026-10-07T07:15:01.4968792Z   "service": "session.prompt",
Formal AI draft	UNKNOWN STEP	2026-10-07T07:15:01.4982194Z   "content": "Here is some useful information about the environment you are running in:\n<env>\n  Working directory: /tmp/gh-issue-solver-1791357262243\n  Is directory a git repo: yes\n  Platform: linux\n  Today's date: Wed Oct 07 2026\n</env>\n\n<files>\n  .changeset/\n\tconfig.json\n\toom-false-positive-2498.md\n\tREADME.md\n.github/\n\tactions/\n\t\t[3 truncated]\n\tcodeql/\n\t\t[1 truncated]\n\tworkflows/\n\t\t[8 truncated]\n\tdependabot.yml\n\tzizmor.yml\n.husky/\n\tpre-commit\ncase-studies/\n\tissue-661-session-resume-cost-optimization/\n\t\t[3 truncated]\nci-logs/\n\tgitkeep-commit-bd508f2-checks.json\n\tissue-1503-full-log.txt\n\tissue-1503-screenshot.png\n\tissue-screenshot.png\n\trevert-commit-26d44bd-checks.json\ncoolify/\n\t.dockerignore\n\t.env.example\n\tdocker-compose.yml\n\tDockerfile\n\tREADME.md\n\tstart.sh\ndata/\n\tcase-studies/\n\t\t[2 truncated]\ndev/\n\tlog/\n\t\t[1 truncated]\ndocs/\n\tcase-studies/\n\t\t[553 truncated]\n\tdependencies-research/\n\t\t[7 truncated]\n\tBEST-PRACTICES.hi.md\n\tBEST-PRACTICES.md\n\tBEST-PRACTICES.ru.md\n\tBEST-PRACTICES.zh.md\n\tBRANCH_PROTECTION_POLICY.hi.md\n\tBRANCH_PROTECTION_POLICY.md\n\tBRANCH_PROTECTION_POLICY.ru.md\n\tBRANCH_PROTECTION_POLICY.zh.md\n\tCI-CD-BEST-PRACTICES.hi.md\n\tCI-CD-BEST-PRACTICES.md\n\tCI-CD-BEST-PRACTICES.ru.md\n\tCI-CD-BEST-PRACTICES.zh.md\n\tCOLLECTING-LOGS.hi.md\n\tCOLLECTING-LOGS.md\n\tCOLLECTING-LOGS.ru.md\n\tCOLLECTING-LOGS.zh.md\n\tCOMPARISON.hi.md\n\tCOMPARISON.md\n\tCOMPARISON.ru.md\n\t[69 truncated]\neslint-rules/\n\tno-direct-gh-exec.mjs\n\tno-leaked-streams.mjs\n\tno-leaked-timers.mjs\n\tno-underscore-passthrough-wrapper.mjs\n\tno-unretried-git-network.mjs\n\tno-unsafe-telegram-send.mjs\n\trequire-gh-paginate.mjs\n\trequire-sanitized-output.mjs\nexamples/\n\tagent-snapshot-reclaim-demo.mjs\n\tcollect-logs.mjs\n\tfix-update-dependencies-preview.mjs\n\tformal-ai-attributed-commit-demo.mjs\n\tgithub-url-recovery-demo.mjs\n\thive-screens-close-regression.mjs\n\tissue-2335-opentui-peer-compatibility.mjs\n\tissue-810-recheck-demo.md\n\trelease-preflight-report.mjs\n\tsolve-repository-mode-preview.mjs\n\ttest-i18n.mjs\nexperiments/\n\tissue-1102/\n\t\t[4 truncated]... [truncated]",
Formal AI draft	UNKNOWN STEP	2026-10-07T07:15:01.4995894Z   "message": "System Message Content"
Formal AI draft	UNKNOWN STEP	2026-10-07T07:15:01.4996457Z }
Formal AI draft	UNKNOWN STEP	2026-10-07T07:15:01.4997117Z {
Formal AI draft	UNKNOWN STEP	2026-10-07T07:15:01.4997536Z   "type": "log",
Formal AI draft	UNKNOWN STEP	2026-10-07T07:15:01.4997985Z   "level": "info",
Formal AI draft	UNKNOWN STEP	2026-10-07T07:15:01.4998505Z   "timestamp": "2026-10-07T07:15:01.469Z",
Formal AI draft	UNKNOWN STEP	2026-10-07T07:15:01.4999109Z   "service": "session.prompt",
Formal AI draft	UNKNOWN STEP	2026-10-07T07:15:01.4999676Z   "message": "--- Token Summary ---"
Formal AI draft	UNKNOWN STEP	2026-10-07T07:15:01.5000202Z }
Formal AI draft	UNKNOWN STEP	2026-10-07T07:15:01.5011693Z {
Formal AI draft	UNKNOWN STEP	2026-10-07T07:15:01.5012622Z   "type": "log",
Formal AI draft	UNKNOWN STEP	2026-10-07T07:15:01.5013107Z   "level": "info",
Formal AI draft	UNKNOWN STEP	2026-10-07T07:15:01.5013638Z   "timestamp": "2026-10-07T07:15:01.469Z",
Formal AI draft	UNKNOWN STEP	2026-10-07T07:15:01.5014241Z   "service": "session.prompt",
Formal AI draft	UNKNOWN STEP	2026-10-07T07:15:01.5014762Z   "systemTokens": 3356,
Formal AI draft	UNKNOWN STEP	2026-10-07T07:15:01.5015350Z   "message": "System prompt tokens (estimated)"
Formal AI draft	UNKNOWN STEP	2026-10-07T07:15:01.5015921Z }
Formal AI draft	UNKNOWN STEP	2026-10-07T07:15:01.5033336Z {
Formal AI draft	UNKNOWN STEP	2026-10-07T07:15:01.5034296Z   "type": "log",
Formal AI draft	UNKNOWN STEP	2026-10-07T07:15:01.5034881Z   "level": "info",
Formal AI draft	UNKNOWN STEP	2026-10-07T07:15:01.5035515Z   "timestamp": "2026-10-07T07:15:01.469Z",
Formal AI draft	UNKNOWN STEP	2026-10-07T07:15:01.5036729Z   "service": "session.prompt",
Formal AI draft	UNKNOWN STEP	2026-10-07T07:15:01.5037440Z   "userTokens": 2864,
Formal AI draft	UNKNOWN STEP	2026-10-07T07:15:01.5038188Z   "message": "User message tokens (estimated)"
Formal AI draft	UNKNOWN STEP	2026-10-07T07:15:01.5038923Z }
Formal AI draft	UNKNOWN STEP	2026-10-07T07:15:01.5067634Z {
Formal AI draft	UNKNOWN STEP	2026-10-07T07:15:01.5068151Z   "type": "log",
Formal AI draft	UNKNOWN STEP	2026-10-07T07:15:01.5068526Z   "level": "info",
Formal AI draft	UNKNOWN STEP	2026-10-07T07:15:01.5068972Z   "timestamp": "2026-10-07T07:15:01.469Z",
Formal AI draft	UNKNOWN STEP	2026-10-07T07:15:01.5069325Z   "service": "session.prompt",
Formal AI draft	UNKNOWN STEP	2026-10-07T07:15:01.5069636Z   "totalEstimatedTokens": 6220,
Formal AI draft	UNKNOWN STEP	2026-10-07T07:15:01.5069951Z   "message": "Total estimated tokens"
Formal AI draft	UNKNOWN STEP	2026-10-07T07:15:01.5070230Z }
Formal AI draft	UNKNOWN STEP	2026-10-07T07:15:01.5089263Z {
Formal AI draft	UNKNOWN STEP	2026-10-07T07:15:01.5089767Z   "type": "log",
Formal AI draft	UNKNOWN STEP	2026-10-07T07:15:01.5090294Z   "level": "info",
Formal AI draft	UNKNOWN STEP	2026-10-07T07:15:01.5090737Z   "timestamp": "2026-10-07T07:15:01.469Z",
Formal AI draft	UNKNOWN STEP	2026-10-07T07:15:01.5091205Z   "service": "session.prompt",
Formal AI draft	UNKNOWN STEP	2026-10-07T07:15:01.5091490Z   "contextLimit": 60000,
Formal AI draft	UNKNOWN STEP	2026-10-07T07:15:01.5091763Z   "message": "Model context limit"
Formal AI draft	UNKNOWN STEP	2026-10-07T07:15:01.5092030Z }
Formal AI draft	UNKNOWN STEP	2026-10-07T07:15:01.5109500Z {
Formal AI draft	UNKNOWN STEP	2026-10-07T07:15:01.5109942Z   "type": "log",
Formal AI draft	UNKNOWN STEP	2026-10-07T07:15:01.5110532Z   "level": "info",
Formal AI draft	UNKNOWN STEP	2026-10-07T07:15:01.5110992Z   "timestamp": "2026-10-07T07:15:01.469Z",
Formal AI draft	UNKNOWN STEP	2026-10-07T07:15:01.5111531Z   "service": "session.prompt",
Formal AI draft	UNKNOWN STEP	2026-10-07T07:15:01.5111810Z   "outputLimit": 8192,
Formal AI draft	UNKNOWN STEP	2026-10-07T07:15:01.5112076Z   "message": "Model output limit"
Formal AI draft	UNKNOWN STEP	2026-10-07T07:15:01.5112332Z }
Formal AI draft	UNKNOWN STEP	2026-10-07T07:15:01.5130972Z {
Formal AI draft	UNKNOWN STEP	2026-10-07T07:15:01.5131407Z   "type": "log",
Formal AI draft	UNKNOWN STEP	2026-10-07T07:15:01.5132076Z   "level": "info",
Formal AI draft	UNKNOWN STEP	2026-10-07T07:15:01.5132531Z   "timestamp": "2026-10-07T07:15:01.469Z",
Formal AI draft	UNKNOWN STEP	2026-10-07T07:15:01.5133042Z   "service": "session.prompt",
Formal AI draft	UNKNOWN STEP	2026-10-07T07:15:01.5133349Z   "message": "=== END VERBOSE ==="
Formal AI draft	UNKNOWN STEP	2026-10-07T07:15:01.5133835Z }
Formal AI draft	UNKNOWN STEP	2026-10-07T07:15:01.5154062Z {
Formal AI draft	UNKNOWN STEP	2026-10-07T07:15:01.5154764Z   "type": "log",
Formal AI draft	UNKNOWN STEP	2026-10-07T07:15:01.5155143Z   "level": "info",
Formal AI draft	UNKNOWN STEP	2026-10-07T07:15:01.5155558Z   "timestamp": "2026-10-07T07:15:01.472Z",
Formal AI draft	UNKNOWN STEP	2026-10-07T07:15:01.5156188Z   "service": "session.processor",
Formal AI draft	UNKNOWN STEP	2026-10-07T07:15:01.5156935Z   "message": "process"
Formal AI draft	UNKNOWN STEP	2026-10-07T07:15:01.5157375Z }
Formal AI draft	UNKNOWN STEP	2026-10-07T07:15:01.5177777Z {
Formal AI draft	UNKNOWN STEP	2026-10-07T07:15:01.5178161Z   "type": "session.status",
Formal AI draft	UNKNOWN STEP	2026-10-07T07:15:01.5178767Z   "level": "info",
Formal AI draft	UNKNOWN STEP	2026-10-07T07:15:01.5179219Z   "timestamp": "2026-10-07T07:15:01.483Z",
Formal AI draft	UNKNOWN STEP	2026-10-07T07:15:01.5179625Z   "service": "bus",
Formal AI draft	UNKNOWN STEP	2026-10-07T07:15:01.5179861Z   "message": "publishing"
Formal AI draft	UNKNOWN STEP	2026-10-07T07:15:01.5180098Z }
Formal AI draft	UNKNOWN STEP	2026-10-07T07:15:01.5227316Z {
Formal AI draft	UNKNOWN STEP	2026-10-07T07:15:01.5227711Z   "type": "log",
Formal AI draft	UNKNOWN STEP	2026-10-07T07:15:01.5228128Z   "level": "debug",
Formal AI draft	UNKNOWN STEP	2026-10-07T07:15:01.5228610Z   "timestamp": "2026-10-07T07:15:01.491Z",
Formal AI draft	UNKNOWN STEP	2026-10-07T07:15:01.5229110Z   "service": "provider",
Formal AI draft	UNKNOWN STEP	2026-10-07T07:15:01.5229513Z   "providerID": "formalai",
Formal AI draft	UNKNOWN STEP	2026-10-07T07:15:01.5229839Z   "message": "verbose HTTP logging active"
Formal AI draft	UNKNOWN STEP	2026-10-07T07:15:01.5230133Z }
Formal AI draft	UNKNOWN STEP	2026-10-07T07:15:01.5791822Z {
Formal AI draft	UNKNOWN STEP	2026-10-07T07:15:01.5792503Z   "type": "log",
Formal AI draft	UNKNOWN STEP	2026-10-07T07:15:01.5793082Z   "level": "info",
Formal AI draft	UNKNOWN STEP	2026-10-07T07:15:01.5794004Z   "timestamp": "2026-10-07T07:15:01.491Z",
Formal AI draft	UNKNOWN STEP	2026-10-07T07:15:01.5795026Z   "service": "provider",
Formal AI draft	UNKNOWN STEP	2026-10-07T07:15:01.5795706Z   "caller": "provider/formalai",
Formal AI draft	UNKNOWN STEP	2026-10-07T07:15:01.5796338Z   "providerID": "formalai",
Formal AI draft	UNKNOWN STEP	2026-10-07T07:15:01.5797182Z   "callNum": 1,
Formal AI draft	UNKNOWN STEP	2026-10-07T07:15:01.5797712Z   "method": "POST",
Formal AI draft	UNKNOWN STEP	2026-10-07T07:15:01.5798441Z   "url": "http://127.0.0.1:37943/api/openai/v1/chat/completions",
Formal AI draft	UNKNOWN STEP	2026-10-07T07:15:01.5799161Z   "headers": {
Formal AI draft	UNKNOWN STEP	2026-10-07T07:15:01.5799701Z     "authorization": "[REDACTED]",
Formal AI draft	UNKNOWN STEP	2026-10-07T07:15:01.5800342Z     "content-type": "application/json",
Formal AI draft	UNKNOWN STEP	2026-10-07T07:15:01.5801333Z     "user-agent": "ai-sdk-openai-compatible/3.0.63 ai-sdk-provider-utils/5.0.54 bun/1.4.2"
Formal AI draft	UNKNOWN STEP	2026-10-07T07:15:01.5802194Z   },
