Formal AI draft	UNKNOWN STEP	﻿2026-10-07T09:53:55.4733120Z Current runner version: '2.337.0'
Formal AI draft	UNKNOWN STEP	2026-10-07T09:53:55.4769725Z ##[group]Runner Image Provisioner
Formal AI draft	UNKNOWN STEP	2026-10-07T09:53:55.4770952Z Hosted Compute Agent
Formal AI draft	UNKNOWN STEP	2026-10-07T09:53:55.4772359Z Version: 20260901.588
Formal AI draft	UNKNOWN STEP	2026-10-07T09:53:55.4773412Z Commit: f88…d0b
Formal AI draft	UNKNOWN STEP	2026-10-07T09:53:55.4774674Z Build Date: 2026-09-01T19:56:44Z
Formal AI draft	UNKNOWN STEP	2026-10-07T09:53:55.4775705Z Worker ID: {749170ab-bb42-4180-be37-483a3b2a7bb0}
Formal AI draft	UNKNOWN STEP	2026-10-07T09:53:55.4776780Z Azure Region: northcentralus
Formal AI draft	UNKNOWN STEP	2026-10-07T09:53:55.4777851Z ##[endgroup]
Formal AI draft	UNKNOWN STEP	2026-10-07T09:53:55.4780087Z ##[group]Operating System
Formal AI draft	UNKNOWN STEP	2026-10-07T09:53:55.4781167Z Ubuntu
Formal AI draft	UNKNOWN STEP	2026-10-07T09:53:55.4782213Z 24.04.5
Formal AI draft	UNKNOWN STEP	2026-10-07T09:53:55.4783003Z LTS
Formal AI draft	UNKNOWN STEP	2026-10-07T09:53:55.4783949Z ##[endgroup]
Formal AI draft	UNKNOWN STEP	2026-10-07T09:53:55.4784797Z ##[group]Runner Image
Formal AI draft	UNKNOWN STEP	2026-10-07T09:53:55.4785882Z Image: ubuntu-24.04
Formal AI draft	UNKNOWN STEP	2026-10-07T09:53:55.4786829Z Version: 20260927.320.1
Formal AI draft	UNKNOWN STEP	2026-10-07T09:53:55.4788992Z Included Software: https://github.com/actions/runner-images/blob/ubuntu24/20260927.320/images/ubuntu/Ubuntu2404-Readme.md
Formal AI draft	UNKNOWN STEP	2026-10-07T09:53:55.4791701Z Image Release: https://github.com/actions/runner-images/releases/tag/ubuntu24%2F20260927.320
Formal AI draft	UNKNOWN STEP	2026-10-07T09:53:55.4793318Z ##[endgroup]
Formal AI draft	UNKNOWN STEP	2026-10-07T09:53:55.4795473Z ##[group]GITHUB_TOKEN Permissions
Formal AI draft	UNKNOWN STEP	2026-10-07T09:53:55.4798562Z Actions: write
Formal AI draft	UNKNOWN STEP	2026-10-07T09:53:55.4799436Z Contents: write
Formal AI draft	UNKNOWN STEP	2026-10-07T09:53:55.4800291Z Issues: write
Formal AI draft	UNKNOWN STEP	2026-10-07T09:53:55.4801258Z Metadata: read
Formal AI draft	UNKNOWN STEP	2026-10-07T09:53:55.4802372Z PullRequests: write
Formal AI draft	UNKNOWN STEP	2026-10-07T09:53:55.4803412Z ##[endgroup]
Formal AI draft	UNKNOWN STEP	2026-10-07T09:53:55.4806327Z Secret source: Actions
Formal AI draft	UNKNOWN STEP	2026-10-07T09:53:55.4807895Z Cache mode: read
Formal AI draft	UNKNOWN STEP	2026-10-07T09:53:55.4809250Z Prepare workflow directory
Formal AI draft	UNKNOWN STEP	2026-10-07T09:53:55.5196819Z Prepare all required actions
Formal AI draft	UNKNOWN STEP	2026-10-07T09:53:55.5267934Z Getting action download info
Formal AI draft	UNKNOWN STEP	2026-10-07T09:53:55.7977331Z Download action repository 'actions/checkout@v7' (SHA:3d3c42e5aac5ba805825da76410c181273ba90b1)
Formal AI draft	UNKNOWN STEP	2026-10-07T09:53:55.9506973Z Download action repository 'actions/setup-node@v7' (SHA:820762786026740c76f36085b0efc47a31fe5020)
Formal AI draft	UNKNOWN STEP	2026-10-07T09:53:56.0847313Z Download action repository 'actions/upload-artifact@v7' (SHA:043fb46d1a93c77aae656e7c1c64a875d1fc6a0a)
Formal AI draft	UNKNOWN STEP	2026-10-07T09:53:56.3396940Z Complete job name: Formal AI draft
Formal AI draft	UNKNOWN STEP	2026-10-07T09:53:56.4247256Z ##[group]Run actions/checkout@v7
Formal AI draft	UNKNOWN STEP	2026-10-07T09:53:56.4248140Z with:
Formal AI draft	UNKNOWN STEP	2026-10-07T09:53:56.4248622Z   persist-credentials: false
Formal AI draft	UNKNOWN STEP	2026-10-07T09:53:56.4249183Z   repository: link-assistant/hive-mind
Formal AI draft	UNKNOWN STEP	2026-10-07T09:53:56.4254051Z   token: [REDACTED]
Formal AI draft	UNKNOWN STEP	2026-10-07T09:53:56.4254517Z   ssh-strict: true
Formal AI draft	UNKNOWN STEP	2026-10-07T09:53:56.4254969Z   ssh-user: git
Formal AI draft	UNKNOWN STEP	2026-10-07T09:53:56.4255406Z   clean: true
Formal AI draft	UNKNOWN STEP	2026-10-07T09:53:56.4255859Z   sparse-checkout-cone-mode: true
Formal AI draft	UNKNOWN STEP	2026-10-07T09:53:56.4256388Z   fetch-depth: 1
Formal AI draft	UNKNOWN STEP	2026-10-07T09:53:56.4256823Z   fetch-tags: false
Formal AI draft	UNKNOWN STEP	2026-10-07T09:53:56.4257284Z   show-progress: true
Formal AI draft	UNKNOWN STEP	2026-10-07T09:53:56.4257743Z   lfs: false
Formal AI draft	UNKNOWN STEP	2026-10-07T09:53:56.4258178Z   submodules: false
Formal AI draft	UNKNOWN STEP	2026-10-07T09:53:56.4258650Z   set-safe-directory: true
Formal AI draft	UNKNOWN STEP	2026-10-07T09:53:56.4259166Z   allow-unsafe-pr-checkout: false
Formal AI draft	UNKNOWN STEP	2026-10-07T09:53:56.4260047Z ##[endgroup]
Formal AI draft	UNKNOWN STEP	2026-10-07T09:53:56.5427959Z Syncing repository: link-assistant/hive-mind
Formal AI draft	UNKNOWN STEP	2026-10-07T09:53:56.5430466Z ##[group]Getting Git version info
Formal AI draft	UNKNOWN STEP	2026-10-07T09:53:56.5431930Z Working directory is '/home/runner/work/hive-mind/hive-mind'
Formal AI draft	UNKNOWN STEP	2026-10-07T09:53:56.5433484Z [command]/usr/bin/git version
Formal AI draft	UNKNOWN STEP	2026-10-07T09:53:56.6822945Z git version 2.55.0
Formal AI draft	UNKNOWN STEP	2026-10-07T09:53:56.6844561Z ##[endgroup]
Formal AI draft	UNKNOWN STEP	2026-10-07T09:53:56.6856860Z Temporarily overriding HOME='/home/runner/work/_temp/623c130c-c6aa-42ec-adc4-c4fef50c0e3a' before making global git config changes
Formal AI draft	UNKNOWN STEP	2026-10-07T09:53:56.6858296Z Adding repository directory to the temporary git global config as a safe directory
Formal AI draft	UNKNOWN STEP	2026-10-07T09:53:56.6863186Z [command]/usr/bin/git config --global --add safe.directory /home/runner/work/hive-mind/hive-mind
Formal AI draft	UNKNOWN STEP	2026-10-07T09:53:56.7175763Z Deleting the contents of '/home/runner/work/hive-mind/hive-mind'
Formal AI draft	UNKNOWN STEP	2026-10-07T09:53:56.7180401Z ##[group]Determining repository object format
Formal AI draft	UNKNOWN STEP	2026-10-07T09:53:56.7182241Z ##[endgroup]
Formal AI draft	UNKNOWN STEP	2026-10-07T09:53:56.7183519Z ##[group]Initializing the repository
Formal AI draft	UNKNOWN STEP	2026-10-07T09:53:56.7187348Z [command]/usr/bin/git init /home/runner/work/hive-mind/hive-mind
Formal AI draft	UNKNOWN STEP	2026-10-07T09:53:56.7759858Z hint: Using 'master' as the name for the initial branch. This default branch name
Formal AI draft	UNKNOWN STEP	2026-10-07T09:53:56.7761954Z hint: will change to "main" in Git 3.0. To configure the initial branch name
Formal AI draft	UNKNOWN STEP	2026-10-07T09:53:56.7762958Z hint: to use in all of your new repositories, which will suppress this warning,
Formal AI draft	UNKNOWN STEP	2026-10-07T09:53:56.7763740Z hint: call:
Formal AI draft	UNKNOWN STEP	2026-10-07T09:53:56.7764162Z hint:
Formal AI draft	UNKNOWN STEP	2026-10-07T09:53:56.7764721Z hint: 	git config --global init.defaultBranch <name>
Formal AI draft	UNKNOWN STEP	2026-10-07T09:53:56.7765351Z hint:
Formal AI draft	UNKNOWN STEP	2026-10-07T09:53:56.7766177Z hint: Names commonly chosen instead of 'master' are 'main', 'trunk' and
Formal AI draft	UNKNOWN STEP	2026-10-07T09:53:56.7767303Z hint: 'development'. The just-created branch can be renamed via this command:
Formal AI draft	UNKNOWN STEP	2026-10-07T09:53:56.7768392Z hint:
Formal AI draft	UNKNOWN STEP	2026-10-07T09:53:56.7768831Z hint: 	git branch -m <name>
Formal AI draft	UNKNOWN STEP	2026-10-07T09:53:56.7769313Z hint:
Formal AI draft	UNKNOWN STEP	2026-10-07T09:53:56.7769971Z hint: Disable this message with "git config set advice.defaultBranchName false"
Formal AI draft	UNKNOWN STEP	2026-10-07T09:53:56.7770989Z Initialized empty Git repository in /home/runner/work/hive-mind/hive-mind/.git/
Formal AI draft	UNKNOWN STEP	2026-10-07T09:53:56.7773990Z [command]/usr/bin/git remote add origin https://github.com/link-assistant/hive-mind
Formal AI draft	UNKNOWN STEP	2026-10-07T09:53:56.8110906Z ##[endgroup]
Formal AI draft	UNKNOWN STEP	2026-10-07T09:53:56.8111994Z ##[group]Disabling automatic garbage collection
Formal AI draft	UNKNOWN STEP	2026-10-07T09:53:56.8114843Z [command]/usr/bin/git config --local gc.auto 0
Formal AI draft	UNKNOWN STEP	2026-10-07T09:53:56.8157521Z ##[endgroup]
Formal AI draft	UNKNOWN STEP	2026-10-07T09:53:56.8158386Z ##[group]Setting up auth
Formal AI draft	UNKNOWN STEP	2026-10-07T09:53:56.8159003Z Removing SSH command configuration
Formal AI draft	UNKNOWN STEP	2026-10-07T09:53:56.8164690Z [command]/usr/bin/git config --local --name-only --get-regexp core\.sshCommand
Formal AI draft	UNKNOWN STEP	2026-10-07T09:53:56.8206819Z [command]/usr/bin/git submodule foreach --recursive sh -c "git config --local --name-only --get-regexp 'core\.sshCommand' && git config --local --unset-all 'core.sshCommand' || :"
Formal AI draft	UNKNOWN STEP	2026-10-07T09:53:57.0531708Z Removing HTTP extra header
Formal AI draft	UNKNOWN STEP	2026-10-07T09:53:57.0538569Z [command]/usr/bin/git config --local --name-only --get-regexp http\.https\:\/\/github\.com\/\.extraheader
Formal AI draft	UNKNOWN STEP	2026-10-07T09:53:57.0584099Z [command]/usr/bin/git submodule foreach --recursive sh -c "git config --local --name-only --get-regexp 'http\.https\:\/\/github\.com\/\.extraheader' && git config --local --unset-all 'http.https://github.com/.extraheader' || :"
Formal AI draft	UNKNOWN STEP	2026-10-07T09:53:57.0833443Z Removing includeIf entries pointing to credentials config files
Formal AI draft	UNKNOWN STEP	2026-10-07T09:53:57.0837653Z [command]/usr/bin/git config --local --name-only --get-regexp ^includeIf\.gitdir:
Formal AI draft	UNKNOWN STEP	2026-10-07T09:53:57.0879856Z [command]/usr/bin/git submodule foreach --recursive git config --local --show-origin --name-only --get-regexp remote.origin.url
Formal AI draft	UNKNOWN STEP	2026-10-07T09:53:57.1133057Z [command]/usr/bin/git config --file /home/runner/work/_temp/git-credentials-616bea96-4631-4064-8299-40469a7690c2.config http.https://github.com/.extraheader AUTHORIZATION: basic [REDACTED]
Formal AI draft	UNKNOWN STEP	2026-10-07T09:53:57.1180801Z [command]/usr/bin/git config --local includeIf.gitdir:/home/runner/work/hive-mind/hive-mind/.git.path /home/runner/work/_temp/git-credentials-616bea96-4631-4064-8299-40469a7690c2.config
Formal AI draft	UNKNOWN STEP	2026-10-07T09:53:57.1223536Z [command]/usr/bin/git config --local includeIf.gitdir:/home/runner/work/hive-mind/hive-mind/.git/worktrees/*.path /home/runner/work/_temp/git-credentials-616bea96-4631-4064-8299-40469a7690c2.config
Formal AI draft	UNKNOWN STEP	2026-10-07T09:53:57.1268822Z [command]/usr/bin/git config --local includeIf.gitdir:/github/workspace/.git.path /github/runner_temp/git-credentials-616bea96-4631-4064-8299-40469a7690c2.config
Formal AI draft	UNKNOWN STEP	2026-10-07T09:53:57.1351108Z [command]/usr/bin/git config --local includeIf.gitdir:/github/workspace/.git/worktrees/*.path /github/runner_temp/git-credentials-616bea96-4631-4064-8299-40469a7690c2.config
Formal AI draft	UNKNOWN STEP	2026-10-07T09:53:57.1379045Z ##[endgroup]
Formal AI draft	UNKNOWN STEP	2026-10-07T09:53:57.1381262Z ##[group]Fetching the repository
Formal AI draft	UNKNOWN STEP	2026-10-07T09:53:57.1389744Z [command]/usr/bin/git -c protocol.version=2 fetch --no-tags --prune --no-recurse-submodules --depth=1 origin +926…a88:refs/remotes/origin/main
Formal AI draft	UNKNOWN STEP	2026-10-07T09:54:15.7545320Z From https://github.com/link-assistant/hive-mind
Formal AI draft	UNKNOWN STEP	2026-10-07T09:54:15.7546865Z  * [new ref]         926…a88 -> origin/main
Formal AI draft	UNKNOWN STEP	2026-10-07T09:54:15.7555413Z [command]/usr/bin/git branch --list --remote origin/main
Formal AI draft	UNKNOWN STEP	2026-10-07T09:54:15.7590782Z   origin/main
Formal AI draft	UNKNOWN STEP	2026-10-07T09:54:15.7599699Z [command]/usr/bin/git rev-parse refs/remotes/origin/main
Formal AI draft	UNKNOWN STEP	2026-10-07T09:54:15.7632502Z 926…a88
Formal AI draft	UNKNOWN STEP	2026-10-07T09:54:15.7636365Z ##[endgroup]
Formal AI draft	UNKNOWN STEP	2026-10-07T09:54:15.7637077Z ##[group]Determining the checkout info
Formal AI draft	UNKNOWN STEP	2026-10-07T09:54:15.7637922Z ##[endgroup]
Formal AI draft	UNKNOWN STEP	2026-10-07T09:54:15.7643535Z [command]/usr/bin/git sparse-checkout disable
Formal AI draft	UNKNOWN STEP	2026-10-07T09:54:15.7875257Z [command]/usr/bin/git config --local --unset-all extensions.worktreeConfig
Formal AI draft	UNKNOWN STEP	2026-10-07T09:54:15.7915615Z ##[group]Checking out the ref
Formal AI draft	UNKNOWN STEP	2026-10-07T09:54:15.7922087Z [command]/usr/bin/git checkout --progress --force -B main refs/remotes/origin/main
Formal AI draft	UNKNOWN STEP	2026-10-07T09:54:16.9526458Z Updating files:  26% (2046/7772)
Formal AI draft	UNKNOWN STEP	2026-10-07T09:54:17.0107440Z Updating files:  27% (2099/7772)
Formal AI draft	UNKNOWN STEP	2026-10-07T09:54:17.0495514Z Updating files:  28% (2177/7772)
Formal AI draft	UNKNOWN STEP	2026-10-07T09:54:17.0738032Z Updating files:  29% (2254/7772)
Formal AI draft	UNKNOWN STEP	2026-10-07T09:54:17.0935451Z Updating files:  30% (2332/7772)
Formal AI draft	UNKNOWN STEP	2026-10-07T09:54:17.1292523Z Updating files:  31% (2410/7772)
Formal AI draft	UNKNOWN STEP	2026-10-07T09:54:17.2127530Z Updating files:  32% (2488/7772)
Formal AI draft	UNKNOWN STEP	2026-10-07T09:54:17.2328849Z Updating files:  33% (2565/7772)
Formal AI draft	UNKNOWN STEP	2026-10-07T09:54:17.2497603Z Updating files:  34% (2643/7772)
Formal AI draft	UNKNOWN STEP	2026-10-07T09:54:17.2741128Z Updating files:  35% (2721/7772)
Formal AI draft	UNKNOWN STEP	2026-10-07T09:54:17.4265612Z Updating files:  36% (2798/7772)
Formal AI draft	UNKNOWN STEP	2026-10-07T09:54:17.4478410Z Updating files:  37% (2876/7772)
Formal AI draft	UNKNOWN STEP	2026-10-07T09:54:17.5223960Z Updating files:  38% (2954/7772)
Formal AI draft	UNKNOWN STEP	2026-10-07T09:54:17.6949652Z Updating files:  39% (3032/7772)
Formal AI draft	UNKNOWN STEP	2026-10-07T09:54:17.7293854Z Updating files:  40% (3109/7772)
Formal AI draft	UNKNOWN STEP	2026-10-07T09:54:17.8104954Z Updating files:  41% (3187/7772)
Formal AI draft	UNKNOWN STEP	2026-10-07T09:54:17.8249686Z Updating files:  41% (3245/7772)
Formal AI draft	UNKNOWN STEP	2026-10-07T09:54:17.8672113Z Updating files:  42% (3265/7772)
Formal AI draft	UNKNOWN STEP	2026-10-07T09:54:17.8955033Z Updating files:  43% (3342/7772)
Formal AI draft	UNKNOWN STEP	2026-10-07T09:54:17.9516756Z Updating files:  44% (3420/7772)
Formal AI draft	UNKNOWN STEP	2026-10-07T09:54:18.0288053Z Updating files:  45% (3498/7772)
Formal AI draft	UNKNOWN STEP	2026-10-07T09:54:18.0958351Z Updating files:  46% (3576/7772)
Formal AI draft	UNKNOWN STEP	2026-10-07T09:54:18.1259850Z Updating files:  47% (3653/7772)
Formal AI draft	UNKNOWN STEP	2026-10-07T09:54:18.1439853Z Updating files:  48% (3731/7772)
Formal AI draft	UNKNOWN STEP	2026-10-07T09:54:18.1863967Z Updating files:  49% (3809/7772)
Formal AI draft	UNKNOWN STEP	2026-10-07T09:54:18.2117415Z Updating files:  50% (3886/7772)
Formal AI draft	UNKNOWN STEP	2026-10-07T09:54:18.2292701Z Updating files:  51% (3964/7772)
Formal AI draft	UNKNOWN STEP	2026-10-07T09:54:18.2439636Z Updating files:  52% (4042/7772)
Formal AI draft	UNKNOWN STEP	2026-10-07T09:54:18.3735672Z Updating files:  53% (4120/7772)
Formal AI draft	UNKNOWN STEP	2026-10-07T09:54:18.3919930Z Updating files:  54% (4197/7772)
Formal AI draft	UNKNOWN STEP	2026-10-07T09:54:18.4641352Z Updating files:  55% (4275/7772)
Formal AI draft	UNKNOWN STEP	2026-10-07T09:54:18.4742200Z Updating files:  56% (4353/7772)
Formal AI draft	UNKNOWN STEP	2026-10-07T09:54:18.4794179Z Updating files:  57% (4431/7772)
Formal AI draft	UNKNOWN STEP	2026-10-07T09:54:18.5243832Z Updating files:  58% (4508/7772)
Formal AI draft	UNKNOWN STEP	2026-10-07T09:54:18.5548171Z Updating files:  59% (4586/7772)
Formal AI draft	UNKNOWN STEP	2026-10-07T09:54:18.5615699Z Updating files:  60% (4664/7772)
Formal AI draft	UNKNOWN STEP	2026-10-07T09:54:18.5698918Z Updating files:  61% (4741/7772)
Formal AI draft	UNKNOWN STEP	2026-10-07T09:54:18.6780023Z Updating files:  62% (4819/7772)
Formal AI draft	UNKNOWN STEP	2026-10-07T09:54:18.7159241Z Updating files:  63% (4897/7772)
Formal AI draft	UNKNOWN STEP	2026-10-07T09:54:18.8209666Z Updating files:  64% (4975/7772)
Formal AI draft	UNKNOWN STEP	2026-10-07T09:54:18.8333025Z Updating files:  64% (5043/7772)
Formal AI draft	UNKNOWN STEP	2026-10-07T09:54:18.8490478Z Updating files:  65% (5052/7772)
Formal AI draft	UNKNOWN STEP	2026-10-07T09:54:18.8597014Z Updating files:  66% (5130/7772)
Formal AI draft	UNKNOWN STEP	2026-10-07T09:54:18.8723751Z Updating files:  67% (5208/7772)
Formal AI draft	UNKNOWN STEP	2026-10-07T09:54:18.9678186Z Updating files:  68% (5285/7772)
Formal AI draft	UNKNOWN STEP	2026-10-07T09:54:18.9783990Z Updating files:  69% (5363/7772)
Formal AI draft	UNKNOWN STEP	2026-10-07T09:54:19.1761109Z Updating files:  70% (5441/7772)
Formal AI draft	UNKNOWN STEP	2026-10-07T09:54:19.2170935Z Updating files:  71% (5519/7772)
Formal AI draft	UNKNOWN STEP	2026-10-07T09:54:19.2635584Z Updating files:  72% (5596/7772)
Formal AI draft	UNKNOWN STEP	2026-10-07T09:54:19.2913925Z Updating files:  73% (5674/7772)
Formal AI draft	UNKNOWN STEP	2026-10-07T09:54:19.2958540Z Updating files:  74% (5752/7772)
Formal AI draft	UNKNOWN STEP	2026-10-07T09:54:19.3003731Z Updating files:  75% (5829/7772)
Formal AI draft	UNKNOWN STEP	2026-10-07T09:54:19.3046586Z Updating files:  76% (5907/7772)
Formal AI draft	UNKNOWN STEP	2026-10-07T09:54:19.3093451Z Updating files:  77% (5985/7772)
Formal AI draft	UNKNOWN STEP	2026-10-07T09:54:19.3142871Z Updating files:  78% (6063/7772)
Formal AI draft	UNKNOWN STEP	2026-10-07T09:54:19.3205485Z Updating files:  79% (6140/7772)
Formal AI draft	UNKNOWN STEP	2026-10-07T09:54:19.3243855Z Updating files:  80% (6218/7772)
Formal AI draft	UNKNOWN STEP	2026-10-07T09:54:19.3284969Z Updating files:  81% (6296/7772)
Formal AI draft	UNKNOWN STEP	2026-10-07T09:54:19.3328487Z Updating files:  82% (6374/7772)
Formal AI draft	UNKNOWN STEP	2026-10-07T09:54:19.3368379Z Updating files:  83% (6451/7772)
Formal AI draft	UNKNOWN STEP	2026-10-07T09:54:19.3408091Z Updating files:  84% (6529/7772)
Formal AI draft	UNKNOWN STEP	2026-10-07T09:54:19.3448009Z Updating files:  85% (6607/7772)
Formal AI draft	UNKNOWN STEP	2026-10-07T09:54:19.3498563Z Updating files:  86% (6684/7772)
Formal AI draft	UNKNOWN STEP	2026-10-07T09:54:19.3569572Z Updating files:  87% (6762/7772)
Formal AI draft	UNKNOWN STEP	2026-10-07T09:54:19.3645462Z Updating files:  88% (6840/7772)
Formal AI draft	UNKNOWN STEP	2026-10-07T09:54:19.3729693Z Updating files:  89% (6918/7772)
Formal AI draft	UNKNOWN STEP	2026-10-07T09:54:19.3810105Z Updating files:  90% (6995/7772)
Formal AI draft	UNKNOWN STEP	2026-10-07T09:54:19.3888069Z Updating files:  91% (7073/7772)
Formal AI draft	UNKNOWN STEP	2026-10-07T09:54:19.3949773Z Updating files:  92% (7151/7772)
Formal AI draft	UNKNOWN STEP	2026-10-07T09:54:19.4015329Z Updating files:  93% (7228/7772)
Formal AI draft	UNKNOWN STEP	2026-10-07T09:54:19.4077413Z Updating files:  94% (7306/7772)
Formal AI draft	UNKNOWN STEP	2026-10-07T09:54:19.4139862Z Updating files:  95% (7384/7772)
Formal AI draft	UNKNOWN STEP	2026-10-07T09:54:19.4196388Z Updating files:  96% (7462/7772)
Formal AI draft	UNKNOWN STEP	2026-10-07T09:54:19.4266659Z Updating files:  97% (7539/7772)
Formal AI draft	UNKNOWN STEP	2026-10-07T09:54:19.4333584Z Updating files:  98% (7617/7772)
Formal AI draft	UNKNOWN STEP	2026-10-07T09:54:19.4391727Z Updating files:  99% (7695/7772)
Formal AI draft	UNKNOWN STEP	2026-10-07T09:54:19.4392191Z Updating files: 100% (7772/7772)
Formal AI draft	UNKNOWN STEP	2026-10-07T09:54:19.4392628Z Updating files: 100% (7772/7772), done.
Formal AI draft	UNKNOWN STEP	2026-10-07T09:54:19.4976480Z Switched to a new branch 'main'
Formal AI draft	UNKNOWN STEP	2026-10-07T09:54:19.4980168Z branch 'main' set up to track 'origin/main'.
Formal AI draft	UNKNOWN STEP	2026-10-07T09:54:19.5067677Z ##[endgroup]
Formal AI draft	UNKNOWN STEP	2026-10-07T09:54:19.5127095Z [command]/usr/bin/git log -1 --format=%H
Formal AI draft	UNKNOWN STEP	2026-10-07T09:54:19.5164703Z 926…a88
Formal AI draft	UNKNOWN STEP	2026-10-07T09:54:19.5174442Z ##[group]Removing auth
Formal AI draft	UNKNOWN STEP	2026-10-07T09:54:19.5174736Z Removing SSH command configuration
Formal AI draft	UNKNOWN STEP	2026-10-07T09:54:19.5178982Z [command]/usr/bin/git config --local --name-only --get-regexp core\.sshCommand
Formal AI draft	UNKNOWN STEP	2026-10-07T09:54:19.5219547Z [command]/usr/bin/git submodule foreach --recursive sh -c "git config --local --name-only --get-regexp 'core\.sshCommand' && git config --local --unset-all 'core.sshCommand' || :"
Formal AI draft	UNKNOWN STEP	2026-10-07T09:54:19.5490931Z Removing HTTP extra header
Formal AI draft	UNKNOWN STEP	2026-10-07T09:54:19.5496065Z [command]/usr/bin/git config --local --name-only --get-regexp http\.https\:\/\/github\.com\/\.extraheader
Formal AI draft	UNKNOWN STEP	2026-10-07T09:54:19.5539485Z [command]/usr/bin/git submodule foreach --recursive sh -c "git config --local --name-only --get-regexp 'http\.https\:\/\/github\.com\/\.extraheader' && git config --local --unset-all 'http.https://github.com/.extraheader' || :"
Formal AI draft	UNKNOWN STEP	2026-10-07T09:54:19.5812768Z Removing includeIf entries pointing to credentials config files
Formal AI draft	UNKNOWN STEP	2026-10-07T09:54:19.5815892Z [command]/usr/bin/git config --local --name-only --get-regexp ^includeIf\.gitdir:
Formal AI draft	UNKNOWN STEP	2026-10-07T09:54:19.5850687Z includeif.gitdir:/home/runner/work/hive-mind/hive-mind/.git.path
Formal AI draft	UNKNOWN STEP	2026-10-07T09:54:19.5851638Z includeif.gitdir:/home/runner/work/hive-mind/hive-mind/.git/worktrees/*.path
Formal AI draft	UNKNOWN STEP	2026-10-07T09:54:19.5852392Z includeif.gitdir:/github/workspace/.git.path
Formal AI draft	UNKNOWN STEP	2026-10-07T09:54:19.5852947Z includeif.gitdir:/github/workspace/.git/worktrees/*.path
Formal AI draft	UNKNOWN STEP	2026-10-07T09:54:19.5873254Z [command]/usr/bin/git config --local --get-all includeif.gitdir:/home/runner/work/hive-mind/hive-mind/.git.path
Formal AI draft	UNKNOWN STEP	2026-10-07T09:54:19.5906418Z /home/runner/work/_temp/git-credentials-616bea96-4631-4064-8299-40469a7690c2.config
Formal AI draft	UNKNOWN STEP	2026-10-07T09:54:19.5917579Z [command]/usr/bin/git config --local --unset includeif.gitdir:/home/runner/work/hive-mind/hive-mind/.git.path \/home\/runner\/work\/_temp\/git\-credentials\-616bea96\-4631\-4064\-8299\-40469a7690c2\.config
Formal AI draft	UNKNOWN STEP	2026-10-07T09:54:19.5959916Z [command]/usr/bin/git config --local --get-all includeif.gitdir:/home/runner/work/hive-mind/hive-mind/.git/worktrees/*.path
Formal AI draft	UNKNOWN STEP	2026-10-07T09:54:19.5990163Z /home/runner/work/_temp/git-credentials-616bea96-4631-4064-8299-40469a7690c2.config
Formal AI draft	UNKNOWN STEP	2026-10-07T09:54:19.6004732Z [command]/usr/bin/git config --local --unset includeif.gitdir:/home/runner/work/hive-mind/hive-mind/.git/worktrees/*.path \/home\/runner\/work\/_temp\/git\-credentials\-616bea96\-4631\-4064\-8299\-40469a7690c2\.config
Formal AI draft	UNKNOWN STEP	2026-10-07T09:54:19.6050166Z [command]/usr/bin/git config --local --get-all includeif.gitdir:/github/workspace/.git.path
Formal AI draft	UNKNOWN STEP	2026-10-07T09:54:19.6081043Z /github/runner_temp/git-credentials-616bea96-4631-4064-8299-40469a7690c2.config
Formal AI draft	UNKNOWN STEP	2026-10-07T09:54:19.6089532Z [command]/usr/bin/git config --local --unset includeif.gitdir:/github/workspace/.git.path \/github\/runner_temp\/git\-credentials\-616bea96\-4631\-4064\-8299\-40469a7690c2\.config
Formal AI draft	UNKNOWN STEP	2026-10-07T09:54:19.6130589Z [command]/usr/bin/git config --local --get-all includeif.gitdir:/github/workspace/.git/worktrees/*.path
Formal AI draft	UNKNOWN STEP	2026-10-07T09:54:19.6160487Z /github/runner_temp/git-credentials-616bea96-4631-4064-8299-40469a7690c2.config
Formal AI draft	UNKNOWN STEP	2026-10-07T09:54:19.6168173Z [command]/usr/bin/git config --local --unset includeif.gitdir:/github/workspace/.git/worktrees/*.path \/github\/runner_temp\/git\-credentials\-616bea96\-4631\-4064\-8299\-40469a7690c2\.config
Formal AI draft	UNKNOWN STEP	2026-10-07T09:54:19.6208908Z [command]/usr/bin/git submodule foreach --recursive git config --local --show-origin --name-only --get-regexp remote.origin.url
Formal AI draft	UNKNOWN STEP	2026-10-07T09:54:19.6466759Z Removing credentials config '/home/runner/work/_temp/git-credentials-616bea96-4631-4064-8299-40469a7690c2.config'
Formal AI draft	UNKNOWN STEP	2026-10-07T09:54:19.6477944Z ##[endgroup]
Formal AI draft	UNKNOWN STEP	2026-10-07T09:54:19.6745239Z ##[group]Run actions/setup-node@v7
Formal AI draft	UNKNOWN STEP	2026-10-07T09:54:19.6745520Z with:
Formal AI draft	UNKNOWN STEP	2026-10-07T09:54:19.6745726Z   node-version: 24.x
Formal AI draft	UNKNOWN STEP	2026-10-07T09:54:19.6745949Z   check-latest: false
Formal AI draft	UNKNOWN STEP	2026-10-07T09:54:19.6748620Z   token: [REDACTED]
Formal AI draft	UNKNOWN STEP	2026-10-07T09:54:19.6748856Z   package-manager-cache: true
Formal AI draft	UNKNOWN STEP	2026-10-07T09:54:19.6749118Z ##[endgroup]
Formal AI draft	UNKNOWN STEP	2026-10-07T09:54:19.8367451Z Found in cache @ /opt/hostedtoolcache/node/24.21.0/x64
Formal AI draft	UNKNOWN STEP	2026-10-07T09:54:19.8371100Z ##[group]Environment details
Formal AI draft	UNKNOWN STEP	2026-10-07T09:54:22.9670840Z node: v24.21.0
Formal AI draft	UNKNOWN STEP	2026-10-07T09:54:22.9671121Z npm: 11.19.0
Formal AI draft	UNKNOWN STEP	2026-10-07T09:54:22.9671332Z yarn: 1.22.22
Formal AI draft	UNKNOWN STEP	2026-10-07T09:54:22.9672839Z ##[endgroup]
Formal AI draft	UNKNOWN STEP	2026-10-07T09:54:22.9678395Z Detected npm as the package manager from package.json's packageManager field. Auto caching has been enabled for npm. If you want to disable it, set package-manager-cache input to false
Formal AI draft	UNKNOWN STEP	2026-10-07T09:54:22.9694244Z [command]/opt/hostedtoolcache/node/24.21.0/x64/bin/npm config get cache
Formal AI draft	UNKNOWN STEP	2026-10-07T09:54:23.3687529Z /home/runner/.npm
Formal AI draft	UNKNOWN STEP	2026-10-07T09:54:23.5421092Z Cache hit for: node-cache-Linux-x64-npm-65d29916d955aa19173f057d3adc84e931f384a2953d05a5436f30dfe0dae0d1
Formal AI draft	UNKNOWN STEP	2026-10-07T09:54:24.1785729Z Received 31842907 of 31842907 (100.0%), 59.1 MBs/sec
Formal AI draft	UNKNOWN STEP	2026-10-07T09:54:24.1786126Z Cache Size: ~30 MB (31842907 B)
Formal AI draft	UNKNOWN STEP	2026-10-07T09:54:24.1810076Z [command]/usr/bin/tar -xf /home/runner/work/_temp/f239bdae-b625-472e-b6e7-7d5f79ca7f2b/cache.tzst -P -C /home/runner/work/hive-mind/hive-mind --use-compress-program unzstd
Formal AI draft	UNKNOWN STEP	2026-10-07T09:54:24.2790930Z Cache restored successfully
Formal AI draft	UNKNOWN STEP	2026-10-07T09:54:24.2816384Z Cache restored from key: node-cache-Linux-x64-npm-65d29916d955aa19173f057d3adc84e931f384a2953d05a5436f30dfe0dae0d1
Formal AI draft	UNKNOWN STEP	2026-10-07T09:54:24.3436111Z ##[group]Run npm ci --omit=dev --ignore-scripts
Formal AI draft	UNKNOWN STEP	2026-10-07T09:54:24.3436622Z ^[[36;1mnpm ci --omit=dev --ignore-scripts^[[0m
Formal AI draft	UNKNOWN STEP	2026-10-07T09:54:26.1461730Z shell: /usr/bin/bash -e {0}
Formal AI draft	UNKNOWN STEP	2026-10-07T09:54:26.1462414Z ##[endgroup]
Formal AI draft	UNKNOWN STEP	2026-10-07T09:54:30.5176748Z 
Formal AI draft	UNKNOWN STEP	2026-10-07T09:54:30.5185583Z added 144 packages, and audited 145 packages in 4s
Formal AI draft	UNKNOWN STEP	2026-10-07T09:54:30.5186084Z 
Formal AI draft	UNKNOWN STEP	2026-10-07T09:54:30.5186699Z 36 packages are looking for funding
Formal AI draft	UNKNOWN STEP	2026-10-07T09:54:30.5187300Z   run `npm fund` for details
Formal AI draft	UNKNOWN STEP	2026-10-07T09:54:30.5191744Z 
Formal AI draft	UNKNOWN STEP	2026-10-07T09:54:30.5192152Z found 0 vulnerabilities
Formal AI draft	UNKNOWN STEP	2026-10-07T09:54:30.6028877Z Prepare all required actions
Formal AI draft	UNKNOWN STEP	2026-10-07T09:54:30.6029492Z Getting action download info
Formal AI draft	UNKNOWN STEP	2026-10-07T09:54:30.7017111Z Download action repository 'actions/create-github-app-token@v3' (SHA:bcd2ba49218906704ab6c1aa796996da409d3eb1)
Formal AI draft	UNKNOWN STEP	2026-10-07T09:54:31.0604187Z ##[group]Run ./.github/actions/resolve-github-token
Formal AI draft	UNKNOWN STEP	2026-10-07T09:54:31.0604538Z with:
Formal AI draft	UNKNOWN STEP	2026-10-07T09:54:31.0607208Z   default-token: [REDACTED]
Formal AI draft	UNKNOWN STEP	2026-10-07T09:54:31.0607487Z   repository-operations: false
Formal AI draft	UNKNOWN STEP	2026-10-07T09:54:31.0607756Z   owner: link-assistant
Formal AI draft	UNKNOWN STEP	2026-10-07T09:54:31.0607990Z ##[endgroup]
Formal AI draft	UNKNOWN STEP	2026-10-07T09:54:31.0668105Z ##[start-action display=Mint installation token;id=gh.app]
Formal AI draft	UNKNOWN STEP	2026-10-07T09:54:31.0680286Z ##[end-action id=gh.app;outcome=skipped;conclusion=skipped;duration_ms=0]
Formal AI draft	UNKNOWN STEP	2026-10-07T09:54:31.0682636Z ##[start-action display=Mint repository administration token;id=gh.admin]
Formal AI draft	UNKNOWN STEP	2026-10-07T09:54:31.0687284Z ##[end-action id=gh.admin;outcome=skipped;conclusion=skipped;duration_ms=0]
Formal AI draft	UNKNOWN STEP	2026-10-07T09:54:31.0700097Z ##[start-action display=Resolve and report credentials;id=gh.resolve]
Formal AI draft	UNKNOWN STEP	2026-10-07T09:54:31.0728450Z ##[group]Run node "$ACTION_PATH/../../../scripts/resolve-automation-token.mjs"
Formal AI draft	UNKNOWN STEP	2026-10-07T09:54:31.0729032Z ^[[36;1mnode "$ACTION_PATH/../../../scripts/resolve-automation-token.mjs"^[[0m
Formal AI draft	UNKNOWN STEP	2026-10-07T09:54:31.0801352Z shell: /usr/bin/bash --noprofile --norc -e -o pipefail {0}
Formal AI draft	UNKNOWN STEP	2026-10-07T09:54:31.0801868Z env:
Formal AI draft	UNKNOWN STEP	2026-10-07T09:54:31.0802118Z   RESOLVED_APP_TOKEN: 
[REDACTED] AI draft	UNKNOWN STEP	2026-10-07T09:54:31.0802392Z   APP_ADMINISTRATION_GRANTED: false
Formal AI draft	UNKNOWN STEP	2026-10-07T09:54:31.0802679Z   AUTOMATION_TOKEN: 
[REDACTED] AI draft	UNKNOWN STEP	2026-10-07T09:54:31.0805554Z   DEFAULT_TOKEN: [REDACTED]
Formal AI draft	UNKNOWN STEP	2026-10-07T09:54:31.0805824Z   AUTOMATION_OWNER: link-assistant
Formal AI draft	UNKNOWN STEP	2026-10-07T09:54:31.0806281Z   ACTION_PATH: /home/runner/work/hive-mind/hive-mind/./.github/actions/resolve-github-token
Formal AI draft	UNKNOWN STEP	2026-10-07T09:54:31.0806729Z ##[endgroup]
Formal AI draft	UNKNOWN STEP	2026-10-07T09:54:31.1231886Z GitHub credentials: layer default (built-in github.token; optional credentials unavailable); pull request checks through dispatch-checks.
Formal AI draft	UNKNOWN STEP	2026-10-07T09:54:31.1319752Z ##[end-action id=gh.resolve;outcome=success;conclusion=success;duration_ms=61]
Formal AI draft	UNKNOWN STEP	2026-10-07T09:54:31.1378185Z ##[group]Run node scripts/formal-ai-draft.mjs --decide
Formal AI draft	UNKNOWN STEP	2026-10-07T09:54:31.1378604Z ^[[36;1mnode scripts/formal-ai-draft.mjs --decide^[[0m
Formal AI draft	UNKNOWN STEP	2026-10-07T09:54:31.1448143Z shell: /usr/bin/bash -e {0}
Formal AI draft	UNKNOWN STEP	2026-10-07T09:54:31.1448430Z env:
Formal AI draft	UNKNOWN STEP	2026-10-07T09:54:31.1448644Z   FORMAL_AI_DRAFT_ISSUE: 
Formal AI draft	UNKNOWN STEP	2026-10-07T09:54:31.1448894Z   AUTOMATION_LAYER: default
Formal AI draft	UNKNOWN STEP	2026-10-07T09:54:31.1451794Z   GH_TOKEN: [REDACTED]
Formal AI draft	UNKNOWN STEP	2026-10-07T09:54:31.1452038Z ##[endgroup]
Formal AI draft	UNKNOWN STEP	2026-10-07T09:54:31.1976728Z Formal AI draft: attempting — #2613 was just opened by konard
Formal AI draft	UNKNOWN STEP	2026-10-07T09:54:31.1979447Z should_run=true
Formal AI draft	UNKNOWN STEP	2026-10-07T09:54:31.1979833Z decision_code=run
Formal AI draft	UNKNOWN STEP	2026-10-07T09:54:31.1980437Z decision_reason=#2613 was just opened by konard
Formal AI draft	UNKNOWN STEP	2026-10-07T09:54:31.1980904Z issue_number=2613
Formal AI draft	UNKNOWN STEP	2026-10-07T09:54:31.2052539Z ##[group]Run node scripts/free-disk-space.mjs
Formal AI draft	UNKNOWN STEP	2026-10-07T09:54:31.2052938Z ^[[36;1mnode scripts/free-disk-space.mjs^[[0m
Formal AI draft	UNKNOWN STEP	2026-10-07T09:54:31.2122089Z shell: /usr/bin/bash -e {0}
Formal AI draft	UNKNOWN STEP	2026-10-07T09:54:31.2122368Z ##[endgroup]
Formal AI draft	UNKNOWN STEP	2026-10-07T09:54:31.2497667Z 
Formal AI draft	UNKNOWN STEP	2026-10-07T09:54:31.2498592Z Disk space before cleanup:
Formal AI draft	UNKNOWN STEP	2026-10-07T09:54:31.2711037Z Filesystem      Size  Used Avail Use% Mounted on
Formal AI draft	UNKNOWN STEP	2026-10-07T09:54:31.2711795Z /dev/root       145G   61G   85G  42% /
Formal AI draft	UNKNOWN STEP	2026-10-07T09:54:31.2717070Z 
Formal AI draft	UNKNOWN STEP	2026-10-07T09:54:31.2717324Z Removing unnecessary packages to free disk space...
Formal AI draft	UNKNOWN STEP	2026-10-07T09:54:31.2718036Z Removing /usr/share/dotnet...
Formal AI draft	UNKNOWN STEP	2026-10-07T09:54:42.5310202Z Removing /usr/local/lib/android...
Formal AI draft	UNKNOWN STEP	2026-10-07T09:56:00.0850480Z Removing /opt/ghc...
Formal AI draft	UNKNOWN STEP	2026-10-07T09:56:00.0963181Z Removing /opt/hostedtoolcache/CodeQL...
Formal AI draft	UNKNOWN STEP	2026-10-07T09:56:08.5115881Z Pruning unused Docker images...
Formal AI draft	UNKNOWN STEP	2026-10-07T09:56:26.4682534Z Deleted Images:
Formal AI draft	UNKNOWN STEP	2026-10-07T09:56:26.4683330Z untagged: ghcr.io/dependabot/dependabot-updater-core:latest
Formal AI draft	UNKNOWN STEP	2026-10-07T09:56:26.4684586Z untagged: ghcr.io/dependabot/dependabot-updater-core@sha256:c2342220131819a9c7b892ab99ac97b3239fb86b8df8230fce129cdc9c8c39bd
Formal AI draft	UNKNOWN STEP	2026-10-07T09:56:26.4685772Z deleted: sha256:2809589a96ed3521d5e9d55a44564cd21d43f7b39f3e78c8801a16cbe58edd9d
Formal AI draft	UNKNOWN STEP	2026-10-07T09:56:26.4687375Z deleted: sha256:27a37f0e7236b8f9887912029136d636cc39cacf748787390fc017b5b150907c
Formal AI draft	UNKNOWN STEP	2026-10-07T09:56:26.4688459Z deleted: sha256:0234749a247391c4d1ae3250f6f58d13a9184add7ca439eb9eaf69fe6b2674f1
Formal AI draft	UNKNOWN STEP	2026-10-07T09:56:26.4689487Z deleted: sha256:5f42d5a2e1f9d762c37aac2e52105580bf2dd16d70e00756bb7821e5214b9a44
Formal AI draft	UNKNOWN STEP	2026-10-07T09:56:26.4690102Z deleted: sha256:2697b60db69e695292957d9293e834d8d63007d0539571f145bcf9da5af1c900
Formal AI draft	UNKNOWN STEP	2026-10-07T09:56:26.4690699Z deleted: sha256:57614a346e4907980822566d168a390794106e5f93d586a5cad70fd98cb6ad4e
Formal AI draft	UNKNOWN STEP	2026-10-07T09:56:26.4691285Z deleted: sha256:8a1f2954fbeac20c964168d074b56ca5a302b85c7ee226dec4b0c9c7fd6de892
Formal AI draft	UNKNOWN STEP	2026-10-07T09:56:26.4692483Z deleted: sha256:f63ecd43f970e74878e736d7fe869663e716157a6d8a74a10d3b115031208ced
Formal AI draft	UNKNOWN STEP	2026-10-07T09:56:26.4693438Z deleted: sha256:ef042781c526748d0eed2eae749ec305ddacb0b4035e805241408726b65583c7
Formal AI draft	UNKNOWN STEP	2026-10-07T09:56:26.4694399Z deleted: sha256:a3739c89928ae41bf4304dd35e60960b58fd4d5403fec03c555d9e696855be0d
Formal AI draft	UNKNOWN STEP	2026-10-07T09:56:26.4695424Z deleted: sha256:16626f8ebd2be9eede1551bf2ca2d0d4e9b8b67410fa1c1bf227e7d8c9f9c07a
Formal AI draft	UNKNOWN STEP	2026-10-07T09:56:26.4696452Z deleted: sha256:907457a543daa3400bf2a3fb7070fa9179163c8d5e1b11435301e4d95fee69d2
Formal AI draft	UNKNOWN STEP	2026-10-07T09:56:26.4697461Z deleted: sha256:65e5d715ea720349e6475f91651a0956279fc295a45fd73aa04f1cec046281a1
Formal AI draft	UNKNOWN STEP	2026-10-07T09:56:26.4698277Z untagged: ghcr.io/github/gh-aw-firewall/api-proxy:latest
Formal AI draft	UNKNOWN STEP	2026-10-07T09:56:26.4699431Z untagged: ghcr.io/github/gh-aw-firewall/api-proxy@sha256:e9928b9e2bc294016357d64505b39c75efe89a5f0d6be2ace9c47c10e5bd0e45
Formal AI draft	UNKNOWN STEP	2026-10-07T09:56:26.4700636Z deleted: sha256:462a83323e1f64577bc6b323aee05f39f1807090387b0aea9619090c8df0938d
Formal AI draft	UNKNOWN STEP	2026-10-07T09:56:26.4701742Z deleted: sha256:31065a717f1c83cc1158dda98bb370b2bbec2c8d63870feb51eac1c0ae2d0ced
Formal AI draft	UNKNOWN STEP	2026-10-07T09:56:26.4702734Z deleted: sha256:b5eede58f2e77a344294cb49a98585c76107ac13442d8ec3b3c5d652f105eb5d
Formal AI draft	UNKNOWN STEP	2026-10-07T09:56:26.4703727Z deleted: sha256:633fc28e8b274ae9e032fcffdffa100ba96228725557b2fb6f41183e9e522289
Formal AI draft	UNKNOWN STEP	2026-10-07T09:56:26.4704721Z deleted: sha256:d2fe9d1a57672b2c750101bbda3a982df55190371c7a5443b78f85ee9e2016d4
Formal AI draft	UNKNOWN STEP	2026-10-07T09:56:26.4705676Z deleted: sha256:09f46b10276d21996fda617370929f46c80534cfac521143575ab4538942a1e9
Formal AI draft	UNKNOWN STEP	2026-10-07T09:56:26.4706754Z deleted: sha256:ebe510757ce9458ccd7e7a51547135152b0286b0596e1d926cec45d61d2e7e86
Formal AI draft	UNKNOWN STEP	2026-10-07T09:56:26.4707883Z deleted: sha256:45770e3a05ab9bca6801bdb244fdfe0a64c90ae5cf8bd7b63e4ea529730490ef
Formal AI draft	UNKNOWN STEP	2026-10-07T09:56:26.4708891Z deleted: sha256:3f27bbeaacb74c466df01078d26d271ee16fab2ef5168bcb22d447c18ae5575b
Formal AI draft	UNKNOWN STEP	2026-10-07T09:56:26.4709932Z deleted: sha256:f49d3aa361fffa2b2e94a63d2b3e6c2673485c02a7b18dbcfb4d164a12cad5cc
Formal AI draft	UNKNOWN STEP	2026-10-07T09:56:26.4710957Z deleted: sha256:1fc800ab7c27044f68113e1c7f474000aa447219dbd77479447ab6ad1b86b2d7
Formal AI draft	UNKNOWN STEP	2026-10-07T09:56:26.4712321Z deleted: sha256:9c1e16c1243231b6b2b3f73fb3dadefc3d37c0c7c539e99409b3b1f5d41ee184
Formal AI draft	UNKNOWN STEP	2026-10-07T09:56:26.4712965Z deleted: sha256:ff9b85e5f9ce82bac83d2f8e3097d4b731eb1c268226154012db9a54f9da2cb2
Formal AI draft	UNKNOWN STEP	2026-10-07T09:56:26.4713770Z deleted: sha256:a8aabe94b66ee52be2cc5a04366a49ff3fc40c2945530afcced3919350ddfdf5
Formal AI draft	UNKNOWN STEP	2026-10-07T09:56:26.4714514Z untagged: ghcr.io/github/gh-aw-mcpg:latest
Formal AI draft	UNKNOWN STEP	2026-10-07T09:56:26.4715513Z untagged: ghcr.io/github/gh-aw-mcpg@sha256:2df1262a5b8877bfd8d99bc13e705f350a14709cf0d45005942fb63702a7a45b
Formal AI draft	UNKNOWN STEP	2026-10-07T09:56:26.4716672Z deleted: sha256:73d7b28bfe4ae45ffd646e62dcec7bd6fbca9ba59332352cb435400a8786b6a4
Formal AI draft	UNKNOWN STEP	2026-10-07T09:56:26.4717584Z deleted: sha256:41efdab3bd175ca41b75df2833a2f4631b0162be0269f19c99fdd2da5f9180b8
Formal AI draft	UNKNOWN STEP	2026-10-07T09:56:26.4718187Z deleted: sha256:d3029939992a301624bf757165e995941952fa859d59764bc2992bee11855e4d
Formal AI draft	UNKNOWN STEP	2026-10-07T09:56:26.4718767Z deleted: sha256:74577364cc078d33b0e479154ee8e51d5c204ca7a8ab0d88d7b5c9092bdbc236
Formal AI draft	UNKNOWN STEP	2026-10-07T09:56:26.4719368Z deleted: sha256:5ec855e7c78ed55a18b927a597740a60d274dfae1d6a5dce74fdbca7acb22b56
Formal AI draft	UNKNOWN STEP	2026-10-07T09:56:26.4719969Z deleted: sha256:9b3df31324d335ab2f9cb28f5999b2e9985a0eeb8873266a7f0e6cd0216f6e34
Formal AI draft	UNKNOWN STEP	2026-10-07T09:56:26.4720559Z deleted: sha256:09df3d36d3df02c2be99898ac9e632f91e02fb8262d715c6c0e25927ed2e5dd6
Formal AI draft	UNKNOWN STEP	2026-10-07T09:56:26.4721156Z deleted: sha256:6ccd0f9257b0a94f3e50f50a9cdc766408da9d5ded13721abdac5fc34f663f49
Formal AI draft	UNKNOWN STEP	2026-10-07T09:56:26.4722570Z deleted: sha256:4b35d13cdd93533c08ba296080135dfc555c64a3a0a4284ac739b93e53ee63f6
Formal AI draft	UNKNOWN STEP	2026-10-07T09:56:26.4723641Z deleted: sha256:70834cf3bba44803e61e4c9d424992d91e06c34dcbfa92d388fc493c51c26e3a
Formal AI draft	UNKNOWN STEP	2026-10-07T09:56:26.4724381Z deleted: sha256:1a597abbdca4511eb22f2e0b00a5d8b6d6129e7669ed56d751b9d1d611d80bfa
Formal AI draft	UNKNOWN STEP	2026-10-07T09:56:26.4725158Z deleted: sha256:d5c28ed9f7e287d23038493d8b2dbea75a712162b907ec2fab74295d6bbf77fc
Formal AI draft	UNKNOWN STEP	2026-10-07T09:56:26.4725761Z deleted: sha256:34884abbe92863fce933ed7c39c0e045631af0ed86d5cc0dfbdf9fdca426ce3c
Formal AI draft	UNKNOWN STEP	2026-10-07T09:56:26.4726263Z untagged: ghcr.io/github/gh-aw-firewall/agent:latest
Formal AI draft	UNKNOWN STEP	2026-10-07T09:56:26.4727035Z untagged: ghcr.io/github/gh-aw-firewall/agent@sha256:f7aec386cb56bca7f048b308fdb0225efa126c9542c9e2d99d11a293275474cc
Formal AI draft	UNKNOWN STEP	2026-10-07T09:56:26.4728238Z deleted: sha256:dd8b535a610273f787c9396450d463498696d89980287b7ba467f9f95e0e9105
Formal AI draft	UNKNOWN STEP	2026-10-07T09:56:26.4729083Z deleted: sha256:cd2c2214a5496a06c8019360d471a5633377a1051217180a1269cd1ef634f862
Formal AI draft	UNKNOWN STEP	2026-10-07T09:56:26.4729687Z deleted: sha256:bd6db7af25e5c461f146f772698d2cd3c6cff5d69733a7a62101ee25712693fb
Formal AI draft	UNKNOWN STEP	2026-10-07T09:56:26.4730285Z deleted: sha256:170c5f11b0c3a0072875befad813fd0e995e4e1e762dc2aef13dd814c1bb0239
Formal AI draft	UNKNOWN STEP	2026-10-07T09:56:26.4730874Z deleted: sha256:178da77a03a75430696c9ba9d62f2ef14b4b21cc8135f0a2d54420695f7609de
Formal AI draft	UNKNOWN STEP	2026-10-07T09:56:26.4731656Z deleted: sha256:d9e3a23affc763150b23d3e8fad0db3c51e33709a24f520af600c261e45374c4
Formal AI draft	UNKNOWN STEP	2026-10-07T09:56:26.4732361Z deleted: sha256:6db7fbb7a786d4baa4e2f2e2e11daa3fd3f4463b12a18bb718f01b8a1f01ee12
Formal AI draft	UNKNOWN STEP	2026-10-07T09:56:26.4732968Z deleted: sha256:d3d75b78728bfb7c2e789853ad2cb9e4765ee2791c5386a884c5dbaf43fcf4e9
Formal AI draft	UNKNOWN STEP	2026-10-07T09:56:26.4733694Z deleted: sha256:524acddafb6bd29cb96dce457d54d4a0c72856786a784822ad2cc20f57a11957
Formal AI draft	UNKNOWN STEP	2026-10-07T09:56:26.4734671Z deleted: sha256:90ff35a3bae69533a2853508d525e03cd7ed311a58d6cc4d03f664a40ea3a532
Formal AI draft	UNKNOWN STEP	2026-10-07T09:56:26.4735654Z deleted: sha256:02fb223c998b7e2170d1fe9e1007c69d1ffe4923441dea7ef870c3ef83aaa868
Formal AI draft	UNKNOWN STEP	2026-10-07T09:56:26.4736584Z deleted: sha256:4854140817ddf9f59f66d4a02f56fa50f7ca1f233a4b41579e657a220fbc2038
Formal AI draft	UNKNOWN STEP	2026-10-07T09:56:26.4737367Z deleted: sha256:2ce0e5ed1dd6142b2815e4ce0ee92902d89a9e939f967cdb2b9ac1fecbf68c69
Formal AI draft	UNKNOWN STEP	2026-10-07T09:56:26.4737982Z deleted: sha256:c31f74b11497f3ef4257b47f7eb7d78b947cb96bd5f3d78096693a6a6f60b871
Formal AI draft	UNKNOWN STEP	2026-10-07T09:56:26.4738576Z deleted: sha256:8044fa19c9928572975aabcc447e338f8888be2bbb58f1c20ddeee742d09237c
Formal AI draft	UNKNOWN STEP	2026-10-07T09:56:26.4739163Z deleted: sha256:ae6ee2cafb2c1a89400c30623bfb8e057560519c3e7d38196c773ed21daede02
Formal AI draft	UNKNOWN STEP	2026-10-07T09:56:26.4739865Z deleted: sha256:ddb1f4f198c9e942076835b007e10dc863423837a20b9b528fee45a78afc4612
Formal AI draft	UNKNOWN STEP	2026-10-07T09:56:26.4740694Z deleted: sha256:ea16cace89338c84eb6bcb91a7efdfcae6838fff359efe951858227436486c34
Formal AI draft	UNKNOWN STEP	2026-10-07T09:56:26.4741204Z untagged: ghcr.io/github/github-mcp-server:latest
Formal AI draft	UNKNOWN STEP	2026-10-07T09:56:26.4742077Z untagged: ghcr.io/github/github-mcp-server@sha256:508a0857ec762b1ab1cece29193345b501fab1dd9d1228a7b617062954cecac6
Formal AI draft	UNKNOWN STEP	2026-10-07T09:56:26.4742815Z deleted: sha256:09777492cb7555eda590306a1860c4e8c23e5683fa646ab413b6cee398bfe440
Formal AI draft	UNKNOWN STEP	2026-10-07T09:56:26.4743610Z deleted: sha256:4e1a16f2eca481b968245bd41c1657bf5e92542990e81fb0a8a5cb260645b78a
Formal AI draft	UNKNOWN STEP	2026-10-07T09:56:26.4744240Z deleted: sha256:1e1cabb4a65e50fb84bc4612619b0025e4a1d06d5e38699d1e67e5a8e4f333db
Formal AI draft	UNKNOWN STEP	2026-10-07T09:56:26.4744831Z deleted: sha256:86766d6a6e947f4a599c6e23307470f8f75732fc3d143ec1f3260e4406202bee
Formal AI draft	UNKNOWN STEP	2026-10-07T09:56:26.4745411Z deleted: sha256:2944471a0bbdfb4985f84f8d287edb5cd982d1060589e707a6cb0cbe82cdfe89
Formal AI draft	UNKNOWN STEP	2026-10-07T09:56:26.4746002Z deleted: sha256:5e555e7975e2202f21fb93d460d701a340ade876f3afccb70d702f1dc5ab80db
Formal AI draft	UNKNOWN STEP	2026-10-07T09:56:26.4746613Z deleted: sha256:2a080d78a1c5e3615170178f1c6f4c726340da9d5ff2926cb66e2fd97851da9d
Formal AI draft	UNKNOWN STEP	2026-10-07T09:56:26.4747355Z deleted: sha256:af4a114029fbf94a3cf75c5cfaa5e947019cd6faae4b800c9306ac9079363def
Formal AI draft	UNKNOWN STEP	2026-10-07T09:56:26.4747969Z deleted: sha256:c7b875d3de914680ec64ba55be5865955ec595e7370812894ee68a502e2e8391
Formal AI draft	UNKNOWN STEP	2026-10-07T09:56:26.4748553Z deleted: sha256:85d9b4c1ef131ee259952a35027e942f79626303ab143eff7ef00d55201bd06f
Formal AI draft	UNKNOWN STEP	2026-10-07T09:56:26.4749317Z deleted: sha256:492c6420fd79f4cd4e761bec1e74db6044d45adb5b073a82289af68aa3162e3f
Formal AI draft	UNKNOWN STEP	2026-10-07T09:56:26.4749910Z deleted: sha256:14b282df61c0316a80216cec27e753777da93de1d7e062072ef3b517f984fcf1
Formal AI draft	UNKNOWN STEP	2026-10-07T09:56:26.4750498Z deleted: sha256:fdaace00fc3f072b9060f703047b30a2c14d8bde7dbbf31a396802c032923732
Formal AI draft	UNKNOWN STEP	2026-10-07T09:56:26.4751098Z deleted: sha256:7f73eafc455b691b504d4d3c3f3c7be90e135c1d0ba4988b2cac29579cd6b567
Formal AI draft	UNKNOWN STEP	2026-10-07T09:56:26.4751994Z deleted: sha256:32a12b65383df6b6553c8d59f691675ca1980f8cec9c51cce163c3c8f7665a41
Formal AI draft	UNKNOWN STEP	2026-10-07T09:56:26.4752589Z deleted: sha256:5217b01660b515ac25ea055a8bd04a20790c7d6bd6085374b59b9081283911af
Formal AI draft	UNKNOWN STEP	2026-10-07T09:56:26.4753435Z deleted: sha256:7223ea1323e8c1159ec17f07d35acc27bdd1cc2bc3ed425b44ef21dac9915db0
Formal AI draft	UNKNOWN STEP	2026-10-07T09:56:26.4753963Z untagged: ghcr.io/github/gh-aw-firewall/squid:latest
Formal AI draft	UNKNOWN STEP	2026-10-07T09:56:26.4754684Z untagged: ghcr.io/github/gh-aw-firewall/squid@sha256:451cdc9bd5cbcdb42f45cf1878e5eff74d28429b55cc47d822f141d5a934174c
Formal AI draft	UNKNOWN STEP	2026-10-07T09:56:26.4755482Z deleted: sha256:22967111f2812e3549c638bafb97d3d5de396bb09e7a6b84173d58b979433abb
Formal AI draft	UNKNOWN STEP	2026-10-07T09:56:26.4756085Z deleted: sha256:fe61a40e72d1b55573e81cfd30c9c67bdf654ab7499fffa20aa5f1e99d3ce2b3
Formal AI draft	UNKNOWN STEP	2026-10-07T09:56:26.4756695Z deleted: sha256:6622e63bac11514b91f8cd292706df7511ef5e53c05cc34cf4e0547046806349
Formal AI draft	UNKNOWN STEP	2026-10-07T09:56:26.4757291Z deleted: sha256:99ce13b82c73a9cb85ecf17be027d4af9c0fc013359175e13b41d62c534388cd
Formal AI draft	UNKNOWN STEP	2026-10-07T09:56:26.4757879Z deleted: sha256:233058792c4175e827ae35c05186a1a7a1883cdd7ecd714c18fdbd05e5ee6f5d
Formal AI draft	UNKNOWN STEP	2026-10-07T09:56:26.4758459Z deleted: sha256:74d97c428c51a828f9051a7a40a53ff1fc99e54fc30323ce36760701b0b7f711
Formal AI draft	UNKNOWN STEP	2026-10-07T09:56:26.4758760Z 
Formal AI draft	UNKNOWN STEP	2026-10-07T09:56:26.4758925Z Total reclaimed space: 1.863GB
Formal AI draft	UNKNOWN STEP	2026-10-07T09:56:26.4759126Z 
Formal AI draft	UNKNOWN STEP	2026-10-07T09:56:26.4759253Z Disk space after cleanup:
Formal AI draft	UNKNOWN STEP	2026-10-07T09:56:26.4764250Z Filesystem      Size  Used Avail Use% Mounted on
Formal AI draft	UNKNOWN STEP	2026-10-07T09:56:26.4764637Z /dev/root       145G   41G  105G  28% /
Formal AI draft	UNKNOWN STEP	2026-10-07T09:56:26.4768089Z 
Formal AI draft	UNKNOWN STEP	2026-10-07T09:56:26.4768604Z Disk space cleanup completed successfully
Formal AI draft	UNKNOWN STEP	2026-10-07T09:56:26.4904951Z ##[group]Run node scripts/formal-ai-draft.mjs
Formal AI draft	UNKNOWN STEP	2026-10-07T09:56:26.4905341Z ^[[36;1mnode scripts/formal-ai-draft.mjs^[[0m
Formal AI draft	UNKNOWN STEP	2026-10-07T09:56:26.4974530Z shell: /usr/bin/bash -e {0}
Formal AI draft	UNKNOWN STEP	2026-10-07T09:56:26.4974807Z env:
Formal AI draft	UNKNOWN STEP	2026-10-07T09:56:26.4975016Z   FORMAL_AI_DRAFT_ISSUE: 
Formal AI draft	UNKNOWN STEP	2026-10-07T09:56:26.4975296Z   FORMAL_AI_DRAFT_IMAGE: konard/hive-mind:latest
Formal AI draft	UNKNOWN STEP	2026-10-07T09:56:26.4975620Z   FORMAL_AI_INSTALL_GRANT: workspace
Formal AI draft	UNKNOWN STEP	2026-10-07T09:56:26.4975992Z   FORMAL_AI_DRAFT_LOG_DIR: /home/runner/work/_temp/formal-ai-draft-logs
Formal AI draft	UNKNOWN STEP	2026-10-07T09:56:26.4976371Z   AUTOMATION_LAYER: default
Formal AI draft	UNKNOWN STEP	2026-10-07T09:56:26.4979334Z   GH_TOKEN: [REDACTED]
Formal AI draft	UNKNOWN STEP	2026-10-07T09:56:26.4979566Z ##[endgroup]
Formal AI draft	UNKNOWN STEP	2026-10-07T09:56:26.5402493Z Formal AI draft: attempting — #2613 was just opened by konard
Formal AI draft	UNKNOWN STEP	2026-10-07T09:56:26.5405026Z should_run=true
Formal AI draft	UNKNOWN STEP	2026-10-07T09:56:26.5405341Z decision_code=run
Formal AI draft	UNKNOWN STEP	2026-10-07T09:56:26.5405664Z decision_reason=#2613 was just opened by konard
Formal AI draft	UNKNOWN STEP	2026-10-07T09:56:26.5406028Z issue_number=2613
Formal AI draft	UNKNOWN STEP	2026-10-07T09:56:26.5409508Z 
Formal AI draft	UNKNOWN STEP	2026-10-07T09:56:26.5412521Z $ docker run --rm --user box -e GH_TOKEN -e FORMAL_AI_INSTALL_GRANT -e GIT_CONFIG_COUNT=3 -e GIT_CONFIG_KEY_0=init.defaultBranch -e GIT_CONFIG_VALUE_0=main -e GIT_CONFIG_KEY_1=user.name -e GIT_CONFIG_VALUE_1=github-actions[bot] -e GIT_CONFIG_KEY_2=user.email -e GIT_CONFIG_VALUE_2=41898282+github-actions[bot]@users.noreply.github.com -v /home/runner/work/_temp/formal-ai-draft-logs:/home/box/logs konard/hive-mind:latest solve https://github.com/link-assistant/hive-mind/issues/2613 --tool agent --model formal-ai --attach-logs --verbose --attribution formal-ai --no-auto-restart-until-mergeable --log-dir /home/box/logs
Formal AI draft	UNKNOWN STEP	2026-10-07T09:56:26.5414598Z 
Formal AI draft	UNKNOWN STEP	2026-10-07T09:56:26.5582252Z Unable to find image 'konard/hive-mind:latest' locally
Formal AI draft	UNKNOWN STEP	2026-10-07T09:56:27.3046251Z latest: Pulling from konard/hive-mind
Formal AI draft	UNKNOWN STEP	2026-10-07T09:56:27.4195244Z e51aee9c82ec: Pulling fs layer
Formal AI draft	UNKNOWN STEP	2026-10-07T09:56:27.4196050Z 05a10bd1cc45: Pulling fs layer
Formal AI draft	UNKNOWN STEP	2026-10-07T09:56:27.4197683Z ed547ccbabc0: Pulling fs layer
Formal AI draft	UNKNOWN STEP	2026-10-07T09:56:27.4198608Z d1216e18a94a: Pulling fs layer
Formal AI draft	UNKNOWN STEP	2026-10-07T09:56:27.4199568Z 801e18c812ce: Pulling fs layer
Formal AI draft	UNKNOWN STEP	2026-10-07T09:56:27.4200650Z 03bfcb459b16: Pulling fs layer
Formal AI draft	UNKNOWN STEP	2026-10-07T09:56:27.4202129Z 5c5a40b6ebe1: Pulling fs layer
Formal AI draft	UNKNOWN STEP	2026-10-07T09:56:27.4202773Z b6fb525b9859: Pulling fs layer
Formal AI draft	UNKNOWN STEP	2026-10-07T09:56:27.4203192Z 4f4fb700ef54: Pulling fs layer
Formal AI draft	UNKNOWN STEP	2026-10-07T09:56:27.4203689Z 77830f763d05: Pulling fs layer
Formal AI draft	UNKNOWN STEP	2026-10-07T09:56:27.4204101Z 14ecf2c22b76: Pulling fs layer
Formal AI draft	UNKNOWN STEP	2026-10-07T09:56:27.4204610Z dcab939a8ad2: Pulling fs layer
Formal AI draft	UNKNOWN STEP	2026-10-07T09:56:27.4205070Z 1685d9f397ea: Pulling fs layer
Formal AI draft	UNKNOWN STEP	2026-10-07T09:56:27.4205640Z 94885de726b2: Pulling fs layer
Formal AI draft	UNKNOWN STEP	2026-10-07T09:56:27.4206277Z f8f776c88cef: Pulling fs layer
Formal AI draft	UNKNOWN STEP	2026-10-07T09:56:27.4206918Z 2b1a79a952e0: Pulling fs layer
Formal AI draft	UNKNOWN STEP	2026-10-07T09:56:27.4207510Z 4eb943637211: Pulling fs layer
Formal AI draft	UNKNOWN STEP	2026-10-07T09:56:27.4208136Z 633efee25919: Pulling fs layer
Formal AI draft	UNKNOWN STEP	2026-10-07T09:56:27.4208751Z c24cd2c53c21: Pulling fs layer
Formal AI draft	UNKNOWN STEP	2026-10-07T09:56:27.4209381Z fcdcbe182a20: Pulling fs layer
Formal AI draft	UNKNOWN STEP	2026-10-07T09:56:27.4210001Z dfd5851c656b: Pulling fs layer
Formal AI draft	UNKNOWN STEP	2026-10-07T09:56:27.4210716Z b517b72f2ac1: Pulling fs layer
Formal AI draft	UNKNOWN STEP	2026-10-07T09:56:27.4211375Z 6f70f7f850cc: Pulling fs layer
Formal AI draft	UNKNOWN STEP	2026-10-07T09:56:27.4212056Z a4887fd0e95d: Pulling fs layer
Formal AI draft	UNKNOWN STEP	2026-10-07T09:56:27.4212469Z 4ca8235aa44a: Pulling fs layer
Formal AI draft	UNKNOWN STEP	2026-10-07T09:56:27.4212869Z 2b285eb0d0ec: Pulling fs layer
Formal AI draft	UNKNOWN STEP	2026-10-07T09:56:27.4213274Z 0c4fac90fc3b: Pulling fs layer
Formal AI draft	UNKNOWN STEP	2026-10-07T09:56:27.4213676Z 16f5437797c6: Pulling fs layer
Formal AI draft	UNKNOWN STEP	2026-10-07T09:56:27.4214257Z 9fb16e261db6: Pulling fs layer
Formal AI draft	UNKNOWN STEP	2026-10-07T09:56:27.4214680Z 66b3a348f42a: Pulling fs layer
Formal AI draft	UNKNOWN STEP	2026-10-07T09:56:27.4215107Z 967f5f9fdab7: Pulling fs layer
Formal AI draft	UNKNOWN STEP	2026-10-07T09:56:27.4215508Z 4a988c5e45ed: Pulling fs layer
Formal AI draft	UNKNOWN STEP	2026-10-07T09:56:27.4215909Z 4d80c8c7aade: Pulling fs layer
Formal AI draft	UNKNOWN STEP	2026-10-07T09:56:27.4216312Z 1bbed1478017: Pulling fs layer
Formal AI draft	UNKNOWN STEP	2026-10-07T09:56:27.4216715Z f076a49d2bdb: Pulling fs layer
Formal AI draft	UNKNOWN STEP	2026-10-07T09:56:27.4217117Z 116a58d6b92e: Pulling fs layer
Formal AI draft	UNKNOWN STEP	2026-10-07T09:56:27.4217530Z 2c3e2da519d2: Pulling fs layer
Formal AI draft	UNKNOWN STEP	2026-10-07T09:56:27.4218207Z 4c3b4d3a3ed0: Pulling fs layer
Formal AI draft	UNKNOWN STEP	2026-10-07T09:56:27.4218613Z a48579fd153b: Pulling fs layer
Formal AI draft	UNKNOWN STEP	2026-10-07T09:56:27.4219044Z dcd1000c3472: Pulling fs layer
Formal AI draft	UNKNOWN STEP	2026-10-07T09:56:27.4219452Z ee0cacb14ddc: Pulling fs layer
Formal AI draft	UNKNOWN STEP	2026-10-07T09:56:27.4219851Z 27fe2684e59f: Pulling fs layer
Formal AI draft	UNKNOWN STEP	2026-10-07T09:56:27.4220251Z da6114e36569: Pulling fs layer
Formal AI draft	UNKNOWN STEP	2026-10-07T09:56:27.4220646Z 106127901317: Pulling fs layer
Formal AI draft	UNKNOWN STEP	2026-10-07T09:56:27.4221041Z 1b8a1b250b6a: Pulling fs layer
Formal AI draft	UNKNOWN STEP	2026-10-07T09:56:27.4221632Z 578c3d79a482: Pulling fs layer
Formal AI draft	UNKNOWN STEP	2026-10-07T09:56:27.4222249Z 8d275b2e44f6: Pulling fs layer
Formal AI draft	UNKNOWN STEP	2026-10-07T09:56:27.4222720Z bc1198ff1343: Pulling fs layer
Formal AI draft	UNKNOWN STEP	2026-10-07T09:56:27.4223165Z 13dcbf8aae2d: Pulling fs layer
Formal AI draft	UNKNOWN STEP	2026-10-07T09:56:27.4223609Z b5fa70730e2c: Pulling fs layer
Formal AI draft	UNKNOWN STEP	2026-10-07T09:56:27.4223904Z 3777050e6015: Pulling fs layer
Formal AI draft	UNKNOWN STEP	2026-10-07T09:56:27.4224178Z 5985ea7fffe0: Pulling fs layer
Formal AI draft	UNKNOWN STEP	2026-10-07T09:56:27.4224469Z 1cfcc1f741b2: Pulling fs layer
Formal AI draft	UNKNOWN STEP	2026-10-07T09:56:27.4224755Z fe24e8f57c4f: Pulling fs layer
Formal AI draft	UNKNOWN STEP	2026-10-07T09:56:27.4225030Z 047110cb0fde: Pulling fs layer
Formal AI draft	UNKNOWN STEP	2026-10-07T09:56:27.4225296Z cd1840a9d9a4: Pulling fs layer
Formal AI draft	UNKNOWN STEP	2026-10-07T09:56:27.4225565Z 48239f56193a: Pulling fs layer
Formal AI draft	UNKNOWN STEP	2026-10-07T09:56:27.4225832Z 316ec4aefc92: Pulling fs layer
Formal AI draft	UNKNOWN STEP	2026-10-07T09:56:27.4226107Z d9cfcfdb45a8: Pulling fs layer
Formal AI draft	UNKNOWN STEP	2026-10-07T09:56:27.4226363Z 967f5f9fdab7: Waiting
Formal AI draft	UNKNOWN STEP	2026-10-07T09:56:27.4226604Z 4a988c5e45ed: Waiting
Formal AI draft	UNKNOWN STEP	2026-10-07T09:56:27.4226830Z 4d80c8c7aade: Waiting
Formal AI draft	UNKNOWN STEP	2026-10-07T09:56:27.4227049Z 1bbed1478017: Waiting
Formal AI draft	UNKNOWN STEP	2026-10-07T09:56:27.4227273Z f076a49d2bdb: Waiting
Formal AI draft	UNKNOWN STEP	2026-10-07T09:56:27.4227490Z 116a58d6b92e: Waiting
Formal AI draft	UNKNOWN STEP	2026-10-07T09:56:27.4227706Z 2c3e2da519d2: Waiting
Formal AI draft	UNKNOWN STEP	2026-10-07T09:56:27.4227924Z 4c3b4d3a3ed0: Waiting
Formal AI draft	UNKNOWN STEP	2026-10-07T09:56:27.4228140Z a48579fd153b: Waiting
Formal AI draft	UNKNOWN STEP	2026-10-07T09:56:27.4228353Z dcd1000c3472: Waiting
Formal AI draft	UNKNOWN STEP	2026-10-07T09:56:27.4228576Z ee0cacb14ddc: Waiting
Formal AI draft	UNKNOWN STEP	2026-10-07T09:56:27.4228810Z 27fe2684e59f: Waiting
Formal AI draft	UNKNOWN STEP	2026-10-07T09:56:27.4229032Z da6114e36569: Waiting
Formal AI draft	UNKNOWN STEP	2026-10-07T09:56:27.4229448Z 106127901317: Waiting
Formal AI draft	UNKNOWN STEP	2026-10-07T09:56:27.4229674Z 1b8a1b250b6a: Waiting
Formal AI draft	UNKNOWN STEP	2026-10-07T09:56:27.4229891Z 578c3d79a482: Waiting
Formal AI draft	UNKNOWN STEP	2026-10-07T09:56:27.4230112Z 8d275b2e44f6: Waiting
Formal AI draft	UNKNOWN STEP	2026-10-07T09:56:27.4230339Z bc1198ff1343: Waiting
Formal AI draft	UNKNOWN STEP	2026-10-07T09:56:27.4230563Z 13dcbf8aae2d: Waiting
Formal AI draft	UNKNOWN STEP	2026-10-07T09:56:27.4230782Z b5fa70730e2c: Waiting
Formal AI draft	UNKNOWN STEP	2026-10-07T09:56:27.4231024Z 3777050e6015: Waiting
Formal AI draft	UNKNOWN STEP	2026-10-07T09:56:27.4231238Z 5985ea7fffe0: Waiting
Formal AI draft	UNKNOWN STEP	2026-10-07T09:56:27.4231725Z 1cfcc1f741b2: Waiting
Formal AI draft	UNKNOWN STEP	2026-10-07T09:56:27.4231958Z fe24e8f57c4f: Waiting
Formal AI draft	UNKNOWN STEP	2026-10-07T09:56:27.4232184Z 047110cb0fde: Waiting
Formal AI draft	UNKNOWN STEP	2026-10-07T09:56:27.4232405Z cd1840a9d9a4: Waiting
Formal AI draft	UNKNOWN STEP	2026-10-07T09:56:27.4232620Z 48239f56193a: Waiting
Formal AI draft	UNKNOWN STEP	2026-10-07T09:56:27.4232842Z 316ec4aefc92: Waiting
Formal AI draft	UNKNOWN STEP	2026-10-07T09:56:27.4233060Z d9cfcfdb45a8: Waiting
Formal AI draft	UNKNOWN STEP	2026-10-07T09:56:27.4233278Z 4f4fb700ef54: Waiting
Formal AI draft	UNKNOWN STEP	2026-10-07T09:56:27.4233497Z 77830f763d05: Waiting
Formal AI draft	UNKNOWN STEP	2026-10-07T09:56:27.4233711Z 14ecf2c22b76: Waiting
Formal AI draft	UNKNOWN STEP	2026-10-07T09:56:27.4233931Z dcab939a8ad2: Waiting
Formal AI draft	UNKNOWN STEP	2026-10-07T09:56:27.4234160Z 1685d9f397ea: Waiting
Formal AI draft	UNKNOWN STEP	2026-10-07T09:56:27.4234391Z 94885de726b2: Waiting
Formal AI draft	UNKNOWN STEP	2026-10-07T09:56:27.4234611Z f8f776c88cef: Waiting
Formal AI draft	UNKNOWN STEP	2026-10-07T09:56:27.4234830Z 2b1a79a952e0: Waiting
Formal AI draft	UNKNOWN STEP	2026-10-07T09:56:27.4235052Z 4eb943637211: Waiting
Formal AI draft	UNKNOWN STEP	2026-10-07T09:56:27.4235268Z 633efee25919: Waiting
Formal AI draft	UNKNOWN STEP	2026-10-07T09:56:27.4235486Z c24cd2c53c21: Waiting
Formal AI draft	UNKNOWN STEP	2026-10-07T09:56:27.4235703Z fcdcbe182a20: Waiting
Formal AI draft	UNKNOWN STEP	2026-10-07T09:56:27.4235928Z dfd5851c656b: Waiting
Formal AI draft	UNKNOWN STEP	2026-10-07T09:56:27.4236147Z b517b72f2ac1: Waiting
Formal AI draft	UNKNOWN STEP	2026-10-07T09:56:27.4236362Z 6f70f7f850cc: Waiting
Formal AI draft	UNKNOWN STEP	2026-10-07T09:56:27.4236585Z a4887fd0e95d: Waiting
Formal AI draft	UNKNOWN STEP	2026-10-07T09:56:27.4236803Z 4ca8235aa44a: Waiting
Formal AI draft	UNKNOWN STEP	2026-10-07T09:56:27.4237018Z 2b285eb0d0ec: Waiting
Formal AI draft	UNKNOWN STEP	2026-10-07T09:56:27.4237243Z 0c4fac90fc3b: Waiting
Formal AI draft	UNKNOWN STEP	2026-10-07T09:56:27.4237463Z 16f5437797c6: Waiting
Formal AI draft	UNKNOWN STEP	2026-10-07T09:56:27.4237681Z 9fb16e261db6: Waiting
Formal AI draft	UNKNOWN STEP	2026-10-07T09:56:27.4237896Z 66b3a348f42a: Waiting
Formal AI draft	UNKNOWN STEP	2026-10-07T09:56:27.4238117Z 801e18c812ce: Waiting
Formal AI draft	UNKNOWN STEP	2026-10-07T09:56:27.4238337Z 03bfcb459b16: Waiting
Formal AI draft	UNKNOWN STEP	2026-10-07T09:56:27.4238559Z 5c5a40b6ebe1: Waiting
Formal AI draft	UNKNOWN STEP	2026-10-07T09:56:27.4238956Z b6fb525b9859: Waiting
Formal AI draft	UNKNOWN STEP	2026-10-07T09:56:27.4239178Z d1216e18a94a: Waiting
Formal AI draft	UNKNOWN STEP	2026-10-07T09:56:27.5080666Z ed547ccbabc0: Verifying Checksum
Formal AI draft	UNKNOWN STEP	2026-10-07T09:56:27.5081246Z ed547ccbabc0: Download complete
Formal AI draft	UNKNOWN STEP	2026-10-07T09:56:27.5081867Z 05a10bd1cc45: Download complete
Formal AI draft	UNKNOWN STEP	2026-10-07T09:56:27.6384610Z e51aee9c82ec: Download complete
Formal AI draft	UNKNOWN STEP	2026-10-07T09:56:27.7094372Z d1216e18a94a: Verifying Checksum
Formal AI draft	UNKNOWN STEP	2026-10-07T09:56:27.7094999Z d1216e18a94a: Download complete
Formal AI draft	UNKNOWN STEP	2026-10-07T09:56:27.7164781Z 03bfcb459b16: Verifying Checksum
Formal AI draft	UNKNOWN STEP	2026-10-07T09:56:27.7165379Z 03bfcb459b16: Download complete
Formal AI draft	UNKNOWN STEP	2026-10-07T09:56:27.7987953Z 5c5a40b6ebe1: Verifying Checksum
Formal AI draft	UNKNOWN STEP	2026-10-07T09:56:27.7989411Z 5c5a40b6ebe1: Download complete
Formal AI draft	UNKNOWN STEP	2026-10-07T09:56:27.8716438Z 4f4fb700ef54: Verifying Checksum
Formal AI draft	UNKNOWN STEP	2026-10-07T09:56:27.8716923Z 4f4fb700ef54: Download complete
Formal AI draft	UNKNOWN STEP	2026-10-07T09:56:27.9580083Z 77830f763d05: Verifying Checksum
Formal AI draft	UNKNOWN STEP	2026-10-07T09:56:27.9580953Z 77830f763d05: Download complete
Formal AI draft	UNKNOWN STEP	2026-10-07T09:56:28.0503653Z 14ecf2c22b76: Verifying Checksum
Formal AI draft	UNKNOWN STEP	2026-10-07T09:56:28.0505879Z 14ecf2c22b76: Download complete
Formal AI draft	UNKNOWN STEP	2026-10-07T09:56:28.1330119Z dcab939a8ad2: Verifying Checksum
Formal AI draft	UNKNOWN STEP	2026-10-07T09:56:28.1336244Z dcab939a8ad2: Download complete
Formal AI draft	UNKNOWN STEP	2026-10-07T09:56:28.5574674Z 801e18c812ce: Download complete
Formal AI draft	UNKNOWN STEP	2026-10-07T09:56:28.6292469Z 94885de726b2: Verifying Checksum
Formal AI draft	UNKNOWN STEP	2026-10-07T09:56:28.6293200Z 94885de726b2: Download complete
Formal AI draft	UNKNOWN STEP	2026-10-07T09:56:29.4079765Z e51aee9c82ec: Pull complete
Formal AI draft	UNKNOWN STEP	2026-10-07T09:56:29.4446474Z 05a10bd1cc45: Pull complete
Formal AI draft	UNKNOWN STEP	2026-10-07T09:56:29.6073593Z 1685d9f397ea: Verifying Checksum
Formal AI draft	UNKNOWN STEP	2026-10-07T09:56:29.6074201Z 1685d9f397ea: Download complete
Formal AI draft	UNKNOWN STEP	2026-10-07T09:56:29.6916646Z 2b1a79a952e0: Verifying Checksum
Formal AI draft	UNKNOWN STEP	2026-10-07T09:56:29.6917992Z 2b1a79a952e0: Download complete
Formal AI draft	UNKNOWN STEP	2026-10-07T09:56:29.7681256Z 4eb943637211: Verifying Checksum
Formal AI draft	UNKNOWN STEP	2026-10-07T09:56:29.7682416Z 4eb943637211: Download complete
Formal AI draft	UNKNOWN STEP	2026-10-07T09:56:30.8490851Z ed547ccbabc0: Pull complete
Formal AI draft	UNKNOWN STEP	2026-10-07T09:56:33.1551936Z f8f776c88cef: Verifying Checksum
Formal AI draft	UNKNOWN STEP	2026-10-07T09:56:33.1552951Z f8f776c88cef: Download complete
Formal AI draft	UNKNOWN STEP	2026-10-07T09:56:33.5750175Z 633efee25919: Verifying Checksum
Formal AI draft	UNKNOWN STEP	2026-10-07T09:56:33.5751065Z 633efee25919: Download complete
Formal AI draft	UNKNOWN STEP	2026-10-07T09:56:34.3067792Z fcdcbe182a20: Verifying Checksum
Formal AI draft	UNKNOWN STEP	2026-10-07T09:56:34.3068502Z fcdcbe182a20: Download complete
Formal AI draft	UNKNOWN STEP	2026-10-07T09:56:36.2665228Z b6fb525b9859: Verifying Checksum
Formal AI draft	UNKNOWN STEP	2026-10-07T09:56:36.2668780Z b6fb525b9859: Download complete
Formal AI draft	UNKNOWN STEP	2026-10-07T09:56:36.8650577Z c24cd2c53c21: Verifying Checksum
Formal AI draft	UNKNOWN STEP	2026-10-07T09:56:36.8651145Z c24cd2c53c21: Download complete
Formal AI draft	UNKNOWN STEP	2026-10-07T09:56:37.3583792Z 6f70f7f850cc: Verifying Checksum
Formal AI draft	UNKNOWN STEP	2026-10-07T09:56:37.3584405Z 6f70f7f850cc: Download complete
Formal AI draft	UNKNOWN STEP	2026-10-07T09:56:37.4274553Z dfd5851c656b: Download complete
Formal AI draft	UNKNOWN STEP	2026-10-07T09:56:37.5095815Z 4ca8235aa44a: Verifying Checksum
Formal AI draft	UNKNOWN STEP	2026-10-07T09:56:37.5097391Z 4ca8235aa44a: Download complete
Formal AI draft	UNKNOWN STEP	2026-10-07T09:56:37.5928441Z 2b285eb0d0ec: Verifying Checksum
Formal AI draft	UNKNOWN STEP	2026-10-07T09:56:37.5936560Z 2b285eb0d0ec: Download complete
Formal AI draft	UNKNOWN STEP	2026-10-07T09:56:37.6291036Z a4887fd0e95d: Verifying Checksum
Formal AI draft	UNKNOWN STEP	2026-10-07T09:56:37.6291830Z a4887fd0e95d: Download complete
Formal AI draft	UNKNOWN STEP	2026-10-07T09:56:37.8988237Z 16f5437797c6: Verifying Checksum
Formal AI draft	UNKNOWN STEP	2026-10-07T09:56:37.8989295Z 16f5437797c6: Download complete
Formal AI draft	UNKNOWN STEP	2026-10-07T09:56:38.0648280Z b517b72f2ac1: Verifying Checksum
Formal AI draft	UNKNOWN STEP	2026-10-07T09:56:38.0649295Z b517b72f2ac1: Download complete
Formal AI draft	UNKNOWN STEP	2026-10-07T09:56:38.4415472Z 9fb16e261db6: Verifying Checksum
Formal AI draft	UNKNOWN STEP	2026-10-07T09:56:38.4416056Z 9fb16e261db6: Download complete
Formal AI draft	UNKNOWN STEP	2026-10-07T09:56:38.9835967Z 0c4fac90fc3b: Verifying Checksum
Formal AI draft	UNKNOWN STEP	2026-10-07T09:56:38.9837052Z 0c4fac90fc3b: Download complete
Formal AI draft	UNKNOWN STEP	2026-10-07T09:56:40.8213616Z 4a988c5e45ed: Verifying Checksum
Formal AI draft	UNKNOWN STEP	2026-10-07T09:56:40.8214492Z 4a988c5e45ed: Download complete
Formal AI draft	UNKNOWN STEP	2026-10-07T09:56:40.9344734Z 4d80c8c7aade: Verifying Checksum
Formal AI draft	UNKNOWN STEP	2026-10-07T09:56:40.9345749Z 4d80c8c7aade: Download complete
Formal AI draft	UNKNOWN STEP	2026-10-07T09:56:41.0215514Z 1bbed1478017: Verifying Checksum
Formal AI draft	UNKNOWN STEP	2026-10-07T09:56:41.0217307Z 1bbed1478017: Download complete
Formal AI draft	UNKNOWN STEP	2026-10-07T09:56:41.0968149Z f076a49d2bdb: Verifying Checksum
Formal AI draft	UNKNOWN STEP	2026-10-07T09:56:41.0977355Z f076a49d2bdb: Download complete
Formal AI draft	UNKNOWN STEP	2026-10-07T09:56:41.1874399Z 116a58d6b92e: Verifying Checksum
Formal AI draft	UNKNOWN STEP	2026-10-07T09:56:41.1876495Z 116a58d6b92e: Download complete
Formal AI draft	UNKNOWN STEP	2026-10-07T09:56:41.2605782Z 2c3e2da519d2: Download complete
Formal AI draft	UNKNOWN STEP	2026-10-07T09:56:41.3416193Z 4c3b4d3a3ed0: Verifying Checksum
Formal AI draft	UNKNOWN STEP	2026-10-07T09:56:41.3417969Z 4c3b4d3a3ed0: Download complete
Formal AI draft	UNKNOWN STEP	2026-10-07T09:56:41.4130878Z 967f5f9fdab7: Verifying Checksum
Formal AI draft	UNKNOWN STEP	2026-10-07T09:56:41.4131973Z 967f5f9fdab7: Download complete
Formal AI draft	UNKNOWN STEP	2026-10-07T09:56:41.4148457Z a48579fd153b: Verifying Checksum
Formal AI draft	UNKNOWN STEP	2026-10-07T09:56:41.4149412Z a48579fd153b: Download complete
Formal AI draft	UNKNOWN STEP	2026-10-07T09:56:41.4871800Z ee0cacb14ddc: Verifying Checksum
Formal AI draft	UNKNOWN STEP	2026-10-07T09:56:41.4872739Z ee0cacb14ddc: Download complete
Formal AI draft	UNKNOWN STEP	2026-10-07T09:56:41.4916166Z dcd1000c3472: Download complete
Formal AI draft	UNKNOWN STEP	2026-10-07T09:56:41.5606383Z 27fe2684e59f: Verifying Checksum
Formal AI draft	UNKNOWN STEP	2026-10-07T09:56:41.5607332Z 27fe2684e59f: Download complete
Formal AI draft	UNKNOWN STEP	2026-10-07T09:56:41.5772985Z da6114e36569: Verifying Checksum
Formal AI draft	UNKNOWN STEP	2026-10-07T09:56:41.5775014Z da6114e36569: Download complete
Formal AI draft	UNKNOWN STEP	2026-10-07T09:56:41.6467255Z 106127901317: Verifying Checksum
Formal AI draft	UNKNOWN STEP	2026-10-07T09:56:41.6468051Z 106127901317: Download complete
Formal AI draft	UNKNOWN STEP	2026-10-07T09:56:41.6519948Z 1b8a1b250b6a: Verifying Checksum
Formal AI draft	UNKNOWN STEP	2026-10-07T09:56:41.6520909Z 1b8a1b250b6a: Download complete
Formal AI draft	UNKNOWN STEP	2026-10-07T09:56:41.8051010Z 8d275b2e44f6: Verifying Checksum
Formal AI draft	UNKNOWN STEP	2026-10-07T09:56:41.8053812Z 8d275b2e44f6: Download complete
Formal AI draft	UNKNOWN STEP	2026-10-07T09:56:41.9177312Z 66b3a348f42a: Verifying Checksum
Formal AI draft	UNKNOWN STEP	2026-10-07T09:56:41.9177886Z 66b3a348f42a: Download complete
Formal AI draft	UNKNOWN STEP	2026-10-07T09:56:42.2622930Z 13dcbf8aae2d: Verifying Checksum
Formal AI draft	UNKNOWN STEP	2026-10-07T09:56:42.2623513Z 13dcbf8aae2d: Download complete
Formal AI draft	UNKNOWN STEP	2026-10-07T09:56:42.9377398Z bc1198ff1343: Verifying Checksum
Formal AI draft	UNKNOWN STEP	2026-10-07T09:56:42.9378011Z bc1198ff1343: Download complete
Formal AI draft	UNKNOWN STEP	2026-10-07T09:56:43.6643666Z b5fa70730e2c: Verifying Checksum
Formal AI draft	UNKNOWN STEP	2026-10-07T09:56:43.6644228Z b5fa70730e2c: Download complete
Formal AI draft	UNKNOWN STEP	2026-10-07T09:56:44.3582529Z d1216e18a94a: Pull complete
Formal AI draft	UNKNOWN STEP	2026-10-07T09:56:44.6826983Z 578c3d79a482: Verifying Checksum
Formal AI draft	UNKNOWN STEP	2026-10-07T09:56:44.6829179Z 578c3d79a482: Download complete
Formal AI draft	UNKNOWN STEP	2026-10-07T09:56:45.0498703Z 1cfcc1f741b2: Verifying Checksum
Formal AI draft	UNKNOWN STEP	2026-10-07T09:56:45.0500787Z 1cfcc1f741b2: Download complete
Formal AI draft	UNKNOWN STEP	2026-10-07T09:56:45.2036880Z fe24e8f57c4f: Download complete
Formal AI draft	UNKNOWN STEP	2026-10-07T09:56:45.3552454Z 047110cb0fde: Verifying Checksum
Formal AI draft	UNKNOWN STEP	2026-10-07T09:56:45.3553011Z 047110cb0fde: Download complete
Formal AI draft	UNKNOWN STEP	2026-10-07T09:56:45.3575048Z 5985ea7fffe0: Verifying Checksum
Formal AI draft	UNKNOWN STEP	2026-10-07T09:56:45.3578457Z 5985ea7fffe0: Download complete
Formal AI draft	UNKNOWN STEP	2026-10-07T09:56:45.5083035Z 48239f56193a: Verifying Checksum
Formal AI draft	UNKNOWN STEP	2026-10-07T09:56:45.5083636Z 48239f56193a: Download complete
Formal AI draft	UNKNOWN STEP	2026-10-07T09:56:45.5402944Z cd1840a9d9a4: Verifying Checksum
Formal AI draft	UNKNOWN STEP	2026-10-07T09:56:45.5403963Z cd1840a9d9a4: Download complete
Formal AI draft	UNKNOWN STEP	2026-10-07T09:56:45.7087064Z d9cfcfdb45a8: Verifying Checksum
Formal AI draft	UNKNOWN STEP	2026-10-07T09:56:45.7087878Z d9cfcfdb45a8: Download complete
Formal AI draft	UNKNOWN STEP	2026-10-07T09:56:45.7991329Z 316ec4aefc92: Verifying Checksum
Formal AI draft	UNKNOWN STEP	2026-10-07T09:56:55.1627183Z 316ec4aefc92: Download complete
Formal AI draft	UNKNOWN STEP	2026-10-07T09:56:55.1627751Z 801e18c812ce: Pull complete
Formal AI draft	UNKNOWN STEP	2026-10-07T09:56:55.1820988Z 03bfcb459b16: Pull complete
Formal AI draft	UNKNOWN STEP	2026-10-07T09:56:55.1919878Z 5c5a40b6ebe1: Pull complete
Formal AI draft	UNKNOWN STEP	2026-10-07T09:57:02.8677601Z 3777050e6015: Verifying Checksum
Formal AI draft	UNKNOWN STEP	2026-10-07T09:57:02.8680581Z 3777050e6015: Download complete
Formal AI draft	UNKNOWN STEP	2026-10-07T09:57:15.1156537Z b6fb525b9859: Pull complete
Formal AI draft	UNKNOWN STEP	2026-10-07T09:57:15.1252177Z 4f4fb700ef54: Pull complete
Formal AI draft	UNKNOWN STEP	2026-10-07T09:57:15.1358383Z 77830f763d05: Pull complete
Formal AI draft	UNKNOWN STEP	2026-10-07T09:57:15.1464759Z 14ecf2c22b76: Pull complete
Formal AI draft	UNKNOWN STEP	2026-10-07T09:57:15.1555482Z dcab939a8ad2: Pull complete
Formal AI draft	UNKNOWN STEP	2026-10-07T09:57:20.1646829Z 1685d9f397ea: Pull complete
Formal AI draft	UNKNOWN STEP	2026-10-07T09:57:20.1734089Z 94885de726b2: Pull complete
Formal AI draft	UNKNOWN STEP	2026-10-07T09:57:38.2143735Z f8f776c88cef: Pull complete
Formal AI draft	UNKNOWN STEP	2026-10-07T09:57:38.2328909Z 2b1a79a952e0: Pull complete
Formal AI draft	UNKNOWN STEP	2026-10-07T09:57:38.2467096Z 4eb943637211: Pull complete
Formal AI draft	UNKNOWN STEP	2026-10-07T09:57:52.4683535Z 633efee25919: Pull complete
Formal AI draft	UNKNOWN STEP	2026-10-07T09:57:57.5138542Z c24cd2c53c21: Pull complete
Formal AI draft	UNKNOWN STEP	2026-10-07T09:58:03.0010418Z fcdcbe182a20: Pull complete
Formal AI draft	UNKNOWN STEP	2026-10-07T09:58:28.2805661Z dfd5851c656b: Pull complete
Formal AI draft	UNKNOWN STEP	2026-10-07T09:58:31.1580351Z b517b72f2ac1: Pull complete
Formal AI draft	UNKNOWN STEP	2026-10-07T09:58:31.6654353Z 6f70f7f850cc: Pull complete
Formal AI draft	UNKNOWN STEP	2026-10-07T09:58:36.7908195Z a4887fd0e95d: Pull complete
Formal AI draft	UNKNOWN STEP	2026-10-07T09:58:36.8018771Z 4ca8235aa44a: Pull complete
Formal AI draft	UNKNOWN STEP	2026-10-07T09:58:36.8103013Z 2b285eb0d0ec: Pull complete
Formal AI draft	UNKNOWN STEP	2026-10-07T09:58:51.8160431Z 0c4fac90fc3b: Pull complete
Formal AI draft	UNKNOWN STEP	2026-10-07T09:58:51.8256167Z 16f5437797c6: Pull complete
Formal AI draft	UNKNOWN STEP	2026-10-07T09:58:56.7058624Z 9fb16e261db6: Pull complete
Formal AI draft	UNKNOWN STEP	2026-10-07T09:59:18.5554657Z 66b3a348f42a: Pull complete
Formal AI draft	UNKNOWN STEP	2026-10-07T09:59:39.6092286Z 967f5f9fdab7: Pull complete
Formal AI draft	UNKNOWN STEP	2026-10-07T10:00:06.5635747Z 4a988c5e45ed: Pull complete
Formal AI draft	UNKNOWN STEP	2026-10-07T10:00:06.6240482Z 4d80c8c7aade: Pull complete
Formal AI draft	UNKNOWN STEP	2026-10-07T10:00:06.6339682Z 1bbed1478017: Pull complete
Formal AI draft	UNKNOWN STEP	2026-10-07T10:00:06.6433140Z f076a49d2bdb: Pull complete
Formal AI draft	UNKNOWN STEP	2026-10-07T10:00:06.6550543Z 116a58d6b92e: Pull complete
Formal AI draft	UNKNOWN STEP	2026-10-07T10:00:06.6628163Z 2c3e2da519d2: Pull complete
Formal AI draft	UNKNOWN STEP	2026-10-07T10:00:06.6707059Z 4c3b4d3a3ed0: Pull complete
Formal AI draft	UNKNOWN STEP	2026-10-07T10:00:06.6781794Z a48579fd153b: Pull complete
Formal AI draft	UNKNOWN STEP	2026-10-07T10:00:06.6880059Z dcd1000c3472: Pull complete
Formal AI draft	UNKNOWN STEP	2026-10-07T10:00:06.6959607Z ee0cacb14ddc: Pull complete
Formal AI draft	UNKNOWN STEP	2026-10-07T10:00:06.7038913Z 27fe2684e59f: Pull complete
Formal AI draft	UNKNOWN STEP	2026-10-07T10:00:06.7114854Z da6114e36569: Pull complete
Formal AI draft	UNKNOWN STEP	2026-10-07T10:00:06.7234350Z 106127901317: Pull complete
Formal AI draft	UNKNOWN STEP	2026-10-07T10:00:06.7344490Z 1b8a1b250b6a: Pull complete
Formal AI draft	UNKNOWN STEP	2026-10-07T10:00:11.6174675Z 578c3d79a482: Pull complete
Formal AI draft	UNKNOWN STEP	2026-10-07T10:00:11.6288837Z 8d275b2e44f6: Pull complete
Formal AI draft	UNKNOWN STEP	2026-10-07T10:00:12.7133409Z bc1198ff1343: Pull complete
Formal AI draft	UNKNOWN STEP	2026-10-07T10:00:12.7830306Z 13dcbf8aae2d: Pull complete
Formal AI draft	UNKNOWN STEP	2026-10-07T10:00:14.4530161Z b5fa70730e2c: Pull complete
Formal AI draft	UNKNOWN STEP	2026-10-07T10:00:28.3665698Z 3777050e6015: Pull complete
Formal AI draft	UNKNOWN STEP	2026-10-07T10:00:43.9025598Z 5985ea7fffe0: Pull complete
Formal AI draft	UNKNOWN STEP	2026-10-07T10:00:44.2145266Z 1cfcc1f741b2: Pull complete
Formal AI draft	UNKNOWN STEP	2026-10-07T10:00:44.2313793Z fe24e8f57c4f: Pull complete
Formal AI draft	UNKNOWN STEP	2026-10-07T10:00:44.2418539Z 047110cb0fde: Pull complete
Formal AI draft	UNKNOWN STEP	2026-10-07T10:00:44.2504292Z cd1840a9d9a4: Pull complete
Formal AI draft	UNKNOWN STEP	2026-10-07T10:00:44.2612478Z 48239f56193a: Pull complete
Formal AI draft	UNKNOWN STEP	2026-10-07T10:00:44.4039800Z 316ec4aefc92: Pull complete
Formal AI draft	UNKNOWN STEP	2026-10-07T10:00:44.4129818Z d9cfcfdb45a8: Pull complete
Formal AI draft	UNKNOWN STEP	2026-10-07T10:00:44.4177461Z Digest: sha256:3ca0031dd9c8b7e769d6cfd837f8ae45addb990934b37aa4f043e7d3a174be6e
Formal AI draft	UNKNOWN STEP	2026-10-07T10:00:44.4187393Z Status: Downloaded newer image for konard/hive-mind:latest
Formal AI draft	UNKNOWN STEP	2026-10-07T10:00:45.9924849Z [use-m] acquired install lock for 'command-stream-v-latest' at /tmp/hive-mind-use-m-locks/command-stream-v-latest.lock
Formal AI draft	UNKNOWN STEP	2026-10-07T10:00:45.9928651Z [use-m] use('command-stream') loading (alias command-stream-v-latest)
Formal AI draft	UNKNOWN STEP	2026-10-07T10:00:45.9929443Z [use-m] use('command-stream') pinned to 'command-stream@1.6.2'
Formal AI draft	UNKNOWN STEP	2026-10-07T10:00:48.9334007Z [use-m] use('command-stream') loaded in 2940ms
Formal AI draft	UNKNOWN STEP	2026-10-07T10:00:48.9504460Z [use-m] use('getenv') pinned to 'getenv@2.0.0'
Formal AI draft	UNKNOWN STEP	2026-10-07T10:00:48.9509865Z [use-m] acquired install lock for 'getenv-v-2.0.0' at /tmp/hive-mind-use-m-locks/getenv-v-2.0.0.lock
Formal AI draft	UNKNOWN STEP	2026-10-07T10:00:48.9510526Z [use-m] use('getenv@2.0.0') loading (alias getenv-v-2.0.0)
Formal AI draft	UNKNOWN STEP	2026-10-07T10:00:49.0449715Z [use-m] use('getenv@2.0.0') loaded in 94ms
Formal AI draft	UNKNOWN STEP	2026-10-07T10:00:49.0465232Z [use-m] use('links-notation') pinned to 'links-notation@0.23.0'
Formal AI draft	UNKNOWN STEP	2026-10-07T10:00:49.0484208Z [use-m] acquired install lock for 'links-notation-v-0.23.0' at /tmp/hive-mind-use-m-locks/links-notation-v-0.23.0.lock
Formal AI draft	UNKNOWN STEP	2026-10-07T10:00:49.0485175Z [use-m] use('links-notation@0.23.0') loading (alias links-notation-v-0.23.0)
Formal AI draft	UNKNOWN STEP	2026-10-07T10:00:49.1422256Z [use-m] use('links-notation@0.23.0') loaded in 95ms
Formal AI draft	UNKNOWN STEP	2026-10-07T10:00:49.1774112Z [use-m] use('fs') loading (alias fs-v-latest)
Formal AI draft	UNKNOWN STEP	2026-10-07T10:00:49.1777465Z [use-m] use('fs') loaded in 1ms
Formal AI draft	UNKNOWN STEP	2026-10-07T10:00:49.1782641Z [use-m] use('path') loading (alias path-v-latest)
Formal AI draft	UNKNOWN STEP	2026-10-07T10:00:49.1786655Z [use-m] use('path') loaded in 0ms
Formal AI draft	UNKNOWN STEP	2026-10-07T10:00:49.1787371Z [use-m] use('fs') joined an in-flight load (alias fs-v-latest)
Formal AI draft	UNKNOWN STEP	2026-10-07T10:00:49.1788116Z [use-m] use('crypto') loading (alias crypto-v-latest)
Formal AI draft	UNKNOWN STEP	2026-10-07T10:00:49.1789887Z [use-m] use('crypto') loaded in 0ms
Formal AI draft	UNKNOWN STEP	2026-10-07T10:00:49.1800275Z [use-m] use('command-stream') joined an in-flight load (alias command-stream-v-latest)
Formal AI draft	UNKNOWN STEP	2026-10-07T10:00:49.1804707Z [use-m] use('fs') joined an in-flight load (alias fs-v-latest)
Formal AI draft	UNKNOWN STEP	2026-10-07T10:00:49.2269968Z [use-m] use('command-stream') joined an in-flight load (alias command-stream-v-latest)
Formal AI draft	UNKNOWN STEP	2026-10-07T10:00:49.2278606Z [use-m] use('command-stream') joined an in-flight load (alias command-stream-v-latest)
Formal AI draft	UNKNOWN STEP	2026-10-07T10:00:49.2280572Z [use-m] use('command-stream') joined an in-flight load (alias command-stream-v-latest)
Formal AI draft	UNKNOWN STEP	2026-10-07T10:00:49.2281957Z [use-m] use('fs') joined an in-flight load (alias fs-v-latest)
Formal AI draft	UNKNOWN STEP	2026-10-07T10:00:49.2282698Z [use-m] use('fs') joined an in-flight load (alias fs-v-latest)
Formal AI draft	UNKNOWN STEP	2026-10-07T10:00:49.2283918Z [use-m] use('fs') joined an in-flight load (alias fs-v-latest)
Formal AI draft	UNKNOWN STEP	2026-10-07T10:00:49.2284863Z [use-m] use('command-stream') joined an in-flight load (alias command-stream-v-latest)
Formal AI draft	UNKNOWN STEP	2026-10-07T10:00:49.2308688Z [use-m] use('command-stream') joined an in-flight load (alias command-stream-v-latest)
Formal AI draft	UNKNOWN STEP	2026-10-07T10:00:49.2310236Z [use-m] use('fs') joined an in-flight load (alias fs-v-latest)
Formal AI draft	UNKNOWN STEP	2026-10-07T10:00:49.2311363Z [use-m] use('fs') joined an in-flight load (alias fs-v-latest)
Formal AI draft	UNKNOWN STEP	2026-10-07T10:00:49.2312207Z [use-m] use('os') loading (alias os-v-latest)
Formal AI draft	UNKNOWN STEP	2026-10-07T10:00:49.2323890Z [use-m] use('path') joined an in-flight load (alias path-v-latest)
Formal AI draft	UNKNOWN STEP	2026-10-07T10:00:49.2324772Z [use-m] use('path') joined an in-flight load (alias path-v-latest)
Formal AI draft	UNKNOWN STEP	2026-10-07T10:00:49.2325606Z [use-m] use('os') joined an in-flight load (alias os-v-latest)
Formal AI draft	UNKNOWN STEP	2026-10-07T10:00:49.2326248Z [use-m] use('os') loaded in 1ms
Formal AI draft	UNKNOWN STEP	2026-10-07T10:00:49.2326902Z [use-m] use('path') joined an in-flight load (alias path-v-latest)
Formal AI draft	UNKNOWN STEP	2026-10-07T10:00:49.2327729Z [use-m] use('path') joined an in-flight load (alias path-v-latest)
Formal AI draft	UNKNOWN STEP	2026-10-07T10:00:49.2328548Z [use-m] use('fs') joined an in-flight load (alias fs-v-latest)
Formal AI draft	UNKNOWN STEP	2026-10-07T10:00:49.2329374Z [use-m] use('path') joined an in-flight load (alias path-v-latest)
Formal AI draft	UNKNOWN STEP	2026-10-07T10:00:49.2330822Z [use-m] use('command-stream') joined an in-flight load (alias command-stream-v-latest)
Formal AI draft	UNKNOWN STEP	2026-10-07T10:00:49.2332149Z [use-m] use('path') joined an in-flight load (alias path-v-latest)
Formal AI draft	UNKNOWN STEP	2026-10-07T10:00:49.2332956Z [use-m] use('fs') joined an in-flight load (alias fs-v-latest)
Formal AI draft	UNKNOWN STEP	2026-10-07T10:00:49.2361176Z [use-m] use('command-stream') joined an in-flight load (alias command-stream-v-latest)
Formal AI draft	UNKNOWN STEP	2026-10-07T10:00:49.2445067Z [use-m] use('command-stream') joined an in-flight load (alias command-stream-v-latest)
Formal AI draft	UNKNOWN STEP	2026-10-07T10:00:49.2456038Z [use-m] use('command-stream') joined an in-flight load (alias command-stream-v-latest)
Formal AI draft	UNKNOWN STEP	2026-10-07T10:00:49.2457040Z [use-m] use('os') joined an in-flight load (alias os-v-latest)
Formal AI draft	UNKNOWN STEP	2026-10-07T10:00:49.2457886Z [use-m] use('path') joined an in-flight load (alias path-v-latest)
Formal AI draft	UNKNOWN STEP	2026-10-07T10:00:49.2458707Z [use-m] use('fs') joined an in-flight load (alias fs-v-latest)
Formal AI draft	UNKNOWN STEP	2026-10-07T10:00:49.2474529Z [use-m] use('command-stream') joined an in-flight load (alias command-stream-v-latest)
Formal AI draft	UNKNOWN STEP	2026-10-07T10:00:49.2475732Z [use-m] use('path') joined an in-flight load (alias path-v-latest)
Formal AI draft	UNKNOWN STEP	2026-10-07T10:00:49.2530132Z [use-m] use('fs') joined an in-flight load (alias fs-v-latest)
Formal AI draft	UNKNOWN STEP	2026-10-07T10:00:49.2530780Z [use-m] use('command-stream') joined an in-flight load (alias command-stream-v-latest)
Formal AI draft	UNKNOWN STEP	2026-10-07T10:00:49.2548329Z [use-m] use('command-stream') joined an in-flight load (alias command-stream-v-latest)
Formal AI draft	UNKNOWN STEP	2026-10-07T10:00:49.2565942Z [use-m] use('command-stream') joined an in-flight load (alias command-stream-v-latest)
Formal AI draft	UNKNOWN STEP	2026-10-07T10:00:49.2567832Z [use-m] use('path') joined an in-flight load (alias path-v-latest)
Formal AI draft	UNKNOWN STEP	2026-10-07T10:00:49.2568708Z [use-m] use('fs') joined an in-flight load (alias fs-v-latest)
Formal AI draft	UNKNOWN STEP	2026-10-07T10:00:49.2733741Z [use-m] use('command-stream') joined an in-flight load (alias command-stream-v-latest)
Formal AI draft	UNKNOWN STEP	2026-10-07T10:00:49.2906373Z [use-m] use('command-stream') joined an in-flight load (alias command-stream-v-latest)
Formal AI draft	UNKNOWN STEP	2026-10-07T10:00:49.2920640Z [use-m] use('command-stream') joined an in-flight load (alias command-stream-v-latest)
Formal AI draft	UNKNOWN STEP	2026-10-07T10:00:49.2959760Z [use-m] use('command-stream') joined an in-flight load (alias command-stream-v-latest)
Formal AI draft	UNKNOWN STEP	2026-10-07T10:00:49.2969245Z [use-m] use('command-stream') joined an in-flight load (alias command-stream-v-latest)
Formal AI draft	UNKNOWN STEP	2026-10-07T10:00:49.2977199Z [use-m] use('command-stream') joined an in-flight load (alias command-stream-v-latest)
Formal AI draft	UNKNOWN STEP	2026-10-07T10:00:49.2985833Z [use-m] use('command-stream') joined an in-flight load (alias command-stream-v-latest)
Formal AI draft	UNKNOWN STEP	2026-10-07T10:00:49.3060786Z [use-m] use('command-stream') joined an in-flight load (alias command-stream-v-latest)
Formal AI draft	UNKNOWN STEP	2026-10-07T10:00:49.3143475Z 📁 Log file: /home/box/solve-2026-10-07T10-00-49-306Z.log
Formal AI draft	UNKNOWN STEP	2026-10-07T10:00:49.3186214Z    (All output will be logged here)
Formal AI draft	UNKNOWN STEP	2026-10-07T10:00:49.3187270Z [use-m] use('path') joined an in-flight load (alias path-v-latest)
Formal AI draft	UNKNOWN STEP	2026-10-07T10:00:49.3194806Z [use-m] acquired install lock for 'zx-v-latest' at /tmp/hive-mind-use-m-locks/zx-v-latest.lock
Formal AI draft	UNKNOWN STEP	2026-10-07T10:00:49.3203771Z [use-m] use('zx') loading (alias zx-v-latest)
Formal AI draft	UNKNOWN STEP	2026-10-07T10:00:49.3204320Z [use-m] use('zx') pinned to 'zx@8.8.5'
Formal AI draft	UNKNOWN STEP	2026-10-07T10:00:49.8839703Z [use-m] use('zx') loaded in 564ms
Formal AI draft	UNKNOWN STEP	2026-10-07T10:00:50.1906570Z 
Formal AI draft	UNKNOWN STEP	2026-10-07T10:00:50.1915843Z 🚀 solve v2.33.14
Formal AI draft	UNKNOWN STEP	2026-10-07T10:00:50.1922908Z 🔧 Raw command executed:
Formal AI draft	UNKNOWN STEP	2026-10-07T10:00:50.1934531Z    /home/box/.nvm/versions/node/v26.10.0/bin/node /home/box/.bun/bin/solve https://github.com/link-assistant/hive-mind/issues/2613 --tool agent --model formal-ai --attach-logs --verbose --attribution formal-ai --no-auto-restart-until-mergeable --log-dir /home/box/logs
Formal AI draft	UNKNOWN STEP	2026-10-07T10:00:50.1937268Z 
Formal AI draft	UNKNOWN STEP	2026-10-07T10:00:50.2359121Z 🧭 Execution context: docker container (indicators: /.dockerenv) — per-task disk usage is scoped to this container.
Formal AI draft	UNKNOWN STEP	2026-10-07T10:00:50.2437833Z 📈 Resource usage (solve start):
Formal AI draft	UNKNOWN STEP	2026-10-07T10:00:50.2438215Z    CPU load: 2.20 1.81 0.87 (4 CPUs)
Formal AI draft	UNKNOWN STEP	2026-10-07T10:00:50.2438743Z    Memory: 14.3 GB available / 15.6 GB total (1.3 GB used)
Formal AI draft	UNKNOWN STEP	2026-10-07T10:00:50.2439872Z    Process RSS: 116 MB, V8 heap: 29 MB used of 4.1 GB limit (0.7%)
Formal AI draft	UNKNOWN STEP	2026-10-07T10:00:50.2440586Z    Disk (/): 81.4 GB available / 144.3 GB total (43.5% used)
Formal AI draft	UNKNOWN STEP	2026-10-07T10:00:50.2441715Z    Container memory (cgroup v2): 179 MB used of no limit of its own, peak 325 MB; processes killed by the OOM killer so far: 0
Formal AI draft	UNKNOWN STEP	2026-10-07T10:00:50.2446247Z 📈 [RESOURCES] phase=solve_start ts=2026-10-07T10%3A00%3A50.235Z load1=2.2 load5=1.81 load15=0.87 cpuCount=4 memTotalBytes=16766414848 memAvailableBytes=15404404736 memUsedBytes=1362010112 processRssBytes=121712640 processHeapUsedBytes=30427000 processHeapTotalBytes=51937280 processExternalBytes=5059694 processHeapLimitBytes=4395630592 processHeapUsedPercent=0.6922101246491643 diskPath=%2F diskTotalBytes=154894188544 diskAvailableBytes=87438934016 diskUsedBytes=67438477312 diskUsedPercent=43.538416738497 mem=14.3%20GB%20available%20%2F%2015.6%20GB%20total heap=29%20MB%20used%20of%204.1%20GB%20limit%20(0.7%25) disk=81.4%20GB%20available%20%2F%20144.3%20GB%20total cgroupVersion=2 cgroupMemLimitBytes=null cgroupMemCurrentBytes=187523072 cgroupMemPeakBytes=340783104 cgroupOomEvents=0 cgroupOomKills=0
Formal AI draft	UNKNOWN STEP	2026-10-07T10:00:50.2502038Z [use-m] use('command-stream') joined an in-flight load (alias command-stream-v-latest)
Formal AI draft	UNKNOWN STEP	2026-10-07T10:00:50.2510099Z [use-m] use('fs') joined an in-flight load (alias fs-v-latest)
Formal AI draft	UNKNOWN STEP	2026-10-07T10:00:50.2518415Z [use-m] use('path') joined an in-flight load (alias path-v-latest)
Formal AI draft	UNKNOWN STEP	2026-10-07T10:00:50.2525952Z [use-m] use('os') joined an in-flight load (alias os-v-latest)
Formal AI draft	UNKNOWN STEP	2026-10-07T10:00:50.2541969Z 
Formal AI draft	UNKNOWN STEP	2026-10-07T10:00:50.2555504Z ⚠️  SECURITY WARNING: --attach-logs is ENABLED
Formal AI draft	UNKNOWN STEP	2026-10-07T10:00:50.2567083Z 
Formal AI draft	UNKNOWN STEP	2026-10-07T10:00:50.2586100Z    This option will upload the complete solution draft log file to the Pull Request.
Formal AI draft	UNKNOWN STEP	2026-10-07T10:00:50.2604109Z    The log may contain sensitive information such as:
Formal AI draft	UNKNOWN STEP	2026-10-07T10:00:50.2622344Z    • API keys, tokens, or secrets
Formal AI draft	UNKNOWN STEP	2026-10-07T10:00:50.2639788Z    • File paths and directory structures
Formal AI draft	UNKNOWN STEP	2026-10-07T10:00:50.2668613Z    • Command outputs and error messages
Formal AI draft	UNKNOWN STEP	2026-10-07T10:00:50.2688834Z    • Internal system information
Formal AI draft	UNKNOWN STEP	2026-10-07T10:00:50.2712024Z 
Formal AI draft	UNKNOWN STEP	2026-10-07T10:00:50.2721763Z    ⚠️  DO NOT use this option with public repositories or if the log
Formal AI draft	UNKNOWN STEP	2026-10-07T10:00:50.2736408Z        might contain sensitive data that should not be shared publicly.
Formal AI draft	UNKNOWN STEP	2026-10-07T10:00:50.2745051Z 
Formal AI draft	UNKNOWN STEP	2026-10-07T10:00:50.2758572Z    Continuing in 5 seconds... (Press Ctrl+C to abort)
Formal AI draft	UNKNOWN STEP	2026-10-07T10:00:50.2766943Z 
Formal AI draft	UNKNOWN STEP	2026-10-07T10:00:51.2792736Z 
Formal AI draft	UNKNOWN STEP	2026-10-07T10:00:52.2806069Z    Countdown: 5 seconds remaining...
Formal AI draft	UNKNOWN STEP	2026-10-07T10:00:53.2829850Z    Countdown: 4 seconds remaining...
Formal AI draft	UNKNOWN STEP	2026-10-07T10:00:54.2850776Z    Countdown: 3 seconds remaining...
Formal AI draft	UNKNOWN STEP	2026-10-07T10:00:55.2874005Z    Countdown: 2 seconds remaining...
Formal AI draft	UNKNOWN STEP	2026-10-07T10:00:55.2874638Z    Countdown: 1 seconds remaining...
Formal AI draft	UNKNOWN STEP	2026-10-07T10:00:55.2875243Z    Proceeding with log attachment enabled.                    
Formal AI draft	UNKNOWN STEP	2026-10-07T10:00:55.2883490Z 
Formal AI draft	UNKNOWN STEP	2026-10-07T10:00:55.3220993Z [use-m] use('command-stream') joined an in-flight load (alias command-stream-v-latest)
Formal AI draft	UNKNOWN STEP	2026-10-07T10:00:56.5205564Z [VERBOSE] agentic-cli-updater: 0 updated, 1 current, 0 failed
Formal AI draft	UNKNOWN STEP	2026-10-07T10:00:56.5400891Z 💾 Disk space check: 83377MB available (10240MB required) ✅
Formal AI draft	UNKNOWN STEP	2026-10-07T10:00:56.5422122Z 🧠 Memory check: 15085MB available, swap: 3071MB (0MB used), total: 18156MB (256MB required) ✅
Formal AI draft	UNKNOWN STEP	2026-10-07T10:00:56.9976879Z ✅ Formal AI wrapper and agent CLI are available
Formal AI draft	UNKNOWN STEP	2026-10-07T10:00:56.9988793Z 📦 Formal AI wrapper version: 0.352.1
Formal AI draft	UNKNOWN STEP	2026-10-07T10:00:57.0003662Z 📦 agent CLI version: 0.26.11
Formal AI draft	UNKNOWN STEP	2026-10-07T10:00:57.0012573Z [use-m] use('command-stream') joined an in-flight load (alias command-stream-v-latest)
Formal AI draft	UNKNOWN STEP	2026-10-07T10:00:57.0026657Z 
Formal AI draft	UNKNOWN STEP	2026-10-07T10:00:57.0027556Z 🔐 Checking GitHub authentication and permissions...
Formal AI draft	UNKNOWN STEP	2026-10-07T10:00:57.5553990Z ✅ GitHub authentication: OK
Formal AI draft	UNKNOWN STEP	2026-10-07T10:00:57.5591869Z ⚠️  Warning: Could not determine token scopes from auth status
Formal AI draft	UNKNOWN STEP	2026-10-07T10:00:57.5592880Z 🎭 Checking Playwright MCP preflight for Agent...
Formal AI draft	UNKNOWN STEP	2026-10-07T10:00:58.3185041Z Usage: Playwright MCP [options]
Formal AI draft	UNKNOWN STEP	2026-10-07T10:00:58.3185417Z 
Formal AI draft	UNKNOWN STEP	2026-10-07T10:00:58.3185612Z Options:
Formal AI draft	UNKNOWN STEP	2026-10-07T10:00:58.3186141Z   -V, --version                         output the version number
Formal AI draft	UNKNOWN STEP	2026-10-07T10:00:58.3186943Z   --allowed-hosts <hosts...>            comma-separated list of hosts this
Formal AI draft	UNKNOWN STEP	2026-10-07T10:00:58.3187740Z                                         server is allowed to serve from.
Formal AI draft	UNKNOWN STEP	2026-10-07T10:00:58.3188433Z                                         Defaults to the host the server is bound
Formal AI draft	UNKNOWN STEP	2026-10-07T10:00:58.3189140Z                                         to. Pass '*' to disable the host check.
Formal AI draft	UNKNOWN STEP	2026-10-07T10:00:58.3189941Z   --allowed-origins <origins>           semicolon-separated list of TRUSTED
Formal AI draft	UNKNOWN STEP	2026-10-07T10:00:58.3190731Z                                         origins to allow the browser to request.
Formal AI draft	UNKNOWN STEP	2026-10-07T10:00:58.3191385Z                                         Default is to allow all.
Formal AI draft	UNKNOWN STEP	2026-10-07T10:00:58.3192237Z                                         Important: *does not* serve as a
Formal AI draft	UNKNOWN STEP	2026-10-07T10:00:58.3192949Z                                         security boundary and *does not* affect
Formal AI draft	UNKNOWN STEP	2026-10-07T10:00:58.3193559Z                                         redirects.
Formal AI draft	UNKNOWN STEP	2026-10-07T10:00:58.3194302Z   --allow-unrestricted-file-access      allow access to files outside of the
Formal AI draft	UNKNOWN STEP	2026-10-07T10:00:58.3195088Z                                         workspace roots. Also allows
Formal AI draft	UNKNOWN STEP	2026-10-07T10:00:58.3195759Z                                         unrestricted access to file:// URLs. By
Formal AI draft	UNKNOWN STEP	2026-10-07T10:00:58.3196426Z                                         default access to file system is
Formal AI draft	UNKNOWN STEP	2026-10-07T10:00:58.3197095Z                                         restricted to workspace root directories
Formal AI draft	UNKNOWN STEP	2026-10-07T10:00:58.3197748Z                                         (or cwd if no roots are configured)
Formal AI draft	UNKNOWN STEP	2026-10-07T10:00:58.3198436Z                                         only, and navigation to file:// URLs is
Formal AI draft	UNKNOWN STEP	2026-10-07T10:00:58.3199048Z                                         blocked.
Formal AI draft	UNKNOWN STEP	2026-10-07T10:00:58.3200068Z   --blocked-origins <origins>           semicolon-separated list of origins to
Formal AI draft	UNKNOWN STEP	2026-10-07T10:00:58.3200886Z                                         block the browser from requesting.
Formal AI draft	UNKNOWN STEP	2026-10-07T10:00:58.3201723Z                                         Blocklist is evaluated before allowlist.
Formal AI draft	UNKNOWN STEP	2026-10-07T10:00:58.3202516Z                                         If used without the allowlist, requests
Formal AI draft	UNKNOWN STEP	2026-10-07T10:00:58.3203217Z                                         not matching the blocklist are still
Formal AI draft	UNKNOWN STEP	2026-10-07T10:00:58.3203806Z                                         allowed.
Formal AI draft	UNKNOWN STEP	2026-10-07T10:00:58.3204401Z                                         Important: *does not* serve as a
Formal AI draft	UNKNOWN STEP	2026-10-07T10:00:58.3205069Z                                         security boundary and *does not* affect
Formal AI draft	UNKNOWN STEP	2026-10-07T10:00:58.3205669Z                                         redirects.
Formal AI draft	UNKNOWN STEP	2026-10-07T10:00:58.3206303Z   --block-service-workers               block service workers
Formal AI draft	UNKNOWN STEP	2026-10-07T10:00:58.3207135Z   --browser <browser>                   browser or chrome channel to use,
Formal AI draft	UNKNOWN STEP	2026-10-07T10:00:58.3207859Z                                         possible values: chrome, firefox,
Formal AI draft	UNKNOWN STEP	2026-10-07T10:00:58.3208453Z                                         webkit, msedge.
Formal AI draft	UNKNOWN STEP	2026-10-07T10:00:58.3209105Z   --caps <caps>                         comma-separated list of additional
Formal AI draft	UNKNOWN STEP	2026-10-07T10:00:58.3209842Z                                         capabilities to enable, possible values:
Formal AI draft	UNKNOWN STEP	2026-10-07T10:00:58.3210494Z                                         vision, pdf, devtools.
Formal AI draft	UNKNOWN STEP	2026-10-07T10:00:58.3211182Z   --cdp-endpoint <endpoint>             CDP endpoint to connect to.
Formal AI draft	UNKNOWN STEP	2026-10-07T10:00:58.3212206Z   --cdp-header <headers...>             CDP headers to send with the connect
Formal AI draft	UNKNOWN STEP	2026-10-07T10:00:58.3212936Z                                         request, multiple can be specified.
Formal AI draft	UNKNOWN STEP	2026-10-07T10:00:58.3213686Z   --cdp-timeout <timeout>               timeout in milliseconds for connecting
Formal AI draft	UNKNOWN STEP	2026-10-07T10:00:58.3214443Z                                         to CDP endpoint, defaults to 30000ms
Formal AI draft	UNKNOWN STEP	2026-10-07T10:00:58.3215393Z   --codegen <lang>                      specify the language to use for code
Formal AI draft	UNKNOWN STEP	2026-10-07T10:00:58.3216070Z                                         generation, possible values:
Formal AI draft	UNKNOWN STEP	2026-10-07T10:00:58.3216705Z                                         "typescript", "python", "java",
Formal AI draft	UNKNOWN STEP	2026-10-07T10:00:58.3217319Z                                         "csharp", "none". Default is
Formal AI draft	UNKNOWN STEP	2026-10-07T10:00:58.3217871Z                                         "typescript".
Formal AI draft	UNKNOWN STEP	2026-10-07T10:00:58.3218507Z   --config <path>                       path to the configuration file.
Formal AI draft	UNKNOWN STEP	2026-10-07T10:00:58.3219308Z   --console-level <level>               level of console messages to return:
Formal AI draft	UNKNOWN STEP	2026-10-07T10:00:58.3220047Z                                         "error", "warning", "info", "debug".
Formal AI draft	UNKNOWN STEP	2026-10-07T10:00:58.3220734Z                                         Each level includes the messages of more
Formal AI draft	UNKNOWN STEP	2026-10-07T10:00:58.3221356Z                                         severe levels.
Formal AI draft	UNKNOWN STEP	2026-10-07T10:00:58.3222303Z   --device <device>                     device to emulate, for example: "iPhone
Formal AI draft	UNKNOWN STEP	2026-10-07T10:00:58.3222958Z                                         15"
Formal AI draft	UNKNOWN STEP	2026-10-07T10:00:58.3223556Z   --mobile                              emulate a generic mobile device (Pixel
Formal AI draft	UNKNOWN STEP	2026-10-07T10:00:58.3224222Z                                         10 for Chromium, iPhone 17 for WebKit).
Formal AI draft	UNKNOWN STEP	2026-10-07T10:00:58.3224850Z                                         Mobile pages are usually lighter, which
Formal AI draft	UNKNOWN STEP	2026-10-07T10:00:58.3225485Z                                         saves tokens. Cannot be combined with
Formal AI draft	UNKNOWN STEP	2026-10-07T10:00:58.3226031Z                                         --device.
Formal AI draft	UNKNOWN STEP	2026-10-07T10:00:58.3226659Z   --executable-path <path>              path to the browser executable.
Formal AI draft	UNKNOWN STEP	2026-10-07T10:00:58.3227370Z   --extension                           Connect to a running browser instance
Formal AI draft	UNKNOWN STEP	2026-10-07T10:00:58.3228019Z                                         (Edge/Chrome only). Requires the
Formal AI draft	UNKNOWN STEP	2026-10-07T10:00:58.3228894Z                                         "Playwright Extension" to be installed.
Formal AI draft	UNKNOWN STEP	2026-10-07T10:00:58.3229732Z   --endpoint <endpoint>                 Bound browser endpoint to connect to.
Formal AI draft	UNKNOWN STEP	2026-10-07T10:00:58.3230591Z   --file-paths <mode>                   how file paths are rendered in tool
Formal AI draft	UNKNOWN STEP	2026-10-07T10:00:58.3231349Z                                         results, "relative" to the workspace
Formal AI draft	UNKNOWN STEP	2026-10-07T10:00:58.3232147Z                                         root or "absolute". Default is
Formal AI draft	UNKNOWN STEP	2026-10-07T10:00:58.3232724Z                                         "relative".
Formal AI draft	UNKNOWN STEP	2026-10-07T10:00:58.3233472Z   --grant-permissions <permissions...>  List of permissions to grant to the
Formal AI draft	UNKNOWN STEP	2026-10-07T10:00:58.3234248Z                                         browser context, for example
Formal AI draft	UNKNOWN STEP	2026-10-07T10:00:58.3234892Z                                         "geolocation", "clipboard-read",
Formal AI draft	UNKNOWN STEP	2026-10-07T10:00:58.3235510Z                                         "clipboard-write".
Formal AI draft	UNKNOWN STEP	2026-10-07T10:00:58.3236207Z   --headless                            run browser in headless mode, headed by
Formal AI draft	UNKNOWN STEP	2026-10-07T10:00:58.3236834Z                                         default
Formal AI draft	UNKNOWN STEP	2026-10-07T10:00:58.3237447Z   --host <host>                         host to bind server to. Default is
Formal AI draft	UNKNOWN STEP	2026-10-07T10:00:58.3238141Z                                         localhost. Use 0.0.0.0 to bind to all
Formal AI draft	UNKNOWN STEP	2026-10-07T10:00:58.3238725Z                                         interfaces.
Formal AI draft	UNKNOWN STEP	2026-10-07T10:00:58.3239413Z   --idle-timeout <timeout>              close the browser after this many
Formal AI draft	UNKNOWN STEP	2026-10-07T10:00:58.3240170Z                                         milliseconds without a completed tool
Formal AI draft	UNKNOWN STEP	2026-10-07T10:00:58.3240859Z                                         call, the next tool call relaunches it.
Formal AI draft	UNKNOWN STEP	2026-10-07T10:00:58.3241678Z                                         Defaults to one hour for headless
Formal AI draft	UNKNOWN STEP	2026-10-07T10:00:58.3242318Z                                         browsers, never for headed ones, 0
Formal AI draft	UNKNOWN STEP	2026-10-07T10:00:58.3243104Z                                         disables.
Formal AI draft	UNKNOWN STEP	2026-10-07T10:00:58.3243713Z   --ignore-https-errors                 ignore https errors
Formal AI draft	UNKNOWN STEP	2026-10-07T10:00:58.3244484Z   --init-page <path...>                 path to TypeScript file to evaluate on
Formal AI draft	UNKNOWN STEP	2026-10-07T10:00:58.3245212Z                                         Playwright page object
Formal AI draft	UNKNOWN STEP	2026-10-07T10:00:58.3245938Z   --init-script <path...>               path to JavaScript file to add as an
Formal AI draft	UNKNOWN STEP	2026-10-07T10:00:58.3246696Z                                         initialization script. The script will
Formal AI draft	UNKNOWN STEP	2026-10-07T10:00:58.3247404Z                                         be evaluated in every page before any of
Formal AI draft	UNKNOWN STEP	2026-10-07T10:00:58.3248079Z                                         the page's scripts. Can be specified
Formal AI draft	UNKNOWN STEP	2026-10-07T10:00:58.3248685Z                                         multiple times.
Formal AI draft	UNKNOWN STEP	2026-10-07T10:00:58.3249348Z   --isolated                            keep the browser profile in memory, do
Formal AI draft	UNKNOWN STEP	2026-10-07T10:00:58.3250015Z                                         not save it to disk.
Formal AI draft	UNKNOWN STEP	2026-10-07T10:00:58.3250753Z   --image-responses <mode>              whether to send image responses to the
Formal AI draft	UNKNOWN STEP	2026-10-07T10:00:58.3251646Z                                         client. Can be "allow", "omit" or
Formal AI draft	UNKNOWN STEP	2026-10-07T10:00:58.3252258Z                                         "only". With "only", a response that
Formal AI draft	UNKNOWN STEP	2026-10-07T10:00:58.3252898Z                                         carries an image consists of the image
Formal AI draft	UNKNOWN STEP	2026-10-07T10:00:58.3253527Z                                         parts alone, without the text part.
Formal AI draft	UNKNOWN STEP	2026-10-07T10:00:58.3254076Z                                         Defaults to "allow".
Formal AI draft	UNKNOWN STEP	2026-10-07T10:00:58.3254489Z   --no-sandbox                          disable the sandbox for all process
Formal AI draft	UNKNOWN STEP	2026-10-07T10:00:58.3254975Z                                         types that are normally sandboxed.
Formal AI draft	UNKNOWN STEP	2026-10-07T10:00:58.3255443Z   --no-webmcp                           do not collect or expose the tools that
Formal AI draft	UNKNOWN STEP	2026-10-07T10:00:58.3255898Z                                         a page registers through the WebMCP API.
Formal AI draft	UNKNOWN STEP	2026-10-07T10:00:58.3256537Z   --output-dir <path>                   path to the directory for automatically
Formal AI draft	UNKNOWN STEP	2026-10-07T10:00:58.3256996Z                                         named output files, for example a
Formal AI draft	UNKNOWN STEP	2026-10-07T10:00:58.3257401Z                                         screenshot taken without an explicit
Formal AI draft	UNKNOWN STEP	2026-10-07T10:00:58.3257824Z                                         file name. Files with an explicit name
Formal AI draft	UNKNOWN STEP	2026-10-07T10:00:58.3258237Z                                         are resolved against the workspace root
Formal AI draft	UNKNOWN STEP	2026-10-07T10:00:58.3258654Z                                         instead and are not affected by this
Formal AI draft	UNKNOWN STEP	2026-10-07T10:00:58.3259012Z                                         option.
Formal AI draft	UNKNOWN STEP	2026-10-07T10:00:58.3259439Z   --output-max-size <bytes>             Threshold for evicting old output files,
Formal AI draft	UNKNOWN STEP	2026-10-07T10:00:58.3259927Z                                         in bytes.
Formal AI draft	UNKNOWN STEP	2026-10-07T10:00:58.3260339Z   --port <port>                         port to listen on for SSE transport.
Formal AI draft	UNKNOWN STEP	2026-10-07T10:00:58.3260835Z   --profile-dir-name <name>             name of the profile directory in the
Formal AI draft	UNKNOWN STEP	2026-10-07T10:00:58.3261279Z                                         user data dir to connect to with
Formal AI draft	UNKNOWN STEP	2026-10-07T10:00:58.3261917Z                                         --extension, for example "Profile 1".
Formal AI draft	UNKNOWN STEP	2026-10-07T10:00:58.3262327Z                                         Defaults to the last used profile that
Formal AI draft	UNKNOWN STEP	2026-10-07T10:00:58.3262725Z                                         has the extension installed.
Formal AI draft	UNKNOWN STEP	2026-10-07T10:00:58.3263186Z   --proxy-bypass <bypass>               comma-separated domains to bypass proxy,
Formal AI draft	UNKNOWN STEP	2026-10-07T10:00:58.3263604Z                                         for example
Formal AI draft	UNKNOWN STEP	2026-10-07T10:00:58.3263976Z                                         ".com,chromium.org,.domain.com"
Formal AI draft	UNKNOWN STEP	2026-10-07T10:00:58.3264417Z   --proxy-server <proxy>                specify proxy server, for example
Formal AI draft	UNKNOWN STEP	2026-10-07T10:00:58.3264878Z                                         "http://myproxy:3128" or
Formal AI draft	UNKNOWN STEP	2026-10-07T10:00:58.3265439Z                                         "socks5://myproxy:8080"
Formal AI draft	UNKNOWN STEP	2026-10-07T10:00:58.3265869Z   --sandbox                             enable the sandbox for all process types
Formal AI draft	UNKNOWN STEP	2026-10-07T10:00:58.3266307Z                                         that are normally not sandboxed.
Formal AI draft	UNKNOWN STEP	2026-10-07T10:00:58.3266781Z   --save-session                        Whether to save the Playwright MCP
Formal AI draft	UNKNOWN STEP	2026-10-07T10:00:58.3267218Z                                         session into the output directory.
Formal AI draft	UNKNOWN STEP	2026-10-07T10:00:58.3267679Z   --secrets [REDACTED]                      path to a file containing secrets in the
Formal AI draft	UNKNOWN STEP	2026-10-07T10:00:58.3268143Z                                         dotenv format
Formal AI draft	UNKNOWN STEP	2026-10-07T10:00:58.3268591Z   --shared-browser-context              reuse the same browser context between
Formal AI draft	UNKNOWN STEP	2026-10-07T10:00:58.3269054Z                                         all connected HTTP clients.
Formal AI draft	UNKNOWN STEP	2026-10-07T10:00:58.3269489Z   --snapshot-boxes                      include each element's bounding box as
Formal AI draft	UNKNOWN STEP	2026-10-07T10:00:58.3269955Z                                         [box=x,y,width,height] in snapshots.
Formal AI draft	UNKNOWN STEP	2026-10-07T10:00:58.3270367Z                                         Coordinates are viewport-relative, in
Formal AI draft	UNKNOWN STEP	2026-10-07T10:00:58.3270739Z                                         CSS pixels.
Formal AI draft	UNKNOWN STEP	2026-10-07T10:00:58.3271150Z   --snapshot-mode <mode>                when taking snapshots for responses,
Formal AI draft	UNKNOWN STEP	2026-10-07T10:00:58.3272029Z                                         specifies the mode to use. Can be "full"
Formal AI draft	UNKNOWN STEP	2026-10-07T10:00:58.3272432Z                                         or "none". Default is "full".
Formal AI draft	UNKNOWN STEP	2026-10-07T10:00:58.3272863Z   --storage-state <path>                path to the storage state file for
Formal AI draft	UNKNOWN STEP	2026-10-07T10:00:58.3273280Z                                         isolated sessions.
Formal AI draft	UNKNOWN STEP	2026-10-07T10:00:58.3273730Z   --test-id-attribute <attribute>       specify the attribute to use for test
Formal AI draft	UNKNOWN STEP	2026-10-07T10:00:58.3274183Z                                         ids, defaults to "data-testid"
Formal AI draft	UNKNOWN STEP	2026-10-07T10:00:58.3274802Z   --timeout-action <timeout>            specify action timeout in milliseconds,
Formal AI draft	UNKNOWN STEP	2026-10-07T10:00:58.3275258Z                                         defaults to 5000ms
Formal AI draft	UNKNOWN STEP	2026-10-07T10:00:58.3275683Z   --timeout-navigation <timeout>        specify navigation timeout in
Formal AI draft	UNKNOWN STEP	2026-10-07T10:00:58.3276130Z                                         milliseconds, defaults to 60000ms
Formal AI draft	UNKNOWN STEP	2026-10-07T10:00:58.3276591Z   --timeout-settle <timeout>            how long to wait after each action for
Formal AI draft	UNKNOWN STEP	2026-10-07T10:00:58.3277038Z                                         triggered work to settle, in
Formal AI draft	UNKNOWN STEP	2026-10-07T10:00:58.3277420Z                                         milliseconds, defaults to 500ms
Formal AI draft	UNKNOWN STEP	2026-10-07T10:00:58.3277845Z   --user-agent <ua string>              specify user agent string
Formal AI draft	UNKNOWN STEP	2026-10-07T10:00:58.3278322Z   --user-data-dir <path>                path to the user data directory. If not
Formal AI draft	UNKNOWN STEP	2026-10-07T10:00:58.3278782Z                                         specified, a temporary directory will be
Formal AI draft	UNKNOWN STEP	2026-10-07T10:00:58.3279154Z                                         created.
Formal AI draft	UNKNOWN STEP	2026-10-07T10:00:58.3279553Z   --viewport-size <size>                specify browser viewport size in pixels,
Formal AI draft	UNKNOWN STEP	2026-10-07T10:00:58.3279981Z                                         for example "1280x720"
Formal AI draft	UNKNOWN STEP	2026-10-07T10:00:58.3280380Z   -h, --help                            display help for command
Formal AI draft	UNKNOWN STEP	2026-10-07T10:00:58.3391195Z 🎭 @playwright/mcp package is available via npx
Formal AI draft	UNKNOWN STEP	2026-10-07T10:00:58.3407832Z 🎭 Playwright MCP ready for Agent
Formal AI draft	UNKNOWN STEP	2026-10-07T10:00:58.3421815Z 📋 URL validation:
Formal AI draft	UNKNOWN STEP	2026-10-07T10:00:58.3436477Z    Input URL: https://github.com/link-assistant/hive-mind/issues/2613
Formal AI draft	UNKNOWN STEP	2026-10-07T10:00:58.3450345Z    Is Issue URL: true
Formal AI draft	UNKNOWN STEP	2026-10-07T10:00:58.3464398Z    Is PR URL: false
Formal AI draft	UNKNOWN STEP	2026-10-07T10:00:58.3485122Z 🔍 --auto-accept-invite: Checking for pending invitation to link-assistant/hive-mind...
Formal AI draft	UNKNOWN STEP	2026-10-07T10:00:58.6593935Z    Could not fetch repository invitations: Unexpected non-whitespace character after JSON at position 199 (line 1 column 200)
Formal AI draft	UNKNOWN STEP	2026-10-07T10:00:58.9566792Z    Could not fetch organization memberships: Unexpected non-whitespace character after JSON at position 188 (line 1 column 189)
Formal AI draft	UNKNOWN STEP	2026-10-07T10:00:58.9581561Z ℹ️  --auto-accept-invite: No pending invitation found for link-assistant/hive-mind or organization link-assistant
Formal AI draft	UNKNOWN STEP	2026-10-07T10:00:58.9598286Z 🔍 Checking repository access for auto-fork...
Formal AI draft	UNKNOWN STEP	2026-10-07T10:00:59.3183102Z {"admin":false,"maintain":false,"pull":false,"push":false,"triage":false}
Formal AI draft	UNKNOWN STEP	2026-10-07T10:00:59.3222738Z ℹ️ Auto-fork: User roles do not establish token write access; attempting direct repository access
Formal AI draft	UNKNOWN STEP	2026-10-07T10:00:59.3238993Z 🔍 Checking repository write permissions...
Formal AI draft	UNKNOWN STEP	2026-10-07T10:00:59.7236914Z {"admin":false,"maintain":false,"pull":false,"push":false,"triage":false}
Formal AI draft	UNKNOWN STEP	2026-10-07T10:00:59.7286301Z ℹ️ User roles do not establish token write access; GitHub will enforce token permissions on write
Formal AI draft	UNKNOWN STEP	2026-10-07T10:01:00.0183694Z link-assistant
Formal AI draft	UNKNOWN STEP	2026-10-07T10:01:01.1029039Z link-assistant/hive-mind
Formal AI draft	UNKNOWN STEP	2026-10-07T10:01:01.1029465Z    Repository visibility: public
Formal AI draft	UNKNOWN STEP	2026-10-07T10:01:01.1041241Z    Auto-cleanup default: false (repository is public)
Formal AI draft	UNKNOWN STEP	2026-10-07T10:01:01.1072519Z 🔍 Auto-continue enabled: Checking for existing PRs for issue #2613...
Formal AI draft	UNKNOWN STEP	2026-10-07T10:01:01.1091324Z 🔍 Checking for existing branches in link-assistant/hive-mind...
Formal AI draft	UNKNOWN STEP	2026-10-07T10:01:06.4128161Z [{"createdAt":"2026-10-07T07:14:48Z","headRefName":"issue-2591-1b69dfe657e2","isDraft":true,"number":2592,"state":"OPEN"},{"createdAt":"2026-10-06T14:39:42Z","headRefName":"issue-2326-b5647b8dfa49","isDraft":false,"number":2562,"state":"OPEN"},{"createdAt":"2026-10-06T14:33:42Z","headRefName":"issue-2530-6aebfa4f3869","isDraft":false,"number":2561,"state":"OPEN"},{"createdAt":"2026-09-27T16:43:26Z","headRefName":"issue-2289-f6cd9c2908da","isDraft":false,"number":2310,"state":"OPEN"},{"createdAt":"2026-09-27T04:26:58Z","headRefName":"issue-2303-928b0c381ae1","isDraft":false,"number":2304,"state":"OPEN"},{"createdAt":"2026-09-25T22:10:48Z","headRefName":"issue-2284-c9fd32283dac","isDraft":false,"number":2300,"state":"OPEN"},{"createdAt":"2026-09-25T21:36:08Z","headRefName":"issue-2296-61628f56d512","isDraft":false,"number":2299,"state":"OPEN"},{"createdAt":"2026-09-25T20:50:16Z","headRefName":"issue-2293-cb811471f6cf","isDraft":false,"number":2298,"state":"OPEN"},{"createdAt":"2026-09-25T19:11:21Z","headRefName":"issue-2295-bb2f7c929898","isDraft":false,"number":2297,"state":"OPEN"},{"createdAt":"2026-09-13T22:17:31Z","headRefName":"issue-2246-99b3b7e8e017","isDraft":false,"number":2248,"state":"OPEN"}]
Formal AI draft	UNKNOWN STEP	2026-10-07T10:01:06.7939817Z []
Formal AI draft	UNKNOWN STEP	2026-10-07T10:01:06.7988052Z 📋 Found 10 existing PR(s) for issue #2613
Formal AI draft	UNKNOWN STEP	2026-10-07T10:01:06.8003632Z   PR #2592: created 2h ago (OPEN, draft)
Formal AI draft	UNKNOWN STEP	2026-10-07T10:01:06.8022887Z   PR #2592: Branch 'issue-2591-1b69dfe657e2' doesn't match expected pattern 'issue-2613-*' - skipping
Formal AI draft	UNKNOWN STEP	2026-10-07T10:01:06.8047619Z   PR #2562: created 19h ago (OPEN, ready)
Formal AI draft	UNKNOWN STEP	2026-10-07T10:01:06.8061276Z   PR #2562: Branch 'issue-2326-b5647b8dfa49' doesn't match expected pattern 'issue-2613-*' - skipping
Formal AI draft	UNKNOWN STEP	2026-10-07T10:01:06.8073210Z   PR #2561: created 19h ago (OPEN, ready)
Formal AI draft	UNKNOWN STEP	2026-10-07T10:01:06.8086924Z   PR #2561: Branch 'issue-2530-6aebfa4f3869' doesn't match expected pattern 'issue-2613-*' - skipping
Formal AI draft	UNKNOWN STEP	2026-10-07T10:01:06.8099665Z   PR #2310: created 233h ago (OPEN, ready)
Formal AI draft	UNKNOWN STEP	2026-10-07T10:01:06.8112756Z   PR #2310: Branch 'issue-2289-f6cd9c2908da' doesn't match expected pattern 'issue-2613-*' - skipping
Formal AI draft	UNKNOWN STEP	2026-10-07T10:01:06.8124552Z   PR #2304: created 245h ago (OPEN, ready)
Formal AI draft	UNKNOWN STEP	2026-10-07T10:01:06.8137376Z   PR #2304: Branch 'issue-2303-928b0c381ae1' doesn't match expected pattern 'issue-2613-*' - skipping
Formal AI draft	UNKNOWN STEP	2026-10-07T10:01:06.8149586Z   PR #2300: created 275h ago (OPEN, ready)
Formal AI draft	UNKNOWN STEP	2026-10-07T10:01:06.8162932Z   PR #2300: Branch 'issue-2284-c9fd32283dac' doesn't match expected pattern 'issue-2613-*' - skipping
Formal AI draft	UNKNOWN STEP	2026-10-07T10:01:06.8175808Z   PR #2299: created 276h ago (OPEN, ready)
Formal AI draft	UNKNOWN STEP	2026-10-07T10:01:06.8189384Z   PR #2299: Branch 'issue-2296-61628f56d512' doesn't match expected pattern 'issue-2613-*' - skipping
Formal AI draft	UNKNOWN STEP	2026-10-07T10:01:06.8203894Z   PR #2298: created 277h ago (OPEN, ready)
Formal AI draft	UNKNOWN STEP	2026-10-07T10:01:06.8217655Z   PR #2298: Branch 'issue-2293-cb811471f6cf' doesn't match expected pattern 'issue-2613-*' - skipping
Formal AI draft	UNKNOWN STEP	2026-10-07T10:01:06.8229866Z   PR #2297: created 278h ago (OPEN, ready)
Formal AI draft	UNKNOWN STEP	2026-10-07T10:01:06.8243113Z   PR #2297: Branch 'issue-2295-bb2f7c929898' doesn't match expected pattern 'issue-2613-*' - skipping
Formal AI draft	UNKNOWN STEP	2026-10-07T10:01:06.8257423Z   PR #2248: created 563h ago (OPEN, ready)
Formal AI draft	UNKNOWN STEP	2026-10-07T10:01:06.8277228Z   PR #2248: Branch 'issue-2246-99b3b7e8e017' doesn't match expected pattern 'issue-2613-*' - skipping
Formal AI draft	UNKNOWN STEP	2026-10-07T10:01:06.8291590Z ⏭️  No suitable PRs found (missing CLAUDE.md/.gitkeep or older than 24h) - creating new PR as usual
Formal AI draft	UNKNOWN STEP	2026-10-07T10:01:06.8304832Z 📝 Issue mode: Working with issue #2613
Formal AI draft	UNKNOWN STEP	2026-10-07T10:01:06.8325625Z 
Formal AI draft	UNKNOWN STEP	2026-10-07T10:01:06.8326189Z Creating temporary directory: /tmp/gh-issue-solver-1791367266830
Formal AI draft	UNKNOWN STEP	2026-10-07T10:01:06.8347477Z 🔐 Authenticated git transport enabled for github.com (token source: GH_TOKEN) - repository setup
Formal AI draft	UNKNOWN STEP	2026-10-07T10:01:06.8380644Z 
Formal AI draft	UNKNOWN STEP	2026-10-07T10:01:06.8381238Z 📥 Cloning repository:       link-assistant/hive-mind
Formal AI draft	UNKNOWN STEP	2026-10-07T10:01:07.1761372Z Cloning into '/tmp/gh-issue-solver-1791367266830'...
Formal AI draft	UNKNOWN STEP	2026-10-07T10:01:22.5926631Z Updating files:  25% (2043/7869)
Formal AI draft	UNKNOWN STEP	2026-10-07T10:01:22.7617587Z Updating files:  26% (2046/7869)
Formal AI draft	UNKNOWN STEP	2026-10-07T10:01:22.8212971Z Updating files:  27% (2125/7869)
Formal AI draft	UNKNOWN STEP	2026-10-07T10:01:22.8540662Z Updating files:  28% (2204/7869)
Formal AI draft	UNKNOWN STEP	2026-10-07T10:01:22.8854414Z Updating files:  29% (2283/7869)
Formal AI draft	UNKNOWN STEP	2026-10-07T10:01:22.9039022Z Updating files:  30% (2361/7869)
Formal AI draft	UNKNOWN STEP	2026-10-07T10:01:22.9855258Z Updating files:  31% (2440/7869)
Formal AI draft	UNKNOWN STEP	2026-10-07T10:01:23.0322495Z Updating files:  32% (2519/7869)
Formal AI draft	UNKNOWN STEP	2026-10-07T10:01:23.0422801Z Updating files:  33% (2597/7869)
Formal AI draft	UNKNOWN STEP	2026-10-07T10:01:23.0650394Z Updating files:  34% (2676/7869)
Formal AI draft	UNKNOWN STEP	2026-10-07T10:01:23.1570312Z Updating files:  35% (2755/7869)
Formal AI draft	UNKNOWN STEP	2026-10-07T10:01:23.2750353Z Updating files:  36% (2833/7869)
Formal AI draft	UNKNOWN STEP	2026-10-07T10:01:23.3368772Z Updating files:  37% (2912/7869)
Formal AI draft	UNKNOWN STEP	2026-10-07T10:01:23.4301717Z Updating files:  38% (2991/7869)
Formal AI draft	UNKNOWN STEP	2026-10-07T10:01:23.4520678Z Updating files:  39% (3069/7869)
Formal AI draft	UNKNOWN STEP	2026-10-07T10:01:23.5837635Z Updating files:  39% (3071/7869)
Formal AI draft	UNKNOWN STEP	2026-10-07T10:01:23.6562167Z Updating files:  40% (3148/7869)
Formal AI draft	UNKNOWN STEP	2026-10-07T10:01:23.7263561Z Updating files:  41% (3227/7869)
Formal AI draft	UNKNOWN STEP	2026-10-07T10:01:23.7630849Z Updating files:  42% (3305/7869)
Formal AI draft	UNKNOWN STEP	2026-10-07T10:01:23.8088459Z Updating files:  43% (3384/7869)
Formal AI draft	UNKNOWN STEP	2026-10-07T10:01:23.8922543Z Updating files:  44% (3463/7869)
Formal AI draft	UNKNOWN STEP	2026-10-07T10:01:23.9072322Z Updating files:  45% (3542/7869)
Formal AI draft	UNKNOWN STEP	2026-10-07T10:01:23.9783114Z Updating files:  46% (3620/7869)
Formal AI draft	UNKNOWN STEP	2026-10-07T10:01:24.0078181Z Updating files:  47% (3699/7869)
Formal AI draft	UNKNOWN STEP	2026-10-07T10:01:24.0368082Z Updating files:  48% (3778/7869)
Formal AI draft	UNKNOWN STEP	2026-10-07T10:01:24.0823169Z Updating files:  49% (3856/7869)
Formal AI draft	UNKNOWN STEP	2026-10-07T10:01:24.1058397Z Updating files:  50% (3935/7869)
Formal AI draft	UNKNOWN STEP	2026-10-07T10:01:24.1118234Z Updating files:  51% (4014/7869)
Formal AI draft	UNKNOWN STEP	2026-10-07T10:01:24.2417376Z Updating files:  52% (4092/7869)
Formal AI draft	UNKNOWN STEP	2026-10-07T10:01:24.2712140Z Updating files:  53% (4171/7869)
Formal AI draft	UNKNOWN STEP	2026-10-07T10:01:24.3557652Z Updating files:  54% (4250/7869)
Formal AI draft	UNKNOWN STEP	2026-10-07T10:01:24.3627316Z Updating files:  55% (4328/7869)
Formal AI draft	UNKNOWN STEP	2026-10-07T10:01:24.3760552Z Updating files:  56% (4407/7869)
Formal AI draft	UNKNOWN STEP	2026-10-07T10:01:24.4212413Z Updating files:  57% (4486/7869)
Formal AI draft	UNKNOWN STEP	2026-10-07T10:01:24.4311139Z Updating files:  58% (4565/7869)
Formal AI draft	UNKNOWN STEP	2026-10-07T10:01:24.4557499Z Updating files:  58% (4609/7869)
Formal AI draft	UNKNOWN STEP	2026-10-07T10:01:24.4678272Z Updating files:  59% (4643/7869)
Formal AI draft	UNKNOWN STEP	2026-10-07T10:01:24.4785170Z Updating files:  60% (4722/7869)
Formal AI draft	UNKNOWN STEP	2026-10-07T10:01:24.5858224Z Updating files:  61% (4801/7869)
Formal AI draft	UNKNOWN STEP	2026-10-07T10:01:24.6319232Z Updating files:  62% (4879/7869)
Formal AI draft	UNKNOWN STEP	2026-10-07T10:01:24.6998283Z Updating files:  63% (4958/7869)
Formal AI draft	UNKNOWN STEP	2026-10-07T10:01:24.7871315Z Updating files:  64% (5037/7869)
Formal AI draft	UNKNOWN STEP	2026-10-07T10:01:24.8019739Z Updating files:  65% (5115/7869)
Formal AI draft	UNKNOWN STEP	2026-10-07T10:01:24.8331618Z Updating files:  66% (5194/7869)
Formal AI draft	UNKNOWN STEP	2026-10-07T10:01:24.8492514Z Updating files:  67% (5273/7869)
Formal AI draft	UNKNOWN STEP	2026-10-07T10:01:24.8556700Z Updating files:  68% (5351/7869)
Formal AI draft	UNKNOWN STEP	2026-10-07T10:01:24.9828798Z Updating files:  69% (5430/7869)
Formal AI draft	UNKNOWN STEP	2026-10-07T10:01:25.0029785Z Updating files:  70% (5509/7869)
Formal AI draft	UNKNOWN STEP	2026-10-07T10:01:25.3460879Z Updating files:  71% (5587/7869)
Formal AI draft	UNKNOWN STEP	2026-10-07T10:01:25.3891317Z Updating files:  72% (5666/7869)
Formal AI draft	UNKNOWN STEP	2026-10-07T10:01:25.4265935Z Updating files:  73% (5745/7869)
Formal AI draft	UNKNOWN STEP	2026-10-07T10:01:25.4306623Z Updating files:  74% (5824/7869)
Formal AI draft	UNKNOWN STEP	2026-10-07T10:01:25.4360795Z Updating files:  74% (5839/7869)
Formal AI draft	UNKNOWN STEP	2026-10-07T10:01:25.4415684Z Updating files:  75% (5902/7869)
Formal AI draft	UNKNOWN STEP	2026-10-07T10:01:25.4471261Z Updating files:  76% (5981/7869)
Formal AI draft	UNKNOWN STEP	2026-10-07T10:01:25.4531616Z Updating files:  77% (6060/7869)
Formal AI draft	UNKNOWN STEP	2026-10-07T10:01:25.4599764Z Updating files:  78% (6138/7869)
Formal AI draft	UNKNOWN STEP	2026-10-07T10:01:25.4681174Z Updating files:  79% (6217/7869)
Formal AI draft	UNKNOWN STEP	2026-10-07T10:01:25.4739082Z Updating files:  80% (6296/7869)
Formal AI draft	UNKNOWN STEP	2026-10-07T10:01:25.4796442Z Updating files:  81% (6374/7869)
Formal AI draft	UNKNOWN STEP	2026-10-07T10:01:25.4859529Z Updating files:  82% (6453/7869)
Formal AI draft	UNKNOWN STEP	2026-10-07T10:01:25.4914192Z Updating files:  83% (6532/7869)
Formal AI draft	UNKNOWN STEP	2026-10-07T10:01:25.4967980Z Updating files:  84% (6610/7869)
Formal AI draft	UNKNOWN STEP	2026-10-07T10:01:25.5028347Z Updating files:  85% (6689/7869)
Formal AI draft	UNKNOWN STEP	2026-10-07T10:01:25.5097428Z Updating files:  86% (6768/7869)
Formal AI draft	UNKNOWN STEP	2026-10-07T10:01:25.5192080Z Updating files:  87% (6847/7869)
Formal AI draft	UNKNOWN STEP	2026-10-07T10:01:25.5296055Z Updating files:  88% (6925/7869)
Formal AI draft	UNKNOWN STEP	2026-10-07T10:01:25.5396064Z Updating files:  89% (7004/7869)
Formal AI draft	UNKNOWN STEP	2026-10-07T10:01:25.5498933Z Updating files:  90% (7083/7869)
Formal AI draft	UNKNOWN STEP	2026-10-07T10:01:25.5597330Z Updating files:  91% (7161/7869)
Formal AI draft	UNKNOWN STEP	2026-10-07T10:01:25.5680224Z Updating files:  92% (7240/7869)
Formal AI draft	UNKNOWN STEP	2026-10-07T10:01:25.5756735Z Updating files:  93% (7319/7869)
Formal AI draft	UNKNOWN STEP	2026-10-07T10:01:25.5836946Z Updating files:  94% (7397/7869)
Formal AI draft	UNKNOWN STEP	2026-10-07T10:01:25.5919191Z Updating files:  95% (7476/7869)
Formal AI draft	UNKNOWN STEP	2026-10-07T10:01:25.5990087Z Updating files:  96% (7555/7869)
Formal AI draft	UNKNOWN STEP	2026-10-07T10:01:25.6076104Z Updating files:  97% (7633/7869)
Formal AI draft	UNKNOWN STEP	2026-10-07T10:01:25.6160076Z Updating files:  98% (7712/7869)
Formal AI draft	UNKNOWN STEP	2026-10-07T10:01:25.6233915Z Updating files:  99% (7791/7869)
Formal AI draft	UNKNOWN STEP	2026-10-07T10:01:25.6234487Z Updating files: 100% (7869/7869)
Formal AI draft	UNKNOWN STEP	2026-10-07T10:01:25.6235286Z Updating files: 100% (7869/7869), done.
Formal AI draft	UNKNOWN STEP	2026-10-07T10:01:25.6648968Z true
Formal AI draft	UNKNOWN STEP	2026-10-07T10:01:25.6673311Z ✅ Cloned to:                /tmp/gh-issue-solver-1791367266830
Formal AI draft	UNKNOWN STEP	2026-10-07T10:01:25.6695960Z 🧹 Ignoring AI tool scratch directories in this workspace: .formal-ai/, .playwright-mcp/
Formal AI draft	UNKNOWN STEP	2026-10-07T10:01:25.6761093Z origin	https://github.com/link-assistant/hive-mind.git (fetch)
Formal AI draft	UNKNOWN STEP	2026-10-07T10:01:25.6761888Z origin	https://github.com/link-assistant/hive-mind.git (push)
Formal AI draft	UNKNOWN STEP	2026-10-07T10:01:25.8284905Z 
Formal AI draft	UNKNOWN STEP	2026-10-07T10:01:25.8286361Z 📊 [DISK] phase=after_clone bytes=1924402576 path=/tmp/gh-issue-solver-1791367266830 size=1.8 GB
Formal AI draft	UNKNOWN STEP	2026-10-07T10:01:25.8341631Z 📈 Resource usage (after repository clone):
Formal AI draft	UNKNOWN STEP	2026-10-07T10:01:25.8342206Z    CPU load: 1.88 1.77 0.89 (4 CPUs)
Formal AI draft	UNKNOWN STEP	2026-10-07T10:01:25.8342762Z    Memory: 14.3 GB available / 15.6 GB total (1.3 GB used)
Formal AI draft	UNKNOWN STEP	2026-10-07T10:01:25.8343469Z    Process RSS: 130 MB, V8 heap: 32 MB used of 4.1 GB limit (0.8%)
Formal AI draft	UNKNOWN STEP	2026-10-07T10:01:25.8344223Z    Disk (/): 79.6 GB available / 144.3 GB total (44.8% used)
Formal AI draft	UNKNOWN STEP	2026-10-07T10:01:25.8345338Z    Container memory (cgroup v2): 2.0 GB used of no limit of its own, peak 2.2 GB; processes killed by the OOM killer so far: 0
Formal AI draft	UNKNOWN STEP	2026-10-07T10:01:25.8353028Z 📈 [RESOURCES] phase=after_clone ts=2026-10-07T10%3A01%3A25.828Z load1=1.88 load5=1.77 load15=0.89 cpuCount=4 memTotalBytes=16766414848 memAvailableBytes=15371472896 memUsedBytes=1394941952 processRssBytes=136466432 processHeapUsedBytes=33390056 processHeapTotalBytes=64815104 processExternalBytes=5436262 processHeapLimitBytes=4395630592 processHeapUsedPercent=0.7596192469123666 diskPath=%2F diskTotalBytes=154894188544 diskAvailableBytes=85477830656 diskUsedBytes=69399580672 diskUsedPercent=44.80450901635088 mem=14.3%20GB%20available%20%2F%2015.6%20GB%20total heap=32%20MB%20used%20of%204.1%20GB%20limit%20(0.8%25) disk=79.6%20GB%20available%20%2F%20144.3%20GB%20total cgroupVersion=2 cgroupMemLimitBytes=null cgroupMemCurrentBytes=2181713920 cgroupMemPeakBytes=2367123456 cgroupOomEvents=0 cgroupOomKills=0
Formal AI draft	UNKNOWN STEP	2026-10-07T10:01:25.8426089Z main
Formal AI draft	UNKNOWN STEP	2026-10-07T10:01:25.8506597Z 56b…3a1
Formal AI draft	UNKNOWN STEP	2026-10-07T10:01:25.8506976Z 
Formal AI draft	UNKNOWN STEP	2026-10-07T10:01:25.8507475Z 📌 Default branch:           main
Formal AI draft	UNKNOWN STEP	2026-10-07T10:01:26.4564340Z 
Formal AI draft	UNKNOWN STEP	2026-10-07T10:01:26.4565693Z 🌿 Creating branch:          issue-2613-2efa14ce78a7 from main (default)
Formal AI draft	UNKNOWN STEP	2026-10-07T10:01:26.4917071Z Switched to a new branch 'issue-2613-2efa14ce78a7'
Formal AI draft	UNKNOWN STEP	2026-10-07T10:01:26.4924997Z branch 'issue-2613-2efa14ce78a7' set up to track 'origin/main'.
Formal AI draft	UNKNOWN STEP	2026-10-07T10:01:26.4945737Z 🔍 Verifying:                Branch creation...
Formal AI draft	UNKNOWN STEP	2026-10-07T10:01:26.5031305Z issue-2613-2efa14ce78a7
Formal AI draft	UNKNOWN STEP	2026-10-07T10:01:26.5032396Z ✅ Branch created:           issue-2613-2efa14ce78a7
Formal AI draft	UNKNOWN STEP	2026-10-07T10:01:26.5044651Z ✅ Current branch:           issue-2613-2efa14ce78a7
Formal AI draft	UNKNOWN STEP	2026-10-07T10:01:26.5057463Z    Branch operation: Create new branch
Formal AI draft	UNKNOWN STEP	2026-10-07T10:01:26.5070568Z    Branch verification: Matches expected
Formal AI draft	UNKNOWN STEP	2026-10-07T10:01:26.5111536Z 
Formal AI draft	UNKNOWN STEP	2026-10-07T10:01:26.5112030Z 🚀 Auto PR creation:         ENABLED
Formal AI draft	UNKNOWN STEP	2026-10-07T10:01:26.5130730Z      Creating:               Initial commit and draft PR...
Formal AI draft	UNKNOWN STEP	2026-10-07T10:01:26.5139586Z 
Formal AI draft	UNKNOWN STEP	2026-10-07T10:01:26.5155292Z    Using .gitkeep mode (--claude-file=false, --gitkeep-file=true, --auto-gitkeep-file=true)
Formal AI draft	UNKNOWN STEP	2026-10-07T10:01:26.5169620Z 📝 Creating:                 .gitkeep (default)
Formal AI draft	UNKNOWN STEP	2026-10-07T10:01:26.5185363Z    Issue URL from argv['issue-url']: https://github.com/link-assistant/hive-mind/issues/2613
Formal AI draft	UNKNOWN STEP	2026-10-07T10:01:26.5198961Z    Issue URL from argv._[0]: https://github.com/link-assistant/hive-mind/issues/2613
Formal AI draft	UNKNOWN STEP	2026-10-07T10:01:26.5212825Z    Final issue URL: https://github.com/link-assistant/hive-mind/issues/2613
Formal AI draft	UNKNOWN STEP	2026-10-07T10:01:26.5226638Z ✅ File created:             .gitkeep
Formal AI draft	UNKNOWN STEP	2026-10-07T10:01:26.5239331Z 📦 Adding file:              To git staging
Formal AI draft	UNKNOWN STEP	2026-10-07T10:01:26.5962064Z A  .gitkeep
Formal AI draft	UNKNOWN STEP	2026-10-07T10:01:26.5981921Z    Git status after add: A  .gitkeep
Formal AI draft	UNKNOWN STEP	2026-10-07T10:01:26.5995521Z 📝 Creating commit:          With .gitkeep file
Formal AI draft	UNKNOWN STEP	2026-10-07T10:01:26.6340383Z [issue-2613-2efa14ce78a7 f77d772a] Initial commit with task details
Formal AI draft	UNKNOWN STEP	2026-10-07T10:01:26.6340899Z  1 file changed, 1 insertion(+)
Formal AI draft	UNKNOWN STEP	2026-10-07T10:01:26.6341183Z  create mode 100644 .gitkeep
Formal AI draft	UNKNOWN STEP	2026-10-07T10:01:26.6360750Z ✅ Commit created:           Successfully with .gitkeep
Formal AI draft	UNKNOWN STEP	2026-10-07T10:01:26.6374904Z    Commit output: [issue-2613-2efa14ce78a7 f77d772a] Initial commit with task details
Formal AI draft	UNKNOWN STEP	2026-10-07T10:01:26.6375414Z  1 file changed, 1 insertion(+)
Formal AI draft	UNKNOWN STEP	2026-10-07T10:01:26.6375686Z  create mode 100644 .gitkeep
Formal AI draft	UNKNOWN STEP	2026-10-07T10:01:26.6463771Z f77…2bc
Formal AI draft	UNKNOWN STEP	2026-10-07T10:01:26.6464301Z    Commit hash: f77d772...
Formal AI draft	UNKNOWN STEP	2026-10-07T10:01:26.6530608Z f77d772a Initial commit with task details
Formal AI draft	UNKNOWN STEP	2026-10-07T10:01:26.6548496Z    Latest commit: f77d772a Initial commit with task details
Formal AI draft	UNKNOWN STEP	2026-10-07T10:01:26.7130688Z    Git status: clean
Formal AI draft	UNKNOWN STEP	2026-10-07T10:01:26.7199724Z origin	https://github.com/link-assistant/hive-mind.git (fetch)
Formal AI draft	UNKNOWN STEP	2026-10-07T10:01:26.7200457Z origin	https://github.com/link-assistant/hive-mind.git (push)
Formal AI draft	UNKNOWN STEP	2026-10-07T10:01:26.7217196Z    Remotes: origin	https://github.com/link-assistant/hive-mind.git (fetch)
Formal AI draft	UNKNOWN STEP	2026-10-07T10:01:26.7294598Z * issue-2613-2efa14ce78a7 f77d772a [origin/main: ahead 1] Initial commit with task details
Formal AI draft	UNKNOWN STEP	2026-10-07T10:01:26.7295761Z   main                    56b651c9 [origin/main] Merge pull request #2550 from link-assistant/issue-2549-d52dedc271a8
Formal AI draft	UNKNOWN STEP	2026-10-07T10:01:26.7313216Z    Branch info: * issue-2613-2efa14ce78a7 f77d772a [origin/main: ahead 1] Initial commit with task details
Formal AI draft	UNKNOWN STEP	2026-10-07T10:01:26.7314181Z   main                    56b651c9 [origin/main] Merge pull request #2550 from link-assistant/issue-2549-d52dedc271a8
Formal AI draft	UNKNOWN STEP	2026-10-07T10:01:26.7326982Z 📤 Pushing branch:           To remote repository...
Formal AI draft	UNKNOWN STEP	2026-10-07T10:01:26.7339884Z    Push command: git push -u origin issue-2613-2efa14ce78a7
Formal AI draft	UNKNOWN STEP	2026-10-07T10:01:28.1170548Z remote: 
Formal AI draft	UNKNOWN STEP	2026-10-07T10:01:28.1171848Z remote: Create a pull request for 'issue-2613-2efa14ce78a7' on GitHub by visiting:        
Formal AI draft	UNKNOWN STEP	2026-10-07T10:01:28.1173771Z remote:      https://github.com/link-assistant/hive-mind/pull/new/issue-2613-2efa14ce78a7        
Formal AI draft	UNKNOWN STEP	2026-10-07T10:01:28.1174679Z remote: 
Formal AI draft	UNKNOWN STEP	2026-10-07T10:01:28.1223398Z To https://github.com/link-assistant/hive-mind.git
Formal AI draft	UNKNOWN STEP	2026-10-07T10:01:28.1224456Z  * [new branch]        issue-2613-2efa14ce78a7 -> issue-2613-2efa14ce78a7
Formal AI draft	UNKNOWN STEP	2026-10-07T10:01:28.1277249Z branch 'issue-2613-2efa14ce78a7' set up to track 'origin/issue-2613-2efa14ce78a7'.
Formal AI draft	UNKNOWN STEP	2026-10-07T10:01:28.1294150Z    Push exit code: 0
Formal AI draft	UNKNOWN STEP	2026-10-07T10:01:28.1310081Z    Push output: remote: 
Formal AI draft	UNKNOWN STEP	2026-10-07T10:01:28.1311001Z remote: Create a pull request for 'issue-2613-2efa14ce78a7' on GitHub by visiting:        
Formal AI draft	UNKNOWN STEP	2026-10-07T10:01:28.1312408Z remote:      https://github.com/link-assistant/hive-mind/pull/new/issue-2613-2efa14ce78a7        
Formal AI draft	UNKNOWN STEP	2026-10-07T10:01:28.1313177Z remote: 
Formal AI draft	UNKNOWN STEP	2026-10-07T10:01:28.1313675Z To https://github.com/link-assistant/hive-mind.git
Formal AI draft	UNKNOWN STEP	2026-10-07T10:01:28.1314429Z  * [new branch]        issue-2613-2efa14ce78a7 -> issue-2613-2efa14ce78a7
Formal AI draft	UNKNOWN STEP	2026-10-07T10:01:28.1315499Z branch 'issue-2613-2efa14ce78a7' set up to track 'origin/issue-2613-2efa14ce78a7'.
Formal AI draft	UNKNOWN STEP	2026-10-07T10:01:28.1325744Z ✅ Branch pushed:            Successfully to remote
Formal AI draft	UNKNOWN STEP	2026-10-07T10:01:28.1340525Z    Push output: remote: 
Formal AI draft	UNKNOWN STEP	2026-10-07T10:01:28.1341733Z remote: Create a pull request for 'issue-2613-2efa14ce78a7' on GitHub by visiting:        
Formal AI draft	UNKNOWN STEP	2026-10-07T10:01:28.1342523Z remote:      https://github.com/link-assistant/hive-mind/pull/new/issue-2613-2efa14ce78a7        
Formal AI draft	UNKNOWN STEP	2026-10-07T10:01:28.1342997Z remote: 
Formal AI draft	UNKNOWN STEP	2026-10-07T10:01:28.1343317Z To https://github.com/link-assistant/hive-mind.git
Formal AI draft	UNKNOWN STEP	2026-10-07T10:01:28.1343785Z  * [new branch]        issue-2613-2efa14ce78a7 -> issue-2613-2efa14ce78a7
Formal AI draft	UNKNOWN STEP	2026-10-07T10:01:28.1344362Z branch 'issue-2613-2efa14ce78a7' set up to track 'origin/issue-2613-2efa14ce78a7'.
Formal AI draft	UNKNOWN STEP	2026-10-07T10:01:28.1356779Z    Waiting for GitHub to sync...
Formal AI draft	UNKNOWN STEP	2026-10-07T10:01:30.7370666Z 1
Formal AI draft	UNKNOWN STEP	2026-10-07T10:01:30.7423144Z    Compare API check: 1 commit(s) ahead of main
Formal AI draft	UNKNOWN STEP	2026-10-07T10:01:30.7435560Z    GitHub compare API ready: 1 commit(s) found
Formal AI draft	UNKNOWN STEP	2026-10-07T10:01:31.0523989Z issue-2613-2efa14ce78a7
Formal AI draft	UNKNOWN STEP	2026-10-07T10:01:31.0524609Z    Branch verified on GitHub: issue-2613-2efa14ce78a7
Formal AI draft	UNKNOWN STEP	2026-10-07T10:01:31.5154542Z f77…2bc
Formal AI draft	UNKNOWN STEP	2026-10-07T10:01:31.5154956Z    Remote commit SHA: f77d772...
Formal AI draft	UNKNOWN STEP	2026-10-07T10:01:31.5167402Z 📋 Getting issue:            Title from GitHub...
Formal AI draft	UNKNOWN STEP	2026-10-07T10:01:31.8678571Z More bugs and issues to be fixed
Formal AI draft	UNKNOWN STEP	2026-10-07T10:01:31.8722017Z    Issue title: "More bugs and issues to be fixed"
Formal AI draft	UNKNOWN STEP	2026-10-07T10:01:31.8735798Z 👤 Getting user:             Current GitHub account...
Formal AI draft	UNKNOWN STEP	2026-10-07T10:01:32.1526212Z {"message":"Resource not accessible by integration","documentation_url":"https://docs.github.com/rest/users/users#get-the-authenticated-user","status":"403"}gh: Resource not accessible by integration (HTTP 403)
Formal AI draft	UNKNOWN STEP	2026-10-07T10:01:32.1564648Z    Warning: Could not get current user
Formal AI draft	UNKNOWN STEP	2026-10-07T10:01:32.1577652Z 🔄 Fetching:                 Latest main branch...
Formal AI draft	UNKNOWN STEP	2026-10-07T10:01:32.7873655Z ✅ Base updated:             Fetched latest main
Formal AI draft	UNKNOWN STEP	2026-10-07T10:01:32.7885822Z 🔍 Checking:                 Commits between branches...
Formal AI draft	UNKNOWN STEP	2026-10-07T10:01:32.7957686Z 1
Formal AI draft	UNKNOWN STEP	2026-10-07T10:01:32.7978969Z    Commits ahead of origin/main: 1
Formal AI draft	UNKNOWN STEP	2026-10-07T10:01:32.8000848Z ✅ Commits found:            1 commit(s) ahead
Formal AI draft	UNKNOWN STEP	2026-10-07T10:01:32.8014439Z 🔀 Creating PR:              Draft pull request...
Formal AI draft	UNKNOWN STEP	2026-10-07T10:01:32.8028228Z 🎯 Target branch:            main (default)
Formal AI draft	UNKNOWN STEP	2026-10-07T10:01:32.8040602Z    PR Title: [WIP] More bugs and issues to be fixed
Formal AI draft	UNKNOWN STEP	2026-10-07T10:01:32.8052387Z    Base branch: main
Formal AI draft	UNKNOWN STEP	2026-10-07T10:01:32.8066313Z    Head branch: issue-2613-2efa14ce78a7
Formal AI draft	UNKNOWN STEP	2026-10-07T10:01:32.8081233Z    PR Body:
Formal AI draft	UNKNOWN STEP	2026-10-07T10:01:32.8082029Z ## 🤖 AI-Powered Solution Draft
Formal AI draft	UNKNOWN STEP	2026-10-07T10:01:32.8082308Z 
Formal AI draft	UNKNOWN STEP	2026-10-07T10:01:32.8082762Z This pull request is being automatically generated to solve issue #2613.
Formal AI draft	UNKNOWN STEP	2026-10-07T10:01:32.8083250Z 
Formal AI draft	UNKNOWN STEP	2026-10-07T10:01:32.8083491Z ### 📋 Issue Reference
Formal AI draft	UNKNOWN STEP	2026-10-07T10:01:32.8084277Z Fixes #2613
Formal AI draft	UNKNOWN STEP	2026-10-07T10:01:32.8084464Z 
Formal AI draft	UNKNOWN STEP	2026-10-07T10:01:32.8084677Z ### 🚧 Status
Formal AI draft	UNKNOWN STEP	2026-10-07T10:01:32.8085503Z **Work in Progress** - The AI assistant is currently analyzing and implementing the solution draft.
Formal AI draft	UNKNOWN STEP	2026-10-07T10:01:32.8086127Z 
Formal AI draft	UNKNOWN STEP	2026-10-07T10:01:32.8086358Z ### 📝 Implementation Details
Formal AI draft	UNKNOWN STEP	2026-10-07T10:01:32.8086961Z _Details will be added as the solution draft is developed..._
Formal AI draft	UNKNOWN STEP	2026-10-07T10:01:32.8087379Z 
Formal AI draft	UNKNOWN STEP	2026-10-07T10:01:32.8087507Z ---
Formal AI draft	UNKNOWN STEP	2026-10-07T10:01:32.8088013Z *This PR was created automatically by the AI issue solver*
Formal AI draft	UNKNOWN STEP	2026-10-07T10:01:32.8102868Z [use-m] use('command-stream') joined an in-flight load (alias command-stream-v-latest)
Formal AI draft	UNKNOWN STEP	2026-10-07T10:01:33.2684082Z    Command: cd "/tmp/gh-issue-solver-1791367266830" && gh pr create --draft --title "$(cat '/tmp/pr-title-1791367293263.txt')" --body-file "/tmp/pr-body-1791367292807.md" --base main --head issue-2613-2efa14ce78a7 --repo link-assistant/hive-mind
Formal AI draft	UNKNOWN STEP	2026-10-07T10:01:35.2829345Z    gh pr create stdout: https://github.com/link-assistant/hive-mind/pull/2614
Formal AI draft	UNKNOWN STEP	2026-10-07T10:01:35.2842285Z 🔍 Verifying:                PR creation...
Formal AI draft	UNKNOWN STEP	2026-10-07T10:01:37.6148652Z {"number":2614,"state":"OPEN","url":"https://github.com/link-assistant/hive-mind/pull/2614"}
Formal AI draft	UNKNOWN STEP	2026-10-07T10:01:37.6188342Z ✅ Verification:             PR exists on GitHub (attempt 1/5)
Formal AI draft	UNKNOWN STEP	2026-10-07T10:01:37.6202730Z ✅ PR created:               #2614
Formal AI draft	UNKNOWN STEP	2026-10-07T10:01:37.6216946Z 📍 PR URL:                   https://github.com/link-assistant/hive-mind/pull/2614
Formal AI draft	UNKNOWN STEP	2026-10-07T10:01:37.6229271Z 🔗 Linking:                  Issue #2613 to PR #2614...
Formal AI draft	UNKNOWN STEP	2026-10-07T10:01:37.8970843Z    Issue node ID: I_kwDOPUU0qc8AAAABVk4nJA
Formal AI draft	UNKNOWN STEP	2026-10-07T10:01:38.2281879Z    PR node ID: PR_kwDOPUU0qc8AAAABHGALKQ
Formal AI draft	UNKNOWN STEP	2026-10-07T10:01:38.6325330Z ✅ Link verified:            Issue #2613 → PR #2614
Formal AI draft	UNKNOWN STEP	2026-10-07T10:01:38.9090828Z 
Formal AI draft	UNKNOWN STEP	2026-10-07T10:01:38.9091858Z 📊 Comment counting conditions:
Formal AI draft	UNKNOWN STEP	2026-10-07T10:01:38.9103525Z    prNumber: 2614
Formal AI draft	UNKNOWN STEP	2026-10-07T10:01:38.9116747Z    branchName: issue-2613-2efa14ce78a7
Formal AI draft	UNKNOWN STEP	2026-10-07T10:01:38.9142383Z    isContinueMode: false
Formal AI draft	UNKNOWN STEP	2026-10-07T10:01:38.9154978Z    Will count comments: true
Formal AI draft	UNKNOWN STEP	2026-10-07T10:01:38.9168917Z 💬 Counting comments:        Checking for new comments since last commit...
Formal AI draft	UNKNOWN STEP	2026-10-07T10:01:38.9180639Z    PR #2614 on branch: issue-2613-2efa14ce78a7
Formal AI draft	UNKNOWN STEP	2026-10-07T10:01:38.9193545Z    Owner/Repo: link-assistant/hive-mind
Formal AI draft	UNKNOWN STEP	2026-10-07T10:01:38.9206711Z    Repository path: /tmp/gh-issue-solver-1791367266830
Formal AI draft	UNKNOWN STEP	2026-10-07T10:01:38.9300893Z   📅 Last commit time:       2026-10-07T10:01:26.000Z
Formal AI draft	UNKNOWN STEP	2026-10-07T10:01:39.9294206Z   💬 New PR comments:        0
Formal AI draft	UNKNOWN STEP	2026-10-07T10:01:39.9306834Z   💬 New PR review comments: 0
Formal AI draft	UNKNOWN STEP	2026-10-07T10:01:39.9320032Z   💬 New issue comments:     0
Formal AI draft	UNKNOWN STEP	2026-10-07T10:01:39.9332957Z    Total new comments: 0
Formal AI draft	UNKNOWN STEP	2026-10-07T10:01:39.9345100Z    Comment lines to add: No (saving tokens)
Formal AI draft	UNKNOWN STEP	2026-10-07T10:01:39.9357710Z    PR review comments fetched: 0
Formal AI draft	UNKNOWN STEP	2026-10-07T10:01:39.9370123Z    PR conversation comments fetched: 0
Formal AI draft	UNKNOWN STEP	2026-10-07T10:01:39.9382689Z    Total PR comments checked: 0
Formal AI draft	UNKNOWN STEP	2026-10-07T10:01:43.3406981Z    Feedback info will be added to prompt:
Formal AI draft	UNKNOWN STEP	2026-10-07T10:01:43.3436028Z      - Pull request description was edited after last commit
Formal AI draft	UNKNOWN STEP	2026-10-07T10:01:43.3447811Z 📅 Getting timestamps:       From GitHub servers...
Formal AI draft	UNKNOWN STEP	2026-10-07T10:01:43.7645597Z 2026-10-07T09:52:12Z
Formal AI draft	UNKNOWN STEP	2026-10-07T10:01:43.7681828Z   📝 Issue updated:          2026-10-07T09:52:12.000Z
Formal AI draft	UNKNOWN STEP	2026-10-07T10:01:44.0802160Z   💬 Comments:               None found
Formal AI draft	UNKNOWN STEP	2026-10-07T10:01:44.4929811Z [{"createdAt":"2026-10-07T10:01:34Z"}]
Formal AI draft	UNKNOWN STEP	2026-10-07T10:01:44.4969692Z   🔀 Recent PR:              2026-10-07T10:01:34.000Z
Formal AI draft	UNKNOWN STEP	2026-10-07T10:01:44.4987013Z 
Formal AI draft	UNKNOWN STEP	2026-10-07T10:01:44.4987702Z ✅ Reference time:           2026-10-07T10:01:34.000Z
Formal AI draft	UNKNOWN STEP	2026-10-07T10:01:44.5002738Z 
Formal AI draft	UNKNOWN STEP	2026-10-07T10:01:44.5003377Z 🔍 Checking for uncommitted changes to include as feedback...
Formal AI draft	UNKNOWN STEP	2026-10-07T10:01:44.5608858Z ✅ No uncommitted changes found
Formal AI draft	UNKNOWN STEP	2026-10-07T10:01:44.7235333Z 👁️  Model vision capability: not supported
Formal AI draft	UNKNOWN STEP	2026-10-07T10:01:44.7255794Z 
Formal AI draft	UNKNOWN STEP	2026-10-07T10:01:44.7256364Z 📝 Final prompt structure:
Formal AI draft	UNKNOWN STEP	2026-10-07T10:01:44.7273018Z    Characters: 278
Formal AI draft	UNKNOWN STEP	2026-10-07T10:01:44.7293969Z    System prompt characters: 11188
Formal AI draft	UNKNOWN STEP	2026-10-07T10:01:44.7311271Z    Feedback info: Included
Formal AI draft	UNKNOWN STEP	2026-10-07T10:01:44.7422441Z 
Formal AI draft	UNKNOWN STEP	2026-10-07T10:01:44.7423499Z 🤖 Executing Agent:          FORMAL-AI
Formal AI draft	UNKNOWN STEP	2026-10-07T10:01:44.7436918Z    Model: formal-ai
Formal AI draft	UNKNOWN STEP	2026-10-07T10:01:44.7455011Z    Working directory: /tmp/gh-issue-solver-1791367266830
Formal AI draft	UNKNOWN STEP	2026-10-07T10:01:44.7469016Z    Branch: issue-2613-2efa14ce78a7
Formal AI draft	UNKNOWN STEP	2026-10-07T10:01:44.7481775Z    Prompt length: 278 chars
Formal AI draft	UNKNOWN STEP	2026-10-07T10:01:44.7494814Z    System prompt length: 11188 chars
Formal AI draft	UNKNOWN STEP	2026-10-07T10:01:44.7507479Z    Feedback info included: Yes (1 lines)
Formal AI draft	UNKNOWN STEP	2026-10-07T10:01:44.7721783Z 📈 System resources before execution:
Formal AI draft	UNKNOWN STEP	2026-10-07T10:01:44.7734536Z    Memory: MemFree:          442068 kB
Formal AI draft	UNKNOWN STEP	2026-10-07T10:01:44.7747662Z    Load: 1.62 1.72 0.89 1/284 1700
Formal AI draft	UNKNOWN STEP	2026-10-07T10:01:44.7866781Z 🧾 Formal AI attribution enabled (formal-ai/0.352.1)
Formal AI draft	UNKNOWN STEP	2026-10-07T10:01:44.7880902Z    Evidence bundle: dev/log/self-authored/issue-2613/evidence
Formal AI draft	UNKNOWN STEP	2026-10-07T10:01:44.7903709Z    Commit hooks:    /tmp/gh-issue-solver-1791367266830/.git/hive-mind-formal-ai-attribution/hooks
Formal AI draft	UNKNOWN STEP	2026-10-07T10:01:44.7916828Z    Delegating to:   /tmp/gh-issue-solver-1791367266830/.git/hooks
Formal AI draft	UNKNOWN STEP	2026-10-07T10:01:44.8009926Z 🧠 Formal AI: local wrapper version 0.352.1 (minimum 0.336.0)
Formal AI draft	UNKNOWN STEP	2026-10-07T10:01:44.8030540Z 🧠 Formal AI: starting a local server in /tmp/gh-issue-solver-1791367266830
Formal AI draft	UNKNOWN STEP	2026-10-07T10:01:45.3224841Z 🧠 Formal AI: server ready on http://127.0.0.1:45785 (pid 1708)
Formal AI draft	UNKNOWN STEP	2026-10-07T10:01:45.3303857Z 🧠 Formal AI: serving backend 0.352.1 at http://127.0.0.1:45785
Formal AI draft	UNKNOWN STEP	2026-10-07T10:01:45.8323745Z 🧠 Formal AI: protocol openai, endpoint http://127.0.0.1:45785/api/openai/v1
Formal AI draft	UNKNOWN STEP	2026-10-07T10:01:45.8343275Z 🧠 Formal AI: config LINK_ASSISTANT_AGENT_CONFIG_DIR=/home/box/.cache/hive-mind/formal-ai/agent-hfOV4U/.config/link-assistant-agent, seeded /home/box/.config/link-assistant-agent → .config/link-assistant-agent
Formal AI draft	UNKNOWN STEP	2026-10-07T10:01:45.8361717Z 🧠 Formal AI: environment FORMAL_AI_API_KEY, GH_CONFIG_DIR, GH_TOKEN, LINK_ASSISTANT_AGENT_CONFIG_DIR
Formal AI draft	UNKNOWN STEP	2026-10-07T10:01:45.8387402Z 
Formal AI draft	UNKNOWN STEP	2026-10-07T10:01:45.8387781Z 📝 Raw command:              
Formal AI draft	UNKNOWN STEP	2026-10-07T10:01:45.8409448Z (cd "/tmp/gh-issue-solver-1791367266830" && cat "/tmp/agent_prompt_1791367305836_1.txt" | agent --model formalai/formal-ai --no-summarize-session --no-generate-title --verbose)
Formal AI draft	UNKNOWN STEP	2026-10-07T10:01:45.8420124Z 
Formal AI draft	UNKNOWN STEP	2026-10-07T10:01:45.8441194Z 📋 Command details:          
Formal AI draft	UNKNOWN STEP	2026-10-07T10:01:45.8459602Z   📂 Working directory:      /tmp/gh-issue-solver-1791367266830
Formal AI draft	UNKNOWN STEP	2026-10-07T10:01:45.8479367Z   🌿 Branch:                 issue-2613-2efa14ce78a7
Formal AI draft	UNKNOWN STEP	2026-10-07T10:01:45.8495492Z   🤖 Model:                  Agent FORMAL-AI
Formal AI draft	UNKNOWN STEP	2026-10-07T10:01:45.8512744Z 
Formal AI draft	UNKNOWN STEP	2026-10-07T10:01:45.8513148Z ▶️ Streaming output:         
Formal AI draft	UNKNOWN STEP	2026-10-07T10:01:45.8513436Z 
Formal AI draft	UNKNOWN STEP	2026-10-07T10:01:46.3337952Z {
Formal AI draft	UNKNOWN STEP	2026-10-07T10:01:46.3338362Z   "type": "config",
Formal AI draft	UNKNOWN STEP	2026-10-07T10:01:46.3338716Z   "level": "info",
Formal AI draft	UNKNOWN STEP	2026-10-07T10:01:46.3339124Z   "timestamp": "2026-10-07T10:01:46.328Z",
Formal AI draft	UNKNOWN STEP	2026-10-07T10:01:46.3339605Z   "service": "default",
Formal AI draft	UNKNOWN STEP	2026-10-07T10:01:46.3340175Z   "source": "lino-arguments (CLI args > env vars > .lenv > defaults)",
Formal AI draft	UNKNOWN STEP	2026-10-07T10:01:46.3340733Z   "config": {
Formal AI draft	UNKNOWN STEP	2026-10-07T10:01:46.3341035Z     "verbose": true,
Formal AI draft	UNKNOWN STEP	2026-10-07T10:01:46.3341361Z     "dryRun": false,
Formal AI draft	UNKNOWN STEP	2026-10-07T10:01:46.3341913Z     "generateTitle": false,
Formal AI draft	UNKNOWN STEP	2026-10-07T10:01:46.3342337Z     "outputResponseModel": true,
Formal AI draft	UNKNOWN STEP	2026-10-07T10:01:46.3342784Z     "summarizeSession": false,
Formal AI draft	UNKNOWN STEP	2026-10-07T10:01:46.3343200Z     "retryOnRateLimits": true,
Formal AI draft	UNKNOWN STEP	2026-10-07T10:01:46.3343580Z     "compactJson": false,
Formal AI draft	UNKNOWN STEP	2026-10-07T10:01:46.3344315Z     "configDir": "/home/box/.cache/hive-mind/formal-ai/agent-hfOV4U/.config/link-assistant-agent",
Formal AI draft	UNKNOWN STEP	2026-10-07T10:01:46.3345083Z     "disableAutoupdate": false,
Formal AI draft	UNKNOWN STEP	2026-10-07T10:01:46.3345474Z     "disablePrune": false,
Formal AI draft	UNKNOWN STEP	2026-10-07T10:01:46.3345905Z     "enableExperimentalModels": false,
Formal AI draft	UNKNOWN STEP	2026-10-07T10:01:46.3346385Z     "disableAutocompact": false,
Formal AI draft	UNKNOWN STEP	2026-10-07T10:01:46.3346774Z     "experimental": false,
Formal AI draft	UNKNOWN STEP	2026-10-07T10:01:46.3347494Z     "experimentalWatcher": false,
Formal AI draft	UNKNOWN STEP	2026-10-07T10:01:46.3347902Z     "retryTimeout": 604800,
Formal AI draft	UNKNOWN STEP	2026-10-07T10:01:46.3348269Z     "maxRetryDelay": 1200,
Formal AI draft	UNKNOWN STEP	2026-10-07T10:01:46.3348621Z     "minRetryInterval": 30,
Formal AI draft	UNKNOWN STEP	2026-10-07T10:01:46.3349042Z     "streamChunkTimeoutMs": 120000,
Formal AI draft	UNKNOWN STEP	2026-10-07T10:01:46.3349498Z     "streamStepTimeoutMs": 600000,
Formal AI draft	UNKNOWN STEP	2026-10-07T10:01:46.3349978Z     "mcpDefaultToolCallTimeout": 120000,
Formal AI draft	UNKNOWN STEP	2026-10-07T10:01:46.3350460Z     "mcpMaxToolCallTimeout": 600000,
Formal AI draft	UNKNOWN STEP	2026-10-07T10:01:46.3350928Z     "verifyImagesAtReadTool": true,
Formal AI draft	UNKNOWN STEP	2026-10-07T10:01:46.3351339Z     "readOnly": false,
Formal AI draft	UNKNOWN STEP	2026-10-07T10:01:46.3351871Z     "permissionMode": "auto"
Formal AI draft	UNKNOWN STEP	2026-10-07T10:01:46.3352267Z   },
Formal AI draft	UNKNOWN STEP	2026-10-07T10:01:46.3352644Z   "message": "Agent configuration resolved"
Formal AI draft	UNKNOWN STEP	2026-10-07T10:01:46.3353086Z }
Formal AI draft	UNKNOWN STEP	2026-10-07T10:01:46.3382060Z {
Formal AI draft	UNKNOWN STEP	2026-10-07T10:01:46.3382780Z   "type": "status",
Formal AI draft	UNKNOWN STEP	2026-10-07T10:01:46.3383168Z   "mode": "stdin-stream",
Formal AI draft	UNKNOWN STEP	2026-10-07T10:01:46.3383931Z   "message": "Agent CLI in continuous listening mode. Accepts JSON and plain text input.",
Formal AI draft	UNKNOWN STEP	2026-10-07T10:01:46.3384839Z   "hint": "Press CTRL+C to exit. Use --help for options.",
Formal AI draft	UNKNOWN STEP	2026-10-07T10:01:46.3385376Z   "acceptedFormats": [
Formal AI draft	UNKNOWN STEP	2026-10-07T10:01:46.3385809Z     "JSON object with \"message\" field",
Formal AI draft	UNKNOWN STEP	2026-10-07T10:01:46.3386251Z     "Plain text"
Formal AI draft	UNKNOWN STEP	2026-10-07T10:01:46.3386569Z   ],
Formal AI draft	UNKNOWN STEP	2026-10-07T10:01:46.3386853Z   "options": {
Formal AI draft	UNKNOWN STEP	2026-10-07T10:01:46.3387198Z     "inputFormat": "text",
Formal AI draft	UNKNOWN STEP	2026-10-07T10:01:46.3387582Z     "interactive": true,
Formal AI draft	UNKNOWN STEP	2026-10-07T10:01:46.3388028Z     "autoMergeQueuedMessages": true,
Formal AI draft	UNKNOWN STEP	2026-10-07T10:01:46.3388505Z     "alwaysAcceptStdin": true,
Formal AI draft	UNKNOWN STEP	2026-10-07T10:01:46.3388925Z     "compactJson": false
Formal AI draft	UNKNOWN STEP	2026-10-07T10:01:46.3389280Z   }
Formal AI draft	UNKNOWN STEP	2026-10-07T10:01:46.3389548Z }
Formal AI draft	UNKNOWN STEP	2026-10-07T10:01:46.3397178Z {
Formal AI draft	UNKNOWN STEP	2026-10-07T10:01:46.3397938Z   "type": "log",
Formal AI draft	UNKNOWN STEP	2026-10-07T10:01:46.3398289Z   "level": "info",
Formal AI draft	UNKNOWN STEP	2026-10-07T10:01:46.3398705Z   "timestamp": "2026-10-07T10:01:46.329Z",
Formal AI draft	UNKNOWN STEP	2026-10-07T10:01:46.3399169Z   "service": "default",
Formal AI draft	UNKNOWN STEP	2026-10-07T10:01:46.3399522Z   "version": "0.26.11",
Formal AI draft	UNKNOWN STEP	2026-10-07T10:01:46.3401256Z   "command": "/home/box/.bun/bin/bun /home/box/.bun/install/global/node_modules/@link-assistant/agent/src/index.js --model formalai/formal-ai --no-summarize-session --no-generate-title --verbose",
Formal AI draft	UNKNOWN STEP	2026-10-07T10:01:46.3403127Z   "workingDirectory": "/tmp/gh-issue-solver-1791367266830",
Formal AI draft	UNKNOWN STEP	2026-10-07T10:01:46.3404103Z   "scriptPath": "/home/box/.bun/install/global/node_modules/@link-assistant/agent/src/index.js",
Formal AI draft	UNKNOWN STEP	2026-10-07T10:01:46.3404940Z   "message": "Agent started (continuous mode)"
Formal AI draft	UNKNOWN STEP	2026-10-07T10:01:46.3405413Z }
Formal AI draft	UNKNOWN STEP	2026-10-07T10:01:46.3411901Z {
Formal AI draft	UNKNOWN STEP	2026-10-07T10:01:46.3412379Z   "type": "log",
Formal AI draft	UNKNOWN STEP	2026-10-07T10:01:46.3412831Z   "level": "info",
Formal AI draft	UNKNOWN STEP	2026-10-07T10:01:46.3413263Z   "timestamp": "2026-10-07T10:01:46.330Z",
Formal AI draft	UNKNOWN STEP	2026-10-07T10:01:46.3413688Z   "service": "default",
Formal AI draft	UNKNOWN STEP	2026-10-07T10:01:46.3414033Z   "directory": "/tmp/gh-issue-solver-1791367266830",
Formal AI draft	UNKNOWN STEP	2026-10-07T10:01:46.3414420Z   "message": "creating instance"
Formal AI draft	UNKNOWN STEP	2026-10-07T10:01:46.3414680Z }
Formal AI draft	UNKNOWN STEP	2026-10-07T10:01:46.3430763Z {
Formal AI draft	UNKNOWN STEP	2026-10-07T10:01:46.3431112Z   "type": "log",
Formal AI draft	UNKNOWN STEP	2026-10-07T10:01:46.3431599Z   "level": "info",
Formal AI draft	UNKNOWN STEP	2026-10-07T10:01:46.3432027Z   "timestamp": "2026-10-07T10:01:46.330Z",
Formal AI draft	UNKNOWN STEP	2026-10-07T10:01:46.3432479Z   "service": "project",
Formal AI draft	UNKNOWN STEP	2026-10-07T10:01:46.3433032Z   "directory": "/tmp/gh-issue-solver-1791367266830",
Formal AI draft	UNKNOWN STEP	2026-10-07T10:01:46.3433764Z   "message": "fromDirectory"
Formal AI draft	UNKNOWN STEP	2026-10-07T10:01:46.3434484Z }
Formal AI draft	UNKNOWN STEP	2026-10-07T10:01:46.3445911Z {
Formal AI draft	UNKNOWN STEP	2026-10-07T10:01:46.3464609Z   "type": "log",
Formal AI draft	UNKNOWN STEP	2026-10-07T10:01:46.3464978Z   "level": "info",
Formal AI draft	UNKNOWN STEP	2026-10-07T10:01:46.3465404Z   "timestamp": "2026-10-07T10:01:46.331Z",
Formal AI draft	UNKNOWN STEP	2026-10-07T10:01:46.3465875Z   "service": "project",
Formal AI draft	UNKNOWN STEP	2026-10-07T10:01:46.3466235Z   "status": "started",
Formal AI draft	UNKNOWN STEP	2026-10-07T10:01:46.3466604Z   "message": "git.rev-parse"
Formal AI draft	UNKNOWN STEP	2026-10-07T10:01:46.3466992Z }
Formal AI draft	UNKNOWN STEP	2026-10-07T10:01:46.4100846Z {
Formal AI draft	UNKNOWN STEP	2026-10-07T10:01:46.4101216Z   "type": "log",
Formal AI draft	UNKNOWN STEP	2026-10-07T10:01:46.4101762Z   "level": "info",
Formal AI draft	UNKNOWN STEP	2026-10-07T10:01:46.4102201Z   "timestamp": "2026-10-07T10:01:46.407Z",
Formal AI draft	UNKNOWN STEP	2026-10-07T10:01:46.4102674Z   "service": "project",
Formal AI draft	UNKNOWN STEP	2026-10-07T10:01:46.4103437Z   "status": "completed",
Formal AI draft	UNKNOWN STEP	2026-10-07T10:01:46.4103686Z   "duration": 76,
Formal AI draft	UNKNOWN STEP	2026-10-07T10:01:46.4104067Z   "message": "git.rev-parse"
Formal AI draft	UNKNOWN STEP	2026-10-07T10:01:46.4104430Z }
Formal AI draft	UNKNOWN STEP	2026-10-07T10:01:46.4122514Z {
Formal AI draft	UNKNOWN STEP	2026-10-07T10:01:46.4122897Z   "type": "log",
Formal AI draft	UNKNOWN STEP	2026-10-07T10:01:46.4123245Z   "level": "info",
Formal AI draft	UNKNOWN STEP	2026-10-07T10:01:46.4123652Z   "timestamp": "2026-10-07T10:01:46.410Z",
Formal AI draft	UNKNOWN STEP	2026-10-07T10:01:46.4123976Z   "service": "storage",
Formal AI draft	UNKNOWN STEP	2026-10-07T10:01:46.4124215Z   "index": 0,
Formal AI draft	UNKNOWN STEP	2026-10-07T10:01:46.4124473Z   "message": "running migration"
Formal AI draft	UNKNOWN STEP	2026-10-07T10:01:46.4124734Z }
Formal AI draft	UNKNOWN STEP	2026-10-07T10:01:46.4148645Z {
Formal AI draft	UNKNOWN STEP	2026-10-07T10:01:46.4149256Z   "type": "log",
Formal AI draft	UNKNOWN STEP	2026-10-07T10:01:46.4149620Z   "level": "info",
Formal AI draft	UNKNOWN STEP	2026-10-07T10:01:46.4150057Z   "timestamp": "2026-10-07T10:01:46.413Z",
Formal AI draft	UNKNOWN STEP	2026-10-07T10:01:46.4150538Z   "service": "storage",
Formal AI draft	UNKNOWN STEP	2026-10-07T10:01:46.4150901Z   "index": 1,
Formal AI draft	UNKNOWN STEP	2026-10-07T10:01:46.4151282Z   "message": "running migration"
Formal AI draft	UNKNOWN STEP	2026-10-07T10:01:46.4151848Z }
Formal AI draft	UNKNOWN STEP	2026-10-07T10:01:46.4175182Z {
Formal AI draft	UNKNOWN STEP	2026-10-07T10:01:46.4175531Z   "type": "log",
Formal AI draft	UNKNOWN STEP	2026-10-07T10:01:46.4175919Z   "level": "info",
Formal AI draft	UNKNOWN STEP	2026-10-07T10:01:46.4176369Z   "timestamp": "2026-10-07T10:01:46.415Z",
Formal AI draft	UNKNOWN STEP	2026-10-07T10:01:46.4176849Z   "service": "default",
Formal AI draft	UNKNOWN STEP	2026-10-07T10:01:46.4177223Z   "processArgv": [
Formal AI draft	UNKNOWN STEP	2026-10-07T10:01:46.4177585Z     "/home/box/.bun/bin/bun",
Formal AI draft	UNKNOWN STEP	2026-10-07T10:01:46.4178311Z     "/home/box/.bun/install/global/node_modules/@link-assistant/agent/src/index.js",
Formal AI draft	UNKNOWN STEP	2026-10-07T10:01:46.4178975Z     "--model",
Formal AI draft	UNKNOWN STEP	2026-10-07T10:01:46.4179308Z     "formalai/formal-ai",
Formal AI draft	UNKNOWN STEP	2026-10-07T10:01:46.4179688Z     "--no-summarize-session",
Formal AI draft	UNKNOWN STEP	2026-10-07T10:01:46.4180102Z     "--no-generate-title",
Formal AI draft	UNKNOWN STEP	2026-10-07T10:01:46.4180341Z     "--verbose"
Formal AI draft	UNKNOWN STEP	2026-10-07T10:01:46.4180544Z   ],
Formal AI draft	UNKNOWN STEP	2026-10-07T10:01:46.4180752Z   "bunArgv": [
Formal AI draft	UNKNOWN STEP	2026-10-07T10:01:46.4180966Z     "/home/box/.bun/bin/bun",
Formal AI draft	UNKNOWN STEP	2026-10-07T10:01:46.4181762Z     "/home/box/.bun/install/global/node_modules/@link-assistant/agent/src/index.js",
Formal AI draft	UNKNOWN STEP	2026-10-07T10:01:46.4182456Z     "--model",
Formal AI draft	UNKNOWN STEP	2026-10-07T10:01:46.4182801Z     "formalai/formal-ai",
Formal AI draft	UNKNOWN STEP	2026-10-07T10:01:46.4183203Z     "--no-summarize-session",
Formal AI draft	UNKNOWN STEP	2026-10-07T10:01:46.4183941Z     "--no-generate-title",
Formal AI draft	UNKNOWN STEP	2026-10-07T10:01:46.4184311Z     "--verbose"
Formal AI draft	UNKNOWN STEP	2026-10-07T10:01:46.4184644Z   ],
Formal AI draft	UNKNOWN STEP	2026-10-07T10:01:46.4185013Z   "cliModelArg": "formalai/formal-ai",
Formal AI draft	UNKNOWN STEP	2026-10-07T10:01:46.4185511Z   "yargsModel": "formalai/formal-ai",
Formal AI draft	UNKNOWN STEP	2026-10-07T10:01:46.4186050Z   "message": "model resolution: argv sources"
Formal AI draft	UNKNOWN STEP	2026-10-07T10:01:46.4186513Z }
Formal AI draft	UNKNOWN STEP	2026-10-07T10:01:46.4193449Z {
Formal AI draft	UNKNOWN STEP	2026-10-07T10:01:46.4194039Z   "type": "log",
Formal AI draft	UNKNOWN STEP	2026-10-07T10:01:46.4194416Z   "level": "info",
Formal AI draft	UNKNOWN STEP	2026-10-07T10:01:46.4194859Z   "timestamp": "2026-10-07T10:01:46.415Z",
Formal AI draft	UNKNOWN STEP	2026-10-07T10:01:46.4195317Z   "service": "default",
Formal AI draft	UNKNOWN STEP	2026-10-07T10:01:46.4195739Z   "rawModel": "formalai/formal-ai",
Formal AI draft	UNKNOWN STEP	2026-10-07T10:01:46.4196204Z   "providerID": "formalai",
Formal AI draft	UNKNOWN STEP	2026-10-07T10:01:46.4196628Z   "modelID": "formal-ai",
Formal AI draft	UNKNOWN STEP	2026-10-07T10:01:46.4197101Z   "message": "using explicit provider/model"
Formal AI draft	UNKNOWN STEP	2026-10-07T10:01:46.4197569Z }
Formal AI draft	UNKNOWN STEP	2026-10-07T10:01:46.4212121Z {
Formal AI draft	UNKNOWN STEP	2026-10-07T10:01:46.4215630Z   "type": "log",
Formal AI draft	UNKNOWN STEP	2026-10-07T10:01:46.4215986Z   "level": "info",
Formal AI draft	UNKNOWN STEP	2026-10-07T10:01:46.4216405Z   "timestamp": "2026-10-07T10:01:46.416Z",
Formal AI draft	UNKNOWN STEP	2026-10-07T10:01:46.4216796Z   "service": "provider",
Formal AI draft	UNKNOWN STEP	2026-10-07T10:01:46.4217122Z   "status": "started",
Formal AI draft	UNKNOWN STEP	2026-10-07T10:01:46.4217347Z   "message": "state"
Formal AI draft	UNKNOWN STEP	2026-10-07T10:01:46.4217559Z }
Formal AI draft	UNKNOWN STEP	2026-10-07T10:01:46.4228455Z {
Formal AI draft	UNKNOWN STEP	2026-10-07T10:01:46.4228799Z   "type": "log",
Formal AI draft	UNKNOWN STEP	2026-10-07T10:01:46.4229139Z   "level": "info",
Formal AI draft	UNKNOWN STEP	2026-10-07T10:01:46.4229565Z   "timestamp": "2026-10-07T10:01:46.418Z",
Formal AI draft	UNKNOWN STEP	2026-10-07T10:01:46.4230026Z   "service": "config",
Formal AI draft	UNKNOWN STEP	2026-10-07T10:01:46.4230554Z   "path": "/home/box/.config/link-assistant-agent/config.json",
Formal AI draft	UNKNOWN STEP	2026-10-07T10:01:46.4231059Z   "message": "loading"
Formal AI draft	UNKNOWN STEP	2026-10-07T10:01:46.4231662Z }
Formal AI draft	UNKNOWN STEP	2026-10-07T10:01:46.4245211Z {
Formal AI draft	UNKNOWN STEP	2026-10-07T10:01:46.4245570Z   "type": "log",
Formal AI draft	UNKNOWN STEP	2026-10-07T10:01:46.4247616Z   "level": "info",
Formal AI draft	UNKNOWN STEP	2026-10-07T10:01:46.4248186Z   "timestamp": "2026-10-07T10:01:46.418Z",
Formal AI draft	UNKNOWN STEP	2026-10-07T10:01:46.4248775Z   "service": "config",
Formal AI draft	UNKNOWN STEP	2026-10-07T10:01:46.4249600Z   "path": "/home/box/.config/link-assistant-agent/opencode.json",
Formal AI draft	UNKNOWN STEP	2026-10-07T10:01:46.4250610Z   "message": "loading"
Formal AI draft	UNKNOWN STEP	2026-10-07T10:01:46.4250983Z }
Formal AI draft	UNKNOWN STEP	2026-10-07T10:01:46.4264217Z {
Formal AI draft	UNKNOWN STEP	2026-10-07T10:01:46.4264570Z   "type": "log",
Formal AI draft	UNKNOWN STEP	2026-10-07T10:01:46.4264932Z   "level": "info",
Formal AI draft	UNKNOWN STEP	2026-10-07T10:01:46.4265361Z   "timestamp": "2026-10-07T10:01:46.418Z",
Formal AI draft	UNKNOWN STEP	2026-10-07T10:01:46.4265822Z   "service": "config",
Formal AI draft	UNKNOWN STEP	2026-10-07T10:01:46.4266401Z   "path": "/home/box/.config/link-assistant-agent/opencode.jsonc",
Formal AI draft	UNKNOWN STEP	2026-10-07T10:01:46.4267015Z   "message": "loading"
Formal AI draft	UNKNOWN STEP	2026-10-07T10:01:46.4267355Z }
Formal AI draft	UNKNOWN STEP	2026-10-07T10:01:46.4283011Z {
Formal AI draft	UNKNOWN STEP	2026-10-07T10:01:46.4283625Z   "type": "log",
Formal AI draft	UNKNOWN STEP	2026-10-07T10:01:46.4283988Z   "level": "debug",
Formal AI draft	UNKNOWN STEP	2026-10-07T10:01:46.4284422Z   "timestamp": "2026-10-07T10:01:46.420Z",
Formal AI draft	UNKNOWN STEP	2026-10-07T10:01:46.4284891Z   "service": "config",
Formal AI draft	UNKNOWN STEP	2026-10-07T10:01:46.4285648Z   "path": "/home/box/.cache/hive-mind/formal-ai/agent-hfOV4U/.config/link-assistant-agent",
Formal AI draft	UNKNOWN STEP	2026-10-07T10:01:46.4286601Z   "message": "loading config from LINK_ASSISTANT_AGENT_CONFIG_DIR"
Formal AI draft	UNKNOWN STEP	2026-10-07T10:01:46.4287196Z }
Formal AI draft	UNKNOWN STEP	2026-10-07T10:01:46.4300809Z {
Formal AI draft	UNKNOWN STEP	2026-10-07T10:01:46.4301322Z   "type": "log",
Formal AI draft	UNKNOWN STEP	2026-10-07T10:01:46.4301838Z   "level": "debug",
Formal AI draft	UNKNOWN STEP	2026-10-07T10:01:46.4302277Z   "timestamp": "2026-10-07T10:01:46.422Z",
Formal AI draft	UNKNOWN STEP	2026-10-07T10:01:46.4302748Z   "service": "config",
Formal AI draft	UNKNOWN STEP	2026-10-07T10:01:46.4303758Z   "message": "loading config from /home/box/.cache/hive-mind/formal-ai/agent-hfOV4U/.config/link-assistant-agent/opencode.jsonc"
Formal AI draft	UNKNOWN STEP	2026-10-07T10:01:46.4304720Z }
Formal AI draft	UNKNOWN STEP	2026-10-07T10:01:46.4325106Z {
Formal AI draft	UNKNOWN STEP	2026-10-07T10:01:46.4325851Z   "type": "log",
Formal AI draft	UNKNOWN STEP	2026-10-07T10:01:46.4326442Z   "level": "info",
Formal AI draft	UNKNOWN STEP	2026-10-07T10:01:46.4327091Z   "timestamp": "2026-10-07T10:01:46.422Z",
Formal AI draft	UNKNOWN STEP	2026-10-07T10:01:46.4327773Z   "service": "config",
Formal AI draft	UNKNOWN STEP	2026-10-07T10:01:46.4328833Z   "path": "/home/box/.cache/hive-mind/formal-ai/agent-hfOV4U/.config/link-assistant-agent/opencode.jsonc",
Formal AI draft	UNKNOWN STEP	2026-10-07T10:01:46.4329603Z   "message": "loading"
Formal AI draft	UNKNOWN STEP	2026-10-07T10:01:46.4330013Z }
Formal AI draft	UNKNOWN STEP	2026-10-07T10:01:46.4344477Z {
Formal AI draft	UNKNOWN STEP	2026-10-07T10:01:46.4344843Z   "type": "log",
Formal AI draft	UNKNOWN STEP	2026-10-07T10:01:46.4345219Z   "level": "debug",
Formal AI draft	UNKNOWN STEP	2026-10-07T10:01:46.4345986Z   "timestamp": "2026-10-07T10:01:46.422Z",
Formal AI draft	UNKNOWN STEP	2026-10-07T10:01:46.4346465Z   "service": "config",
Formal AI draft	UNKNOWN STEP	2026-10-07T10:01:46.4347431Z   "message": "loading config from /home/box/.cache/hive-mind/formal-ai/agent-hfOV4U/.config/link-assistant-agent/opencode.json"
Formal AI draft	UNKNOWN STEP	2026-10-07T10:01:46.4348314Z }
Formal AI draft	UNKNOWN STEP	2026-10-07T10:01:46.4365581Z {
Formal AI draft	UNKNOWN STEP	2026-10-07T10:01:46.4365992Z   "type": "log",
Formal AI draft	UNKNOWN STEP	2026-10-07T10:01:46.4366312Z   "level": "info",
Formal AI draft	UNKNOWN STEP	2026-10-07T10:01:46.4366699Z   "timestamp": "2026-10-07T10:01:46.422Z",
Formal AI draft	UNKNOWN STEP	2026-10-07T10:01:46.4367136Z   "service": "config",
Formal AI draft	UNKNOWN STEP	2026-10-07T10:01:46.4367930Z   "path": "/home/box/.cache/hive-mind/formal-ai/agent-hfOV4U/.config/link-assistant-agent/opencode.json",
Formal AI draft	UNKNOWN STEP	2026-10-07T10:01:46.4368713Z   "message": "loading"
Formal AI draft	UNKNOWN STEP	2026-10-07T10:01:46.4369028Z }
Formal AI draft	UNKNOWN STEP	2026-10-07T10:01:46.4381923Z {
Formal AI draft	UNKNOWN STEP	2026-10-07T10:01:46.4382145Z   "type": "log",
Formal AI draft	UNKNOWN STEP	2026-10-07T10:01:46.4382383Z   "level": "info",
Formal AI draft	UNKNOWN STEP	2026-10-07T10:01:46.4382654Z   "timestamp": "2026-10-07T10:01:46.434Z",
Formal AI draft	UNKNOWN STEP	2026-10-07T10:01:46.4382978Z   "service": "models.dev",
Formal AI draft	UNKNOWN STEP	2026-10-07T10:01:46.4383347Z   "path": "/home/box/.cache/link-assistant-agent/models.json",
Formal AI draft	UNKNOWN STEP	2026-10-07T10:01:46.4383753Z   "message": "no cache found, awaiting refresh"
Formal AI draft	UNKNOWN STEP	2026-10-07T10:01:46.4384039Z }
Formal AI draft	UNKNOWN STEP	2026-10-07T10:01:46.4398425Z {
Formal AI draft	UNKNOWN STEP	2026-10-07T10:01:46.4398878Z   "type": "log",
Formal AI draft	UNKNOWN STEP	2026-10-07T10:01:46.4399108Z   "level": "info",
Formal AI draft	UNKNOWN STEP	2026-10-07T10:01:46.4399505Z   "timestamp": "2026-10-07T10:01:46.435Z",
Formal AI draft	UNKNOWN STEP	2026-10-07T10:01:46.4399802Z   "service": "models.dev",
Formal AI draft	UNKNOWN STEP	2026-10-07T10:01:46.4400039Z   "file": {},
Formal AI draft	UNKNOWN STEP	2026-10-07T10:01:46.4400740Z   "message": "refreshing"
Formal AI draft	UNKNOWN STEP	2026-10-07T10:01:46.4401311Z }
Formal AI draft	UNKNOWN STEP	2026-10-07T10:01:46.4413917Z {
Formal AI draft	UNKNOWN STEP	2026-10-07T10:01:46.4414321Z   "type": "log",
Formal AI draft	UNKNOWN STEP	2026-10-07T10:01:46.4414581Z   "level": "info",
Formal AI draft	UNKNOWN STEP	2026-10-07T10:01:46.4414847Z   "timestamp": "2026-10-07T10:01:46.435Z",
Formal AI draft	UNKNOWN STEP	2026-10-07T10:01:46.4415135Z   "service": "http",
Formal AI draft	UNKNOWN STEP	2026-10-07T10:01:46.4415368Z   "caller": "models.dev",
Formal AI draft	UNKNOWN STEP	2026-10-07T10:01:46.4415603Z   "callNum": 1,
Formal AI draft	UNKNOWN STEP	2026-10-07T10:01:46.4415812Z   "method": "GET",
Formal AI draft	UNKNOWN STEP	2026-10-07T10:01:46.4416345Z   "url": "https://models.dev/api.json",
Formal AI draft	UNKNOWN STEP	2026-10-07T10:01:46.4416753Z   "headers": {
Formal AI draft	UNKNOWN STEP	2026-10-07T10:01:46.4417002Z     "User-Agent": "agent-cli/1.0.0"
Formal AI draft	UNKNOWN STEP	2026-10-07T10:01:46.4417259Z   },
Formal AI draft	UNKNOWN STEP	2026-10-07T10:01:46.4417467Z   "message": "HTTP request"
Formal AI draft	UNKNOWN STEP	2026-10-07T10:01:46.4417696Z }
Formal AI draft	UNKNOWN STEP	2026-10-07T10:01:46.5484077Z {
Formal AI draft	UNKNOWN STEP	2026-10-07T10:01:46.5484366Z   "type": "log",
Formal AI draft	UNKNOWN STEP	2026-10-07T10:01:46.5484622Z   "level": "info",
Formal AI draft	UNKNOWN STEP	2026-10-07T10:01:46.5484909Z   "timestamp": "2026-10-07T10:01:46.542Z",
Formal AI draft	UNKNOWN STEP	2026-10-07T10:01:46.5485218Z   "service": "http",
Formal AI draft	UNKNOWN STEP	2026-10-07T10:01:46.5485452Z   "caller": "models.dev",
Formal AI draft	UNKNOWN STEP	2026-10-07T10:01:46.5485686Z   "callNum": 1,
Formal AI draft	UNKNOWN STEP	2026-10-07T10:01:46.5485893Z   "method": "GET",
Formal AI draft	UNKNOWN STEP	2026-10-07T10:01:46.5486162Z   "url": "https://models.dev/api.json",
Formal AI draft	UNKNOWN STEP	2026-10-07T10:01:46.5486448Z   "status": 200,
Formal AI draft	UNKNOWN STEP	2026-10-07T10:01:46.5486659Z   "statusText": "OK",
Formal AI draft	UNKNOWN STEP	2026-10-07T10:01:46.5486886Z   "durationMs": 107,
Formal AI draft	UNKNOWN STEP	2026-10-07T10:01:46.5487108Z   "responseHeaders": {
Formal AI draft	UNKNOWN STEP	2026-10-07T10:01:46.5487379Z     "access-control-allow-origin": "*",
Formal AI draft	UNKNOWN STEP	2026-10-07T10:01:46.5487720Z     "alt-svc": "h3=\":443\"; ma=86400",
Formal AI draft	UNKNOWN STEP	2026-10-07T10:01:46.5488084Z     "cache-control": "public, max-age=0, must-revalidate",
Formal AI draft	UNKNOWN STEP	2026-10-07T10:01:46.5488424Z     "cf-cache-status": "HIT",
Formal AI draft	UNKNOWN STEP	2026-10-07T10:01:46.5488709Z     "cf-ray": "a46c110168d2f607-ORD",
Formal AI draft	UNKNOWN STEP	2026-10-07T10:01:46.5489162Z     "connection": "keep-alive",
Formal AI draft	UNKNOWN STEP	2026-10-07T10:01:46.5489474Z     "content-encoding": "zstd",
Formal AI draft	UNKNOWN STEP	2026-10-07T10:01:46.5489824Z     "content-type": "application/json",
Formal AI draft	UNKNOWN STEP	2026-10-07T10:01:46.5490343Z     "date": "Wed, 07 Oct 2026 10:01:46 GMT",
Formal AI draft	UNKNOWN STEP	2026-10-07T10:01:46.5490908Z     "etag": "W/\"7dfbf61147023999550565d4f7147967\"",
Formal AI draft	UNKNOWN STEP	2026-10-07T10:01:46.5491761Z     "nel": "{\"report_to\":\"cf-nel\",\"success_fraction\":0.0,\"max_age\":604800}",
Formal AI draft	UNKNOWN STEP	2026-10-07T10:01:46.5493925Z     "report-to": "{\"group\":\"cf-nel\",\"max_age\":604800,\"endpoints\":[{\"url\":\"https://a.nel.cloudflare.com/report/v4?s=YVxBQdkNUJRfpRRAVDSwnJVPV0CH1hCx5kuipaWSdw1R1PiJYRZ61DL%2FO%2Bkk1oUMT9Yug8xN%2FOE7mxbdROb2p%2FlSi5aXRYxz%2Bfd%2BjRpPIpn%2BOATI03WLmRymt0%2Fj\"}]}",
Formal AI draft	UNKNOWN STEP	2026-10-07T10:01:46.5496113Z     "server": "cloudflare",
Formal AI draft	UNKNOWN STEP	2026-10-07T10:01:46.5496559Z     "transfer-encoding": "chunked"
Formal AI draft	UNKNOWN STEP	2026-10-07T10:01:46.5496966Z   },
Formal AI draft	UNKNOWN STEP	2026-10-07T10:01:46.5497263Z   "message": "HTTP response"
Formal AI draft	UNKNOWN STEP	2026-10-07T10:01:46.5497636Z }
Formal AI draft	UNKNOWN STEP	2026-10-07T10:01:46.5685806Z {
Formal AI draft	UNKNOWN STEP	2026-10-07T10:01:46.5686185Z   "type": "log",
Formal AI draft	UNKNOWN STEP	2026-10-07T10:01:46.5686561Z   "level": "info",
Formal AI draft	UNKNOWN STEP	2026-10-07T10:01:46.5686977Z   "timestamp": "2026-10-07T10:01:46.564Z",
Formal AI draft	UNKNOWN STEP	2026-10-07T10:01:46.5687426Z   "service": "http",
Formal AI draft	UNKNOWN STEP	2026-10-07T10:01:46.5687784Z   "caller": "models.dev",
Formal AI draft	UNKNOWN STEP	2026-10-07T10:01:46.5688139Z   "callNum": 1,
Formal AI draft	UNKNOWN STEP	2026-10-07T10:01:46.5688540Z   "url": "https://models.dev/api.json",
Formal AI draft	UNKNOWN STEP	2026-10-07T10:01:46.5702493Z   "bodyPreview": "{\"deepinfra\":{\"id\":\"deepinfra\",\"env\":[\"DEEPINFRA_API_KEY\"],\"npm\":\"@ai-sdk/deepinfra\",\"name\":\"Deep Infra\",\"doc\":\"https://deepinfra.com/models\",\"models\":{\"tencent/Hy3\":{\"id\":\"tencent/Hy3\",\"name\":\"Hy3\",\"description\":\"Tencent Hy reasoning model for coding, instruction following, and agent tasks\",\"family\":\"Hy\",\"attachment\":false,\"reasoning\":true,\"reasoning_options\":[],\"tool_call\":true,\"structured_output\":true,\"temperature\":true,\"release_date\":\"2026-07-06\",\"last_updated\":\"2026-07-06\",\"modalities\":{\"input\":[\"text\"],\"output\":[\"text\"]},\"open_weights\":true,\"limit\":{\"context\":262144,\"input\":192000,\"output\":128000},\"cost\":{\"input\":0.13,\"output\":0.53,\"cache_read\":0.033},\"canonical_model_id\":\"tencent/hy3\"},\"tencent/Hy4-preview\":{\"id\":\"tencent/Hy4-preview\",\"name\":\"Hy4 preview\",\"description\":\"A next-generation productivity model with significantly enhanced Agent and complex task execution capabilities.\",\"family\":\"Hy\",\"attachment\":false,\"reasoning\":true,\"reasoning_options\":[{\"type\":\"effort\",\"values\":[\"none\",\"high\"]}],\"tool_call\":true,\"structured_output\":true,\"temperature\":true,\"release_date\":\"2026-08-28\",\"last_updated\":\"2026-08-28\",\"modalities\":{\"input\":[\"text\"],\"output\":[\"text\"]},\"open_weights\":true,\"limit\":{\"context\":1048576,\"output\":64000},\"cost\":{\"input\":0.834,\"output\":2.501,\"cache_read\":0.042},\"canonical_model_id\":\"tencent/hy4-preview\"},\"meta-llama/Llama-3.3-70B-Instruct-Turbo\":{\"id\":\"meta-llama/Llama-3.3-70B-Instruct-Turbo\",\"name\":\"Llama 3.3 70B Turbo\",\"description\":\"Compact Llama instruction model for fast chat and local deployment\",\"family\":\"llama\",\"attachment\":false,\"reasoning\":false,\"tool_call\":true,\"structured_output\":true,\"release_date\":\"2024-12-06\",\"last_updated\":\"2024-12-06\",\"modalities\":{\"input\":[\"text\"],\"output\":[\"text\"]},\"open_weights\":true,\"limit\":{\"context\":131072,\"output\":16384},\"cost\":{\"input\":0.1,\"output\":0.32}},\"meta-llama/Llama-4-Scout-17B-16E-Instruct\":{\"id\":\"meta-llama/Llama-4-Scout-17B-16E-Instruct\",\"name\":\"Llama 4 Scout 17B\",\"description\":\"Open multimodal... [truncated, total 5332176 chars]",
Formal AI draft	UNKNOWN STEP	2026-10-07T10:01:46.5714608Z   "message": "HTTP response body"
Formal AI draft	UNKNOWN STEP	2026-10-07T10:01:46.5715022Z }
Formal AI draft	UNKNOWN STEP	2026-10-07T10:01:46.5873418Z {
Formal AI draft	UNKNOWN STEP	2026-10-07T10:01:46.5873811Z   "type": "log",
Formal AI draft	UNKNOWN STEP	2026-10-07T10:01:46.5874165Z   "level": "info",
Formal AI draft	UNKNOWN STEP	2026-10-07T10:01:46.5874569Z   "timestamp": "2026-10-07T10:01:46.573Z",
Formal AI draft	UNKNOWN STEP	2026-10-07T10:01:46.5875015Z   "service": "models.dev",
Formal AI draft	UNKNOWN STEP	2026-10-07T10:01:46.5875551Z   "path": "/home/box/.cache/link-assistant-agent/models.json",
Formal AI draft	UNKNOWN STEP	2026-10-07T10:01:46.5876178Z   "message": "cache unavailable, using bundled data"
Formal AI draft	UNKNOWN STEP	2026-10-07T10:01:46.5876624Z }
Formal AI draft	UNKNOWN STEP	2026-10-07T10:01:46.5886499Z {
Formal AI draft	UNKNOWN STEP	2026-10-07T10:01:46.5886802Z   "type": "log",
Formal AI draft	UNKNOWN STEP	2026-10-07T10:01:46.5887120Z   "level": "info",
Formal AI draft	UNKNOWN STEP	2026-10-07T10:01:46.5887499Z   "timestamp": "2026-10-07T10:01:46.573Z",
Formal AI draft	UNKNOWN STEP	2026-10-07T10:01:46.5887921Z   "service": "http",
Formal AI draft	UNKNOWN STEP	2026-10-07T10:01:46.5888241Z   "caller": "global",
Formal AI draft	UNKNOWN STEP	2026-10-07T10:01:46.5888565Z   "callNum": 2,
Formal AI draft	UNKNOWN STEP	2026-10-07T10:01:46.5888875Z   "method": "GET",
Formal AI draft	UNKNOWN STEP	2026-10-07T10:01:46.5889254Z   "url": "https://models.dev/api.json",
Formal AI draft	UNKNOWN STEP	2026-10-07T10:01:46.5889666Z   "headers": {},
Formal AI draft	UNKNOWN STEP	2026-10-07T10:01:46.5890007Z   "message": "HTTP request"
Formal AI draft	UNKNOWN STEP	2026-10-07T10:01:46.5890344Z }
Formal AI draft	UNKNOWN STEP	2026-10-07T10:01:46.6819308Z {
Formal AI draft	UNKNOWN STEP	2026-10-07T10:01:46.6820204Z   "type": "log",
Formal AI draft	UNKNOWN STEP	2026-10-07T10:01:46.6820787Z   "level": "info",
Formal AI draft	UNKNOWN STEP	2026-10-07T10:01:46.6821611Z   "timestamp": "2026-10-07T10:01:46.677Z",
Formal AI draft	UNKNOWN STEP	2026-10-07T10:01:46.6822292Z   "service": "http",
Formal AI draft	UNKNOWN STEP	2026-10-07T10:01:46.6822853Z   "caller": "global",
Formal AI draft	UNKNOWN STEP	2026-10-07T10:01:46.6823250Z   "callNum": 2,
Formal AI draft	UNKNOWN STEP	2026-10-07T10:01:46.6823644Z   "method": "GET",
Formal AI draft	UNKNOWN STEP	2026-10-07T10:01:46.6824088Z   "url": "https://models.dev/api.json",
Formal AI draft	UNKNOWN STEP	2026-10-07T10:01:46.6824558Z   "status": 200,
Formal AI draft	UNKNOWN STEP	2026-10-07T10:01:46.6824950Z   "statusText": "OK",
Formal AI draft	UNKNOWN STEP	2026-10-07T10:01:46.6825343Z   "durationMs": 104,
Formal AI draft	UNKNOWN STEP	2026-10-07T10:01:46.6825740Z   "responseHeaders": {
Formal AI draft	UNKNOWN STEP	2026-10-07T10:01:46.6826197Z     "access-control-allow-origin": "*",
Formal AI draft	UNKNOWN STEP	2026-10-07T10:01:46.6826713Z     "alt-svc": "h3=\":443\"; ma=86400",
Formal AI draft	UNKNOWN STEP	2026-10-07T10:01:46.6827241Z     "cache-control": "public, max-age=0, must-revalidate",
Formal AI draft	UNKNOWN STEP	2026-10-07T10:01:46.6827760Z     "cf-cache-status": "HIT",
Formal AI draft	UNKNOWN STEP	2026-10-07T10:01:46.6828231Z     "cf-ray": "a46c11021a90f607-ORD",
Formal AI draft	UNKNOWN STEP	2026-10-07T10:01:46.6828701Z     "connection": "keep-alive",
Formal AI draft	UNKNOWN STEP	2026-10-07T10:01:46.6829153Z     "content-encoding": "zstd",
Formal AI draft	UNKNOWN STEP	2026-10-07T10:01:46.6829642Z     "content-type": "application/json",
Formal AI draft	UNKNOWN STEP	2026-10-07T10:01:46.6830137Z     "date": "Wed, 07 Oct 2026 10:01:46 GMT",
Formal AI draft	UNKNOWN STEP	2026-10-07T10:01:46.6830654Z     "etag": "W/\"7dfbf61147023999550565d4f7147967\"",
Formal AI draft	UNKNOWN STEP	2026-10-07T10:01:46.6831274Z     "nel": "{\"report_to\":\"cf-nel\",\"success_fraction\":0.0,\"max_age\":604800}",
Formal AI draft	UNKNOWN STEP	2026-10-07T10:01:46.6832835Z     "report-to": "{\"group\":\"cf-nel\",\"max_age\":604800,\"endpoints\":[{\"url\":\"https://a.nel.cloudflare.com/report/v4?s=2c3FYSUQjzFNHithHFJYOvKTSWmO%2BGCGcHzjs8y%2Bv9wcNI%2Bv5EMjf6nOoCa1EvtEZbjUmTuptECitS0Vpx8d%2Fk5rMwLWrPY10OpY5B39Cr8tMuLt%2BZdrcucqxqoB\"}]}",
Formal AI draft	UNKNOWN STEP	2026-10-07T10:01:46.6834704Z     "server": "cloudflare",
Formal AI draft	UNKNOWN STEP	2026-10-07T10:01:46.6835327Z     "transfer-encoding": "chunked"
Formal AI draft	UNKNOWN STEP	2026-10-07T10:01:46.6835921Z   },
Formal AI draft	UNKNOWN STEP	2026-10-07T10:01:46.6836419Z   "message": "HTTP response"
Formal AI draft	UNKNOWN STEP	2026-10-07T10:01:46.6837262Z }
Formal AI draft	UNKNOWN STEP	2026-10-07T10:01:46.7146182Z {
Formal AI draft	UNKNOWN STEP	2026-10-07T10:01:46.7146611Z   "type": "log",
Formal AI draft	UNKNOWN STEP	2026-10-07T10:01:46.7146953Z   "level": "info",
Formal AI draft	UNKNOWN STEP	2026-10-07T10:01:46.7147384Z   "timestamp": "2026-10-07T10:01:46.702Z",
Formal AI draft	UNKNOWN STEP	2026-10-07T10:01:46.7147855Z   "service": "http",
Formal AI draft	UNKNOWN STEP	2026-10-07T10:01:46.7148217Z   "caller": "global",
Formal AI draft	UNKNOWN STEP	2026-10-07T10:01:46.7148558Z   "callNum": 2,
Formal AI draft	UNKNOWN STEP	2026-10-07T10:01:46.7148959Z   "url": "https://models.dev/api.json",
Formal AI draft	UNKNOWN STEP	2026-10-07T10:01:46.7169835Z   "bodyPreview": "{\"deepinfra\":{\"id\":\"deepinfra\",\"env\":[\"DEEPINFRA_API_KEY\"],\"npm\":\"@ai-sdk/deepinfra\",\"name\":\"Deep Infra\",\"doc\":\"https://deepinfra.com/models\",\"models\":{\"tencent/Hy3\":{\"id\":\"tencent/Hy3\",\"name\":\"Hy3\",\"description\":\"Tencent Hy reasoning model for coding, instruction following, and agent tasks\",\"family\":\"Hy\",\"attachment\":false,\"reasoning\":true,\"reasoning_options\":[],\"tool_call\":true,\"structured_output\":true,\"temperature\":true,\"release_date\":\"2026-07-06\",\"last_updated\":\"2026-07-06\",\"modalities\":{\"input\":[\"text\"],\"output\":[\"text\"]},\"open_weights\":true,\"limit\":{\"context\":262144,\"input\":192000,\"output\":128000},\"cost\":{\"input\":0.13,\"output\":0.53,\"cache_read\":0.033},\"canonical_model_id\":\"tencent/hy3\"},\"tencent/Hy4-preview\":{\"id\":\"tencent/Hy4-preview\",\"name\":\"Hy4 preview\",\"description\":\"A next-generation productivity model with significantly enhanced Agent and complex task execution capabilities.\",\"family\":\"Hy\",\"attachment\":false,\"reasoning\":true,\"reasoning_options\":[{\"type\":\"effort\",\"values\":[\"none\",\"high\"]}],\"tool_call\":true,\"structured_output\":true,\"temperature\":true,\"release_date\":\"2026-08-28\",\"last_updated\":\"2026-08-28\",\"modalities\":{\"input\":[\"text\"],\"output\":[\"text\"]},\"open_weights\":true,\"limit\":{\"context\":1048576,\"output\":64000},\"cost\":{\"input\":0.834,\"output\":2.501,\"cache_read\":0.042},\"canonical_model_id\":\"tencent/hy4-preview\"},\"meta-llama/Llama-3.3-70B-Instruct-Turbo\":{\"id\":\"meta-llama/Llama-3.3-70B-Instruct-Turbo\",\"name\":\"Llama 3.3 70B Turbo\",\"description\":\"Compact Llama instruction model for fast chat and local deployment\",\"family\":\"llama\",\"attachment\":false,\"reasoning\":false,\"tool_call\":true,\"structured_output\":true,\"release_date\":\"2024-12-06\",\"last_updated\":\"2024-12-06\",\"modalities\":{\"input\":[\"text\"],\"output\":[\"text\"]},\"open_weights\":true,\"limit\":{\"context\":131072,\"output\":16384},\"cost\":{\"input\":0.1,\"output\":0.32}},\"meta-llama/Llama-4-Scout-17B-16E-Instruct\":{\"id\":\"meta-llama/Llama-4-Scout-17B-16E-Instruct\",\"name\":\"Llama 4 Scout 17B\",\"description\":\"Open multimodal Llama model for long-context analysis and efficient agents\",\"family\":\"llama\",\"attachment\":true,\"reasoning\":false,\"tool_call\":true,\"structured_output\":true,\"release_date\":\"2025-04-05\",\"last_updated\":\"2025-04-05\",\"modalities\":{\"input\":[\"text\",\"image\"],\"output\":[\"text\"]},\"open_weights\":true,\"limit\":{\"context\":327680,\"output\":16384},\"cost\":{\"input\":0.1,\"output\":0.3}},\"meta-llama/Llama-4-Maverick-17B-128E-Instruct-FP8\":{\"id\":\"meta-llama/Llama-4-Maverick-17B-128E-Instruct-FP8\",\"name\":\"Llama 4 Maverick 17B FP8\",\"description\":\"Open multimodal Llama model for strong reasoning and fast responses\",\"family\":\"llama\",\"attachment\":true,\"reasoning\":false,\"tool_call\":false,\"structured_output\":true,\"release_date\":\"2025-04-05\",\"last_updated\":\"2025-04-05\",\"modalities\":{\"input\":[\"text\",\"image\"],\"output\":[\"text\"]},\"open_weights\":true,\"limit\":{\"context\":1048576,\"output\":16384},\"status\":\"deprecated\",\"cost\":{\"input\":0.2,\"output\":0.8}},\"XiaomiMiMo/MiMo-V2.6-Pro\":{\"id\":\"XiaomiMiMo/MiMo-V2.6-Pro\",\"name\":\"MiMo-V2.6-Pro\",\"description\":\"Stronger MiMo Pro tier for multimodal reasoning and coding-agent execution\",\"family\":\"mimo\",\"attachment\":true,\"reasoning\":true,\"reasoning_options\":[{\"type\":\"toggle\"}],\"tool_call\":true,\"structured_output\":true,\"temperature\":true,\"release_date\":\"2026-09-22\",\"last_updated\":\"2026-09-22\",\"modalities\":{\"input\":[\"text\",\"image\",\"audio\",\"video\"],\"output\":[\"text\"]},\"open_weights\":true,\"limit\":{\"context\":1048576,\"output\":131072},\"cost\":{\"input\":0.43,\"output\":0.87,\"cache_read\":0.0036},\"canonical_model_id\":\"xiaomi/mimo-v2.6-pro\"},\"XiaomiMiMo/MiMo-V2.5-Pro\":{\"id\":\"XiaomiMiMo/MiMo-V2.5-Pro\",\"name\":\"MiMo-V2.5-Pro\",\"description\":\"Stronger MiMo Pro tier for multimodal reasoning and coding-agent execution\",\"family\":\"mimo\",\"attachment\":true,\"reasoning\":true,\"reasoning_options\":[{\"type\":\"toggle\"}],\"tool_call\":true,\"interleaved\":{\"field\":\"reasoning_content\"},\"structured_output\":true,\"temperature\":true,\"knowledge\":\"2024-12\",\"release_date\":\"2026-04-22\",\"last_updated\":\"2026-04-22\",\"modal... [truncated, total 5332176 chars]",
Formal AI draft	UNKNOWN STEP	2026-10-07T10:01:46.7183599Z   "message": "HTTP response body"
Formal AI draft	UNKNOWN STEP	2026-10-07T10:01:46.7183885Z }
Formal AI draft	UNKNOWN STEP	2026-10-07T10:01:46.7402937Z {
Formal AI draft	UNKNOWN STEP	2026-10-07T10:01:46.7403343Z   "type": "log",
Formal AI draft	UNKNOWN STEP	2026-10-07T10:01:46.7403783Z   "level": "info",
Formal AI draft	UNKNOWN STEP	2026-10-07T10:01:46.7404227Z   "timestamp": "2026-10-07T10:01:46.737Z",
Formal AI draft	UNKNOWN STEP	2026-10-07T10:01:46.7404722Z   "service": "provider",
Formal AI draft	UNKNOWN STEP	2026-10-07T10:01:46.7405099Z   "message": "init"
Formal AI draft	UNKNOWN STEP	2026-10-07T10:01:46.7405431Z }
Formal AI draft	UNKNOWN STEP	2026-10-07T10:01:46.7443434Z {
Formal AI draft	UNKNOWN STEP	2026-10-07T10:01:46.7443802Z   "type": "log",
Formal AI draft	UNKNOWN STEP	2026-10-07T10:01:46.7444178Z   "level": "info",
Formal AI draft	UNKNOWN STEP	2026-10-07T10:01:46.7444619Z   "timestamp": "2026-10-07T10:01:46.741Z",
Formal AI draft	UNKNOWN STEP	2026-10-07T10:01:46.7445096Z   "service": "claude-oauth",
Formal AI draft	UNKNOWN STEP	2026-10-07T10:01:46.7445598Z   "path": "/home/box/.claude/.credentials.json",
Formal AI draft	UNKNOWN STEP	2026-10-07T10:01:46.7446135Z   "message": "credentials file not found"
Formal AI draft	UNKNOWN STEP	2026-10-07T10:01:46.7446561Z }
Formal AI draft	UNKNOWN STEP	2026-10-07T10:01:46.7459448Z {
Formal AI draft	UNKNOWN STEP	2026-10-07T10:01:46.7459811Z   "type": "log",
Formal AI draft	UNKNOWN STEP	2026-10-07T10:01:46.7460168Z   "level": "info",
Formal AI draft	UNKNOWN STEP	2026-10-07T10:01:46.7460593Z   "timestamp": "2026-10-07T10:01:46.742Z",
Formal AI draft	UNKNOWN STEP	2026-10-07T10:01:46.7461113Z   "service": "provider-registry",
Formal AI draft	UNKNOWN STEP	2026-10-07T10:01:46.7461760Z   "available": [
Formal AI draft	UNKNOWN STEP	2026-10-07T10:01:46.7462407Z     "formal-ai",
Formal AI draft	UNKNOWN STEP	2026-10-07T10:01:46.7462728Z     "formalai",
Formal AI draft	UNKNOWN STEP	2026-10-07T10:01:46.7463046Z     "@link-assistant",
Formal AI draft	UNKNOWN STEP	2026-10-07T10:01:46.7463367Z     "opencode",
Formal AI draft	UNKNOWN STEP	2026-10-07T10:01:46.7463655Z     "kilo",
Formal AI draft	UNKNOWN STEP	2026-10-07T10:01:46.7463949Z     "link-assistant"
Formal AI draft	UNKNOWN STEP	2026-10-07T10:01:46.7464254Z   ],
Formal AI draft	UNKNOWN STEP	2026-10-07T10:01:46.7464600Z   "message": "providers available"
Formal AI draft	UNKNOWN STEP	2026-10-07T10:01:46.7464999Z }
Formal AI draft	UNKNOWN STEP	2026-10-07T10:01:46.7494691Z {
Formal AI draft	UNKNOWN STEP	2026-10-07T10:01:46.7495042Z   "type": "log",
Formal AI draft	UNKNOWN STEP	2026-10-07T10:01:46.7495411Z   "level": "info",
Formal AI draft	UNKNOWN STEP	2026-10-07T10:01:46.7495852Z   "timestamp": "2026-10-07T10:01:46.742Z",
Formal AI draft	UNKNOWN STEP	2026-10-07T10:01:46.7496337Z   "service": "provider",
Formal AI draft	UNKNOWN STEP	2026-10-07T10:01:46.7503146Z   "status": "completed",
Formal AI draft	UNKNOWN STEP	2026-10-07T10:01:46.7503559Z   "duration": 326,
Formal AI draft	UNKNOWN STEP	2026-10-07T10:01:46.7503911Z   "message": "state"
Formal AI draft	UNKNOWN STEP	2026-10-07T10:01:46.7504248Z }
Formal AI draft	UNKNOWN STEP	2026-10-07T10:01:46.7514055Z {
Formal AI draft	UNKNOWN STEP	2026-10-07T10:01:46.7514429Z   "type": "log",
Formal AI draft	UNKNOWN STEP	2026-10-07T10:01:46.7514670Z   "level": "info",
Formal AI draft	UNKNOWN STEP	2026-10-07T10:01:46.7515033Z   "timestamp": "2026-10-07T10:01:46.743Z",
Formal AI draft	UNKNOWN STEP	2026-10-07T10:01:46.7515407Z   "service": "default",
Formal AI draft	UNKNOWN STEP	2026-10-07T10:01:46.7516325Z   "hint": "Secondary calls (compaction, session summary) inherit --model unless a compaction model is named explicitly",
Formal AI draft	UNKNOWN STEP	2026-10-07T10:01:46.7517245Z   "baseProviderID": "formalai",
Formal AI draft	UNKNOWN STEP	2026-10-07T10:01:46.7517648Z   "baseModelID": "formal-ai",
Formal AI draft	UNKNOWN STEP	2026-10-07T10:01:46.7518015Z   "dropped": [
Formal AI draft	UNKNOWN STEP	2026-10-07T10:01:46.7518439Z     "big-pickle",
Formal AI draft	UNKNOWN STEP	2026-10-07T10:01:46.7518749Z     "minimax-m2.5-free",
Formal AI draft	UNKNOWN STEP	2026-10-07T10:01:46.7519091Z     "nemotron-3-super-free",
Formal AI draft	UNKNOWN STEP	2026-10-07T10:01:46.7519544Z     "hy3-preview-free",
Formal AI draft	UNKNOWN STEP	2026-10-07T10:01:46.7519913Z     "ling-2.6-flash-free",
Formal AI draft	UNKNOWN STEP	2026-10-07T10:01:46.7520262Z     "gpt-5-nano"
Formal AI draft	UNKNOWN STEP	2026-10-07T10:01:46.7520546Z   ],
Formal AI draft	UNKNOWN STEP	2026-10-07T10:01:46.7520812Z   "kept": [
Formal AI draft	UNKNOWN STEP	2026-10-07T10:01:46.7521075Z     "same"
Formal AI draft	UNKNOWN STEP	2026-10-07T10:01:46.7521333Z   ],
Formal AI draft	UNKNOWN STEP	2026-10-07T10:01:46.7522046Z   "message": "default compaction models narrowed to the configured provider"
Formal AI draft	UNKNOWN STEP	2026-10-07T10:01:46.7522963Z }
Formal AI draft	UNKNOWN STEP	2026-10-07T10:01:46.7529703Z {
Formal AI draft	UNKNOWN STEP	2026-10-07T10:01:46.7530159Z   "type": "log",
Formal AI draft	UNKNOWN STEP	2026-10-07T10:01:46.7530521Z   "level": "info",
Formal AI draft	UNKNOWN STEP	2026-10-07T10:01:46.7530931Z   "timestamp": "2026-10-07T10:01:46.743Z",
Formal AI draft	UNKNOWN STEP	2026-10-07T10:01:46.7531562Z   "service": "default",
Formal AI draft	UNKNOWN STEP	2026-10-07T10:01:46.7531919Z   "models": [
Formal AI draft	UNKNOWN STEP	2026-10-07T10:01:46.7532229Z     "same"
Formal AI draft	UNKNOWN STEP	2026-10-07T10:01:46.7532505Z   ],
Formal AI draft	UNKNOWN STEP	2026-10-07T10:01:46.7532813Z   "source": "default",
Formal AI draft	UNKNOWN STEP	2026-10-07T10:01:46.7533303Z   "message": "compaction models cascade configured"
Formal AI draft	UNKNOWN STEP	2026-10-07T10:01:46.7533764Z }
Formal AI draft	UNKNOWN STEP	2026-10-07T10:01:46.7544400Z {
Formal AI draft	UNKNOWN STEP	2026-10-07T10:01:46.7545056Z   "type": "model_resolved",
Formal AI draft	UNKNOWN STEP	2026-10-07T10:01:46.7545566Z   "timestamp": "2026-10-07T10:01:46.743Z",
Formal AI draft	UNKNOWN STEP	2026-10-07T10:01:46.7546075Z   "requested": "formalai/formal-ai",
Formal AI draft	UNKNOWN STEP	2026-10-07T10:01:46.7546568Z   "selector": "formalai/formal-ai",
Formal AI draft	UNKNOWN STEP	2026-10-07T10:01:46.7547003Z   "providerID": "formalai",
Formal AI draft	UNKNOWN STEP	2026-10-07T10:01:46.7547408Z   "modelID": "formal-ai",
Formal AI draft	UNKNOWN STEP	2026-10-07T10:01:46.7547778Z   "source": "cli",
Formal AI draft	UNKNOWN STEP	2026-10-07T10:01:46.7548116Z   "matchesRequest": true
Formal AI draft	UNKNOWN STEP	2026-10-07T10:01:46.7548478Z }
Formal AI draft	UNKNOWN STEP	2026-10-07T10:01:46.7561919Z {
Formal AI draft	UNKNOWN STEP	2026-10-07T10:01:46.7562404Z   "type": "log",
Formal AI draft	UNKNOWN STEP	2026-10-07T10:01:46.7562963Z   "level": "info",
Formal AI draft	UNKNOWN STEP	2026-10-07T10:01:46.7563575Z   "timestamp": "2026-10-07T10:01:46.746Z",
Formal AI draft	UNKNOWN STEP	2026-10-07T10:01:46.7564190Z   "service": "http",
Formal AI draft	UNKNOWN STEP	2026-10-07T10:01:46.7564764Z   "caller": "continuous-mode",
Formal AI draft	UNKNOWN STEP	2026-10-07T10:01:46.7565334Z   "callNum": 3,
Formal AI draft	UNKNOWN STEP	2026-10-07T10:01:46.7565828Z   "method": "POST",
Formal AI draft	UNKNOWN STEP	2026-10-07T10:01:46.7566442Z   "url": "http://127.0.0.1:46237/session",
Formal AI draft	UNKNOWN STEP	2026-10-07T10:01:46.7567121Z   "headers": {
Formal AI draft	UNKNOWN STEP	2026-10-07T10:01:46.7567728Z     "Content-Type": "application/json"
Formal AI draft	UNKNOWN STEP	2026-10-07T10:01:46.7568330Z   },
Formal AI draft	UNKNOWN STEP	2026-10-07T10:01:46.7568839Z   "bodyPreview": "{}",
Formal AI draft	UNKNOWN STEP	2026-10-07T10:01:46.7569388Z   "message": "HTTP request"
Formal AI draft	UNKNOWN STEP	2026-10-07T10:01:46.7570022Z }
Formal AI draft	UNKNOWN STEP	2026-10-07T10:01:46.7582049Z {
Formal AI draft	UNKNOWN STEP	2026-10-07T10:01:46.7582665Z   "type": "log",
Formal AI draft	UNKNOWN STEP	2026-10-07T10:01:46.7583035Z   "level": "info",
Formal AI draft	UNKNOWN STEP	2026-10-07T10:01:46.7583469Z   "timestamp": "2026-10-07T10:01:46.747Z",
Formal AI draft	UNKNOWN STEP	2026-10-07T10:01:46.7583940Z   "service": "http",
Formal AI draft	UNKNOWN STEP	2026-10-07T10:01:46.7584305Z   "caller": "global",
Formal AI draft	UNKNOWN STEP	2026-10-07T10:01:46.7584993Z   "callNum": 4,
Formal AI draft	UNKNOWN STEP	2026-10-07T10:01:46.7585338Z   "method": "POST",
Formal AI draft	UNKNOWN STEP	2026-10-07T10:01:46.7585748Z   "url": "http://127.0.0.1:46237/session",
Formal AI draft	UNKNOWN STEP	2026-10-07T10:01:46.7586146Z   "headers": {
Formal AI draft	UNKNOWN STEP	2026-10-07T10:01:46.7586546Z     "Content-Type": "application/json"
Formal AI draft	UNKNOWN STEP	2026-10-07T10:01:46.7586972Z   },
Formal AI draft	UNKNOWN STEP	2026-10-07T10:01:46.7587274Z   "bodyPreview": "{}",
Formal AI draft	UNKNOWN STEP	2026-10-07T10:01:46.7587651Z   "message": "HTTP request"
Formal AI draft	UNKNOWN STEP	2026-10-07T10:01:46.7587995Z }
Formal AI draft	UNKNOWN STEP	2026-10-07T10:01:46.7598380Z {
Formal AI draft	UNKNOWN STEP	2026-10-07T10:01:46.7598713Z   "type": "log",
Formal AI draft	UNKNOWN STEP	2026-10-07T10:01:46.7599048Z   "level": "info",
Formal AI draft	UNKNOWN STEP	2026-10-07T10:01:46.7599424Z   "timestamp": "2026-10-07T10:01:46.752Z",
Formal AI draft	UNKNOWN STEP	2026-10-07T10:01:46.7600715Z   "service": "server",
Formal AI draft	UNKNOWN STEP	2026-10-07T10:01:46.7601086Z   "method": "POST",
Formal AI draft	UNKNOWN STEP	2026-10-07T10:01:46.7601705Z   "path": "/session",
Formal AI draft	UNKNOWN STEP	2026-10-07T10:01:46.7602062Z   "message": "request"
Formal AI draft	UNKNOWN STEP	2026-10-07T10:01:46.7602406Z }
Formal AI draft	UNKNOWN STEP	2026-10-07T10:01:46.7614876Z {
Formal AI draft	UNKNOWN STEP	2026-10-07T10:01:46.7615215Z   "type": "log",
Formal AI draft	UNKNOWN STEP	2026-10-07T10:01:46.7615558Z   "level": "info",
Formal AI draft	UNKNOWN STEP	2026-10-07T10:01:46.7616000Z   "timestamp": "2026-10-07T10:01:46.752Z",
Formal AI draft	UNKNOWN STEP	2026-10-07T10:01:46.7616453Z   "service": "server",
Formal AI draft	UNKNOWN STEP	2026-10-07T10:01:46.7616822Z   "status": "started",
Formal AI draft	UNKNOWN STEP	2026-10-07T10:01:46.7617167Z   "method": "POST",
Formal AI draft	UNKNOWN STEP	2026-10-07T10:01:46.7617502Z   "path": "/session",
Formal AI draft	UNKNOWN STEP	2026-10-07T10:01:46.7617861Z   "message": "request"
Formal AI draft	UNKNOWN STEP	2026-10-07T10:01:46.7618193Z }
Formal AI draft	UNKNOWN STEP	2026-10-07T10:01:46.7637070Z {
Formal AI draft	UNKNOWN STEP	2026-10-07T10:01:46.7637654Z   "type": "log",
Formal AI draft	UNKNOWN STEP	2026-10-07T10:01:46.7638018Z   "level": "info",
Formal AI draft	UNKNOWN STEP	2026-10-07T10:01:46.7638430Z   "timestamp": "2026-10-07T10:01:46.755Z",
Formal AI draft	UNKNOWN STEP	2026-10-07T10:01:46.7638893Z   "service": "session",
Formal AI draft	UNKNOWN STEP	2026-10-07T10:01:46.7639357Z   "id": "ses_eea3021fcffePVnhYj3ovsUsl4",
Formal AI draft	UNKNOWN STEP	2026-10-07T10:01:46.7639798Z   "version": "0.26.11",
Formal AI draft	UNKNOWN STEP	2026-10-07T10:01:46.7640302Z   "projectID": "017b0927f8cf9a4f9cf10a4ebc3e59cd51dec5d9",
Formal AI draft	UNKNOWN STEP	2026-10-07T10:01:46.7640958Z   "directory": "/tmp/gh-issue-solver-1791367266830",
Formal AI draft	UNKNOWN STEP	2026-10-07T10:01:46.7641771Z   "title": "New session - 2026-10-07T10:01:46.755Z",
Formal AI draft	UNKNOWN STEP	2026-10-07T10:01:46.7642629Z   "time": {
Formal AI draft	UNKNOWN STEP	2026-10-07T10:01:46.7642971Z     "created": 1791367306755,
Formal AI draft	UNKNOWN STEP	2026-10-07T10:01:46.7643383Z     "updated": 1791367306755
Formal AI draft	UNKNOWN STEP	2026-10-07T10:01:46.7643763Z   },
Formal AI draft	UNKNOWN STEP	2026-10-07T10:01:46.7644068Z   "message": "created"
Formal AI draft	UNKNOWN STEP	2026-10-07T10:01:46.7644420Z }
Formal AI draft	UNKNOWN STEP	2026-10-07T10:01:46.7651230Z {
Formal AI draft	UNKNOWN STEP	2026-10-07T10:01:46.7651742Z   "type": "session.created",
Formal AI draft	UNKNOWN STEP	2026-10-07T10:01:46.7652172Z   "level": "info",
Formal AI draft	UNKNOWN STEP	2026-10-07T10:01:46.7652585Z   "timestamp": "2026-10-07T10:01:46.756Z",
Formal AI draft	UNKNOWN STEP	2026-10-07T10:01:46.7653015Z   "service": "bus",
Formal AI draft	UNKNOWN STEP	2026-10-07T10:01:46.7653361Z   "message": "publishing"
Formal AI draft	UNKNOWN STEP	2026-10-07T10:01:46.7653716Z }
Formal AI draft	UNKNOWN STEP	2026-10-07T10:01:46.7665836Z {
Formal AI draft	UNKNOWN STEP	2026-10-07T10:01:46.7666209Z   "type": "session.updated",
Formal AI draft	UNKNOWN STEP	2026-10-07T10:01:46.7666665Z   "level": "info",
Formal AI draft	UNKNOWN STEP	2026-10-07T10:01:46.7667057Z   "timestamp": "2026-10-07T10:01:46.756Z",
Formal AI draft	UNKNOWN STEP	2026-10-07T10:01:46.7667509Z   "service": "bus",
Formal AI draft	UNKNOWN STEP	2026-10-07T10:01:46.7667855Z   "message": "publishing"
Formal AI draft	UNKNOWN STEP	2026-10-07T10:01:46.7668210Z }
Formal AI draft	UNKNOWN STEP	2026-10-07T10:01:46.7680332Z {
Formal AI draft	UNKNOWN STEP	2026-10-07T10:01:46.7680679Z   "type": "log",
Formal AI draft	UNKNOWN STEP	2026-10-07T10:01:46.7681046Z   "level": "info",
Formal AI draft	UNKNOWN STEP	2026-10-07T10:01:46.7681639Z   "timestamp": "2026-10-07T10:01:46.756Z",
Formal AI draft	UNKNOWN STEP	2026-10-07T10:01:46.7682092Z   "service": "server",
Formal AI draft	UNKNOWN STEP	2026-10-07T10:01:46.7682446Z   "status": "completed",
Formal AI draft	UNKNOWN STEP	2026-10-07T10:01:46.7682795Z   "duration": 4,
Formal AI draft	UNKNOWN STEP	2026-10-07T10:01:46.7683086Z   "method": "POST",
Formal AI draft	UNKNOWN STEP	2026-10-07T10:01:46.7683414Z   "path": "/session",
Formal AI draft	UNKNOWN STEP	2026-10-07T10:01:46.7683759Z   "message": "request"
Formal AI draft	UNKNOWN STEP	2026-10-07T10:01:46.7684099Z }
Formal AI draft	UNKNOWN STEP	2026-10-07T10:01:46.7698197Z {
Formal AI draft	UNKNOWN STEP	2026-10-07T10:01:46.7698545Z   "type": "log",
Formal AI draft	UNKNOWN STEP	2026-10-07T10:01:46.7698893Z   "level": "info",
Formal AI draft	UNKNOWN STEP	2026-10-07T10:01:46.7699330Z   "timestamp": "2026-10-07T10:01:46.756Z",
Formal AI draft	UNKNOWN STEP	2026-10-07T10:01:46.7699800Z   "service": "http",
Formal AI draft	UNKNOWN STEP	2026-10-07T10:01:46.7700159Z   "caller": "global",
Formal AI draft	UNKNOWN STEP	2026-10-07T10:01:46.7700502Z   "callNum": 4,
Formal AI draft	UNKNOWN STEP	2026-10-07T10:01:46.7700829Z   "method": "POST",
Formal AI draft	UNKNOWN STEP	2026-10-07T10:01:46.7701242Z   "url": "http://127.0.0.1:46237/session",
Formal AI draft	UNKNOWN STEP	2026-10-07T10:01:46.7701916Z   "status": 200,
Formal AI draft	UNKNOWN STEP	2026-10-07T10:01:46.7702268Z   "statusText": "OK",
Formal AI draft	UNKNOWN STEP	2026-10-07T10:01:46.7702618Z   "durationMs": 9,
Formal AI draft	UNKNOWN STEP	2026-10-07T10:01:46.7703288Z   "responseHeaders": {
Formal AI draft	UNKNOWN STEP	2026-10-07T10:01:46.7703736Z     "access-control-allow-origin": "*",
Formal AI draft	UNKNOWN STEP	2026-10-07T10:01:46.7704186Z     "content-length": "269",
Formal AI draft	UNKNOWN STEP	2026-10-07T10:01:46.7704648Z     "content-type": "application/json",
Formal AI draft	UNKNOWN STEP	2026-10-07T10:01:46.7705147Z     "date": "Wed, 07 Oct 2026 10:01:46 GMT"
Formal AI draft	UNKNOWN STEP	2026-10-07T10:01:46.7705569Z   },
Formal AI draft	UNKNOWN STEP	2026-10-07T10:01:46.7705884Z   "message": "HTTP response"
Formal AI draft	UNKNOWN STEP	2026-10-07T10:01:46.7706253Z }
Formal AI draft	UNKNOWN STEP	2026-10-07T10:01:46.7721368Z {
Formal AI draft	UNKNOWN STEP	2026-10-07T10:01:46.7721866Z   "type": "log",
Formal AI draft	UNKNOWN STEP	2026-10-07T10:01:46.7722221Z   "level": "info",
Formal AI draft	UNKNOWN STEP	2026-10-07T10:01:46.7722653Z   "timestamp": "2026-10-07T10:01:46.756Z",
Formal AI draft	UNKNOWN STEP	2026-10-07T10:01:46.7723103Z   "service": "http",
Formal AI draft	UNKNOWN STEP	2026-10-07T10:01:46.7723444Z   "caller": "global",
Formal AI draft	UNKNOWN STEP	2026-10-07T10:01:46.7723794Z   "callNum": 4,
Formal AI draft	UNKNOWN STEP	2026-10-07T10:01:46.7724206Z   "url": "http://127.0.0.1:46237/session",
Formal AI draft	UNKNOWN STEP	2026-10-07T10:01:46.7726375Z   "bodyPreview": "{\"id\":\"ses_eea3021fcffePVnhYj3ovsUsl4\",\"version\":\"0.26.11\",\"projectID\":\"017b0927f8cf9a4f9cf10a4ebc3e59cd51dec5d9\",\"directory\":\"/tmp/gh-issue-solver-1791367266830\",\"title\":\"New session - 2026-10-07T10:01:46.755Z\",\"time\":{\"created\":1791367306755,\"updated\":1791367306755}}",
Formal AI draft	UNKNOWN STEP	2026-10-07T10:01:46.7727573Z   "message": "HTTP response body"
Formal AI draft	UNKNOWN STEP	2026-10-07T10:01:46.7727840Z }
Formal AI draft	UNKNOWN STEP	2026-10-07T10:01:46.7737230Z {
Formal AI draft	UNKNOWN STEP	2026-10-07T10:01:46.7737558Z   "type": "log",
Formal AI draft	UNKNOWN STEP	2026-10-07T10:01:46.7737896Z   "level": "info",
Formal AI draft	UNKNOWN STEP	2026-10-07T10:01:46.7738308Z   "timestamp": "2026-10-07T10:01:46.756Z",
Formal AI draft	UNKNOWN STEP	2026-10-07T10:01:46.7738766Z   "service": "http",
Formal AI draft	UNKNOWN STEP	2026-10-07T10:01:46.7739161Z   "caller": "continuous-mode",
Formal AI draft	UNKNOWN STEP	2026-10-07T10:01:46.7739549Z   "callNum": 3,
Formal AI draft	UNKNOWN STEP	2026-10-07T10:01:46.7739878Z   "method": "POST",
Formal AI draft	UNKNOWN STEP	2026-10-07T10:01:46.7740293Z   "url": "http://127.0.0.1:46237/session",
Formal AI draft	UNKNOWN STEP	2026-10-07T10:01:46.7740744Z   "status": 200,
Formal AI draft	UNKNOWN STEP	2026-10-07T10:01:46.7741082Z   "statusText": "OK",
Formal AI draft	UNKNOWN STEP	2026-10-07T10:01:46.7741617Z   "durationMs": 10,
Formal AI draft	UNKNOWN STEP	2026-10-07T10:01:46.7741969Z   "responseHeaders": {
Formal AI draft	UNKNOWN STEP	2026-10-07T10:01:46.7742724Z     "access-control-allow-origin": "*",
Formal AI draft	UNKNOWN STEP	2026-10-07T10:01:46.7743205Z     "content-length": "269",
Formal AI draft	UNKNOWN STEP	2026-10-07T10:01:46.7743670Z     "content-type": "application/json",
Formal AI draft	UNKNOWN STEP	2026-10-07T10:01:46.7744170Z     "date": "Wed, 07 Oct 2026 10:01:46 GMT"
Formal AI draft	UNKNOWN STEP	2026-10-07T10:01:46.7744602Z   },
Formal AI draft	UNKNOWN STEP	2026-10-07T10:01:46.7744913Z   "message": "HTTP response"
Formal AI draft	UNKNOWN STEP	2026-10-07T10:01:46.7745287Z }
Formal AI draft	UNKNOWN STEP	2026-10-07T10:01:46.7756094Z {
Formal AI draft	UNKNOWN STEP	2026-10-07T10:01:46.7756671Z   "type": "log",
Formal AI draft	UNKNOWN STEP	2026-10-07T10:01:46.7757060Z   "level": "info",
Formal AI draft	UNKNOWN STEP	2026-10-07T10:01:46.7757491Z   "timestamp": "2026-10-07T10:01:46.756Z",
Formal AI draft	UNKNOWN STEP	2026-10-07T10:01:46.7757946Z   "service": "http",
Formal AI draft	UNKNOWN STEP	2026-10-07T10:01:46.7758368Z   "caller": "continuous-mode",
Formal AI draft	UNKNOWN STEP	2026-10-07T10:01:46.7758771Z   "callNum": 3,
Formal AI draft	UNKNOWN STEP	2026-10-07T10:01:46.7759180Z   "url": "http://127.0.0.1:46237/session",
Formal AI draft	UNKNOWN STEP	2026-10-07T10:01:46.7761380Z   "bodyPreview": "{\"id\":\"ses_eea3021fcffePVnhYj3ovsUsl4\",\"version\":\"0.26.11\",\"projectID\":\"017b0927f8cf9a4f9cf10a4ebc3e59cd51dec5d9\",\"directory\":\"/tmp/gh-issue-solver-1791367266830\",\"title\":\"New session - 2026-10-07T10:01:46.755Z\",\"time\":{\"created\":1791367306755,\"updated\":1791367306755}}",
Formal AI draft	UNKNOWN STEP	2026-10-07T10:01:46.7763429Z   "message": "HTTP response body"
Formal AI draft	UNKNOWN STEP	2026-10-07T10:01:46.7763837Z }
Formal AI draft	UNKNOWN STEP	2026-10-07T10:01:46.7780091Z {
Formal AI draft	UNKNOWN STEP	2026-10-07T10:01:46.7780611Z   "type": "*",
Formal AI draft	UNKNOWN STEP	2026-10-07T10:01:46.7781099Z   "level": "info",
Formal AI draft	UNKNOWN STEP	2026-10-07T10:01:46.7781852Z   "timestamp": "2026-10-07T10:01:46.757Z",
Formal AI draft	UNKNOWN STEP	2026-10-07T10:01:46.7782465Z   "service": "bus",
Formal AI draft	UNKNOWN STEP	2026-10-07T10:01:46.7782985Z   "message": "subscribing"
Formal AI draft	UNKNOWN STEP	2026-10-07T10:01:46.7783510Z }
Formal AI draft	UNKNOWN STEP	2026-10-07T10:01:46.7936859Z {
Formal AI draft	UNKNOWN STEP	2026-10-07T10:01:46.7937628Z   "type": "input",
Formal AI draft	UNKNOWN STEP	2026-10-07T10:01:46.7938134Z   "timestamp": "2026-10-07T10:01:46.759Z",
Formal AI draft	UNKNOWN STEP	2026-10-07T10:01:46.8014671Z   "raw": "You are an AI issue solver using @link-assistant/agent.\nGeneral guidelines.\n   - When you execute commands and the output becomes large, save the logs to files for easier review.\n   - When running commands, avoid setting a timeout yourself. Let them run as long as needed.\n   - When running sudo commands, especially package installations, run them in the background to avoid timeout issues.\n   - When CI is failing, download the logs locally and investigate them carefully.\n   - When a code or log file has more than 1500 lines, read it in chunks of 1500 lines.\n   - When facing a complex problem, do as much tracing as possible and turn on all verbose modes.\n   - When you create debug, test, or example scripts while fixing an issue, keep them in ./examples and/or ./experiments so you can reuse them later.\n   - When you test assumptions, keep experiment scripts in ./experiments.\n   - When an experiment demonstrates a real-world use case of the software, add it to ./examples.\n   - When you face something extremely hard, use divide and conquer.\nInitial research.\n   - When you start, create a detailed plan for yourself and follow your todo list step by step. Add as many relevant points from these guidelines to the todo list as practical so you can track the work clearly.\n   - When you read issue, read all details and comments thoroughly.\n   - When you see screenshots or images in issue descriptions, pull request descriptions, comments, or discussions, download the image to a local file first, then use the Read tool to view and analyze it. Before reading downloaded images with the Read tool, verify that the file is a valid image rather than HTML by using a CLI tool such as the 'file' command. When the file command shows \"HTML\", \"text\", or \"ASCII text\", the download failed, so do not call Read on that file. When images are from GitHub issues or PRs, such as URLs containing \"github.com/user-attachments\", use: curl -L -H \"Authorization: [REDACTED] $(gh auth token)\" -o <filename> \"<url>\"\n   - When you need issue details, use gh issue view https://github.com/link-assistant/hive-mind/issues/2613.\n   - When you need related code, use gh search code --owner link-assistant [keywords].\n   - When you need repo context, read files in your working directory.\n   - When you study related work, study the most recent related pull requests.\n   - When the issue is not defined clearly enough, write a comment with clarifying questions.\n   - When accessing GitHub Gists, use gh gist view command instead of direct URL fetching.\n   - When you are fixing a bug, find the actual root cause first and run as many experiments as needed.\n   - When you are fixing a bug and the code does not have enough tracing or logs, add them and keep them in the code with the default state switched off.\n   - When you need comments on a pull request, note that GitHub has three different comment types with different API endpoints:\n      1. PR review comments (inline code comments): gh api repos/link-assistant/hive-mind/pulls/2614/comments --paginate\n      2. PR conversation comments (general discussion): gh api repos/link-assistant/hive-mind/issues/2614/comments --paginate\n      3. PR reviews (approve/request changes): gh api repos/link-assistant/hive-mind/pulls/2614/reviews --paginate\n      Note: The command \"gh pr view --json comments\" only returns conversation comments and misses review comments.\n   - When you need the latest comments on the issue, use gh api repos/link-assistant/hive-mind/issues/2613/comments --paginate.\nSolution development and testing.\n   - When issue is solvable, first create a test that reproduces the problem, then implement the fix.\n   - When coding, commit each atomic step that is useful on its own to the pull request branch so interrupted work remains preserved in the pull request.\n   - When you test:\n      start from testing of small functions using separate scripts;\n      write unit tests with mocks for easy and quick start.\n   - When you test integrations, use existing framework.\n   - When you test solution draft, include automated checks in pr.\n   - When you write or modify tests, consider setting reasonable timeouts at test, suite, and CI job levels so failures surface quickly instead of hanging.\n   - When you see repeated test timeout patterns in CI, investigate the root cause rather than increasing timeouts.\n   - When the issue is unclear, write a comment on the issue with questions.\n   - When you encounter any problems that you are unable to solve yourself, write a comment to the pull request asking for help.\n   - When you need human help, use gh pr comment 2614 --body \"your message\" to comment on existing PR.\nReproducible testing.\n   - When fixing a bug, create a test that reproduces the problem before implementing the fix. When you cannot reproduce the problem, you cannot verify the fix.\n   - When encountering logic bugs, write an automated test that fails due to the bug, then implement the fix to make it pass.\n   - When encountering UI bugs, capture a screenshot showing the problem state, then create a visual regression test or manual verification screenshot after the fix.\n   - When creating tests, prefer minimum reproducible examples, meaning the simplest test case that demonstrates the issue.\n   - When submitting a fix, include in the PR description: (1) how to reproduce the issue, (2) the automated test that verifies the fix, (3) before/after screenshots for UI issues.\n   - When a bug fix does not have a reproducing test, treat the fix as incomplete because regressions can occur later without notice.\nPreparing pull request.\n   - When you code, follow contributing guidelines.\n   - When you commit, write clear message.\n   - When you need examples of style, use gh pr list --repo link-assistant/hive-mind --state merged --search [keywords].\n   - When you open pr, describe solution draft and include tests.\n   - When there is a package with version and GitHub Actions workflows for automatic release, update the version in your pull request to prepare for next release.\n   - When you update existing pr 2614, use gh pr edit to modify title and description.\n   - When you finalize the pull request:\n      check that the pull request title and description are updated (the PR may start with a [WIP] prefix and a placeholder description that should be replaced with the actual title and description of the changes),\n      follow style from merged prs for code, title, and description,\n      check that no uncommitted changes corresponding to the original requirements are left behind,\n      check that the default branch is merged into the pull request branch,\n      check that all CI checks are passing if they exist before you finish,\n      check for latest comments on the issue and pull request to ensure no recent feedback was missed,\n      double-check that all changes in the pull request address the original requirements of the issue,\n      check for newly introduced bugs in the pull request by carefully reading gh pr diff,\n      check that no previously existing features were removed without an explicit request in the issue description, issue comments, or pull request comments.\n   - When you finish implementation, use gh pr ready 2614.\nWorkflow and collaboration.\n   - When you check branch, verify with git branch --show-current.\n   - When you push, push only to branch issue-2613-2efa14ce78a7.\n   - When you finish, create a pull request from branch issue-2613-2efa14ce78a7.\n   - When pr 2614 already exists for this branch, update it instead of creating new one.\n   - When you organize workflow, use pull requests instead of direct merges to default branch (main or master).\n   - When you manage commits, preserve commit history for later analysis.\n   - When you contribute, keep repository history forward-moving with regular commits, pushes, and reverts if needed.\n   - When you face conflict that you cannot resolve yourself, ask for help.\n   - When you collaborate, respect branch protections by working only on issue-2613-2efa14ce78a7.\n   - When you mention a result, include the pull request URL or comment URL.\n   - When you need to create pr, remember pr 2614 already exists for this branch.\nSelf review.\n   - When you check your solution draft, run all tests locally.\n   - When you check your solution draft, verify git status shows a clean working tree with no uncommitted changes.\n   - When you compare with repo style, use gh pr diff [number].\n   - When you finalize, confirm code, tests, and description are consistent.\nGitHub CLI command patterns.\n   - When fetching lists from GitHub API, use the --paginate flag to ensure all results are returned (GitHub returns max 30 per page by default).\n   - When listing PR review comments (inline code comments), use gh api repos/OWNER/REPO/pulls/NUMBER/comments --paginate.\n   - When listing PR conversation comments, use gh api repos/OWNER/REPO/issues/NUMBER/comments --paginate.\n   - When listing PR reviews, use gh api repos/OWNER/REPO/pulls/NUMBER/reviews --paginate.\n   - When listing issue comments, use gh api repos/OWNER/REPO/issues/NUMBER/comments --paginate.\n   - When adding PR comment, use gh pr comment NUMBER --body \"text\" --repo OWNER/REPO.\n   - When adding issue comment, use gh issue comment NUMBER --body \"text\" --repo OWNER/REPO.\n   - When viewing PR details, use gh pr view NUMBER --repo OWNER/REPO.\n   - When filtering with jq, use gh api repos/link-assistant/hive-mind/pulls/2614/comments --paginate --jq 'reverse | .[0:5]'.\nPlaywright MCP usage (browser automation via MCP tools).\n   - When you develop frontend web applications (HTML, CSS, JavaScript, React, Vue, Angular, etc.), use Playwright MCP tools to test the UI in a real browser.\n   - When WebFetch tool fails to retrieve expected content (e.g., returns empty content, JavaScript-rendered pages, or login-protected pages), use Playwright MCP tools (browser_navigate, browser_snapshot) as a fallback for web browsing.\n   - When WebSearch tool fails or returns insufficient results, use Playwright MCP tools (browser_navigate, browser_snapshot) as a fallback for internet search.\n   - When you need to interact with dynamic web pages that require JavaScript execution, use Playwright MCP tools.\n   - When you need to visually verify how a web page looks or take screenshots, use browser_take_screenshot from Playwright MCP.\n   - When you need to fill forms, click buttons, or perform user interactions on web pages, use Playwright MCP tools (browser_click, browser_type, browser_fill_form).\n   - When you need to test responsive design or different viewport sizes, use browser_resize from Playwright MCP.\n   - When you finish using the browser, close it with browser_close to free resources.\n   - When reproducing UI bugs, use browser_take_screenshot to capture the problem state before implementing any fix.\n   - When fixing UI bugs, take before/after screenshots to provide visual evidence of the fix for human verification.\n   - When creating UI tests, save baseline screenshots to the repository for visual regression testing.\n   - When verifying UI fixes, compare screenshots to ensure the fix does not introduce unintended visual changes.\nIssue to solve: https://github.com/link-assistant/hive-mind/issues/2613\nYour prepared branch: issue-2613-2efa14ce78a7\nYour prepared working directory: /tmp/gh-issue-solver-1791367266830\nYour prepared Pull Request: https://github.com/link-assistant/hive-mind/pull/2614\nProceed.",
Formal AI draft	UNKNOWN STEP	2026-10-07T10:01:46.8082494Z   "parsed": {
Formal AI draft	UNKNOWN STEP	2026-10-07T10:01:46.8159098Z     "message": "You are an AI issue solver using @link-assistant/agent.\nGeneral guidelines.\n   - When you execute commands and the output becomes large, save the logs to files for easier review.\n   - When running commands, avoid setting a timeout yourself. Let them run as long as needed.\n   - When running sudo commands, especially package installations, run them in the background to avoid timeout issues.\n   - When CI is failing, download the logs locally and investigate them carefully.\n   - When a code or log file has more than 1500 lines, read it in chunks of 1500 lines.\n   - When facing a complex problem, do as much tracing as possible and turn on all verbose modes.\n   - When you create debug, test, or example scripts while fixing an issue, keep them in ./examples and/or ./experiments so you can reuse them later.\n   - When you test assumptions, keep experiment scripts in ./experiments.\n   - When an experiment demonstrates a real-world use case of the software, add it to ./examples.\n   - When you face something extremely hard, use divide and conquer.\nInitial research.\n   - When you start, create a detailed plan for yourself and follow your todo list step by step. Add as many relevant points from these guidelines to the todo list as practical so you can track the work clearly.\n   - When you read issue, read all details and comments thoroughly.\n   - When you see screenshots or images in issue descriptions, pull request descriptions, comments, or discussions, download the image to a local file first, then use the Read tool to view and analyze it. Before reading downloaded images with the Read tool, verify that the file is a valid image rather than HTML by using a CLI tool such as the 'file' command. When the file command shows \"HTML\", \"text\", or \"ASCII text\", the download failed, so do not call Read on that file. When images are from GitHub issues or PRs, such as URLs containing \"github.com/user-attachments\", use: curl -L -H \"Authorization: [REDACTED] $(gh auth token)\" -o <filename> \"<url>\"\n   - When you need issue details, use gh issue view https://github.com/link-assistant/hive-mind/issues/2613.\n   - When you need related code, use gh search code --owner link-assistant [keywords].\n   - When you need repo context, read files in your working directory.\n   - When you study related work, study the most recent related pull requests.\n   - When the issue is not defined clearly enough, write a comment with clarifying questions.\n   - When accessing GitHub Gists, use gh gist view command instead of direct URL fetching.\n   - When you are fixing a bug, find the actual root cause first and run as many experiments as needed.\n   - When you are fixing a bug and the code does not have enough tracing or logs, add them and keep them in the code with the default state switched off.\n   - When you need comments on a pull request, note that GitHub has three different comment types with different API endpoints:\n      1. PR review comments (inline code comments): gh api repos/link-assistant/hive-mind/pulls/2614/comments --paginate\n      2. PR conversation comments (general discussion): gh api repos/link-assistant/hive-mind/issues/2614/comments --paginate\n      3. PR reviews (approve/request changes): gh api repos/link-assistant/hive-mind/pulls/2614/reviews --paginate\n      Note: The command \"gh pr view --json comments\" only returns conversation comments and misses review comments.\n   - When you need the latest comments on the issue, use gh api repos/link-assistant/hive-mind/issues/2613/comments --paginate.\nSolution development and testing.\n   - When issue is solvable, first create a test that reproduces the problem, then implement the fix.\n   - When coding, commit each atomic step that is useful on its own to the pull request branch so interrupted work remains preserved in the pull request.\n   - When you test:\n      start from testing of small functions using separate scripts;\n      write unit tests with mocks for easy and quick start.\n   - When you test integrations, use existing framework.\n   - When you test solution draft, include automated checks in pr.\n   - When you write or modify tests, consider setting reasonable timeouts at test, suite, and CI job levels so failures surface quickly instead of hanging.\n   - When you see repeated test timeout patterns in CI, investigate the root cause rather than increasing timeouts.\n   - When the issue is unclear, write a comment on the issue with questions.\n   - When you encounter any problems that you are unable to solve yourself, write a comment to the pull request asking for help.\n   - When you need human help, use gh pr comment 2614 --body \"your message\" to comment on existing PR.\nReproducible testing.\n   - When fixing a bug, create a test that reproduces the problem before implementing the fix. When you cannot reproduce the problem, you cannot verify the fix.\n   - When encountering logic bugs, write an automated test that fails due to the bug, then implement the fix to make it pass.\n   - When encountering UI bugs, capture a screenshot showing the problem state, then create a visual regression test or manual verification screenshot after the fix.\n   - When creating tests, prefer minimum reproducible examples, meaning the simplest test case that demonstrates the issue.\n   - When submitting a fix, include in the PR description: (1) how to reproduce the issue, (2) the automated test that verifies the fix, (3) before/after screenshots for UI issues.\n   - When a bug fix does not have a reproducing test, treat the fix as incomplete because regressions can occur later without notice.\nPreparing pull request.\n   - When you code, follow contributing guidelines.\n   - When you commit, write clear message.\n   - When you need examples of style, use gh pr list --repo link-assistant/hive-mind --state merged --search [keywords].\n   - When you open pr, describe solution draft and include tests.\n   - When there is a package with version and GitHub Actions workflows for automatic release, update the version in your pull request to prepare for next release.\n   - When you update existing pr 2614, use gh pr edit to modify title and description.\n   - When you finalize the pull request:\n      check that the pull request title and description are updated (the PR may start with a [WIP] prefix and a placeholder description that should be replaced with the actual title and description of the changes),\n      follow style from merged prs for code, title, and description,\n      check that no uncommitted changes corresponding to the original requirements are left behind,\n      check that the default branch is merged into the pull request branch,\n      check that all CI checks are passing if they exist before you finish,\n      check for latest comments on the issue and pull request to ensure no recent feedback was missed,\n      double-check that all changes in the pull request address the original requirements of the issue,\n      check for newly introduced bugs in the pull request by carefully reading gh pr diff,\n      check that no previously existing features were removed without an explicit request in the issue description, issue comments, or pull request comments.\n   - When you finish implementation, use gh pr ready 2614.\nWorkflow and collaboration.\n   - When you check branch, verify with git branch --show-current.\n   - When you push, push only to branch issue-2613-2efa14ce78a7.\n   - When you finish, create a pull request from branch issue-2613-2efa14ce78a7.\n   - When pr 2614 already exists for this branch, update it instead of creating new one.\n   - When you organize workflow, use pull requests instead of direct merges to default branch (main or master).\n   - When you manage commits, preserve commit history for later analysis.\n   - When you contribute, keep repository history forward-moving with regular commits, pushes, and reverts if needed.\n   - When you face conflict that you cannot resolve yourself, ask for help.\n   - When you collaborate, respect branch protections by working only on issue-2613-2efa14ce78a7.\n   - When you mention a result, include the pull request URL or comment URL.\n   - When you need to create pr, remember pr 2614 already exists for this branch.\nSelf review.\n   - When you check your solution draft, run all tests locally.\n   - When you check your solution draft, verify git status shows a clean working tree with no uncommitted changes.\n   - When you compare with repo style, use gh pr diff [number].\n   - When you finalize, confirm code, tests, and description are consistent.\nGitHub CLI command patterns.\n   - When fetching lists from GitHub API, use the --paginate flag to ensure all results are returned (GitHub returns max 30 per page by default).\n   - When listing PR review comments (inline code comments), use gh api repos/OWNER/REPO/pulls/NUMBER/comments --paginate.\n   - When listing PR conversation comments, use gh api repos/OWNER/REPO/issues/NUMBER/comments --paginate.\n   - When listing PR reviews, use gh api repos/OWNER/REPO/pulls/NUMBER/reviews --paginate.\n   - When listing issue comments, use gh api repos/OWNER/REPO/issues/NUMBER/comments --paginate.\n   - When adding PR comment, use gh pr comment NUMBER --body \"text\" --repo OWNER/REPO.\n   - When adding issue comment, use gh issue comment NUMBER --body \"text\" --repo OWNER/REPO.\n   - When viewing PR details, use gh pr view NUMBER --repo OWNER/REPO.\n   - When filtering with jq, use gh api repos/link-assistant/hive-mind/pulls/2614/comments --paginate --jq 'reverse | .[0:5]'.\nPlaywright MCP usage (browser automation via MCP tools).\n   - When you develop frontend web applications (HTML, CSS, JavaScript, React, Vue, Angular, etc.), use Playwright MCP tools to test the UI in a real browser.\n   - When WebFetch tool fails to retrieve expected content (e.g., returns empty content, JavaScript-rendered pages, or login-protected pages), use Playwright MCP tools (browser_navigate, browser_snapshot) as a fallback for web browsing.\n   - When WebSearch tool fails or returns insufficient results, use Playwright MCP tools (browser_navigate, browser_snapshot) as a fallback for internet search.\n   - When you need to interact with dynamic web pages that require JavaScript execution, use Playwright MCP tools.\n   - When you need to visually verify how a web page looks or take screenshots, use browser_take_screenshot from Playwright MCP.\n   - When you need to fill forms, click buttons, or perform user interactions on web pages, use Playwright MCP tools (browser_click, browser_type, browser_fill_form).\n   - When you need to test responsive design or different viewport sizes, use browser_resize from Playwright MCP.\n   - When you finish using the browser, close it with browser_close to free resources.\n   - When reproducing UI bugs, use browser_take_screenshot to capture the problem state before implementing any fix.\n   - When fixing UI bugs, take before/after screenshots to provide visual evidence of the fix for human verification.\n   - When creating UI tests, save baseline screenshots to the repository for visual regression testing.\n   - When verifying UI fixes, compare screenshots to ensure the fix does not introduce unintended visual changes.\nIssue to solve: https://github.com/link-assistant/hive-mind/issues/2613\nYour prepared branch: issue-2613-2efa14ce78a7\nYour prepared working directory: /tmp/gh-issue-solver-1791367266830\nYour prepared Pull Request: https://github.com/link-assistant/hive-mind/pull/2614\nProceed."
Formal AI draft	UNKNOWN STEP	2026-10-07T10:01:46.8226964Z   },
Formal AI draft	UNKNOWN STEP	2026-10-07T10:01:46.8227291Z   "format": "text",
Formal AI draft	UNKNOWN STEP	2026-10-07T10:01:46.8227622Z   "kind": "message"
Formal AI draft	UNKNOWN STEP	2026-10-07T10:01:46.8227926Z }
Formal AI draft	UNKNOWN STEP	2026-10-07T10:01:46.8228240Z {
Formal AI draft	UNKNOWN STEP	2026-10-07T10:01:46.8228512Z   "type": "*",
Formal AI draft	UNKNOWN STEP	2026-10-07T10:01:46.8228815Z   "level": "info",
Formal AI draft	UNKNOWN STEP	2026-10-07T10:01:46.8229209Z   "timestamp": "2026-10-07T10:01:46.759Z",
Formal AI draft	UNKNOWN STEP	2026-10-07T10:01:46.8229630Z   "service": "bus",
Formal AI draft	UNKNOWN STEP	2026-10-07T10:01:46.8229961Z   "message": "subscribing"
Formal AI draft	UNKNOWN STEP	2026-10-07T10:01:46.8230303Z }
Formal AI draft	UNKNOWN STEP	2026-10-07T10:01:46.8237613Z {
Formal AI draft	UNKNOWN STEP	2026-10-07T10:01:46.8237965Z   "type": "log",
Formal AI draft	UNKNOWN STEP	2026-10-07T10:01:46.8238306Z   "level": "info",
Formal AI draft	UNKNOWN STEP	2026-10-07T10:01:46.8238735Z   "timestamp": "2026-10-07T10:01:46.759Z",
Formal AI draft	UNKNOWN STEP	2026-10-07T10:01:46.8239184Z   "service": "http",
Formal AI draft	UNKNOWN STEP	2026-10-07T10:01:46.8239534Z   "caller": "global",
Formal AI draft	UNKNOWN STEP	2026-10-07T10:01:46.8239896Z   "callNum": 5,
Formal AI draft	UNKNOWN STEP	2026-10-07T10:01:46.8240222Z   "method": "POST",
Formal AI draft	UNKNOWN STEP	2026-10-07T10:01:46.8240857Z   "url": "http://127.0.0.1:46237/session/ses_eea3021fcffePVnhYj3ovsUsl4/message",
Formal AI draft	UNKNOWN STEP	2026-10-07T10:01:46.8241668Z   "headers": {
Formal AI draft	UNKNOWN STEP	2026-10-07T10:01:46.8242062Z     "Content-Type": "application/json"
Formal AI draft	UNKNOWN STEP	2026-10-07T10:01:46.8242483Z   },
Formal AI draft	UNKNOWN STEP	2026-10-07T10:01:46.8269716Z   "bodyPreview": "{\"parts\":[{\"type\":\"text\",\"text\":\"You are an AI issue solver using @link-assistant/agent.\\nGeneral guidelines.\\n   - When you execute commands and the output becomes large, save the logs to files for easier review.\\n   - When running commands, avoid setting a timeout yourself. Let them run as long as needed.\\n   - When running sudo commands, especially package installations, run them in the background to avoid timeout issues.\\n   - When CI is failing, download the logs locally and investigate them carefully.\\n   - When a code or log file has more than 1500 lines, read it in chunks of 1500 lines.\\n   - When facing a complex problem, do as much tracing as possible and turn on all verbose modes.\\n   - When you create debug, test, or example scripts while fixing an issue, keep them in ./examples and/or ./experiments so you can reuse them later.\\n   - When you test assumptions, keep experiment scripts in ./experiments.\\n   - When an experiment demonstrates a real-world use case of the software, add it to ./examples.\\n   - When you face something extremely hard, use divide and conquer.\\nInitial research.\\n   - When you start, create a detailed plan for yourself and follow your todo list step by step. Add as many relevant points from these guidelines to the todo list as practical so you can track the work clearly.\\n   - When you read issue, read all details and comments thoroughly.\\n   - When you see screenshots or images in issue descriptions, pull request descriptions, comments, or discussions, download the image to a local file first, then use the Read tool to view and analyze it. Before reading downloaded images with the Read tool, verify that the file is a valid image rather than HTML by using a CLI tool such as the 'file' command. When the file command shows \\\"HTML\\\", \\\"text\\\", or \\\"ASCII text\\\", the download failed, so do not call Read on that file. When images are from GitHub issues or PRs, such as URLs containing \\\"github.com/user-attachments\\\", use: curl -L -H \\\"Authorization: [REDACTED] $(gh auth token)\\\" -o <filename> \\\"<url>\\\"\\n   - When you need issue details, use gh issue view https://github.com/link-assistant/hive-mind/issues/2613.\\n   - When you need related code, use gh search code --owner link-assistant [keywords].\\n   - When you need repo context, read files in your working directory.\\n   - When you study related work, study the most recent related pull requests.\\n   - When the issue is not defined clearly enough, write a comment with clarifying questions.\\n   - When accessing GitHub Gists, use gh gist view command instead of direct URL fetching.\\n   - When you are fixing a bug, find the actual root cause first and run as many experiments as needed.\\n   - When you are fixing a bug and the code does not have enough tracing or logs, add them and keep them in the code with the default state switched off.\\n   - When you need comments on a pull request, note that GitHub has three different comment types with different API endpoints:\\n      1. PR review comments (inline code comments): gh api repos/link-assistant/hive-mind/pulls/2614/comments --paginate\\n      2. PR conversation comments (general discussion): gh api repos/link-assistant/hive-mind/issues/2614/comments --paginate\\n      3. PR reviews (approve/request changes): gh api repos/link-assistant/hive-mind/pulls/2614/reviews --paginate\\n      Note: The command \\\"gh pr view --json comments\\\" only returns conversation comments and misses review comments.\\n   - When you need the latest comments on the issue, use gh api repos/link-assistant/hive-mind/issues/2613/comments --paginate.\\nSolution development and testing.\\n   - When issue is solvable, first create a test that reproduces the problem, then implement the fix.\\n   - When coding, commit each atomic step that is useful on its own to the pull request branch so interrupted work remains preserved in the pull request.\\n   - When you test:\\n      start from testing of small functions using separate scripts;\\n      write un... [truncated, total 11892 chars]",
Formal AI draft	UNKNOWN STEP	2026-10-07T10:01:46.8293343Z   "message": "HTTP request"
Formal AI draft	UNKNOWN STEP	2026-10-07T10:01:46.8293724Z }
Formal AI draft	UNKNOWN STEP	2026-10-07T10:01:46.8294047Z {
Formal AI draft	UNKNOWN STEP	2026-10-07T10:01:46.8294327Z   "type": "log",
Formal AI draft	UNKNOWN STEP	2026-10-07T10:01:46.8294662Z   "level": "info",
Formal AI draft	UNKNOWN STEP	2026-10-07T10:01:46.8295062Z   "timestamp": "2026-10-07T10:01:46.760Z",
Formal AI draft	UNKNOWN STEP	2026-10-07T10:01:46.8295511Z   "service": "server",
Formal AI draft	UNKNOWN STEP	2026-10-07T10:01:46.8295875Z   "method": "POST",
Formal AI draft	UNKNOWN STEP	2026-10-07T10:01:46.8296573Z   "path": "/session/ses_eea3021fcffePVnhYj3ovsUsl4/message",
Formal AI draft	UNKNOWN STEP	2026-10-07T10:01:46.8297133Z   "message": "request"
Formal AI draft	UNKNOWN STEP	2026-10-07T10:01:46.8297464Z }
Formal AI draft	UNKNOWN STEP	2026-10-07T10:01:46.8297732Z {
Formal AI draft	UNKNOWN STEP	2026-10-07T10:01:46.8298007Z   "type": "log",
Formal AI draft	UNKNOWN STEP	2026-10-07T10:01:46.8298335Z   "level": "info",
Formal AI draft	UNKNOWN STEP	2026-10-07T10:01:46.8298720Z   "timestamp": "2026-10-07T10:01:46.760Z",
Formal AI draft	UNKNOWN STEP	2026-10-07T10:01:46.8299152Z   "service": "server",
Formal AI draft	UNKNOWN STEP	2026-10-07T10:01:46.8299500Z   "status": "started",
Formal AI draft	UNKNOWN STEP	2026-10-07T10:01:46.8299842Z   "method": "POST",
Formal AI draft	UNKNOWN STEP	2026-10-07T10:01:46.8300333Z   "path": "/session/ses_eea3021fcffePVnhYj3ovsUsl4/message",
Formal AI draft	UNKNOWN STEP	2026-10-07T10:01:46.8300947Z   "message": "request"
Formal AI draft	UNKNOWN STEP	2026-10-07T10:01:46.8301366Z }
Formal AI draft	UNKNOWN STEP	2026-10-07T10:01:46.8301786Z {
Formal AI draft	UNKNOWN STEP	2026-10-07T10:01:46.8302076Z   "type": "log",
Formal AI draft	UNKNOWN STEP	2026-10-07T10:01:46.8302372Z   "level": "info",
Formal AI draft	UNKNOWN STEP	2026-10-07T10:01:46.8302724Z   "timestamp": "2026-10-07T10:01:46.766Z",
Formal AI draft	UNKNOWN STEP	2026-10-07T10:01:46.8303114Z   "service": "server",
Formal AI draft	UNKNOWN STEP	2026-10-07T10:01:46.8303445Z   "status": "completed",
Formal AI draft	UNKNOWN STEP	2026-10-07T10:01:46.8303796Z   "duration": 6,
Formal AI draft	UNKNOWN STEP	2026-10-07T10:01:46.8304112Z   "method": "POST",
Formal AI draft	UNKNOWN STEP	2026-10-07T10:01:46.8304580Z   "path": "/session/ses_eea3021fcffePVnhYj3ovsUsl4/message",
Formal AI draft	UNKNOWN STEP	2026-10-07T10:01:46.8305090Z   "message": "request"
Formal AI draft	UNKNOWN STEP	2026-10-07T10:01:46.8305413Z }
Formal AI draft	UNKNOWN STEP	2026-10-07T10:01:46.8305686Z {
Formal AI draft	UNKNOWN STEP	2026-10-07T10:01:46.8305995Z   "type": "message.updated",
Formal AI draft	UNKNOWN STEP	2026-10-07T10:01:46.8306364Z   "level": "info",
Formal AI draft	UNKNOWN STEP	2026-10-07T10:01:46.8306739Z   "timestamp": "2026-10-07T10:01:46.771Z",
Formal AI draft	UNKNOWN STEP	2026-10-07T10:01:46.8307165Z   "service": "bus",
Formal AI draft	UNKNOWN STEP	2026-10-07T10:01:46.8307507Z   "message": "publishing"
Formal AI draft	UNKNOWN STEP	2026-10-07T10:01:46.8307859Z }
Formal AI draft	UNKNOWN STEP	2026-10-07T10:01:46.8316874Z {
Formal AI draft	UNKNOWN STEP	2026-10-07T10:01:46.8317273Z   "type": "message.part.updated",
Formal AI draft	UNKNOWN STEP	2026-10-07T10:01:46.8317716Z   "level": "info",
Formal AI draft	UNKNOWN STEP	2026-10-07T10:01:46.8318118Z   "timestamp": "2026-10-07T10:01:46.772Z",
Formal AI draft	UNKNOWN STEP	2026-10-07T10:01:46.8319008Z   "service": "bus",
Formal AI draft	UNKNOWN STEP	2026-10-07T10:01:46.8339513Z   "message": "publishing"
Formal AI draft	UNKNOWN STEP	2026-10-07T10:01:46.8339993Z }
Formal AI draft	UNKNOWN STEP	2026-10-07T10:01:46.8340293Z {
Formal AI draft	UNKNOWN STEP	2026-10-07T10:01:46.8340906Z   "type": "session.updated",
Formal AI draft	UNKNOWN STEP	2026-10-07T10:01:46.8341331Z   "level": "info",
Formal AI draft	UNKNOWN STEP	2026-10-07T10:01:46.8341926Z   "timestamp": "2026-10-07T10:01:46.773Z",
Formal AI draft	UNKNOWN STEP	2026-10-07T10:01:46.8342377Z   "service": "bus",
Formal AI draft	UNKNOWN STEP	2026-10-07T10:01:46.8342728Z   "message": "publishing"
Formal AI draft	UNKNOWN STEP	2026-10-07T10:01:46.8343097Z }
Formal AI draft	UNKNOWN STEP	2026-10-07T10:01:46.8347142Z {
Formal AI draft	UNKNOWN STEP	2026-10-07T10:01:46.8347463Z   "type": "log",
Formal AI draft	UNKNOWN STEP	2026-10-07T10:01:46.8347809Z   "level": "info",
Formal AI draft	UNKNOWN STEP	2026-10-07T10:01:46.8348215Z   "timestamp": "2026-10-07T10:01:46.776Z",
Formal AI draft	UNKNOWN STEP	2026-10-07T10:01:46.8348721Z   "service": "session.prompt",
Formal AI draft	UNKNOWN STEP	2026-10-07T10:01:46.8349125Z   "step": 0,
Formal AI draft	UNKNOWN STEP	2026-10-07T10:01:46.8349555Z   "sessionID": "ses_eea3021fcffePVnhYj3ovsUsl4",
Formal AI draft	UNKNOWN STEP	2026-10-07T10:01:46.8350045Z   "message": "loop"
Formal AI draft	UNKNOWN STEP	2026-10-07T10:01:46.8350373Z }
Formal AI draft	UNKNOWN STEP	2026-10-07T10:01:46.8361944Z 📌 Session ID: ses_eea3021fcffePVnhYj3ovsUsl4
Formal AI draft	UNKNOWN STEP	2026-10-07T10:01:46.8382836Z 🧾 Formal AI evidence bundle armed for session ses_eea3021fcffePVnhYj3ovsUsl4
Formal AI draft	UNKNOWN STEP	2026-10-07T10:01:46.8401641Z {
Formal AI draft	UNKNOWN STEP	2026-10-07T10:01:46.8401979Z   "type": "log",
Formal AI draft	UNKNOWN STEP	2026-10-07T10:01:46.8402354Z   "level": "info",
Formal AI draft	UNKNOWN STEP	2026-10-07T10:01:46.8402786Z   "timestamp": "2026-10-07T10:01:46.778Z",
Formal AI draft	UNKNOWN STEP	2026-10-07T10:01:46.8403305Z   "service": "session.prompt",
Formal AI draft	UNKNOWN STEP	2026-10-07T10:01:46.8403990Z   "hint": "Enable with --generate-title flag or AGENT_GENERATE_TITLE=true",
Formal AI draft	UNKNOWN STEP	2026-10-07T10:01:46.8404697Z   "message": "title generation disabled"
Formal AI draft	UNKNOWN STEP	2026-10-07T10:01:46.8405138Z }
Formal AI draft	UNKNOWN STEP	2026-10-07T10:01:46.8417430Z {
Formal AI draft	UNKNOWN STEP	2026-10-07T10:01:46.8417938Z   "type": "log",
Formal AI draft	UNKNOWN STEP	2026-10-07T10:01:46.8418303Z   "level": "info",
Formal AI draft	UNKNOWN STEP	2026-10-07T10:01:46.8418724Z   "timestamp": "2026-10-07T10:01:46.778Z",
Formal AI draft	UNKNOWN STEP	2026-10-07T10:01:46.8419239Z   "service": "session.prompt",
Formal AI draft	UNKNOWN STEP	2026-10-07T10:01:46.8419670Z   "providerID": "formalai",
Formal AI draft	UNKNOWN STEP	2026-10-07T10:01:46.8420063Z   "modelID": "formal-ai",
Formal AI draft	UNKNOWN STEP	2026-10-07T10:01:46.8420547Z   "sessionID": "ses_eea3021fcffePVnhYj3ovsUsl4",
Formal AI draft	UNKNOWN STEP	2026-10-07T10:01:46.8421041Z   "step": 1,
Formal AI draft	UNKNOWN STEP	2026-10-07T10:01:46.8423458Z   "message": "resolving model"
Formal AI draft	UNKNOWN STEP	2026-10-07T10:01:46.8423888Z }
Formal AI draft	UNKNOWN STEP	2026-10-07T10:01:46.8431750Z {
Formal AI draft	UNKNOWN STEP	2026-10-07T10:01:46.8432067Z   "type": "log",
Formal AI draft	UNKNOWN STEP	2026-10-07T10:01:46.8432432Z   "level": "info",
Formal AI draft	UNKNOWN STEP	2026-10-07T10:01:46.8433146Z   "timestamp": "2026-10-07T10:01:46.779Z",
Formal AI draft	UNKNOWN STEP	2026-10-07T10:01:46.8433622Z   "service": "provider",
Formal AI draft	UNKNOWN STEP	2026-10-07T10:01:46.8434009Z   "providerID": "formalai",
Formal AI draft	UNKNOWN STEP	2026-10-07T10:01:46.8434406Z   "modelID": "formal-ai",
Formal AI draft	UNKNOWN STEP	2026-10-07T10:01:46.8434792Z   "message": "getModel"
Formal AI draft	UNKNOWN STEP	2026-10-07T10:01:46.8435134Z }
Formal AI draft	UNKNOWN STEP	2026-10-07T10:01:46.8446196Z {
Formal AI draft	UNKNOWN STEP	2026-10-07T10:01:46.8446499Z   "type": "log",
Formal AI draft	UNKNOWN STEP	2026-10-07T10:01:46.8446837Z   "level": "info",
Formal AI draft	UNKNOWN STEP	2026-10-07T10:01:46.8447250Z   "timestamp": "2026-10-07T10:01:46.779Z",
Formal AI draft	UNKNOWN STEP	2026-10-07T10:01:46.8447701Z   "service": "provider",
Formal AI draft	UNKNOWN STEP	2026-10-07T10:01:46.8448074Z   "status": "started",
Formal AI draft	UNKNOWN STEP	2026-10-07T10:01:46.8448435Z   "providerID": "formalai",
Formal AI draft	UNKNOWN STEP	2026-10-07T10:01:46.8448822Z   "message": "getSDK"
Formal AI draft	UNKNOWN STEP	2026-10-07T10:01:46.8449147Z }
Formal AI draft	UNKNOWN STEP	2026-10-07T10:01:46.8461275Z {
Formal AI draft	UNKNOWN STEP	2026-10-07T10:01:46.8461892Z   "type": "log",
Formal AI draft	UNKNOWN STEP	2026-10-07T10:01:46.8462275Z   "level": "info",
Formal AI draft	UNKNOWN STEP	2026-10-07T10:01:46.8462679Z   "timestamp": "2026-10-07T10:01:46.780Z",
Formal AI draft	UNKNOWN STEP	2026-10-07T10:01:46.8463156Z   "service": "provider",
Formal AI draft	UNKNOWN STEP	2026-10-07T10:01:46.8463545Z   "providerID": "formalai",
Formal AI draft	UNKNOWN STEP	2026-10-07T10:01:46.8464015Z   "pkg": "@ai-sdk/openai-compatible",
Formal AI draft	UNKNOWN STEP	2026-10-07T10:01:46.8464547Z   "globalVerboseFetchInstalled": true,
Formal AI draft	UNKNOWN STEP	2026-10-07T10:01:46.8465022Z   "verboseAtCreation": true,
Formal AI draft	UNKNOWN STEP	2026-10-07T10:01:46.8465539Z   "message": "provider SDK fetch chain configured"
Formal AI draft	UNKNOWN STEP	2026-10-07T10:01:46.8466028Z }
Formal AI draft	UNKNOWN STEP	2026-10-07T10:01:46.8478488Z {
Formal AI draft	UNKNOWN STEP	2026-10-07T10:01:46.8478808Z   "type": "log",
Formal AI draft	UNKNOWN STEP	2026-10-07T10:01:46.8479146Z   "level": "info",
Formal AI draft	UNKNOWN STEP	2026-10-07T10:01:46.8479566Z   "timestamp": "2026-10-07T10:01:46.780Z",
Formal AI draft	UNKNOWN STEP	2026-10-07T10:01:46.8480020Z   "service": "provider",
Formal AI draft	UNKNOWN STEP	2026-10-07T10:01:46.8480399Z   "providerID": "formalai",
Formal AI draft	UNKNOWN STEP	2026-10-07T10:01:46.8480862Z   "pkg": "@ai-sdk/openai-compatible",
Formal AI draft	UNKNOWN STEP	2026-10-07T10:01:46.8481653Z   "message": "using bundled provider (no installation needed)"
Formal AI draft	UNKNOWN STEP	2026-10-07T10:01:46.8482203Z }
Formal AI draft	UNKNOWN STEP	2026-10-07T10:01:46.8491052Z {
Formal AI draft	UNKNOWN STEP	2026-10-07T10:01:46.8491623Z   "type": "log",
Formal AI draft	UNKNOWN STEP	2026-10-07T10:01:46.8491980Z   "level": "info",
Formal AI draft	UNKNOWN STEP	2026-10-07T10:01:46.8492703Z   "timestamp": "2026-10-07T10:01:46.780Z",
Formal AI draft	UNKNOWN STEP	2026-10-07T10:01:46.8493163Z   "service": "provider",
Formal AI draft	UNKNOWN STEP	2026-10-07T10:01:46.8493533Z   "status": "completed",
Formal AI draft	UNKNOWN STEP	2026-10-07T10:01:46.8493895Z   "duration": 1,
Formal AI draft	UNKNOWN STEP	2026-10-07T10:01:46.8494234Z   "providerID": "formalai",
Formal AI draft	UNKNOWN STEP	2026-10-07T10:01:46.8494613Z   "message": "getSDK"
Formal AI draft	UNKNOWN STEP	2026-10-07T10:01:46.8494902Z }
Formal AI draft	UNKNOWN STEP	2026-10-07T10:01:46.8505322Z {
Formal AI draft	UNKNOWN STEP	2026-10-07T10:01:46.8505634Z   "type": "log",
Formal AI draft	UNKNOWN STEP	2026-10-07T10:01:46.8505964Z   "level": "info",
Formal AI draft	UNKNOWN STEP	2026-10-07T10:01:46.8506386Z   "timestamp": "2026-10-07T10:01:46.780Z",
Formal AI draft	UNKNOWN STEP	2026-10-07T10:01:46.8506844Z   "service": "provider",
Formal AI draft	UNKNOWN STEP	2026-10-07T10:01:46.8507231Z   "providerID": "formalai",
Formal AI draft	UNKNOWN STEP	2026-10-07T10:01:46.8507634Z   "modelID": "formal-ai",
Formal AI draft	UNKNOWN STEP	2026-10-07T10:01:46.8508006Z   "message": "found"
Formal AI draft	UNKNOWN STEP	2026-10-07T10:01:46.8508331Z }
Formal AI draft	UNKNOWN STEP	2026-10-07T10:01:46.8520962Z {
Formal AI draft	UNKNOWN STEP	2026-10-07T10:01:46.8521726Z   "type": "log",
Formal AI draft	UNKNOWN STEP	2026-10-07T10:01:46.8522001Z   "level": "info",
Formal AI draft	UNKNOWN STEP	2026-10-07T10:01:46.8522285Z   "timestamp": "2026-10-07T10:01:46.780Z",
Formal AI draft	UNKNOWN STEP	2026-10-07T10:01:46.8522640Z   "service": "session.prompt",
Formal AI draft	UNKNOWN STEP	2026-10-07T10:01:46.8522915Z   "providerID": "formalai",
Formal AI draft	UNKNOWN STEP	2026-10-07T10:01:46.8523174Z   "modelID": "formal-ai",
Formal AI draft	UNKNOWN STEP	2026-10-07T10:01:46.8523443Z   "resolvedModelID": "formal-ai",
Formal AI draft	UNKNOWN STEP	2026-10-07T10:01:46.8523745Z   "message": "model resolved successfully"
Formal AI draft	UNKNOWN STEP	2026-10-07T10:01:46.8524020Z }
Formal AI draft	UNKNOWN STEP	2026-10-07T10:01:47.2162513Z {
Formal AI draft	UNKNOWN STEP	2026-10-07T10:01:47.2163075Z   "type": "log",
Formal AI draft	UNKNOWN STEP	2026-10-07T10:01:47.2163705Z   "level": "info",
Formal AI draft	UNKNOWN STEP	2026-10-07T10:01:47.2164316Z   "timestamp": "2026-10-07T10:01:47.213Z",
Formal AI draft	UNKNOWN STEP	2026-10-07T10:01:47.2164952Z   "service": "token",
Formal AI draft	UNKNOWN STEP	2026-10-07T10:01:47.2165576Z   "message": "loaded gpt-tokenizer (o200k_base)"
Formal AI draft	UNKNOWN STEP	2026-10-07T10:01:47.2166218Z }
Formal AI draft	UNKNOWN STEP	2026-10-07T10:01:47.2229851Z {
Formal AI draft	UNKNOWN STEP	2026-10-07T10:01:47.2230299Z   "type": "message.updated",
Formal AI draft	UNKNOWN STEP	2026-10-07T10:01:47.2230742Z   "level": "info",
Formal AI draft	UNKNOWN STEP	2026-10-07T10:01:47.2231170Z   "timestamp": "2026-10-07T10:01:47.220Z",
Formal AI draft	UNKNOWN STEP	2026-10-07T10:01:47.2231823Z   "service": "bus",
Formal AI draft	UNKNOWN STEP	2026-10-07T10:01:47.2232199Z   "message": "publishing"
Formal AI draft	UNKNOWN STEP	2026-10-07T10:01:47.2232608Z }
Formal AI draft	UNKNOWN STEP	2026-10-07T10:01:47.2250670Z {
Formal AI draft	UNKNOWN STEP	2026-10-07T10:01:47.2251080Z   "type": "log",
Formal AI draft	UNKNOWN STEP	2026-10-07T10:01:47.2251985Z   "level": "info",
Formal AI draft	UNKNOWN STEP	2026-10-07T10:01:47.2252415Z   "timestamp": "2026-10-07T10:01:47.221Z",
Formal AI draft	UNKNOWN STEP	2026-10-07T10:01:47.2252903Z   "service": "system-prompt",
Formal AI draft	UNKNOWN STEP	2026-10-07T10:01:47.2253325Z   "prompt": "anthropic",
Formal AI draft	UNKNOWN STEP	2026-10-07T10:01:47.2253703Z   "model": "formal-ai",
Formal AI draft	UNKNOWN STEP	2026-10-07T10:01:47.2254359Z   "message": "system prompt: anthropic (default for unknown model formal-ai)"
Formal AI draft	UNKNOWN STEP	2026-10-07T10:01:47.2254990Z }
Formal AI draft	UNKNOWN STEP	2026-10-07T10:01:47.2276272Z {
Formal AI draft	UNKNOWN STEP	2026-10-07T10:01:47.2276699Z   "type": "log",
Formal AI draft	UNKNOWN STEP	2026-10-07T10:01:47.2277114Z   "level": "info",
Formal AI draft	UNKNOWN STEP	2026-10-07T10:01:47.2277526Z   "timestamp": "2026-10-07T10:01:47.222Z",
Formal AI draft	UNKNOWN STEP	2026-10-07T10:01:47.2277967Z   "service": "ripgrep",
Formal AI draft	UNKNOWN STEP	2026-10-07T10:01:47.2278399Z   "cwd": "/tmp/gh-issue-solver-1791367266830",
Formal AI draft	UNKNOWN STEP	2026-10-07T10:01:47.2278835Z   "limit": 200,
Formal AI draft	UNKNOWN STEP	2026-10-07T10:01:47.2279180Z   "message": "tree"
Formal AI draft	UNKNOWN STEP	2026-10-07T10:01:47.2279516Z }
Formal AI draft	UNKNOWN STEP	2026-10-07T10:01:47.2298095Z {
Formal AI draft	UNKNOWN STEP	2026-10-07T10:01:47.2298447Z   "type": "log",
Formal AI draft	UNKNOWN STEP	2026-10-07T10:01:47.2298818Z   "level": "info",
Formal AI draft	UNKNOWN STEP	2026-10-07T10:01:47.2299231Z   "timestamp": "2026-10-07T10:01:47.223Z",
Formal AI draft	UNKNOWN STEP	2026-10-07T10:01:47.2299628Z   "service": "http",
Formal AI draft	UNKNOWN STEP	2026-10-07T10:01:47.2299942Z   "caller": "ripgrep",
Formal AI draft	UNKNOWN STEP	2026-10-07T10:01:47.2300261Z   "callNum": 6,
Formal AI draft	UNKNOWN STEP	2026-10-07T10:01:47.2300548Z   "method": "GET",
Formal AI draft	UNKNOWN STEP	2026-10-07T10:01:47.2301557Z   "url": "https://github.com/BurntSushi/ripgrep/releases/download/14.1.1/ripgrep-14.1.1-x86_64-unknown-linux-musl.tar.gz",
Formal AI draft	UNKNOWN STEP	2026-10-07T10:01:47.2302428Z   "headers": {},
Formal AI draft	UNKNOWN STEP	2026-10-07T10:01:47.2303300Z   "message": "HTTP request"
Formal AI draft	UNKNOWN STEP	2026-10-07T10:01:47.2303674Z }
Formal AI draft	UNKNOWN STEP	2026-10-07T10:01:47.3235920Z {
Formal AI draft	UNKNOWN STEP	2026-10-07T10:01:47.3236196Z   "type": "log",
Formal AI draft	UNKNOWN STEP	2026-10-07T10:01:47.3236458Z   "level": "info",
Formal AI draft	UNKNOWN STEP	2026-10-07T10:01:47.3236745Z   "timestamp": "2026-10-07T10:01:47.319Z",
Formal AI draft	UNKNOWN STEP	2026-10-07T10:01:47.3237046Z   "service": "http",
Formal AI draft	UNKNOWN STEP	2026-10-07T10:01:47.3237284Z   "caller": "ripgrep",
Formal AI draft	UNKNOWN STEP	2026-10-07T10:01:47.3237510Z   "callNum": 6,
Formal AI draft	UNKNOWN STEP	2026-10-07T10:01:47.3237719Z   "method": "GET",
Formal AI draft	UNKNOWN STEP	2026-10-07T10:01:47.3239076Z   "url": "https://github.com/BurntSushi/ripgrep/releases/download/14.1.1/ripgrep-14.1.1-x86_64-unknown-linux-musl.tar.gz",
Formal AI draft	UNKNOWN STEP	2026-10-07T10:01:47.3239997Z   "status": 200,
Formal AI draft	UNKNOWN STEP	2026-10-07T10:01:47.3240343Z   "statusText": "OK",
Formal AI draft	UNKNOWN STEP	2026-10-07T10:01:47.3240700Z   "durationMs": 96,
Formal AI draft	UNKNOWN STEP	2026-10-07T10:01:47.3241050Z   "responseHeaders": {
Formal AI draft	UNKNOWN STEP	2026-10-07T10:01:47.3241763Z     "accept-ranges": "bytes",
Formal AI draft	UNKNOWN STEP	2026-10-07T10:01:47.3242134Z     "age": "5415",
Formal AI draft	UNKNOWN STEP	2026-10-07T10:01:47.3242562Z     "connection": "keep-alive",
Formal AI draft	UNKNOWN STEP	2026-10-07T10:01:47.3243385Z     "content-disposition": "attachment; filename=ripgrep-14.1.1-x86_64-unknown-linux-musl.tar.gz",
Formal AI draft	UNKNOWN STEP	2026-10-07T10:01:47.3244256Z     "content-length": "2566310",
Formal AI draft	UNKNOWN STEP	2026-10-07T10:01:47.3244779Z     "content-type": "application/octet-stream",
Formal AI draft	UNKNOWN STEP	2026-10-07T10:01:47.3245323Z     "date": "Wed, 07 Oct 2026 10:01:47 GMT",
Formal AI draft	UNKNOWN STEP	2026-10-07T10:01:47.3245826Z     "etag": "\"0x8DCD0765F32CA10\"",
Formal AI draft	UNKNOWN STEP	2026-10-07T10:01:47.3246350Z     "last-modified": "Mon, 09 Sep 2024 02:23:20 GMT",
Formal AI draft	UNKNOWN STEP	2026-10-07T10:01:47.3247041Z     "server": "Windows-Azure-Blob/1.0 Microsoft-HTTPAPI/2.0",
Formal AI draft	UNKNOWN STEP	2026-10-07T10:01:47.3247670Z     "via": "1.1 varnish, 1.1 varnish",
Formal AI draft	UNKNOWN STEP	2026-10-07T10:01:47.3248106Z     "x-cache": "HIT, HIT",
Formal AI draft	UNKNOWN STEP	2026-10-07T10:01:47.3248514Z     "x-cache-hits": "87099, 1",
Formal AI draft	UNKNOWN STEP	2026-10-07T10:01:47.3248951Z     "x-ms-blob-type": "BlockBlob",
Formal AI draft	UNKNOWN STEP	2026-10-07T10:01:47.3249531Z     "x-ms-creation-time": "Mon, 09 Sep 2024 02:23:20 GMT",
Formal AI draft	UNKNOWN STEP	2026-10-07T10:01:47.3250105Z     "x-ms-lease-state": "available",
Formal AI draft	UNKNOWN STEP	2026-10-07T10:01:47.3250612Z     "x-ms-lease-status": "unlocked",
Formal AI draft	UNKNOWN STEP	2026-10-07T10:01:47.3251267Z     "x-ms-request-id": "8408ae25-801e-001b-6071-0bdf56000000",
Formal AI draft	UNKNOWN STEP	2026-10-07T10:01:47.3252024Z     "x-ms-server-encrypted": "true",
Formal AI draft	UNKNOWN STEP	2026-10-07T10:01:47.3252502Z     "x-ms-version": "2018-11-09",
Formal AI draft	UNKNOWN STEP	2026-10-07T10:01:47.3253269Z     "x-served-by": "cache-iad-kcgs7200113-IAD, cache-chi-kmdw8640052-CHI",
Formal AI draft	UNKNOWN STEP	2026-10-07T10:01:47.3254002Z     "x-timer": "S1791367307.312444,VS0,VE4"
Formal AI draft	UNKNOWN STEP	2026-10-07T10:01:47.3254418Z   },
Formal AI draft	UNKNOWN STEP	2026-10-07T10:01:47.3254740Z   "message": "HTTP response"
Formal AI draft	UNKNOWN STEP	2026-10-07T10:01:47.3255141Z }
Formal AI draft	UNKNOWN STEP	2026-10-07T10:01:47.3383218Z {
Formal AI draft	UNKNOWN STEP	2026-10-07T10:01:47.3383598Z   "type": "log",
Formal AI draft	UNKNOWN STEP	2026-10-07T10:01:47.3384274Z   "level": "info",
Formal AI draft	UNKNOWN STEP	2026-10-07T10:01:47.3384674Z   "timestamp": "2026-10-07T10:01:47.333Z",
Formal AI draft	UNKNOWN STEP	2026-10-07T10:01:47.3385174Z   "service": "http",
Formal AI draft	UNKNOWN STEP	2026-10-07T10:01:47.3385518Z   "caller": "ripgrep",
Formal AI draft	UNKNOWN STEP	2026-10-07T10:01:47.3385861Z   "callNum": 6,
Formal AI draft	UNKNOWN STEP	2026-10-07T10:01:47.3386677Z   "url": "https://github.com/BurntSushi/ripgrep/releases/download/14.1.1/ripgrep-14.1.1-x86_64-unknown-linux-musl.tar.gz",
Formal AI draft	UNKNOWN STEP	2026-10-07T10:01:47.3432681Z   "bodyPreview": "\u001f�\b\u0000\u0000\u0000\u0000\u0000\u0000\u0003�[io\u001bI����+r�?�e�(��H���\u0001%Qnbt-)���\u0018[Ū$��:8uH��?~_Df\u001d�%[�5z��&\f�G\u001e�q���J�j�ȕ��ow�]�����};���!�\u0003\u0015�v����\u000f����588����A�?w\u0007\u0003�k^?t�����A�����\u001f��8�\u001f���W�fn\"�\u000fI\u001eE2y~�\u001f{w_����+y��O��\u001f_���=H����g��\u001d�7������\u0010��}ا^����T�X%�\u001f��\u0004���\u001b@잌R�<�e\"��\u0014���R��/.�7�|Nۖ�{���]�\u001c?g��\u0017��69�I��x.��Ǥ�ڶ��O�����{y>>\u0019]NG������z��m��\u001f��e�Ƌ�\u001f��Ԧ�G2��p&\u0013�\u001aϳ\u00077�\"��t�#�(�٦W�\ff,�8tU\u0004\u001f0��q$˥0ʋW�\bc_��ǧ�\u00169�\u0016~\u000bW*��T\u0006AKĉ�4K�,ό\u000b)�n\u0015NCE�.O<���<NB�\u0013n*�b9ߚ��M�ۜ~���5Y�f�P&�r\u0003�\u0014ő]}����4�\n�\u001b�O\u001bG�<Q���L�Q\n��\f|��E�>I>]�\u0016�L\u0004�C�b��y���7�K-����\b_bA7�L\u001dm�\u0006Am-�\u0017�O�\r�h���x/�w�\f��� ��O�g2�s�i2��.ќ,���¾\u0004�C\u0019e��f��*Ii���'�\u0014��\r�D���%֙ъ\"��I&\\�V��7*�W\u000e���8�J&+��*[�Nt�\u0015\u000eL?\u00125�<�I݈\u0019��M�\u0015\u0017tH�`=Du��HL��n�\u000f'#1����ջ���T�8���-�~|����������wqu&�����/O[����h:\u0015W\u00131��>\u001f�N[b|yr~{\n�#�1���F��\u0011���͕�\r�R�\u0011�Y\u0017��ɯ�8<\u001e��o~o����%�y�E��z8�\u0019�ܞ\u000f'��vr}5\u001da�S,{9�<�`�����m�/�\u0018��\u00071�ux~�[\roA�d*�G bx|>ҫ�������%N�\u0017÷D�ĺ^D\t\u000f3���u�_a�!��܌�.��'W�7\u0013|l�@�\u001b:;O}?��Z�p2����&WX�8�\u0019W�\b�]��*�U��|\f�Ϸ�QE��hx���4�>\u0018�;���qB:E�̊\u0004O��\u0006�6'�\u0010�[f����n^@�v�,v��/��=^/���ߚ\u00036��z�.��_�ߟ�j$rqoG�Woۡ�`�/��~������\u0011v���K�]��A\u0010v���\u001c�X�|��\n��PEp�\u0006\u0010�\u0007�3|9�\u0017b�\u001e5�\u0002&ɼ��\u0016�u[\u0000I��$S^\u000e��҃�\u0007�y�3�\u0000\u001e��<���R\u0006iT�\\�ZD\u0014\u001e���\u0000�t�#y�����Tڲ�n���\\ ��#'\u0015c�ͪ����\u0018�.�\u0004�D&\u0004�\b�+�)�\u000e\u0010ʰ'�\u000b�(S\u000b(�a����8��億p|�\u00003�+\"Ģ\n���\u0000d#��T�>i8\u00040\u000b��PX��p\u0010(_\u0003.$�~�1TR�\u0017'\te�X\u0012\u000b��q��N����8�\u0000��\u001b�\b+��2��p��\u0015Ϋ��7���_�q�\u00012\u0004qQ�i\u000e\tGڏ\u000eN##�^3�-^�4-�\u0019KTo�p�h�8C\u0007�\b+��\u0004�Fa��\u0000&�a��d8��hX����\b���\u001f�;�u�\u0015E�o,��p|�V��;<�����|�0��F�6���q�D�4O�j�\u001c|W�i.�]����\u0012�\fJG\u0007�\u0011�Ju�:�\u0018\f�\u001dJ͌B�JF\u0018\u0016\u0003�\\��C\"�F2�\re\u0017��\tH\u001b�\u001f6%\rS���\f��\u000b�~N���з]���\u0011s�2ԝI����m�4\f�\u0014��,��$�V\u0016\u001bi�0Ү������HC��\u0011�\u0019\u0002R��\u0014b!��n\u00143�8ʐi�[&�G3�]hB�C&k�H�\u0007�\u0001��I<��\u001dY������\u0006dH\n��%U0٘L �}P�B\u0018ƽ�4!-�\u0012J�\u0002��/lk�F͑L8� '�D{�\u001e�~08�0������+Z\u0000o��\u000b�QޓQ~��\"���\u0015��)\u0015�9�\u0014Ơ�Ya\r��F\u0007d�t#O���\u0019��\b�a��Ĉ\u0018��W�ޑ\u000f\u0003��HWuIN�1�\u0005G9\u001b\ron\u0001�q��v�7v5�\u001bo�@l�`k�A���\u001dWy\u0010��\u0004�\u000f'~Z������-D��r���r�0��!\u0004Z�\u0018��\u0017\u00079��:�=��=�۵{_\r�+��_\b��-�F�%0��]|O��W.���\u0017��t\u0010�D �\b%��b?��+D\u0006�����\u0016W�<t�v��7\u001d�r-�'y�\u0007�OzP;�/gN�}�t{\u0007}��![H��McǍ)�6�X�4\u0010��#S\n��3�t�\u0015�y���\bjl�n�\n��J�p�r6H9jN�QI�\u0019�M\u001b[�\u001a���_lt������U�\u000f\u0003:x9������j׶�ײ=𻲓nMe�\u0014�����k���D\u001c\u000f��\u0006\u0006��\f�\u000e��x�\"?~��\u0012�5g��l:�\bgu��}���^����4k?�\u0001��F3+׻s\u0017�<u��. Hw_�\u000b����\u0003�D@b=*XA�����K��A+�b\u0015ѹU�.\n\u0010�A���\"�\u0019����\u0006Z���\u000fu�0a�\f�o-���\u0012\u0001%��;XЊ�\u0010����\u0016\u0005ݵ��\u001b��V��eJ�g|�\u0003d\u001d-�Fi���ac[i*{m�&F�sg\u0001C�\u0010@\u0016ar���@)̩���\u0015!�˹\u000btJ>m.�qΗL\u001f�M�I�ˏL^��E�S�\u0019c�k}�\u000f\u001a��z\t�5F+\t�Z�����G3ή}\u0005�ĩ�,�\u000b�&�\u0000�K�ވB1i���Js@�,�U�:j=�j5����\u0003���H��]���\\\u001e�\t�\u0007�\t�UQq�\u0016z\u0001�k�.�\u000f\t\u0010?ՉU���BF\u000b����۽��\bN\u0001�j�\u001c��\u0011�W�.dk\u0005���GO�2\u0006k�ʩt\u0013Fޤ&@^b�@/zQ�%cp}]\u0003tg�5�*\u001f��W�E\"\u0004(\u000e��G=��b9�]��i�>k9����!�Z�D��i�G�l��I�\u0007�\u0007X\u0003\u000e�J�O�n`�χ\u000e�,q��\u0010\f4\\c\u001fxG��\u0014�H���6�\u0013�L�ByV!�2\u000f����8��]Z�L\u0012���pe�y�`\u001d\u000b�g!=��;-6fB(\\�O\u0014ar�O%��Բ��\n���0��[���F���0w\f|��D\u000fQ��{/EB\u001a'wE���{�\u0011\"\u000f~\u0005��sH�f���.�ץ\\��\t$9����|�k\n�@�mI˓8��5�\rq�\u001c�\b[;\u0010������L��I��3�mJ�mG2��\u001a�����x2\u001a����@6}��c��,�}�\u0015���P}sIB5�{7�:\u0010�(��\u0012\u00008%\u0015��n�\"�K��jU�\u0003\\\u001e\u001a�k\u001f;���\u0000�&\u0005T��Z!P\f9A\u0004�\u0010\b^�>W\u0011�s\u0014�\u000b���h�_\u0015pՂ.�\nK��U��g�)��a]�g���`\u001e���8[\u000b*��`�\u001a���\u0014-�7Z�2i0�iF�Ch\u0017(����'�u��B\r�$�#\u00030q�\u000b3>�\f1PV�(|\u0014���m�Y\u0019� �E\u0003�\f�9䌙�˕D�\u0017y�<d\u0016��\u0014Г#8_1���:\u001c�gRF��ī\u0015\u0016\u0014׉\u0004zD�\u0001G`r�B5��P���$��g��\u0016�T{�B*p�2�\u0013_�\u0007\u001c\u0005��u\u0002\u001e�!��g���Uףə��;��7�U4�q�\u0005]D���~�%�QMJ\u000b�_߰�i�a�SmȎ��2���O$\bA\u001c��nB�\u0000.�\ra\u0014�\u0003e�#Br\u0001���;8�6�]1�\t�v�;�@��\u001d.9 h\f�=;t�ydwA��k\u0012J����\u001b�ј�uZJ�IN\u0011��h�t��>Ո�����f�\u0012�@=��%���T��X/�)_�\u0000����w����\u0016$��\u0001�G-XG\f��\u0012\u0013�.o�\u001b�0�pЬ%n��-�n����\u001f4�\u001d�(�\r���F���hT\u0000�P჎K�u��\u001f*�Y��\u000e:M3=��Qp��ª\u001c���<���\u001d�N2�l�M�ޠ1%{\u0003�B����F\u0019f��bw�\u0002�m������6l�f$\b#�4�Wv\u001c\u00013D\\�-�%\u001b[\u001dv�\u0016\u000fh�Nu�ZZ�\"���t\u0015�h����t\u0011�(�̳U��\u0011���[��5�2�\u0014}�Hhd�\u0018h=DF��\r\n���=�W�\nצ�[�YCrW�I���*\\���a�\u0014��=���G8\r\u001b^c\u0016#�\u001e\u001e�\u001c�nİO��Cd\u000b\u001e[�\bt��EO�q-\u0006SJ\u0005��@�{U\u0011�\u0014\fj�\u0001.���.(��\u0000g����������8�\u00074�j���(�\u0001\u0014��={/��ٳ�%1�\fS����\u001dN��&\u000bPu��-h�M�A�q�\rS��\u001b]���,_\u0018��H5��L)�.���J�\u000ebG{�!��I\u0012��qۊ��o^��߫��c�\u0000����I^t��\u000e�G\u0010��Z����M\u0003S�<0�E�'\u0018z\u00123�>�$���d2�\t��U�;�����&�g�Z����k�Ә2r�O؍8�=��\"jƲ�?U\u0006j�w��\ne����\r�2��l�Õ\b�M��f���FU��to�\u0018rb\noz[\u0014|��3I,��ҧ��\u001a\r�^�\n*M�\"X�\u0015���d��;�\u0013$�\r���V�f��S�����<q\rJ\u0018�e[�\f\u0013A�Q�\\�i/ڔ<^��N\u0007��f�\u001c�Z#h�y1\"��L�\u0019�\f\u0015^Y���\u001d7;���\u0007́��`{�z\u001c��gv��}��+����@=\u0000o\u0014L���\u0007�\u001aE�/�\u000b�\u0018�\u0019\u0017�\"D�\u000fNqk�-B7@���+{2\u0015\u0019��0�!6Z�(9�6�\u0004S���u\u0015\u0011���\u001b�&�\u0007\u0003w���\u0019\u0012R\u0019ݫ\u0004\u0010��}�~c+Ŕ/]�s\u001c������Q9q�� ���j\u0017\u001c��Y)M��O\u0002`��Z3\u0019�b���tg�q刪�w\bc��\t�\u0017��\u0019\u001b�u;��\f�l#|�\u0018�\u0004�\u0001C\u0003�\u0003U�\u001a�=��j\u000e��GO������8s��s����N;Y���\u001a\u0005�... [truncated]",
Formal AI draft	UNKNOWN STEP	2026-10-07T10:01:47.3465225Z   "message": "HTTP response body (stream)"
Formal AI draft	UNKNOWN STEP	2026-10-07T10:01:47.3465706Z }
Formal AI draft	UNKNOWN STEP	2026-10-07T10:01:47.4968517Z {
Formal AI draft	UNKNOWN STEP	2026-10-07T10:01:47.4968912Z   "type": "log",
Formal AI draft	UNKNOWN STEP	2026-10-07T10:01:47.4969309Z   "level": "info",
Formal AI draft	UNKNOWN STEP	2026-10-07T10:01:47.4970164Z   "timestamp": "2026-10-07T10:01:47.494Z",
Formal AI draft	UNKNOWN STEP	2026-10-07T10:01:47.4970730Z   "service": "session.prompt",
Formal AI draft	UNKNOWN STEP	2026-10-07T10:01:47.4971238Z   "message": "=== VERBOSE: API Request Details ==="
Formal AI draft	UNKNOWN STEP	2026-10-07T10:01:47.4972008Z }
Formal AI draft	UNKNOWN STEP	2026-10-07T10:01:47.4986338Z {
Formal AI draft	UNKNOWN STEP	2026-10-07T10:01:47.4986691Z   "type": "log",
Formal AI draft	UNKNOWN STEP	2026-10-07T10:01:47.4987053Z   "level": "info",
Formal AI draft	UNKNOWN STEP	2026-10-07T10:01:47.4987482Z   "timestamp": "2026-10-07T10:01:47.494Z",
Formal AI draft	UNKNOWN STEP	2026-10-07T10:01:47.4988014Z   "service": "session.prompt",
Formal AI draft	UNKNOWN STEP	2026-10-07T10:01:47.4988484Z   "model": "formalai/formal-ai",
Formal AI draft	UNKNOWN STEP	2026-10-07T10:01:47.4988912Z   "apiModelID": "formal-ai",
Formal AI draft	UNKNOWN STEP	2026-10-07T10:01:47.4989454Z   "npm": "@ai-sdk/openai-compatible",
Formal AI draft	UNKNOWN STEP	2026-10-07T10:01:47.4989897Z   "message": "Model"
Formal AI draft	UNKNOWN STEP	2026-10-07T10:01:47.4990234Z }
Formal AI draft	UNKNOWN STEP	2026-10-07T10:01:47.5003607Z {
Formal AI draft	UNKNOWN STEP	2026-10-07T10:01:47.5004081Z   "type": "log",
Formal AI draft	UNKNOWN STEP	2026-10-07T10:01:47.5004502Z   "level": "info",
Formal AI draft	UNKNOWN STEP	2026-10-07T10:01:47.5004975Z   "timestamp": "2026-10-07T10:01:47.494Z",
Formal AI draft	UNKNOWN STEP	2026-10-07T10:01:47.5005599Z   "service": "session.prompt",
Formal AI draft	UNKNOWN STEP	2026-10-07T10:01:47.5006244Z   "sessionID": "ses_eea3021fcffePVnhYj3ovsUsl4",
Formal AI draft	UNKNOWN STEP	2026-10-07T10:01:47.5006843Z   "message": "Session ID"
Formal AI draft	UNKNOWN STEP	2026-10-07T10:01:47.5007319Z }
Formal AI draft	UNKNOWN STEP	2026-10-07T10:01:47.5019039Z {
Formal AI draft	UNKNOWN STEP	2026-10-07T10:01:47.5019379Z   "type": "log",
Formal AI draft	UNKNOWN STEP	2026-10-07T10:01:47.5019744Z   "level": "info",
Formal AI draft	UNKNOWN STEP	2026-10-07T10:01:47.5020169Z   "timestamp": "2026-10-07T10:01:47.494Z",
Formal AI draft	UNKNOWN STEP	2026-10-07T10:01:47.5020694Z   "service": "session.prompt",
Formal AI draft	UNKNOWN STEP	2026-10-07T10:01:47.5021106Z   "agent": "build",
Formal AI draft	UNKNOWN STEP	2026-10-07T10:01:47.5021623Z   "message": "Agent"
Formal AI draft	UNKNOWN STEP	2026-10-07T10:01:47.5021962Z }
Formal AI draft	UNKNOWN STEP	2026-10-07T10:01:47.5042892Z {
Formal AI draft	UNKNOWN STEP	2026-10-07T10:01:47.5043345Z   "type": "log",
Formal AI draft	UNKNOWN STEP	2026-10-07T10:01:47.5043755Z   "level": "info",
Formal AI draft	UNKNOWN STEP	2026-10-07T10:01:47.5044246Z   "timestamp": "2026-10-07T10:01:47.494Z",
Formal AI draft	UNKNOWN STEP	2026-10-07T10:01:47.5044869Z   "service": "session.prompt",
Formal AI draft	UNKNOWN STEP	2026-10-07T10:01:47.5045377Z   "temperature": 0,
Formal AI draft	UNKNOWN STEP	2026-10-07T10:01:47.5045792Z   "message": "Temperature"
Formal AI draft	UNKNOWN STEP	2026-10-07T10:01:47.5046259Z }
Formal AI draft	UNKNOWN STEP	2026-10-07T10:01:47.5054510Z {
Formal AI draft	UNKNOWN STEP	2026-10-07T10:01:47.5055154Z   "type": "log",
Formal AI draft	UNKNOWN STEP	2026-10-07T10:01:47.5055569Z   "level": "info",
Formal AI draft	UNKNOWN STEP	2026-10-07T10:01:47.5056402Z   "timestamp": "2026-10-07T10:01:47.494Z",
Formal AI draft	UNKNOWN STEP	2026-10-07T10:01:47.5056940Z   "service": "session.prompt",
Formal AI draft	UNKNOWN STEP	2026-10-07T10:01:47.5057370Z   "topP": "default",
Formal AI draft	UNKNOWN STEP	2026-10-07T10:01:47.5057735Z   "message": "Top P"
Formal AI draft	UNKNOWN STEP	2026-10-07T10:01:47.5058062Z }
Formal AI draft	UNKNOWN STEP	2026-10-07T10:01:47.5071789Z {
Formal AI draft	UNKNOWN STEP	2026-10-07T10:01:47.5072988Z   "type": "log",
Formal AI draft	UNKNOWN STEP	2026-10-07T10:01:47.5073582Z   "level": "info",
Formal AI draft	UNKNOWN STEP	2026-10-07T10:01:47.5074199Z   "timestamp": "2026-10-07T10:01:47.494Z",
Formal AI draft	UNKNOWN STEP	2026-10-07T10:01:47.5074904Z   "service": "session.prompt",
Formal AI draft	UNKNOWN STEP	2026-10-07T10:01:47.5076029Z   "tools": [
Formal AI draft	UNKNOWN STEP	2026-10-07T10:01:47.5076870Z     "bash",
Formal AI draft	UNKNOWN STEP	2026-10-07T10:01:47.5077379Z     "read",
Formal AI draft	UNKNOWN STEP	2026-10-07T10:01:47.5077853Z     "glob",
Formal AI draft	UNKNOWN STEP	2026-10-07T10:01:47.5078345Z     "grep",
Formal AI draft	UNKNOWN STEP	2026-10-07T10:01:47.5078818Z     "list",
Formal AI draft	UNKNOWN STEP	2026-10-07T10:01:47.5079312Z     "edit",
Formal AI draft	UNKNOWN STEP	2026-10-07T10:01:47.5079795Z     "write",
Formal AI draft	UNKNOWN STEP	2026-10-07T10:01:47.5080306Z     "task",
Formal AI draft	UNKNOWN STEP	2026-10-07T10:01:47.5080792Z     "webfetch",
Formal AI draft	UNKNOWN STEP	2026-10-07T10:01:47.5081311Z     "websearch",
Formal AI draft	UNKNOWN STEP	2026-10-07T10:01:47.5082022Z     "codesearch",
Formal AI draft	UNKNOWN STEP	2026-10-07T10:01:47.5082517Z     "batch",
Formal AI draft	UNKNOWN STEP	2026-10-07T10:01:47.5083016Z     "todowrite",
Formal AI draft	UNKNOWN STEP	2026-10-07T10:01:47.5083514Z     "todoread"
Formal AI draft	UNKNOWN STEP	2026-10-07T10:01:47.5083998Z   ],
Formal AI draft	UNKNOWN STEP	2026-10-07T10:01:47.5084506Z   "message": "Active Tools"
Formal AI draft	UNKNOWN STEP	2026-10-07T10:01:47.5085071Z }
Formal AI draft	UNKNOWN STEP	2026-10-07T10:01:47.5090843Z {
Formal AI draft	UNKNOWN STEP	2026-10-07T10:01:47.5091174Z   "type": "log",
Formal AI draft	UNKNOWN STEP	2026-10-07T10:01:47.5091701Z   "level": "info",
Formal AI draft	UNKNOWN STEP	2026-10-07T10:01:47.5092121Z   "timestamp": "2026-10-07T10:01:47.494Z",
Formal AI draft	UNKNOWN STEP	2026-10-07T10:01:47.5092570Z   "service": "session.prompt",
Formal AI draft	UNKNOWN STEP	2026-10-07T10:01:47.5092985Z   "message": "--- System Prompt ---"
Formal AI draft	UNKNOWN STEP	2026-10-07T10:01:47.5093339Z }
Formal AI draft	UNKNOWN STEP	2026-10-07T10:01:47.5112259Z {
Formal AI draft	UNKNOWN STEP	2026-10-07T10:01:47.5112680Z   "type": "log",
Formal AI draft	UNKNOWN STEP	2026-10-07T10:01:47.5113091Z   "level": "info",
Formal AI draft	UNKNOWN STEP	2026-10-07T10:01:47.5113563Z   "timestamp": "2026-10-07T10:01:47.494Z",
Formal AI draft	UNKNOWN STEP	2026-10-07T10:01:47.5114146Z   "service": "session.prompt",
Formal AI draft	UNKNOWN STEP	2026-10-07T10:01:47.5114606Z   "index": 1,
Formal AI draft	UNKNOWN STEP	2026-10-07T10:01:47.5114953Z   "tokens": 2054,
Formal AI draft	UNKNOWN STEP	2026-10-07T10:01:47.5115633Z   "message": "System Message"
Formal AI draft	UNKNOWN STEP	2026-10-07T10:01:47.5116080Z }
Formal AI draft	UNKNOWN STEP	2026-10-07T10:01:47.5139684Z {
Formal AI draft	UNKNOWN STEP	2026-10-07T10:01:47.5140143Z   "type": "log",
Formal AI draft	UNKNOWN STEP	2026-10-07T10:01:47.5140562Z   "level": "info",
Formal AI draft	UNKNOWN STEP	2026-10-07T10:01:47.5141045Z   "timestamp": "2026-10-07T10:01:47.494Z",
Formal AI draft	UNKNOWN STEP	2026-10-07T10:01:47.5141788Z   "service": "session.prompt",
Formal AI draft	UNKNOWN STEP	2026-10-07T10:01:47.5150821Z   "content": "You are Agent, the best coding agent on the planet.\n\nYou are an interactive CLI tool that helps users with software engineering tasks. Use the instructions below and the tools available to you to assist the user.\n\nIMPORTANT: You must NEVER generate or guess URLs for the user unless you are confident that the URLs are for helping the user with programming. You may use URLs provided by the user in their messages or local files.\n\nIf the user asks for help or wants to give feedback inform them of the following:\n- ctrl+p to list available actions\n- To give feedback, users should report the issue at\n  https://github.com/link-assistant/agent\n\nWhen the user directly asks about Agent (eg. \"can Agent do...\", \"does Agent have...\"), or asks in second person (eg. \"are you able...\", \"can you do...\"), or asks how to use a specific Agent feature (eg. implement a hook, write a slash command, or install an MCP server), use the WebFetch tool to gather information to answer the question from Agent docs. The list of available docs is available at https://github.com/link-assistant/agent#readme\n\n# Tone and style\n- Only use emojis if the user explicitly requests it. Avoid using emojis in all communication unless asked.\n- Your output will be displayed on a command line interface. Your responses should be short and concise. You can use Github-flavored markdown for formatting, and will be rendered in a monospace font using the CommonMark specification.\n- Output text to communicate with the user; all text you output outside of tool use is displayed to the user. Only use tools to complete tasks. Never use tools like Bash or code comments as means to communicate with the user during the session.\n- NEVER create files unless they're absolutely necessary for achieving your goal. ALWAYS prefer editing an existing file to creating a new one. This includes markdown files.\n\n# Professional objectivity\nPrioritize technical accuracy and truthfulness over validating the user's beliefs. Focus on facts and p... [truncated]",
Formal AI draft	UNKNOWN STEP	2026-10-07T10:01:47.5164649Z   "message": "System Message Content"
Formal AI draft	UNKNOWN STEP	2026-10-07T10:01:47.5165096Z }
Formal AI draft	UNKNOWN STEP	2026-10-07T10:01:47.5167709Z {
Formal AI draft	UNKNOWN STEP	2026-10-07T10:01:47.5168057Z   "type": "log",
Formal AI draft	UNKNOWN STEP	2026-10-07T10:01:47.5168482Z   "level": "info",
Formal AI draft	UNKNOWN STEP	2026-10-07T10:01:47.5168915Z   "timestamp": "2026-10-07T10:01:47.494Z",
Formal AI draft	UNKNOWN STEP	2026-10-07T10:01:47.5169496Z   "service": "session.prompt",
Formal AI draft	UNKNOWN STEP	2026-10-07T10:01:47.5169954Z   "index": 2,
Formal AI draft	UNKNOWN STEP	2026-10-07T10:01:47.5170282Z   "tokens": 1307,
Formal AI draft	UNKNOWN STEP	2026-10-07T10:01:47.5170692Z   "message": "System Message"
Formal AI draft	UNKNOWN STEP	2026-10-07T10:01:47.5171096Z }
Formal AI draft	UNKNOWN STEP	2026-10-07T10:01:47.5224622Z {
Formal AI draft	UNKNOWN STEP	2026-10-07T10:01:47.5224983Z   "type": "log",
Formal AI draft	UNKNOWN STEP	2026-10-07T10:01:47.5225335Z   "level": "info",
Formal AI draft	UNKNOWN STEP	2026-10-07T10:01:47.5225782Z   "timestamp": "2026-10-07T10:01:47.494Z",
Formal AI draft	UNKNOWN STEP	2026-10-07T10:01:47.5226309Z   "service": "session.prompt",
Formal AI draft	UNKNOWN STEP	2026-10-07T10:01:47.5237199Z   "content": "Here is some useful information about the environment you are running in:\n<env>\n  Working directory: /tmp/gh-issue-solver-1791367266830\n  Is directory a git repo: yes\n  Platform: linux\n  Today's date: Wed Oct 07 2026\n</env>\n\n<files>\n  .changeset/\n\tconfig.json\n\tissue-2563-held-back-merge-log.md\n\tquiet-pr-description.md\n\tREADME.md\n.github/\n\tactions/\n\t\t[3 truncated]\n\tcodeql/\n\t\t[1 truncated]\n\tworkflows/\n\t\t[8 truncated]\n\tdependabot.yml\n\tzizmor.yml\n.husky/\n\tpre-commit\ncase-studies/\n\tissue-661-session-resume-cost-optimization/\n\t\t[3 truncated]\ncoolify/\n\t.dockerignore\n\t.env.example\n\tdocker-compose.yml\n\tDockerfile\n\tREADME.md\n\tstart.sh\ndata/\n\tcase-studies/\n\t\t[2 truncated]\ndev/\n\tlog/\n\t\t[1 truncated]\ndocs/\n\tcase-studies/\n\t\t[556 truncated]\n\tdependencies-research/\n\t\t[7 truncated]\n\tBEST-PRACTICES.hi.md\n\tBEST-PRACTICES.md\n\tBEST-PRACTICES.ru.md\n\tBEST-PRACTICES.zh.md\n\tBRANCH_PROTECTION_POLICY.hi.md\n\tBRANCH_PROTECTION_POLICY.md\n\tBRANCH_PROTECTION_POLICY.ru.md\n\tBRANCH_PROTECTION_POLICY.zh.md\n\tCI-CD-BEST-PRACTICES.hi.md\n\tCI-CD-BEST-PRACTICES.md\n\tCI-CD-BEST-PRACTICES.ru.md\n\tCI-CD-BEST-PRACTICES.zh.md\n\tCOLLECTING-LOGS.hi.md\n\tCOLLECTING-LOGS.md\n\tCOLLECTING-LOGS.ru.md\n\tCOLLECTING-LOGS.zh.md\n\tCOMPARISON.hi.md\n\tCOMPARISON.md\n\tCOMPARISON.ru.md\n\tCOMPARISON.zh.md\n\t[68 truncated]\neslint-rules/\n\tno-direct-gh-exec.mjs\n\tno-leaked-streams.mjs\n\tno-leaked-timers.mjs\n\tno-underscore-passthrough-wrapper.mjs\n\tno-unretried-git-network.mjs\n\tno-unsafe-telegram-send.mjs\n\trequire-gh-paginate.mjs\n\trequire-sanitized-output.mjs\nexamples/\n\tagent-snapshot-reclaim-demo.mjs\n\tcollect-logs.mjs\n\tfix-update-dependencies-preview.mjs\n\tformal-ai-attributed-commit-demo.mjs\n\tgithub-url-recovery-demo.mjs\n\thive-screens-close-regression.mjs\n\tissue-2335-opentui-peer-compatibility.mjs\n\tissue-810-recheck-demo.md\n\trelease-preflight-report.mjs\n\tsolve-repository-mode-preview.mjs\n\ttest-i18n.mjs\nexperiments/\n\tissue-1102/\n\t\t[4 truncated]\n\tissue-1313/\n\t\t[2 truncated]\n\tissue-1895-api-research/\n\t\t[1 truncated]\n\tissue-2084/\n\t\t[1 truncated]\n\tis... [truncated]",
Formal AI draft	UNKNOWN STEP	2026-10-07T10:01:47.5251339Z   "message": "System Message Content"
Formal AI draft	UNKNOWN STEP	2026-10-07T10:01:47.5251945Z }
Formal AI draft	UNKNOWN STEP	2026-10-07T10:01:47.5252227Z {
Formal AI draft	UNKNOWN STEP	2026-10-07T10:01:47.5252517Z   "type": "log",
Formal AI draft	UNKNOWN STEP	2026-10-07T10:01:47.5252840Z   "level": "info",
Formal AI draft	UNKNOWN STEP	2026-10-07T10:01:47.5253227Z   "timestamp": "2026-10-07T10:01:47.494Z",
Formal AI draft	UNKNOWN STEP	2026-10-07T10:01:47.5253705Z   "service": "session.prompt",
Formal AI draft	UNKNOWN STEP	2026-10-07T10:01:47.5254159Z   "message": "--- Token Summary ---"
Formal AI draft	UNKNOWN STEP	2026-10-07T10:01:47.5254504Z }
Formal AI draft	UNKNOWN STEP	2026-10-07T10:01:47.5266886Z {
Formal AI draft	UNKNOWN STEP	2026-10-07T10:01:47.5267211Z   "type": "log",
Formal AI draft	UNKNOWN STEP	2026-10-07T10:01:47.5267557Z   "level": "info",
Formal AI draft	UNKNOWN STEP	2026-10-07T10:01:47.5267951Z   "timestamp": "2026-10-07T10:01:47.494Z",
Formal AI draft	UNKNOWN STEP	2026-10-07T10:01:47.5268440Z   "service": "session.prompt",
Formal AI draft	UNKNOWN STEP	2026-10-07T10:01:47.5268862Z   "systemTokens": 3361,
Formal AI draft	UNKNOWN STEP	2026-10-07T10:01:47.5269570Z   "message": "System prompt tokens (estimated)"
Formal AI draft	UNKNOWN STEP	2026-10-07T10:01:47.5270024Z }
Formal AI draft	UNKNOWN STEP	2026-10-07T10:01:47.5287188Z {
Formal AI draft	UNKNOWN STEP	2026-10-07T10:01:47.5287647Z   "type": "log",
Formal AI draft	UNKNOWN STEP	2026-10-07T10:01:47.5287988Z   "level": "info",
Formal AI draft	UNKNOWN STEP	2026-10-07T10:01:47.5288391Z   "timestamp": "2026-10-07T10:01:47.494Z",
Formal AI draft	UNKNOWN STEP	2026-10-07T10:01:47.5288886Z   "service": "session.prompt",
Formal AI draft	UNKNOWN STEP	2026-10-07T10:01:47.5289283Z   "userTokens": 2864,
Formal AI draft	UNKNOWN STEP	2026-10-07T10:01:47.5289717Z   "message": "User message tokens (estimated)"
Formal AI draft	UNKNOWN STEP	2026-10-07T10:01:47.5290160Z }
Formal AI draft	UNKNOWN STEP	2026-10-07T10:01:47.5318621Z {
Formal AI draft	UNKNOWN STEP	2026-10-07T10:01:47.5318982Z   "type": "log",
Formal AI draft	UNKNOWN STEP	2026-10-07T10:01:47.5319398Z   "level": "info",
Formal AI draft	UNKNOWN STEP	2026-10-07T10:01:47.5319926Z   "timestamp": "2026-10-07T10:01:47.494Z",
Formal AI draft	UNKNOWN STEP	2026-10-07T10:01:47.5320518Z   "service": "session.prompt",
Formal AI draft	UNKNOWN STEP	2026-10-07T10:01:47.5321054Z   "totalEstimatedTokens": 6225,
Formal AI draft	UNKNOWN STEP	2026-10-07T10:01:47.5321841Z   "message": "Total estimated tokens"
Formal AI draft	UNKNOWN STEP	2026-10-07T10:01:47.5322362Z }
Formal AI draft	UNKNOWN STEP	2026-10-07T10:01:47.5329425Z {
Formal AI draft	UNKNOWN STEP	2026-10-07T10:01:47.5329969Z   "type": "log",
Formal AI draft	UNKNOWN STEP	2026-10-07T10:01:47.5330619Z   "level": "info",
Formal AI draft	UNKNOWN STEP	2026-10-07T10:01:47.5331028Z   "timestamp": "2026-10-07T10:01:47.494Z",
Formal AI draft	UNKNOWN STEP	2026-10-07T10:01:47.5331794Z   "service": "session.prompt",
Formal AI draft	UNKNOWN STEP	2026-10-07T10:01:47.5332353Z   "contextLimit": 60000,
Formal AI draft	UNKNOWN STEP	2026-10-07T10:01:47.5332922Z   "message": "Model context limit"
Formal AI draft	UNKNOWN STEP	2026-10-07T10:01:47.5333312Z }
Formal AI draft	UNKNOWN STEP	2026-10-07T10:01:47.5357346Z {
Formal AI draft	UNKNOWN STEP	2026-10-07T10:01:47.5357757Z   "type": "log",
Formal AI draft	UNKNOWN STEP	2026-10-07T10:01:47.5358297Z   "level": "info",
Formal AI draft	UNKNOWN STEP	2026-10-07T10:01:47.5358699Z   "timestamp": "2026-10-07T10:01:47.495Z",
Formal AI draft	UNKNOWN STEP	2026-10-07T10:01:47.5359194Z   "service": "session.prompt",
Formal AI draft	UNKNOWN STEP	2026-10-07T10:01:47.5359592Z   "outputLimit": 8192,
Formal AI draft	UNKNOWN STEP	2026-10-07T10:01:47.5359987Z   "message": "Model output limit"
Formal AI draft	UNKNOWN STEP	2026-10-07T10:01:47.5360375Z }
Formal AI draft	UNKNOWN STEP	2026-10-07T10:01:47.5376034Z {
Formal AI draft	UNKNOWN STEP	2026-10-07T10:01:47.5376354Z   "type": "log",
Formal AI draft	UNKNOWN STEP	2026-10-07T10:01:47.5376894Z   "level": "info",
Formal AI draft	UNKNOWN STEP	2026-10-07T10:01:47.5377306Z   "timestamp": "2026-10-07T10:01:47.495Z",
Formal AI draft	UNKNOWN STEP	2026-10-07T10:01:47.5377955Z   "service": "session.prompt",
Formal AI draft	UNKNOWN STEP	2026-10-07T10:01:47.5378850Z   "message": "=== END VERBOSE ==="
Formal AI draft	UNKNOWN STEP	2026-10-07T10:01:47.5379403Z }
Formal AI draft	UNKNOWN STEP	2026-10-07T10:01:47.5397127Z {
Formal AI draft	UNKNOWN STEP	2026-10-07T10:01:47.5397861Z   "type": "log",
Formal AI draft	UNKNOWN STEP	2026-10-07T10:01:47.5398414Z   "level": "info",
Formal AI draft	UNKNOWN STEP	2026-10-07T10:01:47.5398827Z   "timestamp": "2026-10-07T10:01:47.497Z",
Formal AI draft	UNKNOWN STEP	2026-10-07T10:01:47.5399315Z   "service": "session.processor",
Formal AI draft	UNKNOWN STEP	2026-10-07T10:01:47.5399720Z   "message": "process"
Formal AI draft	UNKNOWN STEP	2026-10-07T10:01:47.5400051Z }
Formal AI draft	UNKNOWN STEP	2026-10-07T10:01:47.5417048Z {
Formal AI draft	UNKNOWN STEP	2026-10-07T10:01:47.5417395Z   "type": "session.status",
Formal AI draft	UNKNOWN STEP	2026-10-07T10:01:47.5417788Z   "level": "info",
Formal AI draft	UNKNOWN STEP	2026-10-07T10:01:47.5418193Z   "timestamp": "2026-10-07T10:01:47.508Z",
Formal AI draft	UNKNOWN STEP	2026-10-07T10:01:47.5418619Z   "service": "bus",
Formal AI draft	UNKNOWN STEP	2026-10-07T10:01:47.5418957Z   "message": "publishing"
Formal AI draft	UNKNOWN STEP	2026-10-07T10:01:47.5419309Z }
Formal AI draft	UNKNOWN STEP	2026-10-07T10:01:47.5448070Z {
Formal AI draft	UNKNOWN STEP	2026-10-07T10:01:47.5448818Z   "type": "log",
Formal AI draft	UNKNOWN STEP	2026-10-07T10:01:47.5449416Z   "level": "debug",
Formal AI draft	UNKNOWN STEP	2026-10-07T10:01:47.5450031Z   "timestamp": "2026-10-07T10:01:47.516Z",
Formal AI draft	UNKNOWN STEP	2026-10-07T10:01:47.5450731Z   "service": "provider",
Formal AI draft	UNKNOWN STEP	2026-10-07T10:01:47.5451306Z   "providerID": "formalai",
Formal AI draft	UNKNOWN STEP	2026-10-07T10:01:47.5452159Z   "message": "verbose HTTP logging active"
Formal AI draft	UNKNOWN STEP	2026-10-07T10:01:47.5452787Z }
Formal AI draft	UNKNOWN STEP	2026-10-07T10:01:47.6035905Z {
Formal AI draft	UNKNOWN STEP	2026-10-07T10:01:47.6036310Z   "type": "log",
Formal AI draft	UNKNOWN STEP	2026-10-07T10:01:47.6036669Z   "level": "info",
Formal AI draft	UNKNOWN STEP	2026-10-07T10:01:47.6037084Z   "timestamp": "2026-10-07T10:01:47.516Z",
Formal AI draft	UNKNOWN STEP	2026-10-07T10:01:47.6037557Z   "service": "provider",
Formal AI draft	UNKNOWN STEP	2026-10-07T10:01:47.6038021Z   "caller": "provider/formalai",
Formal AI draft	UNKNOWN STEP	2026-10-07T10:01:47.6038440Z   "providerID": "formalai",
Formal AI draft	UNKNOWN STEP	2026-10-07T10:01:47.6038817Z   "callNum": 1,
Formal AI draft	UNKNOWN STEP	2026-10-07T10:01:47.6039130Z   "method": "POST",
Formal AI draft	UNKNOWN STEP	2026-10-07T10:01:47.6039669Z   "url": "http://127.0.0.1:45785/api/openai/v1/chat/completions",
Formal AI draft	UNKNOWN STEP	2026-10-07T10:01:47.6040226Z   "headers": {
Formal AI draft	UNKNOWN STEP	2026-10-07T10:01:47.6040603Z     "authorization": "[REDACTED]",
Formal AI draft	UNKNOWN STEP	2026-10-07T10:01:47.6041087Z     "content-type": "application/json",
Formal AI draft	UNKNOWN STEP	2026-10-07T10:01:47.6042042Z     "user-agent": "ai-sdk-openai-compatible/3.0.65 ai-sdk-provider-utils/5.0.56 bun/1.4.2"
Formal AI draft	UNKNOWN STEP	2026-10-07T10:01:47.6042759Z   },
