2026-10-07T09:53:55.4733120Z Current runner version: '2.337.0'
2026-10-07T09:53:55.4769725Z ##[group]Runner Image Provisioner
2026-10-07T09:53:55.4770952Z Hosted Compute Agent
2026-10-07T09:53:55.4772359Z Version: 20260901.588
2026-10-07T09:53:55.4773412Z Commit: f88…d0b
2026-10-07T09:53:55.4774674Z Build Date: 2026-09-01T19:56:44Z
2026-10-07T09:53:55.4775705Z Worker ID: {749170ab-bb42-4180-be37-483a3b2a7bb0}
2026-10-07T09:53:55.4776780Z Azure Region: northcentralus
2026-10-07T09:53:55.4777851Z ##[endgroup]
2026-10-07T09:53:55.4780087Z ##[group]Operating System
2026-10-07T09:53:55.4781167Z Ubuntu
2026-10-07T09:53:55.4782213Z 24.04.5
2026-10-07T09:53:55.4783003Z LTS
2026-10-07T09:53:55.4783949Z ##[endgroup]
2026-10-07T09:53:55.4784797Z ##[group]Runner Image
2026-10-07T09:53:55.4785882Z Image: ubuntu-24.04
2026-10-07T09:53:55.4786829Z Version: 20260927.320.1
2026-10-07T09:53:55.4788992Z Included Software: https://github.com/actions/runner-images/blob/ubuntu24/20260927.320/images/ubuntu/Ubuntu2404-Readme.md
2026-10-07T09:53:55.4791701Z Image Release: https://github.com/actions/runner-images/releases/tag/ubuntu24%2F20260927.320
2026-10-07T09:53:55.4793318Z ##[endgroup]
2026-10-07T09:53:55.4795473Z ##[group]GITHUB_TOKEN Permissions
2026-10-07T09:53:55.4798562Z Actions: write
2026-10-07T09:53:55.4799436Z Contents: write
2026-10-07T09:53:55.4800291Z Issues: write
2026-10-07T09:53:55.4801258Z Metadata: read
2026-10-07T09:53:55.4802372Z PullRequests: write
2026-10-07T09:53:55.4803412Z ##[endgroup]
2026-10-07T09:53:55.4806327Z Secret source: Actions
2026-10-07T09:53:55.4807895Z Cache mode: read
2026-10-07T09:53:55.4809250Z Prepare workflow directory
2026-10-07T09:53:55.5196819Z Prepare all required actions
2026-10-07T09:53:55.5267934Z Getting action download info
2026-10-07T09:53:55.7977331Z Download action repository 'actions/checkout@v7' (SHA:3d3c42e5aac5ba805825da76410c181273ba90b1)
2026-10-07T09:53:55.9506973Z Download action repository 'actions/setup-node@v7' (SHA:820762786026740c76f36085b0efc47a31fe5020)
2026-10-07T09:53:56.0847313Z Download action repository 'actions/upload-artifact@v7' (SHA:043fb46d1a93c77aae656e7c1c64a875d1fc6a0a)
2026-10-07T09:53:56.3396940Z Complete job name: Formal AI draft
2026-10-07T09:53:56.4247256Z ##[group]Run actions/checkout@v7
2026-10-07T09:53:56.4248140Z with:
2026-10-07T09:53:56.4248622Z   persist-credentials: false
2026-10-07T09:53:56.4249183Z   repository: link-assistant/hive-mind
2026-10-07T09:53:56.4254051Z   token: [REDACTED]
2026-10-07T09:53:56.4254517Z   ssh-strict: true
2026-10-07T09:53:56.4254969Z   ssh-user: git
2026-10-07T09:53:56.4255406Z   clean: true
2026-10-07T09:53:56.4255859Z   sparse-checkout-cone-mode: true
2026-10-07T09:53:56.4256388Z   fetch-depth: 1
2026-10-07T09:53:56.4256823Z   fetch-tags: false
2026-10-07T09:53:56.4257284Z   show-progress: true
2026-10-07T09:53:56.4257743Z   lfs: false
2026-10-07T09:53:56.4258178Z   submodules: false
2026-10-07T09:53:56.4258650Z   set-safe-directory: true
2026-10-07T09:53:56.4259166Z   allow-unsafe-pr-checkout: false
2026-10-07T09:53:56.4260047Z ##[endgroup]
2026-10-07T09:53:56.5427959Z Syncing repository: link-assistant/hive-mind
2026-10-07T09:53:56.5430466Z ##[group]Getting Git version info
2026-10-07T09:53:56.5431930Z Working directory is '/home/runner/work/hive-mind/hive-mind'
2026-10-07T09:53:56.5433484Z [command]/usr/bin/git version
2026-10-07T09:53:56.6822945Z git version 2.55.0
2026-10-07T09:53:56.6844561Z ##[endgroup]
2026-10-07T09:53:56.6856860Z Temporarily overriding HOME='/home/runner/work/_temp/623c130c-c6aa-42ec-adc4-c4fef50c0e3a' before making global git config changes
2026-10-07T09:53:56.6858296Z Adding repository directory to the temporary git global config as a safe directory
2026-10-07T09:53:56.6863186Z [command]/usr/bin/git config --global --add safe.directory /home/runner/work/hive-mind/hive-mind
2026-10-07T09:53:56.7175763Z Deleting the contents of '/home/runner/work/hive-mind/hive-mind'
2026-10-07T09:53:56.7180401Z ##[group]Determining repository object format
2026-10-07T09:53:56.7182241Z ##[endgroup]
2026-10-07T09:53:56.7183519Z ##[group]Initializing the repository
2026-10-07T09:53:56.7187348Z [command]/usr/bin/git init /home/runner/work/hive-mind/hive-mind
2026-10-07T09:53:56.7759858Z hint: Using 'master' as the name for the initial branch. This default branch name
2026-10-07T09:53:56.7761954Z hint: will change to "main" in Git 3.0. To configure the initial branch name
2026-10-07T09:53:56.7762958Z hint: to use in all of your new repositories, which will suppress this warning,
2026-10-07T09:53:56.7763740Z hint: call:
2026-10-07T09:53:56.7764162Z hint:
2026-10-07T09:53:56.7764721Z hint: 	git config --global init.defaultBranch <name>
2026-10-07T09:53:56.7765351Z hint:
2026-10-07T09:53:56.7766177Z hint: Names commonly chosen instead of 'master' are 'main', 'trunk' and
2026-10-07T09:53:56.7767303Z hint: 'development'. The just-created branch can be renamed via this command:
2026-10-07T09:53:56.7768392Z hint:
2026-10-07T09:53:56.7768831Z hint: 	git branch -m <name>
2026-10-07T09:53:56.7769313Z hint:
2026-10-07T09:53:56.7769971Z hint: Disable this message with "git config set advice.defaultBranchName false"
2026-10-07T09:53:56.7770989Z Initialized empty Git repository in /home/runner/work/hive-mind/hive-mind/.git/
2026-10-07T09:53:56.7773990Z [command]/usr/bin/git remote add origin https://github.com/link-assistant/hive-mind
2026-10-07T09:53:56.8110906Z ##[endgroup]
2026-10-07T09:53:56.8111994Z ##[group]Disabling automatic garbage collection
2026-10-07T09:53:56.8114843Z [command]/usr/bin/git config --local gc.auto 0
2026-10-07T09:53:56.8157521Z ##[endgroup]
2026-10-07T09:53:56.8158386Z ##[group]Setting up auth
2026-10-07T09:53:56.8159003Z Removing SSH command configuration
2026-10-07T09:53:56.8164690Z [command]/usr/bin/git config --local --name-only --get-regexp core\.sshCommand
2026-10-07T09:53:56.8206819Z [command]/usr/bin/git submodule foreach --recursive sh -c "git config --local --name-only --get-regexp 'core\.sshCommand' && git config --local --unset-all 'core.sshCommand' || :"
2026-10-07T09:53:57.0531708Z Removing HTTP extra header
2026-10-07T09:53:57.0538569Z [command]/usr/bin/git config --local --name-only --get-regexp http\.https\:\/\/github\.com\/\.extraheader
2026-10-07T09:53:57.0584099Z [command]/usr/bin/git submodule foreach --recursive sh -c "git config --local --name-only --get-regexp 'http\.https\:\/\/github\.com\/\.extraheader' && git config --local --unset-all 'http.https://github.com/.extraheader' || :"
2026-10-07T09:53:57.0833443Z Removing includeIf entries pointing to credentials config files
2026-10-07T09:53:57.0837653Z [command]/usr/bin/git config --local --name-only --get-regexp ^includeIf\.gitdir:
2026-10-07T09:53:57.0879856Z [command]/usr/bin/git submodule foreach --recursive git config --local --show-origin --name-only --get-regexp remote.origin.url
2026-10-07T09:53:57.1133057Z [command]/usr/bin/git config --file /home/runner/work/_temp/git-credentials-616bea96-4631-4064-8299-40469a7690c2.config http.https://github.com/.extraheader AUTHORIZATION: basic [REDACTED]
2026-10-07T09:53:57.1180801Z [command]/usr/bin/git config --local includeIf.gitdir:/home/runner/work/hive-mind/hive-mind/.git.path /home/runner/work/_temp/git-credentials-616bea96-4631-4064-8299-40469a7690c2.config
2026-10-07T09:53:57.1223536Z [command]/usr/bin/git config --local includeIf.gitdir:/home/runner/work/hive-mind/hive-mind/.git/worktrees/*.path /home/runner/work/_temp/git-credentials-616bea96-4631-4064-8299-40469a7690c2.config
2026-10-07T09:53:57.1268822Z [command]/usr/bin/git config --local includeIf.gitdir:/github/workspace/.git.path /github/runner_temp/git-credentials-616bea96-4631-4064-8299-40469a7690c2.config
2026-10-07T09:53:57.1351108Z [command]/usr/bin/git config --local includeIf.gitdir:/github/workspace/.git/worktrees/*.path /github/runner_temp/git-credentials-616bea96-4631-4064-8299-40469a7690c2.config
2026-10-07T09:53:57.1379045Z ##[endgroup]
2026-10-07T09:53:57.1381262Z ##[group]Fetching the repository
2026-10-07T09:53:57.1389744Z [command]/usr/bin/git -c protocol.version=2 fetch --no-tags --prune --no-recurse-submodules --depth=1 origin +926…a88:refs/remotes/origin/main
2026-10-07T09:54:15.7545320Z From https://github.com/link-assistant/hive-mind
2026-10-07T09:54:15.7546865Z  * [new ref]         926…a88 -> origin/main
2026-10-07T09:54:15.7555413Z [command]/usr/bin/git branch --list --remote origin/main
2026-10-07T09:54:15.7590782Z   origin/main
2026-10-07T09:54:15.7599699Z [command]/usr/bin/git rev-parse refs/remotes/origin/main
2026-10-07T09:54:15.7632502Z 926…a88
2026-10-07T09:54:15.7636365Z ##[endgroup]
2026-10-07T09:54:15.7637077Z ##[group]Determining the checkout info
2026-10-07T09:54:15.7637922Z ##[endgroup]
2026-10-07T09:54:15.7643535Z [command]/usr/bin/git sparse-checkout disable
2026-10-07T09:54:15.7875257Z [command]/usr/bin/git config --local --unset-all extensions.worktreeConfig
2026-10-07T09:54:15.7915615Z ##[group]Checking out the ref
2026-10-07T09:54:15.7922087Z [command]/usr/bin/git checkout --progress --force -B main refs/remotes/origin/main
2026-10-07T09:54:16.9526458Z Updating files:  26% (2046/7772)
2026-10-07T09:54:17.0107440Z Updating files:  27% (2099/7772)
2026-10-07T09:54:17.0495514Z Updating files:  28% (2177/7772)
2026-10-07T09:54:17.0738032Z Updating files:  29% (2254/7772)
2026-10-07T09:54:17.0935451Z Updating files:  30% (2332/7772)
2026-10-07T09:54:17.1292523Z Updating files:  31% (2410/7772)
2026-10-07T09:54:17.2127530Z Updating files:  32% (2488/7772)
2026-10-07T09:54:17.2328849Z Updating files:  33% (2565/7772)
2026-10-07T09:54:17.2497603Z Updating files:  34% (2643/7772)
2026-10-07T09:54:17.2741128Z Updating files:  35% (2721/7772)
2026-10-07T09:54:17.4265612Z Updating files:  36% (2798/7772)
2026-10-07T09:54:17.4478410Z Updating files:  37% (2876/7772)
2026-10-07T09:54:17.5223960Z Updating files:  38% (2954/7772)
2026-10-07T09:54:17.6949652Z Updating files:  39% (3032/7772)
2026-10-07T09:54:17.7293854Z Updating files:  40% (3109/7772)
2026-10-07T09:54:17.8104954Z Updating files:  41% (3187/7772)
2026-10-07T09:54:17.8249686Z Updating files:  41% (3245/7772)
2026-10-07T09:54:17.8672113Z Updating files:  42% (3265/7772)
2026-10-07T09:54:17.8955033Z Updating files:  43% (3342/7772)
2026-10-07T09:54:17.9516756Z Updating files:  44% (3420/7772)
2026-10-07T09:54:18.0288053Z Updating files:  45% (3498/7772)
2026-10-07T09:54:18.0958351Z Updating files:  46% (3576/7772)
2026-10-07T09:54:18.1259850Z Updating files:  47% (3653/7772)
2026-10-07T09:54:18.1439853Z Updating files:  48% (3731/7772)
2026-10-07T09:54:18.1863967Z Updating files:  49% (3809/7772)
2026-10-07T09:54:18.2117415Z Updating files:  50% (3886/7772)
2026-10-07T09:54:18.2292701Z Updating files:  51% (3964/7772)
2026-10-07T09:54:18.2439636Z Updating files:  52% (4042/7772)
2026-10-07T09:54:18.3735672Z Updating files:  53% (4120/7772)
2026-10-07T09:54:18.3919930Z Updating files:  54% (4197/7772)
2026-10-07T09:54:18.4641352Z Updating files:  55% (4275/7772)
2026-10-07T09:54:18.4742200Z Updating files:  56% (4353/7772)
2026-10-07T09:54:18.4794179Z Updating files:  57% (4431/7772)
2026-10-07T09:54:18.5243832Z Updating files:  58% (4508/7772)
2026-10-07T09:54:18.5548171Z Updating files:  59% (4586/7772)
2026-10-07T09:54:18.5615699Z Updating files:  60% (4664/7772)
2026-10-07T09:54:18.5698918Z Updating files:  61% (4741/7772)
2026-10-07T09:54:18.6780023Z Updating files:  62% (4819/7772)
2026-10-07T09:54:18.7159241Z Updating files:  63% (4897/7772)
2026-10-07T09:54:18.8209666Z Updating files:  64% (4975/7772)
2026-10-07T09:54:18.8333025Z Updating files:  64% (5043/7772)
2026-10-07T09:54:18.8490478Z Updating files:  65% (5052/7772)
2026-10-07T09:54:18.8597014Z Updating files:  66% (5130/7772)
2026-10-07T09:54:18.8723751Z Updating files:  67% (5208/7772)
2026-10-07T09:54:18.9678186Z Updating files:  68% (5285/7772)
2026-10-07T09:54:18.9783990Z Updating files:  69% (5363/7772)
2026-10-07T09:54:19.1761109Z Updating files:  70% (5441/7772)
2026-10-07T09:54:19.2170935Z Updating files:  71% (5519/7772)
2026-10-07T09:54:19.2635584Z Updating files:  72% (5596/7772)
2026-10-07T09:54:19.2913925Z Updating files:  73% (5674/7772)
2026-10-07T09:54:19.2958540Z Updating files:  74% (5752/7772)
2026-10-07T09:54:19.3003731Z Updating files:  75% (5829/7772)
2026-10-07T09:54:19.3046586Z Updating files:  76% (5907/7772)
2026-10-07T09:54:19.3093451Z Updating files:  77% (5985/7772)
2026-10-07T09:54:19.3142871Z Updating files:  78% (6063/7772)
2026-10-07T09:54:19.3205485Z Updating files:  79% (6140/7772)
2026-10-07T09:54:19.3243855Z Updating files:  80% (6218/7772)
2026-10-07T09:54:19.3284969Z Updating files:  81% (6296/7772)
2026-10-07T09:54:19.3328487Z Updating files:  82% (6374/7772)
2026-10-07T09:54:19.3368379Z Updating files:  83% (6451/7772)
2026-10-07T09:54:19.3408091Z Updating files:  84% (6529/7772)
2026-10-07T09:54:19.3448009Z Updating files:  85% (6607/7772)
2026-10-07T09:54:19.3498563Z Updating files:  86% (6684/7772)
2026-10-07T09:54:19.3569572Z Updating files:  87% (6762/7772)
2026-10-07T09:54:19.3645462Z Updating files:  88% (6840/7772)
2026-10-07T09:54:19.3729693Z Updating files:  89% (6918/7772)
2026-10-07T09:54:19.3810105Z Updating files:  90% (6995/7772)
2026-10-07T09:54:19.3888069Z Updating files:  91% (7073/7772)
2026-10-07T09:54:19.3949773Z Updating files:  92% (7151/7772)
2026-10-07T09:54:19.4015329Z Updating files:  93% (7228/7772)
2026-10-07T09:54:19.4077413Z Updating files:  94% (7306/7772)
2026-10-07T09:54:19.4139862Z Updating files:  95% (7384/7772)
2026-10-07T09:54:19.4196388Z Updating files:  96% (7462/7772)
2026-10-07T09:54:19.4266659Z Updating files:  97% (7539/7772)
2026-10-07T09:54:19.4333584Z Updating files:  98% (7617/7772)
2026-10-07T09:54:19.4391727Z Updating files:  99% (7695/7772)
2026-10-07T09:54:19.4392191Z Updating files: 100% (7772/7772)
2026-10-07T09:54:19.4392628Z Updating files: 100% (7772/7772), done.
2026-10-07T09:54:19.4976480Z Switched to a new branch 'main'
2026-10-07T09:54:19.4980168Z branch 'main' set up to track 'origin/main'.
2026-10-07T09:54:19.5067677Z ##[endgroup]
2026-10-07T09:54:19.5127095Z [command]/usr/bin/git log -1 --format=%H
2026-10-07T09:54:19.5164703Z 926…a88
2026-10-07T09:54:19.5174442Z ##[group]Removing auth
2026-10-07T09:54:19.5174736Z Removing SSH command configuration
2026-10-07T09:54:19.5178982Z [command]/usr/bin/git config --local --name-only --get-regexp core\.sshCommand
2026-10-07T09:54:19.5219547Z [command]/usr/bin/git submodule foreach --recursive sh -c "git config --local --name-only --get-regexp 'core\.sshCommand' && git config --local --unset-all 'core.sshCommand' || :"
2026-10-07T09:54:19.5490931Z Removing HTTP extra header
2026-10-07T09:54:19.5496065Z [command]/usr/bin/git config --local --name-only --get-regexp http\.https\:\/\/github\.com\/\.extraheader
2026-10-07T09:54:19.5539485Z [command]/usr/bin/git submodule foreach --recursive sh -c "git config --local --name-only --get-regexp 'http\.https\:\/\/github\.com\/\.extraheader' && git config --local --unset-all 'http.https://github.com/.extraheader' || :"
2026-10-07T09:54:19.5812768Z Removing includeIf entries pointing to credentials config files
2026-10-07T09:54:19.5815892Z [command]/usr/bin/git config --local --name-only --get-regexp ^includeIf\.gitdir:
2026-10-07T09:54:19.5850687Z includeif.gitdir:/home/runner/work/hive-mind/hive-mind/.git.path
2026-10-07T09:54:19.5851638Z includeif.gitdir:/home/runner/work/hive-mind/hive-mind/.git/worktrees/*.path
2026-10-07T09:54:19.5852392Z includeif.gitdir:/github/workspace/.git.path
2026-10-07T09:54:19.5852947Z includeif.gitdir:/github/workspace/.git/worktrees/*.path
2026-10-07T09:54:19.5873254Z [command]/usr/bin/git config --local --get-all includeif.gitdir:/home/runner/work/hive-mind/hive-mind/.git.path
2026-10-07T09:54:19.5906418Z /home/runner/work/_temp/git-credentials-616bea96-4631-4064-8299-40469a7690c2.config
2026-10-07T09:54:19.5917579Z [command]/usr/bin/git config --local --unset includeif.gitdir:/home/runner/work/hive-mind/hive-mind/.git.path \/home\/runner\/work\/_temp\/git\-credentials\-616bea96\-4631\-4064\-8299\-40469a7690c2\.config
2026-10-07T09:54:19.5959916Z [command]/usr/bin/git config --local --get-all includeif.gitdir:/home/runner/work/hive-mind/hive-mind/.git/worktrees/*.path
2026-10-07T09:54:19.5990163Z /home/runner/work/_temp/git-credentials-616bea96-4631-4064-8299-40469a7690c2.config
2026-10-07T09:54:19.6004732Z [command]/usr/bin/git config --local --unset includeif.gitdir:/home/runner/work/hive-mind/hive-mind/.git/worktrees/*.path \/home\/runner\/work\/_temp\/git\-credentials\-616bea96\-4631\-4064\-8299\-40469a7690c2\.config
2026-10-07T09:54:19.6050166Z [command]/usr/bin/git config --local --get-all includeif.gitdir:/github/workspace/.git.path
2026-10-07T09:54:19.6081043Z /github/runner_temp/git-credentials-616bea96-4631-4064-8299-40469a7690c2.config
2026-10-07T09:54:19.6089532Z [command]/usr/bin/git config --local --unset includeif.gitdir:/github/workspace/.git.path \/github\/runner_temp\/git\-credentials\-616bea96\-4631\-4064\-8299\-40469a7690c2\.config
2026-10-07T09:54:19.6130589Z [command]/usr/bin/git config --local --get-all includeif.gitdir:/github/workspace/.git/worktrees/*.path
2026-10-07T09:54:19.6160487Z /github/runner_temp/git-credentials-616bea96-4631-4064-8299-40469a7690c2.config
2026-10-07T09:54:19.6168173Z [command]/usr/bin/git config --local --unset includeif.gitdir:/github/workspace/.git/worktrees/*.path \/github\/runner_temp\/git\-credentials\-616bea96\-4631\-4064\-8299\-40469a7690c2\.config
2026-10-07T09:54:19.6208908Z [command]/usr/bin/git submodule foreach --recursive git config --local --show-origin --name-only --get-regexp remote.origin.url
2026-10-07T09:54:19.6466759Z Removing credentials config '/home/runner/work/_temp/git-credentials-616bea96-4631-4064-8299-40469a7690c2.config'
2026-10-07T09:54:19.6477944Z ##[endgroup]
2026-10-07T09:54:19.6745239Z ##[group]Run actions/setup-node@v7
2026-10-07T09:54:19.6745520Z with:
2026-10-07T09:54:19.6745726Z   node-version: 24.x
2026-10-07T09:54:19.6745949Z   check-latest: false
2026-10-07T09:54:19.6748620Z   token: [REDACTED]
2026-10-07T09:54:19.6748856Z   package-manager-cache: true
2026-10-07T09:54:19.6749118Z ##[endgroup]
2026-10-07T09:54:19.8367451Z Found in cache @ /opt/hostedtoolcache/node/24.21.0/x64
2026-10-07T09:54:19.8371100Z ##[group]Environment details
2026-10-07T09:54:22.9670840Z node: v24.21.0
2026-10-07T09:54:22.9671121Z npm: 11.19.0
2026-10-07T09:54:22.9671332Z yarn: 1.22.22
2026-10-07T09:54:22.9672839Z ##[endgroup]
2026-10-07T09:54:22.9678395Z Detected npm as the package manager from package.json's packageManager field. Auto caching has been enabled for npm. If you want to disable it, set package-manager-cache input to false
2026-10-07T09:54:22.9694244Z [command]/opt/hostedtoolcache/node/24.21.0/x64/bin/npm config get cache
2026-10-07T09:54:23.3687529Z /home/runner/.npm
2026-10-07T09:54:23.5421092Z Cache hit for: node-cache-Linux-x64-npm-65d29916d955aa19173f057d3adc84e931f384a2953d05a5436f30dfe0dae0d1
2026-10-07T09:54:24.1785729Z Received 31842907 of 31842907 (100.0%), 59.1 MBs/sec
2026-10-07T09:54:24.1786126Z Cache Size: ~30 MB (31842907 B)
2026-10-07T09:54:24.1810076Z [command]/usr/bin/tar -xf /home/runner/work/_temp/f239bdae-b625-472e-b6e7-7d5f79ca7f2b/cache.tzst -P -C /home/runner/work/hive-mind/hive-mind --use-compress-program unzstd
2026-10-07T09:54:24.2790930Z Cache restored successfully
2026-10-07T09:54:24.2816384Z Cache restored from key: node-cache-Linux-x64-npm-65d29916d955aa19173f057d3adc84e931f384a2953d05a5436f30dfe0dae0d1
2026-10-07T09:54:24.3436111Z ##[group]Run npm ci --omit=dev --ignore-scripts
2026-10-07T09:54:24.3436622Z [36;1mnpm ci --omit=dev --ignore-scripts[0m
2026-10-07T09:54:26.1461730Z shell: /usr/bin/bash -e {0}
2026-10-07T09:54:26.1462414Z ##[endgroup]
2026-10-07T09:54:30.5176748Z 
2026-10-07T09:54:30.5185583Z added 144 packages, and audited 145 packages in 4s
2026-10-07T09:54:30.5186084Z 
2026-10-07T09:54:30.5186699Z 36 packages are looking for funding
2026-10-07T09:54:30.5187300Z   run `npm fund` for details
2026-10-07T09:54:30.5191744Z 
2026-10-07T09:54:30.5192152Z found 0 vulnerabilities
2026-10-07T09:54:30.6028877Z Prepare all required actions
2026-10-07T09:54:30.6029492Z Getting action download info
2026-10-07T09:54:30.7017111Z Download action repository 'actions/create-github-app-token@v3' (SHA:bcd2ba49218906704ab6c1aa796996da409d3eb1)
2026-10-07T09:54:31.0604187Z ##[group]Run ./.github/actions/resolve-github-token
2026-10-07T09:54:31.0604538Z with:
2026-10-07T09:54:31.0607208Z   default-token: [REDACTED]
2026-10-07T09:54:31.0607487Z   repository-operations: false
2026-10-07T09:54:31.0607756Z   owner: link-assistant
2026-10-07T09:54:31.0607990Z ##[endgroup]
2026-10-07T09:54:31.0668105Z ##[start-action display=Mint installation token;id=gh.app]
2026-10-07T09:54:31.0680286Z ##[end-action id=gh.app;outcome=skipped;conclusion=skipped;duration_ms=0]
2026-10-07T09:54:31.0682636Z ##[start-action display=Mint repository administration token;id=gh.admin]
2026-10-07T09:54:31.0687284Z ##[end-action id=gh.admin;outcome=skipped;conclusion=skipped;duration_ms=0]
2026-10-07T09:54:31.0700097Z ##[start-action display=Resolve and report credentials;id=gh.resolve]
2026-10-07T09:54:31.0728450Z ##[group]Run node "$ACTION_PATH/../../../scripts/resolve-automation-token.mjs"
2026-10-07T09:54:31.0729032Z [36;1mnode "$ACTION_PATH/../../../scripts/resolve-automation-token.mjs"[0m
2026-10-07T09:54:31.0801352Z shell: /usr/bin/bash --noprofile --norc -e -o pipefail {0}
2026-10-07T09:54:31.0801868Z env:
2026-10-07T09:54:31.0802118Z   RESOLVED_APP_TOKEN: 
202…92Z   APP_ADMINISTRATION_GRANTED: false
2026-10-07T09:54:31.0802679Z   AUTOMATION_TOKEN: 
202…54Z   DEFAULT_TOKEN: [REDACTED]
2026-10-07T09:54:31.0805824Z   AUTOMATION_OWNER: link-assistant
2026-10-07T09:54:31.0806281Z   ACTION_PATH: /home/runner/work/hive-mind/hive-mind/./.github/actions/resolve-github-token
2026-10-07T09:54:31.0806729Z ##[endgroup]
2026-10-07T09:54:31.1231886Z GitHub credentials: layer default (built-in github.token; optional credentials unavailable); pull request checks through dispatch-checks.
2026-10-07T09:54:31.1319752Z ##[end-action id=gh.resolve;outcome=success;conclusion=success;duration_ms=61]
2026-10-07T09:54:31.1378185Z ##[group]Run node scripts/formal-ai-draft.mjs --decide
2026-10-07T09:54:31.1378604Z [36;1mnode scripts/formal-ai-draft.mjs --decide[0m
2026-10-07T09:54:31.1448143Z shell: /usr/bin/bash -e {0}
2026-10-07T09:54:31.1448430Z env:
2026-10-07T09:54:31.1448644Z   FORMAL_AI_DRAFT_ISSUE: 
2026-10-07T09:54:31.1448894Z   AUTOMATION_LAYER: default
2026-10-07T09:54:31.1451794Z   GH_TOKEN: [REDACTED]
2026-10-07T09:54:31.1452038Z ##[endgroup]
2026-10-07T09:54:31.1976728Z Formal AI draft: attempting — #2613 was just opened by konard
2026-10-07T09:54:31.1979447Z should_run=true
2026-10-07T09:54:31.1979833Z decision_code=run
2026-10-07T09:54:31.1980437Z decision_reason=#2613 was just opened by konard
2026-10-07T09:54:31.1980904Z issue_number=2613
2026-10-07T09:54:31.2052539Z ##[group]Run node scripts/free-disk-space.mjs
2026-10-07T09:54:31.2052938Z [36;1mnode scripts/free-disk-space.mjs[0m
2026-10-07T09:54:31.2122089Z shell: /usr/bin/bash -e {0}
2026-10-07T09:54:31.2122368Z ##[endgroup]
2026-10-07T09:54:31.2497667Z 
2026-10-07T09:54:31.2498592Z Disk space before cleanup:
2026-10-07T09:54:31.2711037Z Filesystem      Size  Used Avail Use% Mounted on
2026-10-07T09:54:31.2711795Z /dev/root       145G   61G   85G  42% /
2026-10-07T09:54:31.2717070Z 
2026-10-07T09:54:31.2717324Z Removing unnecessary packages to free disk space...
2026-10-07T09:54:31.2718036Z Removing /usr/share/dotnet...
2026-10-07T09:54:42.5310202Z Removing /usr/local/lib/android...
2026-10-07T09:56:00.0850480Z Removing /opt/ghc...
2026-10-07T09:56:00.0963181Z Removing /opt/hostedtoolcache/CodeQL...
2026-10-07T09:56:08.5115881Z Pruning unused Docker images...
2026-10-07T09:56:26.4682534Z Deleted Images:
2026-10-07T09:56:26.4683330Z untagged: ghcr.io/dependabot/dependabot-updater-core:latest
2026-10-07T09:56:26.4684586Z untagged: ghcr.io/dependabot/dependabot-updater-core@sha256:c2342220131819a9c7b892ab99ac97b3239fb86b8df8230fce129cdc9c8c39bd
2026-10-07T09:56:26.4685772Z deleted: sha256:2809589a96ed3521d5e9d55a44564cd21d43f7b39f3e78c8801a16cbe58edd9d
2026-10-07T09:56:26.4687375Z deleted: sha256:27a37f0e7236b8f9887912029136d636cc39cacf748787390fc017b5b150907c
2026-10-07T09:56:26.4688459Z deleted: sha256:0234749a247391c4d1ae3250f6f58d13a9184add7ca439eb9eaf69fe6b2674f1
2026-10-07T09:56:26.4689487Z deleted: sha256:5f42d5a2e1f9d762c37aac2e52105580bf2dd16d70e00756bb7821e5214b9a44
2026-10-07T09:56:26.4690102Z deleted: sha256:2697b60db69e695292957d9293e834d8d63007d0539571f145bcf9da5af1c900
2026-10-07T09:56:26.4690699Z deleted: sha256:57614a346e4907980822566d168a390794106e5f93d586a5cad70fd98cb6ad4e
2026-10-07T09:56:26.4691285Z deleted: sha256:8a1f2954fbeac20c964168d074b56ca5a302b85c7ee226dec4b0c9c7fd6de892
2026-10-07T09:56:26.4692483Z deleted: sha256:f63ecd43f970e74878e736d7fe869663e716157a6d8a74a10d3b115031208ced
2026-10-07T09:56:26.4693438Z deleted: sha256:ef042781c526748d0eed2eae749ec305ddacb0b4035e805241408726b65583c7
2026-10-07T09:56:26.4694399Z deleted: sha256:a3739c89928ae41bf4304dd35e60960b58fd4d5403fec03c555d9e696855be0d
2026-10-07T09:56:26.4695424Z deleted: sha256:16626f8ebd2be9eede1551bf2ca2d0d4e9b8b67410fa1c1bf227e7d8c9f9c07a
2026-10-07T09:56:26.4696452Z deleted: sha256:907457a543daa3400bf2a3fb7070fa9179163c8d5e1b11435301e4d95fee69d2
2026-10-07T09:56:26.4697461Z deleted: sha256:65e5d715ea720349e6475f91651a0956279fc295a45fd73aa04f1cec046281a1
2026-10-07T09:56:26.4698277Z untagged: ghcr.io/github/gh-aw-firewall/api-proxy:latest
2026-10-07T09:56:26.4699431Z untagged: ghcr.io/github/gh-aw-firewall/api-proxy@sha256:e9928b9e2bc294016357d64505b39c75efe89a5f0d6be2ace9c47c10e5bd0e45
2026-10-07T09:56:26.4700636Z deleted: sha256:462a83323e1f64577bc6b323aee05f39f1807090387b0aea9619090c8df0938d
2026-10-07T09:56:26.4701742Z deleted: sha256:31065a717f1c83cc1158dda98bb370b2bbec2c8d63870feb51eac1c0ae2d0ced
2026-10-07T09:56:26.4702734Z deleted: sha256:b5eede58f2e77a344294cb49a98585c76107ac13442d8ec3b3c5d652f105eb5d
2026-10-07T09:56:26.4703727Z deleted: sha256:633fc28e8b274ae9e032fcffdffa100ba96228725557b2fb6f41183e9e522289
2026-10-07T09:56:26.4704721Z deleted: sha256:d2fe9d1a57672b2c750101bbda3a982df55190371c7a5443b78f85ee9e2016d4
2026-10-07T09:56:26.4705676Z deleted: sha256:09f46b10276d21996fda617370929f46c80534cfac521143575ab4538942a1e9
2026-10-07T09:56:26.4706754Z deleted: sha256:ebe510757ce9458ccd7e7a51547135152b0286b0596e1d926cec45d61d2e7e86
2026-10-07T09:56:26.4707883Z deleted: sha256:45770e3a05ab9bca6801bdb244fdfe0a64c90ae5cf8bd7b63e4ea529730490ef
2026-10-07T09:56:26.4708891Z deleted: sha256:3f27bbeaacb74c466df01078d26d271ee16fab2ef5168bcb22d447c18ae5575b
2026-10-07T09:56:26.4709932Z deleted: sha256:f49d3aa361fffa2b2e94a63d2b3e6c2673485c02a7b18dbcfb4d164a12cad5cc
2026-10-07T09:56:26.4710957Z deleted: sha256:1fc800ab7c27044f68113e1c7f474000aa447219dbd77479447ab6ad1b86b2d7
2026-10-07T09:56:26.4712321Z deleted: sha256:9c1e16c1243231b6b2b3f73fb3dadefc3d37c0c7c539e99409b3b1f5d41ee184
2026-10-07T09:56:26.4712965Z deleted: sha256:ff9b85e5f9ce82bac83d2f8e3097d4b731eb1c268226154012db9a54f9da2cb2
2026-10-07T09:56:26.4713770Z deleted: sha256:a8aabe94b66ee52be2cc5a04366a49ff3fc40c2945530afcced3919350ddfdf5
2026-10-07T09:56:26.4714514Z untagged: ghcr.io/github/gh-aw-mcpg:latest
2026-10-07T09:56:26.4715513Z untagged: ghcr.io/github/gh-aw-mcpg@sha256:2df1262a5b8877bfd8d99bc13e705f350a14709cf0d45005942fb63702a7a45b
2026-10-07T09:56:26.4716672Z deleted: sha256:73d7b28bfe4ae45ffd646e62dcec7bd6fbca9ba59332352cb435400a8786b6a4
2026-10-07T09:56:26.4717584Z deleted: sha256:41efdab3bd175ca41b75df2833a2f4631b0162be0269f19c99fdd2da5f9180b8
2026-10-07T09:56:26.4718187Z deleted: sha256:d3029939992a301624bf757165e995941952fa859d59764bc2992bee11855e4d
2026-10-07T09:56:26.4718767Z deleted: sha256:74577364cc078d33b0e479154ee8e51d5c204ca7a8ab0d88d7b5c9092bdbc236
2026-10-07T09:56:26.4719368Z deleted: sha256:5ec855e7c78ed55a18b927a597740a60d274dfae1d6a5dce74fdbca7acb22b56
2026-10-07T09:56:26.4719969Z deleted: sha256:9b3df31324d335ab2f9cb28f5999b2e9985a0eeb8873266a7f0e6cd0216f6e34
2026-10-07T09:56:26.4720559Z deleted: sha256:09df3d36d3df02c2be99898ac9e632f91e02fb8262d715c6c0e25927ed2e5dd6
2026-10-07T09:56:26.4721156Z deleted: sha256:6ccd0f9257b0a94f3e50f50a9cdc766408da9d5ded13721abdac5fc34f663f49
2026-10-07T09:56:26.4722570Z deleted: sha256:4b35d13cdd93533c08ba296080135dfc555c64a3a0a4284ac739b93e53ee63f6
2026-10-07T09:56:26.4723641Z deleted: sha256:70834cf3bba44803e61e4c9d424992d91e06c34dcbfa92d388fc493c51c26e3a
2026-10-07T09:56:26.4724381Z deleted: sha256:1a597abbdca4511eb22f2e0b00a5d8b6d6129e7669ed56d751b9d1d611d80bfa
2026-10-07T09:56:26.4725158Z deleted: sha256:d5c28ed9f7e287d23038493d8b2dbea75a712162b907ec2fab74295d6bbf77fc
2026-10-07T09:56:26.4725761Z deleted: sha256:34884abbe92863fce933ed7c39c0e045631af0ed86d5cc0dfbdf9fdca426ce3c
2026-10-07T09:56:26.4726263Z untagged: ghcr.io/github/gh-aw-firewall/agent:latest
2026-10-07T09:56:26.4727035Z untagged: ghcr.io/github/gh-aw-firewall/agent@sha256:f7aec386cb56bca7f048b308fdb0225efa126c9542c9e2d99d11a293275474cc
2026-10-07T09:56:26.4728238Z deleted: sha256:dd8b535a610273f787c9396450d463498696d89980287b7ba467f9f95e0e9105
2026-10-07T09:56:26.4729083Z deleted: sha256:cd2c2214a5496a06c8019360d471a5633377a1051217180a1269cd1ef634f862
2026-10-07T09:56:26.4729687Z deleted: sha256:bd6db7af25e5c461f146f772698d2cd3c6cff5d69733a7a62101ee25712693fb
2026-10-07T09:56:26.4730285Z deleted: sha256:170c5f11b0c3a0072875befad813fd0e995e4e1e762dc2aef13dd814c1bb0239
2026-10-07T09:56:26.4730874Z deleted: sha256:178da77a03a75430696c9ba9d62f2ef14b4b21cc8135f0a2d54420695f7609de
2026-10-07T09:56:26.4731656Z deleted: sha256:d9e3a23affc763150b23d3e8fad0db3c51e33709a24f520af600c261e45374c4
2026-10-07T09:56:26.4732361Z deleted: sha256:6db7fbb7a786d4baa4e2f2e2e11daa3fd3f4463b12a18bb718f01b8a1f01ee12
2026-10-07T09:56:26.4732968Z deleted: sha256:d3d75b78728bfb7c2e789853ad2cb9e4765ee2791c5386a884c5dbaf43fcf4e9
2026-10-07T09:56:26.4733694Z deleted: sha256:524acddafb6bd29cb96dce457d54d4a0c72856786a784822ad2cc20f57a11957
2026-10-07T09:56:26.4734671Z deleted: sha256:90ff35a3bae69533a2853508d525e03cd7ed311a58d6cc4d03f664a40ea3a532
2026-10-07T09:56:26.4735654Z deleted: sha256:02fb223c998b7e2170d1fe9e1007c69d1ffe4923441dea7ef870c3ef83aaa868
2026-10-07T09:56:26.4736584Z deleted: sha256:4854140817ddf9f59f66d4a02f56fa50f7ca1f233a4b41579e657a220fbc2038
2026-10-07T09:56:26.4737367Z deleted: sha256:2ce0e5ed1dd6142b2815e4ce0ee92902d89a9e939f967cdb2b9ac1fecbf68c69
2026-10-07T09:56:26.4737982Z deleted: sha256:c31f74b11497f3ef4257b47f7eb7d78b947cb96bd5f3d78096693a6a6f60b871
2026-10-07T09:56:26.4738576Z deleted: sha256:8044fa19c9928572975aabcc447e338f8888be2bbb58f1c20ddeee742d09237c
2026-10-07T09:56:26.4739163Z deleted: sha256:ae6ee2cafb2c1a89400c30623bfb8e057560519c3e7d38196c773ed21daede02
2026-10-07T09:56:26.4739865Z deleted: sha256:ddb1f4f198c9e942076835b007e10dc863423837a20b9b528fee45a78afc4612
2026-10-07T09:56:26.4740694Z deleted: sha256:ea16cace89338c84eb6bcb91a7efdfcae6838fff359efe951858227436486c34
2026-10-07T09:56:26.4741204Z untagged: ghcr.io/github/github-mcp-server:latest
2026-10-07T09:56:26.4742077Z untagged: ghcr.io/github/github-mcp-server@sha256:508a0857ec762b1ab1cece29193345b501fab1dd9d1228a7b617062954cecac6
2026-10-07T09:56:26.4742815Z deleted: sha256:09777492cb7555eda590306a1860c4e8c23e5683fa646ab413b6cee398bfe440
2026-10-07T09:56:26.4743610Z deleted: sha256:4e1a16f2eca481b968245bd41c1657bf5e92542990e81fb0a8a5cb260645b78a
2026-10-07T09:56:26.4744240Z deleted: sha256:1e1cabb4a65e50fb84bc4612619b0025e4a1d06d5e38699d1e67e5a8e4f333db
2026-10-07T09:56:26.4744831Z deleted: sha256:86766d6a6e947f4a599c6e23307470f8f75732fc3d143ec1f3260e4406202bee
2026-10-07T09:56:26.4745411Z deleted: sha256:2944471a0bbdfb4985f84f8d287edb5cd982d1060589e707a6cb0cbe82cdfe89
2026-10-07T09:56:26.4746002Z deleted: sha256:5e555e7975e2202f21fb93d460d701a340ade876f3afccb70d702f1dc5ab80db
2026-10-07T09:56:26.4746613Z deleted: sha256:2a080d78a1c5e3615170178f1c6f4c726340da9d5ff2926cb66e2fd97851da9d
2026-10-07T09:56:26.4747355Z deleted: sha256:af4a114029fbf94a3cf75c5cfaa5e947019cd6faae4b800c9306ac9079363def
2026-10-07T09:56:26.4747969Z deleted: sha256:c7b875d3de914680ec64ba55be5865955ec595e7370812894ee68a502e2e8391
2026-10-07T09:56:26.4748553Z deleted: sha256:85d9b4c1ef131ee259952a35027e942f79626303ab143eff7ef00d55201bd06f
2026-10-07T09:56:26.4749317Z deleted: sha256:492c6420fd79f4cd4e761bec1e74db6044d45adb5b073a82289af68aa3162e3f
2026-10-07T09:56:26.4749910Z deleted: sha256:14b282df61c0316a80216cec27e753777da93de1d7e062072ef3b517f984fcf1
2026-10-07T09:56:26.4750498Z deleted: sha256:fdaace00fc3f072b9060f703047b30a2c14d8bde7dbbf31a396802c032923732
2026-10-07T09:56:26.4751098Z deleted: sha256:7f73eafc455b691b504d4d3c3f3c7be90e135c1d0ba4988b2cac29579cd6b567
2026-10-07T09:56:26.4751994Z deleted: sha256:32a12b65383df6b6553c8d59f691675ca1980f8cec9c51cce163c3c8f7665a41
2026-10-07T09:56:26.4752589Z deleted: sha256:5217b01660b515ac25ea055a8bd04a20790c7d6bd6085374b59b9081283911af
2026-10-07T09:56:26.4753435Z deleted: sha256:7223ea1323e8c1159ec17f07d35acc27bdd1cc2bc3ed425b44ef21dac9915db0
2026-10-07T09:56:26.4753963Z untagged: ghcr.io/github/gh-aw-firewall/squid:latest
2026-10-07T09:56:26.4754684Z untagged: ghcr.io/github/gh-aw-firewall/squid@sha256:451cdc9bd5cbcdb42f45cf1878e5eff74d28429b55cc47d822f141d5a934174c
2026-10-07T09:56:26.4755482Z deleted: sha256:22967111f2812e3549c638bafb97d3d5de396bb09e7a6b84173d58b979433abb
2026-10-07T09:56:26.4756085Z deleted: sha256:fe61a40e72d1b55573e81cfd30c9c67bdf654ab7499fffa20aa5f1e99d3ce2b3
2026-10-07T09:56:26.4756695Z deleted: sha256:6622e63bac11514b91f8cd292706df7511ef5e53c05cc34cf4e0547046806349
2026-10-07T09:56:26.4757291Z deleted: sha256:99ce13b82c73a9cb85ecf17be027d4af9c0fc013359175e13b41d62c534388cd
2026-10-07T09:56:26.4757879Z deleted: sha256:233058792c4175e827ae35c05186a1a7a1883cdd7ecd714c18fdbd05e5ee6f5d
2026-10-07T09:56:26.4758459Z deleted: sha256:74d97c428c51a828f9051a7a40a53ff1fc99e54fc30323ce36760701b0b7f711
2026-10-07T09:56:26.4758760Z 
2026-10-07T09:56:26.4758925Z Total reclaimed space: 1.863GB
2026-10-07T09:56:26.4759126Z 
2026-10-07T09:56:26.4759253Z Disk space after cleanup:
2026-10-07T09:56:26.4764250Z Filesystem      Size  Used Avail Use% Mounted on
2026-10-07T09:56:26.4764637Z /dev/root       145G   41G  105G  28% /
2026-10-07T09:56:26.4768089Z 
2026-10-07T09:56:26.4768604Z Disk space cleanup completed successfully
2026-10-07T09:56:26.4904951Z ##[group]Run node scripts/formal-ai-draft.mjs
2026-10-07T09:56:26.4905341Z [36;1mnode scripts/formal-ai-draft.mjs[0m
2026-10-07T09:56:26.4974530Z shell: /usr/bin/bash -e {0}
2026-10-07T09:56:26.4974807Z env:
2026-10-07T09:56:26.4975016Z   FORMAL_AI_DRAFT_ISSUE: 
2026-10-07T09:56:26.4975296Z   FORMAL_AI_DRAFT_IMAGE: konard/hive-mind:latest
2026-10-07T09:56:26.4975620Z   FORMAL_AI_INSTALL_GRANT: workspace
2026-10-07T09:56:26.4975992Z   FORMAL_AI_DRAFT_LOG_DIR: /home/runner/work/_temp/formal-ai-draft-logs
2026-10-07T09:56:26.4976371Z   AUTOMATION_LAYER: default
2026-10-07T09:56:26.4979334Z   GH_TOKEN: [REDACTED]
2026-10-07T09:56:26.4979566Z ##[endgroup]
2026-10-07T09:56:26.5402493Z Formal AI draft: attempting — #2613 was just opened by konard
2026-10-07T09:56:26.5405026Z should_run=true
2026-10-07T09:56:26.5405341Z decision_code=run
2026-10-07T09:56:26.5405664Z decision_reason=#2613 was just opened by konard
2026-10-07T09:56:26.5406028Z issue_number=2613
2026-10-07T09:56:26.5409508Z 
2026-10-07T09:56:26.5412521Z $ docker run --rm --user box -e GH_TOKEN -e FORMAL_AI_INSTALL_GRANT -e GIT_CONFIG_COUNT=3 -e GIT_CONFIG_KEY_0=init.defaultBranch -e GIT_CONFIG_VALUE_0=main -e GIT_CONFIG_KEY_1=user.name -e GIT_CONFIG_VALUE_1=github-actions[bot] -e GIT_CONFIG_KEY_2=user.email -e GIT_CONFIG_VALUE_2=41898282+github-actions[bot]@users.noreply.github.com -v /home/runner/work/_temp/formal-ai-draft-logs:/home/box/logs konard/hive-mind:latest solve https://github.com/link-assistant/hive-mind/issues/2613 --tool agent --model formal-ai --attach-logs --verbose --attribution formal-ai --no-auto-restart-until-mergeable --log-dir /home/box/logs
2026-10-07T09:56:26.5414598Z 
2026-10-07T09:56:26.5582252Z Unable to find image 'konard/hive-mind:latest' locally
2026-10-07T09:56:27.3046251Z latest: Pulling from konard/hive-mind
2026-10-07T09:56:27.4195244Z e51aee9c82ec: Pulling fs layer
2026-10-07T09:56:27.4196050Z 05a10bd1cc45: Pulling fs layer
2026-10-07T09:56:27.4197683Z ed547ccbabc0: Pulling fs layer
2026-10-07T09:56:27.4198608Z d1216e18a94a: Pulling fs layer
2026-10-07T09:56:27.4199568Z 801e18c812ce: Pulling fs layer
2026-10-07T09:56:27.4200650Z 03bfcb459b16: Pulling fs layer
2026-10-07T09:56:27.4202129Z 5c5a40b6ebe1: Pulling fs layer
2026-10-07T09:56:27.4202773Z b6fb525b9859: Pulling fs layer
2026-10-07T09:56:27.4203192Z 4f4fb700ef54: Pulling fs layer
2026-10-07T09:56:27.4203689Z 77830f763d05: Pulling fs layer
2026-10-07T09:56:27.4204101Z 14ecf2c22b76: Pulling fs layer
2026-10-07T09:56:27.4204610Z dcab939a8ad2: Pulling fs layer
2026-10-07T09:56:27.4205070Z 1685d9f397ea: Pulling fs layer
2026-10-07T09:56:27.4205640Z 94885de726b2: Pulling fs layer
2026-10-07T09:56:27.4206277Z f8f776c88cef: Pulling fs layer
2026-10-07T09:56:27.4206918Z 2b1a79a952e0: Pulling fs layer
2026-10-07T09:56:27.4207510Z 4eb943637211: Pulling fs layer
2026-10-07T09:56:27.4208136Z 633efee25919: Pulling fs layer
2026-10-07T09:56:27.4208751Z c24cd2c53c21: Pulling fs layer
2026-10-07T09:56:27.4209381Z fcdcbe182a20: Pulling fs layer
2026-10-07T09:56:27.4210001Z dfd5851c656b: Pulling fs layer
2026-10-07T09:56:27.4210716Z b517b72f2ac1: Pulling fs layer
2026-10-07T09:56:27.4211375Z 6f70f7f850cc: Pulling fs layer
2026-10-07T09:56:27.4212056Z a4887fd0e95d: Pulling fs layer
2026-10-07T09:56:27.4212469Z 4ca8235aa44a: Pulling fs layer
2026-10-07T09:56:27.4212869Z 2b285eb0d0ec: Pulling fs layer
2026-10-07T09:56:27.4213274Z 0c4fac90fc3b: Pulling fs layer
2026-10-07T09:56:27.4213676Z 16f5437797c6: Pulling fs layer
2026-10-07T09:56:27.4214257Z 9fb16e261db6: Pulling fs layer
2026-10-07T09:56:27.4214680Z 66b3a348f42a: Pulling fs layer
2026-10-07T09:56:27.4215107Z 967f5f9fdab7: Pulling fs layer
2026-10-07T09:56:27.4215508Z 4a988c5e45ed: Pulling fs layer
2026-10-07T09:56:27.4215909Z 4d80c8c7aade: Pulling fs layer
2026-10-07T09:56:27.4216312Z 1bbed1478017: Pulling fs layer
2026-10-07T09:56:27.4216715Z f076a49d2bdb: Pulling fs layer
2026-10-07T09:56:27.4217117Z 116a58d6b92e: Pulling fs layer
2026-10-07T09:56:27.4217530Z 2c3e2da519d2: Pulling fs layer
2026-10-07T09:56:27.4218207Z 4c3b4d3a3ed0: Pulling fs layer
2026-10-07T09:56:27.4218613Z a48579fd153b: Pulling fs layer
2026-10-07T09:56:27.4219044Z dcd1000c3472: Pulling fs layer
2026-10-07T09:56:27.4219452Z ee0cacb14ddc: Pulling fs layer
2026-10-07T09:56:27.4219851Z 27fe2684e59f: Pulling fs layer
2026-10-07T09:56:27.4220251Z da6114e36569: Pulling fs layer
2026-10-07T09:56:27.4220646Z 106127901317: Pulling fs layer
2026-10-07T09:56:27.4221041Z 1b8a1b250b6a: Pulling fs layer
2026-10-07T09:56:27.4221632Z 578c3d79a482: Pulling fs layer
2026-10-07T09:56:27.4222249Z 8d275b2e44f6: Pulling fs layer
2026-10-07T09:56:27.4222720Z bc1198ff1343: Pulling fs layer
2026-10-07T09:56:27.4223165Z 13dcbf8aae2d: Pulling fs layer
2026-10-07T09:56:27.4223609Z b5fa70730e2c: Pulling fs layer
2026-10-07T09:56:27.4223904Z 3777050e6015: Pulling fs layer
2026-10-07T09:56:27.4224178Z 5985ea7fffe0: Pulling fs layer
2026-10-07T09:56:27.4224469Z 1cfcc1f741b2: Pulling fs layer
2026-10-07T09:56:27.4224755Z fe24e8f57c4f: Pulling fs layer
2026-10-07T09:56:27.4225030Z 047110cb0fde: Pulling fs layer
2026-10-07T09:56:27.4225296Z cd1840a9d9a4: Pulling fs layer
2026-10-07T09:56:27.4225565Z 48239f56193a: Pulling fs layer
2026-10-07T09:56:27.4225832Z 316ec4aefc92: Pulling fs layer
2026-10-07T09:56:27.4226107Z d9cfcfdb45a8: Pulling fs layer
2026-10-07T09:56:27.4226363Z 967f5f9fdab7: Waiting
2026-10-07T09:56:27.4226604Z 4a988c5e45ed: Waiting
2026-10-07T09:56:27.4226830Z 4d80c8c7aade: Waiting
2026-10-07T09:56:27.4227049Z 1bbed1478017: Waiting
2026-10-07T09:56:27.4227273Z f076a49d2bdb: Waiting
2026-10-07T09:56:27.4227490Z 116a58d6b92e: Waiting
2026-10-07T09:56:27.4227706Z 2c3e2da519d2: Waiting
2026-10-07T09:56:27.4227924Z 4c3b4d3a3ed0: Waiting
2026-10-07T09:56:27.4228140Z a48579fd153b: Waiting
2026-10-07T09:56:27.4228353Z dcd1000c3472: Waiting
2026-10-07T09:56:27.4228576Z ee0cacb14ddc: Waiting
2026-10-07T09:56:27.4228810Z 27fe2684e59f: Waiting
2026-10-07T09:56:27.4229032Z da6114e36569: Waiting
2026-10-07T09:56:27.4229448Z 106127901317: Waiting
2026-10-07T09:56:27.4229674Z 1b8a1b250b6a: Waiting
2026-10-07T09:56:27.4229891Z 578c3d79a482: Waiting
2026-10-07T09:56:27.4230112Z 8d275b2e44f6: Waiting
2026-10-07T09:56:27.4230339Z bc1198ff1343: Waiting
2026-10-07T09:56:27.4230563Z 13dcbf8aae2d: Waiting
2026-10-07T09:56:27.4230782Z b5fa70730e2c: Waiting
2026-10-07T09:56:27.4231024Z 3777050e6015: Waiting
2026-10-07T09:56:27.4231238Z 5985ea7fffe0: Waiting
2026-10-07T09:56:27.4231725Z 1cfcc1f741b2: Waiting
2026-10-07T09:56:27.4231958Z fe24e8f57c4f: Waiting
2026-10-07T09:56:27.4232184Z 047110cb0fde: Waiting
2026-10-07T09:56:27.4232405Z cd1840a9d9a4: Waiting
2026-10-07T09:56:27.4232620Z 48239f56193a: Waiting
2026-10-07T09:56:27.4232842Z 316ec4aefc92: Waiting
2026-10-07T09:56:27.4233060Z d9cfcfdb45a8: Waiting
2026-10-07T09:56:27.4233278Z 4f4fb700ef54: Waiting
2026-10-07T09:56:27.4233497Z 77830f763d05: Waiting
2026-10-07T09:56:27.4233711Z 14ecf2c22b76: Waiting
2026-10-07T09:56:27.4233931Z dcab939a8ad2: Waiting
2026-10-07T09:56:27.4234160Z 1685d9f397ea: Waiting
2026-10-07T09:56:27.4234391Z 94885de726b2: Waiting
2026-10-07T09:56:27.4234611Z f8f776c88cef: Waiting
2026-10-07T09:56:27.4234830Z 2b1a79a952e0: Waiting
2026-10-07T09:56:27.4235052Z 4eb943637211: Waiting
2026-10-07T09:56:27.4235268Z 633efee25919: Waiting
2026-10-07T09:56:27.4235486Z c24cd2c53c21: Waiting
2026-10-07T09:56:27.4235703Z fcdcbe182a20: Waiting
2026-10-07T09:56:27.4235928Z dfd5851c656b: Waiting
2026-10-07T09:56:27.4236147Z b517b72f2ac1: Waiting
2026-10-07T09:56:27.4236362Z 6f70f7f850cc: Waiting
2026-10-07T09:56:27.4236585Z a4887fd0e95d: Waiting
2026-10-07T09:56:27.4236803Z 4ca8235aa44a: Waiting
2026-10-07T09:56:27.4237018Z 2b285eb0d0ec: Waiting
2026-10-07T09:56:27.4237243Z 0c4fac90fc3b: Waiting
2026-10-07T09:56:27.4237463Z 16f5437797c6: Waiting
2026-10-07T09:56:27.4237681Z 9fb16e261db6: Waiting
2026-10-07T09:56:27.4237896Z 66b3a348f42a: Waiting
2026-10-07T09:56:27.4238117Z 801e18c812ce: Waiting
2026-10-07T09:56:27.4238337Z 03bfcb459b16: Waiting
2026-10-07T09:56:27.4238559Z 5c5a40b6ebe1: Waiting
2026-10-07T09:56:27.4238956Z b6fb525b9859: Waiting
2026-10-07T09:56:27.4239178Z d1216e18a94a: Waiting
2026-10-07T09:56:27.5080666Z ed547ccbabc0: Verifying Checksum
2026-10-07T09:56:27.5081246Z ed547ccbabc0: Download complete
2026-10-07T09:56:27.5081867Z 05a10bd1cc45: Download complete
2026-10-07T09:56:27.6384610Z e51aee9c82ec: Download complete
2026-10-07T09:56:27.7094372Z d1216e18a94a: Verifying Checksum
2026-10-07T09:56:27.7094999Z d1216e18a94a: Download complete
2026-10-07T09:56:27.7164781Z 03bfcb459b16: Verifying Checksum
2026-10-07T09:56:27.7165379Z 03bfcb459b16: Download complete
2026-10-07T09:56:27.7987953Z 5c5a40b6ebe1: Verifying Checksum
2026-10-07T09:56:27.7989411Z 5c5a40b6ebe1: Download complete
2026-10-07T09:56:27.8716438Z 4f4fb700ef54: Verifying Checksum
2026-10-07T09:56:27.8716923Z 4f4fb700ef54: Download complete
2026-10-07T09:56:27.9580083Z 77830f763d05: Verifying Checksum
2026-10-07T09:56:27.9580953Z 77830f763d05: Download complete
2026-10-07T09:56:28.0503653Z 14ecf2c22b76: Verifying Checksum
2026-10-07T09:56:28.0505879Z 14ecf2c22b76: Download complete
2026-10-07T09:56:28.1330119Z dcab939a8ad2: Verifying Checksum
2026-10-07T09:56:28.1336244Z dcab939a8ad2: Download complete
2026-10-07T09:56:28.5574674Z 801e18c812ce: Download complete
2026-10-07T09:56:28.6292469Z 94885de726b2: Verifying Checksum
2026-10-07T09:56:28.6293200Z 94885de726b2: Download complete
2026-10-07T09:56:29.4079765Z e51aee9c82ec: Pull complete
2026-10-07T09:56:29.4446474Z 05a10bd1cc45: Pull complete
2026-10-07T09:56:29.6073593Z 1685d9f397ea: Verifying Checksum
2026-10-07T09:56:29.6074201Z 1685d9f397ea: Download complete
2026-10-07T09:56:29.6916646Z 2b1a79a952e0: Verifying Checksum
2026-10-07T09:56:29.6917992Z 2b1a79a952e0: Download complete
2026-10-07T09:56:29.7681256Z 4eb943637211: Verifying Checksum
2026-10-07T09:56:29.7682416Z 4eb943637211: Download complete
2026-10-07T09:56:30.8490851Z ed547ccbabc0: Pull complete
2026-10-07T09:56:33.1551936Z f8f776c88cef: Verifying Checksum
2026-10-07T09:56:33.1552951Z f8f776c88cef: Download complete
2026-10-07T09:56:33.5750175Z 633efee25919: Verifying Checksum
2026-10-07T09:56:33.5751065Z 633efee25919: Download complete
2026-10-07T09:56:34.3067792Z fcdcbe182a20: Verifying Checksum
2026-10-07T09:56:34.3068502Z fcdcbe182a20: Download complete
2026-10-07T09:56:36.2665228Z b6fb525b9859: Verifying Checksum
2026-10-07T09:56:36.2668780Z b6fb525b9859: Download complete
2026-10-07T09:56:36.8650577Z c24cd2c53c21: Verifying Checksum
2026-10-07T09:56:36.8651145Z c24cd2c53c21: Download complete
2026-10-07T09:56:37.3583792Z 6f70f7f850cc: Verifying Checksum
2026-10-07T09:56:37.3584405Z 6f70f7f850cc: Download complete
2026-10-07T09:56:37.4274553Z dfd5851c656b: Download complete
2026-10-07T09:56:37.5095815Z 4ca8235aa44a: Verifying Checksum
2026-10-07T09:56:37.5097391Z 4ca8235aa44a: Download complete
2026-10-07T09:56:37.5928441Z 2b285eb0d0ec: Verifying Checksum
2026-10-07T09:56:37.5936560Z 2b285eb0d0ec: Download complete
2026-10-07T09:56:37.6291036Z a4887fd0e95d: Verifying Checksum
2026-10-07T09:56:37.6291830Z a4887fd0e95d: Download complete
2026-10-07T09:56:37.8988237Z 16f5437797c6: Verifying Checksum
2026-10-07T09:56:37.8989295Z 16f5437797c6: Download complete
2026-10-07T09:56:38.0648280Z b517b72f2ac1: Verifying Checksum
2026-10-07T09:56:38.0649295Z b517b72f2ac1: Download complete
2026-10-07T09:56:38.4415472Z 9fb16e261db6: Verifying Checksum
2026-10-07T09:56:38.4416056Z 9fb16e261db6: Download complete
2026-10-07T09:56:38.9835967Z 0c4fac90fc3b: Verifying Checksum
2026-10-07T09:56:38.9837052Z 0c4fac90fc3b: Download complete
2026-10-07T09:56:40.8213616Z 4a988c5e45ed: Verifying Checksum
2026-10-07T09:56:40.8214492Z 4a988c5e45ed: Download complete
2026-10-07T09:56:40.9344734Z 4d80c8c7aade: Verifying Checksum
2026-10-07T09:56:40.9345749Z 4d80c8c7aade: Download complete
2026-10-07T09:56:41.0215514Z 1bbed1478017: Verifying Checksum
2026-10-07T09:56:41.0217307Z 1bbed1478017: Download complete
2026-10-07T09:56:41.0968149Z f076a49d2bdb: Verifying Checksum
2026-10-07T09:56:41.0977355Z f076a49d2bdb: Download complete
2026-10-07T09:56:41.1874399Z 116a58d6b92e: Verifying Checksum
2026-10-07T09:56:41.1876495Z 116a58d6b92e: Download complete
2026-10-07T09:56:41.2605782Z 2c3e2da519d2: Download complete
2026-10-07T09:56:41.3416193Z 4c3b4d3a3ed0: Verifying Checksum
2026-10-07T09:56:41.3417969Z 4c3b4d3a3ed0: Download complete
2026-10-07T09:56:41.4130878Z 967f5f9fdab7: Verifying Checksum
2026-10-07T09:56:41.4131973Z 967f5f9fdab7: Download complete
2026-10-07T09:56:41.4148457Z a48579fd153b: Verifying Checksum
2026-10-07T09:56:41.4149412Z a48579fd153b: Download complete
2026-10-07T09:56:41.4871800Z ee0cacb14ddc: Verifying Checksum
2026-10-07T09:56:41.4872739Z ee0cacb14ddc: Download complete
2026-10-07T09:56:41.4916166Z dcd1000c3472: Download complete
2026-10-07T09:56:41.5606383Z 27fe2684e59f: Verifying Checksum
2026-10-07T09:56:41.5607332Z 27fe2684e59f: Download complete
2026-10-07T09:56:41.5772985Z da6114e36569: Verifying Checksum
2026-10-07T09:56:41.5775014Z da6114e36569: Download complete
2026-10-07T09:56:41.6467255Z 106127901317: Verifying Checksum
2026-10-07T09:56:41.6468051Z 106127901317: Download complete
2026-10-07T09:56:41.6519948Z 1b8a1b250b6a: Verifying Checksum
2026-10-07T09:56:41.6520909Z 1b8a1b250b6a: Download complete
2026-10-07T09:56:41.8051010Z 8d275b2e44f6: Verifying Checksum
2026-10-07T09:56:41.8053812Z 8d275b2e44f6: Download complete
2026-10-07T09:56:41.9177312Z 66b3a348f42a: Verifying Checksum
2026-10-07T09:56:41.9177886Z 66b3a348f42a: Download complete
2026-10-07T09:56:42.2622930Z 13dcbf8aae2d: Verifying Checksum
2026-10-07T09:56:42.2623513Z 13dcbf8aae2d: Download complete
2026-10-07T09:56:42.9377398Z bc1198ff1343: Verifying Checksum
2026-10-07T09:56:42.9378011Z bc1198ff1343: Download complete
2026-10-07T09:56:43.6643666Z b5fa70730e2c: Verifying Checksum
2026-10-07T09:56:43.6644228Z b5fa70730e2c: Download complete
2026-10-07T09:56:44.3582529Z d1216e18a94a: Pull complete
2026-10-07T09:56:44.6826983Z 578c3d79a482: Verifying Checksum
2026-10-07T09:56:44.6829179Z 578c3d79a482: Download complete
2026-10-07T09:56:45.0498703Z 1cfcc1f741b2: Verifying Checksum
2026-10-07T09:56:45.0500787Z 1cfcc1f741b2: Download complete
2026-10-07T09:56:45.2036880Z fe24e8f57c4f: Download complete
2026-10-07T09:56:45.3552454Z 047110cb0fde: Verifying Checksum
2026-10-07T09:56:45.3553011Z 047110cb0fde: Download complete
2026-10-07T09:56:45.3575048Z 5985ea7fffe0: Verifying Checksum
2026-10-07T09:56:45.3578457Z 5985ea7fffe0: Download complete
2026-10-07T09:56:45.5083035Z 48239f56193a: Verifying Checksum
2026-10-07T09:56:45.5083636Z 48239f56193a: Download complete
2026-10-07T09:56:45.5402944Z cd1840a9d9a4: Verifying Checksum
2026-10-07T09:56:45.5403963Z cd1840a9d9a4: Download complete
2026-10-07T09:56:45.7087064Z d9cfcfdb45a8: Verifying Checksum
2026-10-07T09:56:45.7087878Z d9cfcfdb45a8: Download complete
2026-10-07T09:56:45.7991329Z 316ec4aefc92: Verifying Checksum
2026-10-07T09:56:55.1627183Z 316ec4aefc92: Download complete
2026-10-07T09:56:55.1627751Z 801e18c812ce: Pull complete
2026-10-07T09:56:55.1820988Z 03bfcb459b16: Pull complete
2026-10-07T09:56:55.1919878Z 5c5a40b6ebe1: Pull complete
2026-10-07T09:57:02.8677601Z 3777050e6015: Verifying Checksum
2026-10-07T09:57:02.8680581Z 3777050e6015: Download complete
2026-10-07T09:57:15.1156537Z b6fb525b9859: Pull complete
2026-10-07T09:57:15.1252177Z 4f4fb700ef54: Pull complete
2026-10-07T09:57:15.1358383Z 77830f763d05: Pull complete
2026-10-07T09:57:15.1464759Z 14ecf2c22b76: Pull complete
2026-10-07T09:57:15.1555482Z dcab939a8ad2: Pull complete
2026-10-07T09:57:20.1646829Z 1685d9f397ea: Pull complete
2026-10-07T09:57:20.1734089Z 94885de726b2: Pull complete
2026-10-07T09:57:38.2143735Z f8f776c88cef: Pull complete
2026-10-07T09:57:38.2328909Z 2b1a79a952e0: Pull complete
2026-10-07T09:57:38.2467096Z 4eb943637211: Pull complete
2026-10-07T09:57:52.4683535Z 633efee25919: Pull complete
2026-10-07T09:57:57.5138542Z c24cd2c53c21: Pull complete
2026-10-07T09:58:03.0010418Z fcdcbe182a20: Pull complete
2026-10-07T09:58:28.2805661Z dfd5851c656b: Pull complete
2026-10-07T09:58:31.1580351Z b517b72f2ac1: Pull complete
2026-10-07T09:58:31.6654353Z 6f70f7f850cc: Pull complete
2026-10-07T09:58:36.7908195Z a4887fd0e95d: Pull complete
2026-10-07T09:58:36.8018771Z 4ca8235aa44a: Pull complete
2026-10-07T09:58:36.8103013Z 2b285eb0d0ec: Pull complete
2026-10-07T09:58:51.8160431Z 0c4fac90fc3b: Pull complete
2026-10-07T09:58:51.8256167Z 16f5437797c6: Pull complete
2026-10-07T09:58:56.7058624Z 9fb16e261db6: Pull complete
2026-10-07T09:59:18.5554657Z 66b3a348f42a: Pull complete
2026-10-07T09:59:39.6092286Z 967f5f9fdab7: Pull complete
2026-10-07T10:00:06.5635747Z 4a988c5e45ed: Pull complete
2026-10-07T10:00:06.6240482Z 4d80c8c7aade: Pull complete
2026-10-07T10:00:06.6339682Z 1bbed1478017: Pull complete
2026-10-07T10:00:06.6433140Z f076a49d2bdb: Pull complete
2026-10-07T10:00:06.6550543Z 116a58d6b92e: Pull complete
2026-10-07T10:00:06.6628163Z 2c3e2da519d2: Pull complete
2026-10-07T10:00:06.6707059Z 4c3b4d3a3ed0: Pull complete
2026-10-07T10:00:06.6781794Z a48579fd153b: Pull complete
2026-10-07T10:00:06.6880059Z dcd1000c3472: Pull complete
2026-10-07T10:00:06.6959607Z ee0cacb14ddc: Pull complete
2026-10-07T10:00:06.7038913Z 27fe2684e59f: Pull complete
2026-10-07T10:00:06.7114854Z da6114e36569: Pull complete
2026-10-07T10:00:06.7234350Z 106127901317: Pull complete
2026-10-07T10:00:06.7344490Z 1b8a1b250b6a: Pull complete
2026-10-07T10:00:11.6174675Z 578c3d79a482: Pull complete
2026-10-07T10:00:11.6288837Z 8d275b2e44f6: Pull complete
2026-10-07T10:00:12.7133409Z bc1198ff1343: Pull complete
2026-10-07T10:00:12.7830306Z 13dcbf8aae2d: Pull complete
2026-10-07T10:00:14.4530161Z b5fa70730e2c: Pull complete
2026-10-07T10:00:28.3665698Z 3777050e6015: Pull complete
2026-10-07T10:00:43.9025598Z 5985ea7fffe0: Pull complete
2026-10-07T10:00:44.2145266Z 1cfcc1f741b2: Pull complete
2026-10-07T10:00:44.2313793Z fe24e8f57c4f: Pull complete
2026-10-07T10:00:44.2418539Z 047110cb0fde: Pull complete
2026-10-07T10:00:44.2504292Z cd1840a9d9a4: Pull complete
2026-10-07T10:00:44.2612478Z 48239f56193a: Pull complete
2026-10-07T10:00:44.4039800Z 316ec4aefc92: Pull complete
2026-10-07T10:00:44.4129818Z d9cfcfdb45a8: Pull complete
2026-10-07T10:00:44.4177461Z Digest: sha256:3ca0031dd9c8b7e769d6cfd837f8ae45addb990934b37aa4f043e7d3a174be6e
2026-10-07T10:00:44.4187393Z Status: Downloaded newer image for konard/hive-mind:latest
2026-10-07T10:00:45.9924849Z [use-m] acquired install lock for 'command-stream-v-latest' at /tmp/hive-mind-use-m-locks/command-stream-v-latest.lock
2026-10-07T10:00:45.9928651Z [use-m] use('command-stream') loading (alias command-stream-v-latest)
2026-10-07T10:00:45.9929443Z [use-m] use('command-stream') pinned to 'command-stream@1.6.2'
2026-10-07T10:00:48.9334007Z [use-m] use('command-stream') loaded in 2940ms
2026-10-07T10:00:48.9504460Z [use-m] use('getenv') pinned to 'getenv@2.0.0'
2026-10-07T10:00:48.9509865Z [use-m] acquired install lock for 'getenv-v-2.0.0' at /tmp/hive-mind-use-m-locks/getenv-v-2.0.0.lock
2026-10-07T10:00:48.9510526Z [use-m] use('getenv@2.0.0') loading (alias getenv-v-2.0.0)
2026-10-07T10:00:49.0449715Z [use-m] use('getenv@2.0.0') loaded in 94ms
2026-10-07T10:00:49.0465232Z [use-m] use('links-notation') pinned to 'links-notation@0.23.0'
2026-10-07T10:00:49.0484208Z [use-m] acquired install lock for 'links-notation-v-0.23.0' at /tmp/hive-mind-use-m-locks/links-notation-v-0.23.0.lock
2026-10-07T10:00:49.0485175Z [use-m] use('links-notation@0.23.0') loading (alias links-notation-v-0.23.0)
2026-10-07T10:00:49.1422256Z [use-m] use('links-notation@0.23.0') loaded in 95ms
2026-10-07T10:00:49.1774112Z [use-m] use('fs') loading (alias fs-v-latest)
2026-10-07T10:00:49.1777465Z [use-m] use('fs') loaded in 1ms
2026-10-07T10:00:49.1782641Z [use-m] use('path') loading (alias path-v-latest)
2026-10-07T10:00:49.1786655Z [use-m] use('path') loaded in 0ms
2026-10-07T10:00:49.1787371Z [use-m] use('fs') joined an in-flight load (alias fs-v-latest)
2026-10-07T10:00:49.1788116Z [use-m] use('crypto') loading (alias crypto-v-latest)
2026-10-07T10:00:49.1789887Z [use-m] use('crypto') loaded in 0ms
2026-10-07T10:00:49.1800275Z [use-m] use('command-stream') joined an in-flight load (alias command-stream-v-latest)
2026-10-07T10:00:49.1804707Z [use-m] use('fs') joined an in-flight load (alias fs-v-latest)
2026-10-07T10:00:49.2269968Z [use-m] use('command-stream') joined an in-flight load (alias command-stream-v-latest)
2026-10-07T10:00:49.2278606Z [use-m] use('command-stream') joined an in-flight load (alias command-stream-v-latest)
2026-10-07T10:00:49.2280572Z [use-m] use('command-stream') joined an in-flight load (alias command-stream-v-latest)
2026-10-07T10:00:49.2281957Z [use-m] use('fs') joined an in-flight load (alias fs-v-latest)
2026-10-07T10:00:49.2282698Z [use-m] use('fs') joined an in-flight load (alias fs-v-latest)
2026-10-07T10:00:49.2283918Z [use-m] use('fs') joined an in-flight load (alias fs-v-latest)
2026-10-07T10:00:49.2284863Z [use-m] use('command-stream') joined an in-flight load (alias command-stream-v-latest)
2026-10-07T10:00:49.2308688Z [use-m] use('command-stream') joined an in-flight load (alias command-stream-v-latest)
2026-10-07T10:00:49.2310236Z [use-m] use('fs') joined an in-flight load (alias fs-v-latest)
2026-10-07T10:00:49.2311363Z [use-m] use('fs') joined an in-flight load (alias fs-v-latest)
2026-10-07T10:00:49.2312207Z [use-m] use('os') loading (alias os-v-latest)
2026-10-07T10:00:49.2323890Z [use-m] use('path') joined an in-flight load (alias path-v-latest)
2026-10-07T10:00:49.2324772Z [use-m] use('path') joined an in-flight load (alias path-v-latest)
2026-10-07T10:00:49.2325606Z [use-m] use('os') joined an in-flight load (alias os-v-latest)
2026-10-07T10:00:49.2326248Z [use-m] use('os') loaded in 1ms
2026-10-07T10:00:49.2326902Z [use-m] use('path') joined an in-flight load (alias path-v-latest)
2026-10-07T10:00:49.2327729Z [use-m] use('path') joined an in-flight load (alias path-v-latest)
2026-10-07T10:00:49.2328548Z [use-m] use('fs') joined an in-flight load (alias fs-v-latest)
2026-10-07T10:00:49.2329374Z [use-m] use('path') joined an in-flight load (alias path-v-latest)
2026-10-07T10:00:49.2330822Z [use-m] use('command-stream') joined an in-flight load (alias command-stream-v-latest)
2026-10-07T10:00:49.2332149Z [use-m] use('path') joined an in-flight load (alias path-v-latest)
2026-10-07T10:00:49.2332956Z [use-m] use('fs') joined an in-flight load (alias fs-v-latest)
2026-10-07T10:00:49.2361176Z [use-m] use('command-stream') joined an in-flight load (alias command-stream-v-latest)
2026-10-07T10:00:49.2445067Z [use-m] use('command-stream') joined an in-flight load (alias command-stream-v-latest)
2026-10-07T10:00:49.2456038Z [use-m] use('command-stream') joined an in-flight load (alias command-stream-v-latest)
2026-10-07T10:00:49.2457040Z [use-m] use('os') joined an in-flight load (alias os-v-latest)
2026-10-07T10:00:49.2457886Z [use-m] use('path') joined an in-flight load (alias path-v-latest)
2026-10-07T10:00:49.2458707Z [use-m] use('fs') joined an in-flight load (alias fs-v-latest)
2026-10-07T10:00:49.2474529Z [use-m] use('command-stream') joined an in-flight load (alias command-stream-v-latest)
2026-10-07T10:00:49.2475732Z [use-m] use('path') joined an in-flight load (alias path-v-latest)
2026-10-07T10:00:49.2530132Z [use-m] use('fs') joined an in-flight load (alias fs-v-latest)
2026-10-07T10:00:49.2530780Z [use-m] use('command-stream') joined an in-flight load (alias command-stream-v-latest)
2026-10-07T10:00:49.2548329Z [use-m] use('command-stream') joined an in-flight load (alias command-stream-v-latest)
2026-10-07T10:00:49.2565942Z [use-m] use('command-stream') joined an in-flight load (alias command-stream-v-latest)
2026-10-07T10:00:49.2567832Z [use-m] use('path') joined an in-flight load (alias path-v-latest)
2026-10-07T10:00:49.2568708Z [use-m] use('fs') joined an in-flight load (alias fs-v-latest)
2026-10-07T10:00:49.2733741Z [use-m] use('command-stream') joined an in-flight load (alias command-stream-v-latest)
2026-10-07T10:00:49.2906373Z [use-m] use('command-stream') joined an in-flight load (alias command-stream-v-latest)
2026-10-07T10:00:49.2920640Z [use-m] use('command-stream') joined an in-flight load (alias command-stream-v-latest)
2026-10-07T10:00:49.2959760Z [use-m] use('command-stream') joined an in-flight load (alias command-stream-v-latest)
2026-10-07T10:00:49.2969245Z [use-m] use('command-stream') joined an in-flight load (alias command-stream-v-latest)
2026-10-07T10:00:49.2977199Z [use-m] use('command-stream') joined an in-flight load (alias command-stream-v-latest)
2026-10-07T10:00:49.2985833Z [use-m] use('command-stream') joined an in-flight load (alias command-stream-v-latest)
2026-10-07T10:00:49.3060786Z [use-m] use('command-stream') joined an in-flight load (alias command-stream-v-latest)
2026-10-07T10:00:49.3143475Z 📁 Log file: /home/box/solve-2026-10-07T10-00-49-306Z.log
2026-10-07T10:00:49.3186214Z    (All output will be logged here)
2026-10-07T10:00:49.3187270Z [use-m] use('path') joined an in-flight load (alias path-v-latest)
2026-10-07T10:00:49.3194806Z [use-m] acquired install lock for 'zx-v-latest' at /tmp/hive-mind-use-m-locks/zx-v-latest.lock
2026-10-07T10:00:49.3203771Z [use-m] use('zx') loading (alias zx-v-latest)
2026-10-07T10:00:49.3204320Z [use-m] use('zx') pinned to 'zx@8.8.5'
2026-10-07T10:00:49.8839703Z [use-m] use('zx') loaded in 564ms
2026-10-07T10:00:50.1906570Z 
2026-10-07T10:00:50.1915843Z 🚀 solve v2.33.14
2026-10-07T10:00:50.1922908Z 🔧 Raw command executed:
2026-10-07T10:00:50.1934531Z    /home/box/.nvm/versions/node/v26.10.0/bin/node /home/box/.bun/bin/solve https://github.com/link-assistant/hive-mind/issues/2613 --tool agent --model formal-ai --attach-logs --verbose --attribution formal-ai --no-auto-restart-until-mergeable --log-dir /home/box/logs
2026-10-07T10:00:50.1937268Z 
2026-10-07T10:00:50.2359121Z 🧭 Execution context: docker container (indicators: /.dockerenv) — per-task disk usage is scoped to this container.
2026-10-07T10:00:50.2437833Z 📈 Resource usage (solve start):
2026-10-07T10:00:50.2438215Z    CPU load: 2.20 1.81 0.87 (4 CPUs)
2026-10-07T10:00:50.2438743Z    Memory: 14.3 GB available / 15.6 GB total (1.3 GB used)
2026-10-07T10:00:50.2439872Z    Process RSS: 116 MB, V8 heap: 29 MB used of 4.1 GB limit (0.7%)
2026-10-07T10:00:50.2440586Z    Disk (/): 81.4 GB available / 144.3 GB total (43.5% used)
2026-10-07T10:00:50.2441715Z    Container memory (cgroup v2): 179 MB used of no limit of its own, peak 325 MB; processes killed by the OOM killer so far: 0
2026-10-07T10:00:50.2446247Z 📈 [RESOURCES] phase=solve_start ts=2026-10-07T10%3A00%3A50.235Z load1=2.2 load5=1.81 load15=0.87 cpuCount=4 memTotalBytes=16766414848 memAvailableBytes=15404404736 memUsedBytes=1362010112 processRssBytes=121712640 processHeapUsedBytes=30427000 processHeapTotalBytes=51937280 processExternalBytes=5059694 processHeapLimitBytes=4395630592 processHeapUsedPercent=0.6922101246491643 diskPath=%2F diskTotalBytes=154894188544 diskAvailableBytes=87438934016 diskUsedBytes=67438477312 diskUsedPercent=43.538416738497 mem=14.3%20GB%20available%20%2F%2015.6%20GB%20total heap=29%20MB%20used%20of%204.1%20GB%20limit%20(0.7%25) disk=81.4%20GB%20available%20%2F%20144.3%20GB%20total cgroupVersion=2 cgroupMemLimitBytes=null cgroupMemCurrentBytes=187523072 cgroupMemPeakBytes=340783104 cgroupOomEvents=0 cgroupOomKills=0
2026-10-07T10:00:50.2502038Z [use-m] use('command-stream') joined an in-flight load (alias command-stream-v-latest)
2026-10-07T10:00:50.2510099Z [use-m] use('fs') joined an in-flight load (alias fs-v-latest)
2026-10-07T10:00:50.2518415Z [use-m] use('path') joined an in-flight load (alias path-v-latest)
2026-10-07T10:00:50.2525952Z [use-m] use('os') joined an in-flight load (alias os-v-latest)
2026-10-07T10:00:50.2541969Z 
2026-10-07T10:00:50.2555504Z ⚠️  SECURITY WARNING: --attach-logs is ENABLED
2026-10-07T10:00:50.2567083Z 
2026-10-07T10:00:50.2586100Z    This option will upload the complete solution draft log file to the Pull Request.
2026-10-07T10:00:50.2604109Z    The log may contain sensitive information such as:
2026-10-07T10:00:50.2622344Z    • API keys, tokens, or secrets
2026-10-07T10:00:50.2639788Z    • File paths and directory structures
2026-10-07T10:00:50.2668613Z    • Command outputs and error messages
2026-10-07T10:00:50.2688834Z    • Internal system information
2026-10-07T10:00:50.2712024Z 
2026-10-07T10:00:50.2721763Z    ⚠️  DO NOT use this option with public repositories or if the log
2026-10-07T10:00:50.2736408Z        might contain sensitive data that should not be shared publicly.
2026-10-07T10:00:50.2745051Z 
2026-10-07T10:00:50.2758572Z    Continuing in 5 seconds... (Press Ctrl+C to abort)
2026-10-07T10:00:50.2766943Z 
2026-10-07T10:00:51.2792736Z 
2026-10-07T10:00:52.2806069Z    Countdown: 5 seconds remaining...
2026-10-07T10:00:53.2829850Z    Countdown: 4 seconds remaining...
2026-10-07T10:00:54.2850776Z    Countdown: 3 seconds remaining...
2026-10-07T10:00:55.2874005Z    Countdown: 2 seconds remaining...
2026-10-07T10:00:55.2874638Z    Countdown: 1 seconds remaining...
2026-10-07T10:00:55.2875243Z    Proceeding with log attachment enabled.                    
2026-10-07T10:00:55.2883490Z 
2026-10-07T10:00:55.3220993Z [use-m] use('command-stream') joined an in-flight load (alias command-stream-v-latest)
2026-10-07T10:00:56.5205564Z [VERBOSE] agentic-cli-updater: 0 updated, 1 current, 0 failed
2026-10-07T10:00:56.5400891Z 💾 Disk space check: 83377MB available (10240MB required) ✅
2026-10-07T10:00:56.5422122Z 🧠 Memory check: 15085MB available, swap: 3071MB (0MB used), total: 18156MB (256MB required) ✅
2026-10-07T10:00:56.9976879Z ✅ Formal AI wrapper and agent CLI are available
2026-10-07T10:00:56.9988793Z 📦 Formal AI wrapper version: 0.352.1
2026-10-07T10:00:57.0003662Z 📦 agent CLI version: 0.26.11
2026-10-07T10:00:57.0012573Z [use-m] use('command-stream') joined an in-flight load (alias command-stream-v-latest)
2026-10-07T10:00:57.0026657Z 
2026-10-07T10:00:57.0027556Z 🔐 Checking GitHub authentication and permissions...
2026-10-07T10:00:57.5553990Z ✅ GitHub authentication: OK
2026-10-07T10:00:57.5591869Z ⚠️  Warning: Could not determine token scopes from auth status
2026-10-07T10:00:57.5592880Z 🎭 Checking Playwright MCP preflight for Agent...
2026-10-07T10:00:58.3185041Z Usage: Playwright MCP [options]
2026-10-07T10:00:58.3185417Z 
2026-10-07T10:00:58.3185612Z Options:
2026-10-07T10:00:58.3186141Z   -V, --version                         output the version number
2026-10-07T10:00:58.3186943Z   --allowed-hosts <hosts...>            comma-separated list of hosts this
2026-10-07T10:00:58.3187740Z                                         server is allowed to serve from.
2026-10-07T10:00:58.3188433Z                                         Defaults to the host the server is bound
2026-10-07T10:00:58.3189140Z                                         to. Pass '*' to disable the host check.
2026-10-07T10:00:58.3189941Z   --allowed-origins <origins>           semicolon-separated list of TRUSTED
2026-10-07T10:00:58.3190731Z                                         origins to allow the browser to request.
2026-10-07T10:00:58.3191385Z                                         Default is to allow all.
2026-10-07T10:00:58.3192237Z                                         Important: *does not* serve as a
2026-10-07T10:00:58.3192949Z                                         security boundary and *does not* affect
2026-10-07T10:00:58.3193559Z                                         redirects.
2026-10-07T10:00:58.3194302Z   --allow-unrestricted-file-access      allow access to files outside of the
2026-10-07T10:00:58.3195088Z                                         workspace roots. Also allows
2026-10-07T10:00:58.3195759Z                                         unrestricted access to file:// URLs. By
2026-10-07T10:00:58.3196426Z                                         default access to file system is
2026-10-07T10:00:58.3197095Z                                         restricted to workspace root directories
2026-10-07T10:00:58.3197748Z                                         (or cwd if no roots are configured)
2026-10-07T10:00:58.3198436Z                                         only, and navigation to file:// URLs is
2026-10-07T10:00:58.3199048Z                                         blocked.
2026-10-07T10:00:58.3200068Z   --blocked-origins <origins>           semicolon-separated list of origins to
2026-10-07T10:00:58.3200886Z                                         block the browser from requesting.
2026-10-07T10:00:58.3201723Z                                         Blocklist is evaluated before allowlist.
2026-10-07T10:00:58.3202516Z                                         If used without the allowlist, requests
2026-10-07T10:00:58.3203217Z                                         not matching the blocklist are still
2026-10-07T10:00:58.3203806Z                                         allowed.
2026-10-07T10:00:58.3204401Z                                         Important: *does not* serve as a
2026-10-07T10:00:58.3205069Z                                         security boundary and *does not* affect
2026-10-07T10:00:58.3205669Z                                         redirects.
2026-10-07T10:00:58.3206303Z   --block-service-workers               block service workers
2026-10-07T10:00:58.3207135Z   --browser <browser>                   browser or chrome channel to use,
2026-10-07T10:00:58.3207859Z                                         possible values: chrome, firefox,
2026-10-07T10:00:58.3208453Z                                         webkit, msedge.
2026-10-07T10:00:58.3209105Z   --caps <caps>                         comma-separated list of additional
2026-10-07T10:00:58.3209842Z                                         capabilities to enable, possible values:
2026-10-07T10:00:58.3210494Z                                         vision, pdf, devtools.
2026-10-07T10:00:58.3211182Z   --cdp-endpoint <endpoint>             CDP endpoint to connect to.
2026-10-07T10:00:58.3212206Z   --cdp-header <headers...>             CDP headers to send with the connect
2026-10-07T10:00:58.3212936Z                                         request, multiple can be specified.
2026-10-07T10:00:58.3213686Z   --cdp-timeout <timeout>               timeout in milliseconds for connecting
2026-10-07T10:00:58.3214443Z                                         to CDP endpoint, defaults to 30000ms
2026-10-07T10:00:58.3215393Z   --codegen <lang>                      specify the language to use for code
2026-10-07T10:00:58.3216070Z                                         generation, possible values:
2026-10-07T10:00:58.3216705Z                                         "typescript", "python", "java",
2026-10-07T10:00:58.3217319Z                                         "csharp", "none". Default is
2026-10-07T10:00:58.3217871Z                                         "typescript".
2026-10-07T10:00:58.3218507Z   --config <path>                       path to the configuration file.
2026-10-07T10:00:58.3219308Z   --console-level <level>               level of console messages to return:
2026-10-07T10:00:58.3220047Z                                         "error", "warning", "info", "debug".
2026-10-07T10:00:58.3220734Z                                         Each level includes the messages of more
2026-10-07T10:00:58.3221356Z                                         severe levels.
2026-10-07T10:00:58.3222303Z   --device <device>                     device to emulate, for example: "iPhone
2026-10-07T10:00:58.3222958Z                                         15"
2026-10-07T10:00:58.3223556Z   --mobile                              emulate a generic mobile device (Pixel
2026-10-07T10:00:58.3224222Z                                         10 for Chromium, iPhone 17 for WebKit).
2026-10-07T10:00:58.3224850Z                                         Mobile pages are usually lighter, which
2026-10-07T10:00:58.3225485Z                                         saves tokens. Cannot be combined with
2026-10-07T10:00:58.3226031Z                                         --device.
2026-10-07T10:00:58.3226659Z   --executable-path <path>              path to the browser executable.
2026-10-07T10:00:58.3227370Z   --extension                           Connect to a running browser instance
2026-10-07T10:00:58.3228019Z                                         (Edge/Chrome only). Requires the
2026-10-07T10:00:58.3228894Z                                         "Playwright Extension" to be installed.
2026-10-07T10:00:58.3229732Z   --endpoint <endpoint>                 Bound browser endpoint to connect to.
2026-10-07T10:00:58.3230591Z   --file-paths <mode>                   how file paths are rendered in tool
2026-10-07T10:00:58.3231349Z                                         results, "relative" to the workspace
2026-10-07T10:00:58.3232147Z                                         root or "absolute". Default is
2026-10-07T10:00:58.3232724Z                                         "relative".
2026-10-07T10:00:58.3233472Z   --grant-permissions <permissions...>  List of permissions to grant to the
2026-10-07T10:00:58.3234248Z                                         browser context, for example
2026-10-07T10:00:58.3234892Z                                         "geolocation", "clipboard-read",
2026-10-07T10:00:58.3235510Z                                         "clipboard-write".
2026-10-07T10:00:58.3236207Z   --headless                            run browser in headless mode, headed by
2026-10-07T10:00:58.3236834Z                                         default
2026-10-07T10:00:58.3237447Z   --host <host>                         host to bind server to. Default is
2026-10-07T10:00:58.3238141Z                                         localhost. Use 0.0.0.0 to bind to all
2026-10-07T10:00:58.3238725Z                                         interfaces.
2026-10-07T10:00:58.3239413Z   --idle-timeout <timeout>              close the browser after this many
2026-10-07T10:00:58.3240170Z                                         milliseconds without a completed tool
2026-10-07T10:00:58.3240859Z                                         call, the next tool call relaunches it.
2026-10-07T10:00:58.3241678Z                                         Defaults to one hour for headless
2026-10-07T10:00:58.3242318Z                                         browsers, never for headed ones, 0
2026-10-07T10:00:58.3243104Z                                         disables.
2026-10-07T10:00:58.3243713Z   --ignore-https-errors                 ignore https errors
2026-10-07T10:00:58.3244484Z   --init-page <path...>                 path to TypeScript file to evaluate on
2026-10-07T10:00:58.3245212Z                                         Playwright page object
2026-10-07T10:00:58.3245938Z   --init-script <path...>               path to JavaScript file to add as an
2026-10-07T10:00:58.3246696Z                                         initialization script. The script will
2026-10-07T10:00:58.3247404Z                                         be evaluated in every page before any of
2026-10-07T10:00:58.3248079Z                                         the page's scripts. Can be specified
2026-10-07T10:00:58.3248685Z                                         multiple times.
2026-10-07T10:00:58.3249348Z   --isolated                            keep the browser profile in memory, do
2026-10-07T10:00:58.3250015Z                                         not save it to disk.
2026-10-07T10:00:58.3250753Z   --image-responses <mode>              whether to send image responses to the
2026-10-07T10:00:58.3251646Z                                         client. Can be "allow", "omit" or
2026-10-07T10:00:58.3252258Z                                         "only". With "only", a response that
2026-10-07T10:00:58.3252898Z                                         carries an image consists of the image
2026-10-07T10:00:58.3253527Z                                         parts alone, without the text part.
2026-10-07T10:00:58.3254076Z                                         Defaults to "allow".
2026-10-07T10:00:58.3254489Z   --no-sandbox                          disable the sandbox for all process
2026-10-07T10:00:58.3254975Z                                         types that are normally sandboxed.
2026-10-07T10:00:58.3255443Z   --no-webmcp                           do not collect or expose the tools that
2026-10-07T10:00:58.3255898Z                                         a page registers through the WebMCP API.
2026-10-07T10:00:58.3256537Z   --output-dir <path>                   path to the directory for automatically
2026-10-07T10:00:58.3256996Z                                         named output files, for example a
2026-10-07T10:00:58.3257401Z                                         screenshot taken without an explicit
2026-10-07T10:00:58.3257824Z                                         file name. Files with an explicit name
2026-10-07T10:00:58.3258237Z                                         are resolved against the workspace root
2026-10-07T10:00:58.3258654Z                                         instead and are not affected by this
2026-10-07T10:00:58.3259012Z                                         option.
2026-10-07T10:00:58.3259439Z   --output-max-size <bytes>             Threshold for evicting old output files,
2026-10-07T10:00:58.3259927Z                                         in bytes.
2026-10-07T10:00:58.3260339Z   --port <port>                         port to listen on for SSE transport.
2026-10-07T10:00:58.3260835Z   --profile-dir-name <name>             name of the profile directory in the
2026-10-07T10:00:58.3261279Z                                         user data dir to connect to with
2026-10-07T10:00:58.3261917Z                                         --extension, for example "Profile 1".
2026-10-07T10:00:58.3262327Z                                         Defaults to the last used profile that
2026-10-07T10:00:58.3262725Z                                         has the extension installed.
2026-10-07T10:00:58.3263186Z   --proxy-bypass <bypass>               comma-separated domains to bypass proxy,
2026-10-07T10:00:58.3263604Z                                         for example
2026-10-07T10:00:58.3263976Z                                         ".com,chromium.org,.domain.com"
2026-10-07T10:00:58.3264417Z   --proxy-server <proxy>                specify proxy server, for example
2026-10-07T10:00:58.3264878Z                                         "http://myproxy:3128" or
2026-10-07T10:00:58.3265439Z                                         "socks5://myproxy:8080"
2026-10-07T10:00:58.3265869Z   --sandbox                             enable the sandbox for all process types
2026-10-07T10:00:58.3266307Z                                         that are normally not sandboxed.
2026-10-07T10:00:58.3266781Z   --save-session                        Whether to save the Playwright MCP
2026-10-07T10:00:58.3267218Z                                         session into the output directory.
2026-10-07T10:00:58.3267679Z   --secrets [REDACTED]                      path to a file containing secrets in the
2026-10-07T10:00:58.3268143Z                                         dotenv format
2026-10-07T10:00:58.3268591Z   --shared-browser-context              reuse the same browser context between
2026-10-07T10:00:58.3269054Z                                         all connected HTTP clients.
2026-10-07T10:00:58.3269489Z   --snapshot-boxes                      include each element's bounding box as
2026-10-07T10:00:58.3269955Z                                         [box=x,y,width,height] in snapshots.
2026-10-07T10:00:58.3270367Z                                         Coordinates are viewport-relative, in
2026-10-07T10:00:58.3270739Z                                         CSS pixels.
2026-10-07T10:00:58.3271150Z   --snapshot-mode <mode>                when taking snapshots for responses,
2026-10-07T10:00:58.3272029Z                                         specifies the mode to use. Can be "full"
2026-10-07T10:00:58.3272432Z                                         or "none". Default is "full".
2026-10-07T10:00:58.3272863Z   --storage-state <path>                path to the storage state file for
2026-10-07T10:00:58.3273280Z                                         isolated sessions.
2026-10-07T10:00:58.3273730Z   --test-id-attribute <attribute>       specify the attribute to use for test
2026-10-07T10:00:58.3274183Z                                         ids, defaults to "data-testid"
2026-10-07T10:00:58.3274802Z   --timeout-action <timeout>            specify action timeout in milliseconds,
2026-10-07T10:00:58.3275258Z                                         defaults to 5000ms
2026-10-07T10:00:58.3275683Z   --timeout-navigation <timeout>        specify navigation timeout in
2026-10-07T10:00:58.3276130Z                                         milliseconds, defaults to 60000ms
2026-10-07T10:00:58.3276591Z   --timeout-settle <timeout>            how long to wait after each action for
2026-10-07T10:00:58.3277038Z                                         triggered work to settle, in
2026-10-07T10:00:58.3277420Z                                         milliseconds, defaults to 500ms
2026-10-07T10:00:58.3277845Z   --user-agent <ua string>              specify user agent string
2026-10-07T10:00:58.3278322Z   --user-data-dir <path>                path to the user data directory. If not
2026-10-07T10:00:58.3278782Z                                         specified, a temporary directory will be
2026-10-07T10:00:58.3279154Z                                         created.
2026-10-07T10:00:58.3279553Z   --viewport-size <size>                specify browser viewport size in pixels,
2026-10-07T10:00:58.3279981Z                                         for example "1280x720"
2026-10-07T10:00:58.3280380Z   -h, --help                            display help for command
2026-10-07T10:00:58.3391195Z 🎭 @playwright/mcp package is available via npx
2026-10-07T10:00:58.3407832Z 🎭 Playwright MCP ready for Agent
2026-10-07T10:00:58.3421815Z 📋 URL validation:
2026-10-07T10:00:58.3436477Z    Input URL: https://github.com/link-assistant/hive-mind/issues/2613
2026-10-07T10:00:58.3450345Z    Is Issue URL: true
2026-10-07T10:00:58.3464398Z    Is PR URL: false
2026-10-07T10:00:58.3485122Z 🔍 --auto-accept-invite: Checking for pending invitation to link-assistant/hive-mind...
2026-10-07T10:00:58.6593935Z    Could not fetch repository invitations: Unexpected non-whitespace character after JSON at position 199 (line 1 column 200)
2026-10-07T10:00:58.9566792Z    Could not fetch organization memberships: Unexpected non-whitespace character after JSON at position 188 (line 1 column 189)
2026-10-07T10:00:58.9581561Z ℹ️  --auto-accept-invite: No pending invitation found for link-assistant/hive-mind or organization link-assistant
2026-10-07T10:00:58.9598286Z 🔍 Checking repository access for auto-fork...
2026-10-07T10:00:59.3183102Z {"admin":false,"maintain":false,"pull":false,"push":false,"triage":false}
2026-10-07T10:00:59.3222738Z ℹ️ Auto-fork: User roles do not establish token write access; attempting direct repository access
2026-10-07T10:00:59.3238993Z 🔍 Checking repository write permissions...
2026-10-07T10:00:59.7236914Z {"admin":false,"maintain":false,"pull":false,"push":false,"triage":false}
2026-10-07T10:00:59.7286301Z ℹ️ User roles do not establish token write access; GitHub will enforce token permissions on write
2026-10-07T10:01:00.0183694Z link-assistant
2026-10-07T10:01:01.1029039Z link-assistant/hive-mind
2026-10-07T10:01:01.1029465Z    Repository visibility: public
2026-10-07T10:01:01.1041241Z    Auto-cleanup default: false (repository is public)
2026-10-07T10:01:01.1072519Z 🔍 Auto-continue enabled: Checking for existing PRs for issue #2613...
2026-10-07T10:01:01.1091324Z 🔍 Checking for existing branches in link-assistant/hive-mind...
2026-10-07T10:01:06.4128161Z [{"createdAt":"2026-10-07T07:14:48Z","headRefName":"issue-2591-1b69dfe657e2","isDraft":true,"number":2592,"state":"OPEN"},{"createdAt":"2026-10-06T14:39:42Z","headRefName":"issue-2326-b5647b8dfa49","isDraft":false,"number":2562,"state":"OPEN"},{"createdAt":"2026-10-06T14:33:42Z","headRefName":"issue-2530-6aebfa4f3869","isDraft":false,"number":2561,"state":"OPEN"},{"createdAt":"2026-09-27T16:43:26Z","headRefName":"issue-2289-f6cd9c2908da","isDraft":false,"number":2310,"state":"OPEN"},{"createdAt":"2026-09-27T04:26:58Z","headRefName":"issue-2303-928b0c381ae1","isDraft":false,"number":2304,"state":"OPEN"},{"createdAt":"2026-09-25T22:10:48Z","headRefName":"issue-2284-c9fd32283dac","isDraft":false,"number":2300,"state":"OPEN"},{"createdAt":"2026-09-25T21:36:08Z","headRefName":"issue-2296-61628f56d512","isDraft":false,"number":2299,"state":"OPEN"},{"createdAt":"2026-09-25T20:50:16Z","headRefName":"issue-2293-cb811471f6cf","isDraft":false,"number":2298,"state":"OPEN"},{"createdAt":"2026-09-25T19:11:21Z","headRefName":"issue-2295-bb2f7c929898","isDraft":false,"number":2297,"state":"OPEN"},{"createdAt":"2026-09-13T22:17:31Z","headRefName":"issue-2246-99b3b7e8e017","isDraft":false,"number":2248,"state":"OPEN"}]
2026-10-07T10:01:06.7939817Z []
2026-10-07T10:01:06.7988052Z 📋 Found 10 existing PR(s) for issue #2613
2026-10-07T10:01:06.8003632Z   PR #2592: created 2h ago (OPEN, draft)
2026-10-07T10:01:06.8022887Z   PR #2592: Branch 'issue-2591-1b69dfe657e2' doesn't match expected pattern 'issue-2613-*' - skipping
2026-10-07T10:01:06.8047619Z   PR #2562: created 19h ago (OPEN, ready)
2026-10-07T10:01:06.8061276Z   PR #2562: Branch 'issue-2326-b5647b8dfa49' doesn't match expected pattern 'issue-2613-*' - skipping
2026-10-07T10:01:06.8073210Z   PR #2561: created 19h ago (OPEN, ready)
2026-10-07T10:01:06.8086924Z   PR #2561: Branch 'issue-2530-6aebfa4f3869' doesn't match expected pattern 'issue-2613-*' - skipping
2026-10-07T10:01:06.8099665Z   PR #2310: created 233h ago (OPEN, ready)
2026-10-07T10:01:06.8112756Z   PR #2310: Branch 'issue-2289-f6cd9c2908da' doesn't match expected pattern 'issue-2613-*' - skipping
2026-10-07T10:01:06.8124552Z   PR #2304: created 245h ago (OPEN, ready)
2026-10-07T10:01:06.8137376Z   PR #2304: Branch 'issue-2303-928b0c381ae1' doesn't match expected pattern 'issue-2613-*' - skipping
2026-10-07T10:01:06.8149586Z   PR #2300: created 275h ago (OPEN, ready)
2026-10-07T10:01:06.8162932Z   PR #2300: Branch 'issue-2284-c9fd32283dac' doesn't match expected pattern 'issue-2613-*' - skipping
2026-10-07T10:01:06.8175808Z   PR #2299: created 276h ago (OPEN, ready)
2026-10-07T10:01:06.8189384Z   PR #2299: Branch 'issue-2296-61628f56d512' doesn't match expected pattern 'issue-2613-*' - skipping
2026-10-07T10:01:06.8203894Z   PR #2298: created 277h ago (OPEN, ready)
2026-10-07T10:01:06.8217655Z   PR #2298: Branch 'issue-2293-cb811471f6cf' doesn't match expected pattern 'issue-2613-*' - skipping
2026-10-07T10:01:06.8229866Z   PR #2297: created 278h ago (OPEN, ready)
2026-10-07T10:01:06.8243113Z   PR #2297: Branch 'issue-2295-bb2f7c929898' doesn't match expected pattern 'issue-2613-*' - skipping
2026-10-07T10:01:06.8257423Z   PR #2248: created 563h ago (OPEN, ready)
2026-10-07T10:01:06.8277228Z   PR #2248: Branch 'issue-2246-99b3b7e8e017' doesn't match expected pattern 'issue-2613-*' - skipping
2026-10-07T10:01:06.8291590Z ⏭️  No suitable PRs found (missing CLAUDE.md/.gitkeep or older than 24h) - creating new PR as usual
2026-10-07T10:01:06.8304832Z 📝 Issue mode: Working with issue #2613
2026-10-07T10:01:06.8325625Z 
2026-10-07T10:01:06.8326189Z Creating temporary directory: /tmp/gh-issue-solver-1791367266830
2026-10-07T10:01:06.8347477Z 🔐 Authenticated git transport enabled for github.com (token source: GH_TOKEN) - repository setup
2026-10-07T10:01:06.8380644Z 
2026-10-07T10:01:06.8381238Z 📥 Cloning repository:       link-assistant/hive-mind
2026-10-07T10:01:07.1761372Z Cloning into '/tmp/gh-issue-solver-1791367266830'...
2026-10-07T10:01:22.5926631Z Updating files:  25% (2043/7869)
2026-10-07T10:01:22.7617587Z Updating files:  26% (2046/7869)
2026-10-07T10:01:22.8212971Z Updating files:  27% (2125/7869)
2026-10-07T10:01:22.8540662Z Updating files:  28% (2204/7869)
2026-10-07T10:01:22.8854414Z Updating files:  29% (2283/7869)
2026-10-07T10:01:22.9039022Z Updating files:  30% (2361/7869)
2026-10-07T10:01:22.9855258Z Updating files:  31% (2440/7869)
2026-10-07T10:01:23.0322495Z Updating files:  32% (2519/7869)
2026-10-07T10:01:23.0422801Z Updating files:  33% (2597/7869)
2026-10-07T10:01:23.0650394Z Updating files:  34% (2676/7869)
2026-10-07T10:01:23.1570312Z Updating files:  35% (2755/7869)
2026-10-07T10:01:23.2750353Z Updating files:  36% (2833/7869)
2026-10-07T10:01:23.3368772Z Updating files:  37% (2912/7869)
2026-10-07T10:01:23.4301717Z Updating files:  38% (2991/7869)
2026-10-07T10:01:23.4520678Z Updating files:  39% (3069/7869)
2026-10-07T10:01:23.5837635Z Updating files:  39% (3071/7869)
2026-10-07T10:01:23.6562167Z Updating files:  40% (3148/7869)
2026-10-07T10:01:23.7263561Z Updating files:  41% (3227/7869)
2026-10-07T10:01:23.7630849Z Updating files:  42% (3305/7869)
2026-10-07T10:01:23.8088459Z Updating files:  43% (3384/7869)
2026-10-07T10:01:23.8922543Z Updating files:  44% (3463/7869)
2026-10-07T10:01:23.9072322Z Updating files:  45% (3542/7869)
2026-10-07T10:01:23.9783114Z Updating files:  46% (3620/7869)
2026-10-07T10:01:24.0078181Z Updating files:  47% (3699/7869)
2026-10-07T10:01:24.0368082Z Updating files:  48% (3778/7869)
2026-10-07T10:01:24.0823169Z Updating files:  49% (3856/7869)
2026-10-07T10:01:24.1058397Z Updating files:  50% (3935/7869)
2026-10-07T10:01:24.1118234Z Updating files:  51% (4014/7869)
2026-10-07T10:01:24.2417376Z Updating files:  52% (4092/7869)
2026-10-07T10:01:24.2712140Z Updating files:  53% (4171/7869)
2026-10-07T10:01:24.3557652Z Updating files:  54% (4250/7869)
2026-10-07T10:01:24.3627316Z Updating files:  55% (4328/7869)
2026-10-07T10:01:24.3760552Z Updating files:  56% (4407/7869)
2026-10-07T10:01:24.4212413Z Updating files:  57% (4486/7869)
2026-10-07T10:01:24.4311139Z Updating files:  58% (4565/7869)
2026-10-07T10:01:24.4557499Z Updating files:  58% (4609/7869)
2026-10-07T10:01:24.4678272Z Updating files:  59% (4643/7869)
2026-10-07T10:01:24.4785170Z Updating files:  60% (4722/7869)
2026-10-07T10:01:24.5858224Z Updating files:  61% (4801/7869)
2026-10-07T10:01:24.6319232Z Updating files:  62% (4879/7869)
2026-10-07T10:01:24.6998283Z Updating files:  63% (4958/7869)
2026-10-07T10:01:24.7871315Z Updating files:  64% (5037/7869)
2026-10-07T10:01:24.8019739Z Updating files:  65% (5115/7869)
2026-10-07T10:01:24.8331618Z Updating files:  66% (5194/7869)
2026-10-07T10:01:24.8492514Z Updating files:  67% (5273/7869)
2026-10-07T10:01:24.8556700Z Updating files:  68% (5351/7869)
2026-10-07T10:01:24.9828798Z Updating files:  69% (5430/7869)
2026-10-07T10:01:25.0029785Z Updating files:  70% (5509/7869)
2026-10-07T10:01:25.3460879Z Updating files:  71% (5587/7869)
2026-10-07T10:01:25.3891317Z Updating files:  72% (5666/7869)
2026-10-07T10:01:25.4265935Z Updating files:  73% (5745/7869)
2026-10-07T10:01:25.4306623Z Updating files:  74% (5824/7869)
2026-10-07T10:01:25.4360795Z Updating files:  74% (5839/7869)
2026-10-07T10:01:25.4415684Z Updating files:  75% (5902/7869)
2026-10-07T10:01:25.4471261Z Updating files:  76% (5981/7869)
2026-10-07T10:01:25.4531616Z Updating files:  77% (6060/7869)
2026-10-07T10:01:25.4599764Z Updating files:  78% (6138/7869)
2026-10-07T10:01:25.4681174Z Updating files:  79% (6217/7869)
2026-10-07T10:01:25.4739082Z Updating files:  80% (6296/7869)
2026-10-07T10:01:25.4796442Z Updating files:  81% (6374/7869)
2026-10-07T10:01:25.4859529Z Updating files:  82% (6453/7869)
2026-10-07T10:01:25.4914192Z Updating files:  83% (6532/7869)
2026-10-07T10:01:25.4967980Z Updating files:  84% (6610/7869)
2026-10-07T10:01:25.5028347Z Updating files:  85% (6689/7869)
2026-10-07T10:01:25.5097428Z Updating files:  86% (6768/7869)
2026-10-07T10:01:25.5192080Z Updating files:  87% (6847/7869)
2026-10-07T10:01:25.5296055Z Updating files:  88% (6925/7869)
2026-10-07T10:01:25.5396064Z Updating files:  89% (7004/7869)
2026-10-07T10:01:25.5498933Z Updating files:  90% (7083/7869)
2026-10-07T10:01:25.5597330Z Updating files:  91% (7161/7869)
2026-10-07T10:01:25.5680224Z Updating files:  92% (7240/7869)
2026-10-07T10:01:25.5756735Z Updating files:  93% (7319/7869)
2026-10-07T10:01:25.5836946Z Updating files:  94% (7397/7869)
2026-10-07T10:01:25.5919191Z Updating files:  95% (7476/7869)
2026-10-07T10:01:25.5990087Z Updating files:  96% (7555/7869)
2026-10-07T10:01:25.6076104Z Updating files:  97% (7633/7869)
2026-10-07T10:01:25.6160076Z Updating files:  98% (7712/7869)
2026-10-07T10:01:25.6233915Z Updating files:  99% (7791/7869)
2026-10-07T10:01:25.6234487Z Updating files: 100% (7869/7869)
2026-10-07T10:01:25.6235286Z Updating files: 100% (7869/7869), done.
2026-10-07T10:01:25.6648968Z true
2026-10-07T10:01:25.6673311Z ✅ Cloned to:                /tmp/gh-issue-solver-1791367266830
2026-10-07T10:01:25.6695960Z 🧹 Ignoring AI tool scratch directories in this workspace: .formal-ai/, .playwright-mcp/
2026-10-07T10:01:25.6761093Z origin	https://github.com/link-assistant/hive-mind.git (fetch)
2026-10-07T10:01:25.6761888Z origin	https://github.com/link-assistant/hive-mind.git (push)
2026-10-07T10:01:25.8284905Z 
2026-10-07T10:01:25.8286361Z 📊 [DISK] phase=after_clone bytes=1924402576 path=/tmp/gh-issue-solver-1791367266830 size=1.8 GB
2026-10-07T10:01:25.8341631Z 📈 Resource usage (after repository clone):
2026-10-07T10:01:25.8342206Z    CPU load: 1.88 1.77 0.89 (4 CPUs)
2026-10-07T10:01:25.8342762Z    Memory: 14.3 GB available / 15.6 GB total (1.3 GB used)
2026-10-07T10:01:25.8343469Z    Process RSS: 130 MB, V8 heap: 32 MB used of 4.1 GB limit (0.8%)
2026-10-07T10:01:25.8344223Z    Disk (/): 79.6 GB available / 144.3 GB total (44.8% used)
2026-10-07T10:01:25.8345338Z    Container memory (cgroup v2): 2.0 GB used of no limit of its own, peak 2.2 GB; processes killed by the OOM killer so far: 0
2026-10-07T10:01:25.8353028Z 📈 [RESOURCES] phase=after_clone ts=2026-10-07T10%3A01%3A25.828Z load1=1.88 load5=1.77 load15=0.89 cpuCount=4 memTotalBytes=16766414848 memAvailableBytes=15371472896 memUsedBytes=1394941952 processRssBytes=136466432 processHeapUsedBytes=33390056 processHeapTotalBytes=64815104 processExternalBytes=5436262 processHeapLimitBytes=4395630592 processHeapUsedPercent=0.7596192469123666 diskPath=%2F diskTotalBytes=154894188544 diskAvailableBytes=85477830656 diskUsedBytes=69399580672 diskUsedPercent=44.80450901635088 mem=14.3%20GB%20available%20%2F%2015.6%20GB%20total heap=32%20MB%20used%20of%204.1%20GB%20limit%20(0.8%25) disk=79.6%20GB%20available%20%2F%20144.3%20GB%20total cgroupVersion=2 cgroupMemLimitBytes=null cgroupMemCurrentBytes=2181713920 cgroupMemPeakBytes=2367123456 cgroupOomEvents=0 cgroupOomKills=0
2026-10-07T10:01:25.8426089Z main
2026-10-07T10:01:25.8506597Z 56b…3a1
2026-10-07T10:01:25.8506976Z 
2026-10-07T10:01:25.8507475Z 📌 Default branch:           main
2026-10-07T10:01:26.4564340Z 
2026-10-07T10:01:26.4565693Z 🌿 Creating branch:          issue-2613-2efa14ce78a7 from main (default)
2026-10-07T10:01:26.4917071Z Switched to a new branch 'issue-2613-2efa14ce78a7'
2026-10-07T10:01:26.4924997Z branch 'issue-2613-2efa14ce78a7' set up to track 'origin/main'.
2026-10-07T10:01:26.4945737Z 🔍 Verifying:                Branch creation...
2026-10-07T10:01:26.5031305Z issue-2613-2efa14ce78a7
2026-10-07T10:01:26.5032396Z ✅ Branch created:           issue-2613-2efa14ce78a7
2026-10-07T10:01:26.5044651Z ✅ Current branch:           issue-2613-2efa14ce78a7
2026-10-07T10:01:26.5057463Z    Branch operation: Create new branch
2026-10-07T10:01:26.5070568Z    Branch verification: Matches expected
2026-10-07T10:01:26.5111536Z 
2026-10-07T10:01:26.5112030Z 🚀 Auto PR creation:         ENABLED
2026-10-07T10:01:26.5130730Z      Creating:               Initial commit and draft PR...
2026-10-07T10:01:26.5139586Z 
2026-10-07T10:01:26.5155292Z    Using .gitkeep mode (--claude-file=false, --gitkeep-file=true, --auto-gitkeep-file=true)
2026-10-07T10:01:26.5169620Z 📝 Creating:                 .gitkeep (default)
2026-10-07T10:01:26.5185363Z    Issue URL from argv['issue-url']: https://github.com/link-assistant/hive-mind/issues/2613
2026-10-07T10:01:26.5198961Z    Issue URL from argv._[0]: https://github.com/link-assistant/hive-mind/issues/2613
2026-10-07T10:01:26.5212825Z    Final issue URL: https://github.com/link-assistant/hive-mind/issues/2613
2026-10-07T10:01:26.5226638Z ✅ File created:             .gitkeep
2026-10-07T10:01:26.5239331Z 📦 Adding file:              To git staging
2026-10-07T10:01:26.5962064Z A  .gitkeep
2026-10-07T10:01:26.5981921Z    Git status after add: A  .gitkeep
2026-10-07T10:01:26.5995521Z 📝 Creating commit:          With .gitkeep file
2026-10-07T10:01:26.6340383Z [issue-2613-2efa14ce78a7 f77d772a] Initial commit with task details
2026-10-07T10:01:26.6340899Z  1 file changed, 1 insertion(+)
2026-10-07T10:01:26.6341183Z  create mode 100644 .gitkeep
2026-10-07T10:01:26.6360750Z ✅ Commit created:           Successfully with .gitkeep
2026-10-07T10:01:26.6374904Z    Commit output: [issue-2613-2efa14ce78a7 f77d772a] Initial commit with task details
2026-10-07T10:01:26.6375414Z  1 file changed, 1 insertion(+)
2026-10-07T10:01:26.6375686Z  create mode 100644 .gitkeep
2026-10-07T10:01:26.6463771Z f77…2bc
2026-10-07T10:01:26.6464301Z    Commit hash: f77d772...
2026-10-07T10:01:26.6530608Z f77d772a Initial commit with task details
2026-10-07T10:01:26.6548496Z    Latest commit: f77d772a Initial commit with task details
2026-10-07T10:01:26.7130688Z    Git status: clean
2026-10-07T10:01:26.7199724Z origin	https://github.com/link-assistant/hive-mind.git (fetch)
2026-10-07T10:01:26.7200457Z origin	https://github.com/link-assistant/hive-mind.git (push)
2026-10-07T10:01:26.7217196Z    Remotes: origin	https://github.com/link-assistant/hive-mind.git (fetch)
2026-10-07T10:01:26.7294598Z * issue-2613-2efa14ce78a7 f77d772a [origin/main: ahead 1] Initial commit with task details
2026-10-07T10:01:26.7295761Z   main                    56b651c9 [origin/main] Merge pull request #2550 from link-assistant/issue-2549-d52dedc271a8
2026-10-07T10:01:26.7313216Z    Branch info: * issue-2613-2efa14ce78a7 f77d772a [origin/main: ahead 1] Initial commit with task details
2026-10-07T10:01:26.7314181Z   main                    56b651c9 [origin/main] Merge pull request #2550 from link-assistant/issue-2549-d52dedc271a8
2026-10-07T10:01:26.7326982Z 📤 Pushing branch:           To remote repository...
2026-10-07T10:01:26.7339884Z    Push command: git push -u origin issue-2613-2efa14ce78a7
2026-10-07T10:01:28.1170548Z remote: 
2026-10-07T10:01:28.1171848Z remote: Create a pull request for 'issue-2613-2efa14ce78a7' on GitHub by visiting:        
2026-10-07T10:01:28.1173771Z remote:      https://github.com/link-assistant/hive-mind/pull/new/issue-2613-2efa14ce78a7        
2026-10-07T10:01:28.1174679Z remote: 
2026-10-07T10:01:28.1223398Z To https://github.com/link-assistant/hive-mind.git
2026-10-07T10:01:28.1224456Z  * [new branch]        issue-2613-2efa14ce78a7 -> issue-2613-2efa14ce78a7
2026-10-07T10:01:28.1277249Z branch 'issue-2613-2efa14ce78a7' set up to track 'origin/issue-2613-2efa14ce78a7'.
2026-10-07T10:01:28.1294150Z    Push exit code: 0
2026-10-07T10:01:28.1310081Z    Push output: remote: 
2026-10-07T10:01:28.1311001Z remote: Create a pull request for 'issue-2613-2efa14ce78a7' on GitHub by visiting:        
2026-10-07T10:01:28.1312408Z remote:      https://github.com/link-assistant/hive-mind/pull/new/issue-2613-2efa14ce78a7        
2026-10-07T10:01:28.1313177Z remote: 
2026-10-07T10:01:28.1313675Z To https://github.com/link-assistant/hive-mind.git
2026-10-07T10:01:28.1314429Z  * [new branch]        issue-2613-2efa14ce78a7 -> issue-2613-2efa14ce78a7
2026-10-07T10:01:28.1315499Z branch 'issue-2613-2efa14ce78a7' set up to track 'origin/issue-2613-2efa14ce78a7'.
2026-10-07T10:01:28.1325744Z ✅ Branch pushed:            Successfully to remote
2026-10-07T10:01:28.1340525Z    Push output: remote: 
2026-10-07T10:01:28.1341733Z remote: Create a pull request for 'issue-2613-2efa14ce78a7' on GitHub by visiting:        
2026-10-07T10:01:28.1342523Z remote:      https://github.com/link-assistant/hive-mind/pull/new/issue-2613-2efa14ce78a7        
2026-10-07T10:01:28.1342997Z remote: 
2026-10-07T10:01:28.1343317Z To https://github.com/link-assistant/hive-mind.git
2026-10-07T10:01:28.1343785Z  * [new branch]        issue-2613-2efa14ce78a7 -> issue-2613-2efa14ce78a7
2026-10-07T10:01:28.1344362Z branch 'issue-2613-2efa14ce78a7' set up to track 'origin/issue-2613-2efa14ce78a7'.
2026-10-07T10:01:28.1356779Z    Waiting for GitHub to sync...
2026-10-07T10:01:30.7370666Z 1
2026-10-07T10:01:30.7423144Z    Compare API check: 1 commit(s) ahead of main
2026-10-07T10:01:30.7435560Z    GitHub compare API ready: 1 commit(s) found
2026-10-07T10:01:31.0523989Z issue-2613-2efa14ce78a7
2026-10-07T10:01:31.0524609Z    Branch verified on GitHub: issue-2613-2efa14ce78a7
2026-10-07T10:01:31.5154542Z f77…2bc
2026-10-07T10:01:31.5154956Z    Remote commit SHA: f77d772...
2026-10-07T10:01:31.5167402Z 📋 Getting issue:            Title from GitHub...
2026-10-07T10:01:31.8678571Z More bugs and issues to be fixed
2026-10-07T10:01:31.8722017Z    Issue title: "More bugs and issues to be fixed"
2026-10-07T10:01:31.8735798Z 👤 Getting user:             Current GitHub account...
2026-10-07T10:01:32.1526212Z {"message":"Resource not accessible by integration","documentation_url":"https://docs.github.com/rest/users/users#get-the-authenticated-user","status":"403"}gh: Resource not accessible by integration (HTTP 403)
2026-10-07T10:01:32.1564648Z    Warning: Could not get current user
2026-10-07T10:01:32.1577652Z 🔄 Fetching:                 Latest main branch...
2026-10-07T10:01:32.7873655Z ✅ Base updated:             Fetched latest main
2026-10-07T10:01:32.7885822Z 🔍 Checking:                 Commits between branches...
2026-10-07T10:01:32.7957686Z 1
2026-10-07T10:01:32.7978969Z    Commits ahead of origin/main: 1
2026-10-07T10:01:32.8000848Z ✅ Commits found:            1 commit(s) ahead
2026-10-07T10:01:32.8014439Z 🔀 Creating PR:              Draft pull request...
2026-10-07T10:01:32.8028228Z 🎯 Target branch:            main (default)
2026-10-07T10:01:32.8040602Z    PR Title: [WIP] More bugs and issues to be fixed
2026-10-07T10:01:32.8052387Z    Base branch: main
2026-10-07T10:01:32.8066313Z    Head branch: issue-2613-2efa14ce78a7
2026-10-07T10:01:32.8081233Z    PR Body:
2026-10-07T10:01:32.8082029Z ## 🤖 AI-Powered Solution Draft
2026-10-07T10:01:32.8082308Z 
2026-10-07T10:01:32.8082762Z This pull request is being automatically generated to solve issue #2613.
2026-10-07T10:01:32.8083250Z 
2026-10-07T10:01:32.8083491Z ### 📋 Issue Reference
2026-10-07T10:01:32.8084277Z Fixes #2613
2026-10-07T10:01:32.8084464Z 
2026-10-07T10:01:32.8084677Z ### 🚧 Status
2026-10-07T10:01:32.8085503Z **Work in Progress** - The AI assistant is currently analyzing and implementing the solution draft.
2026-10-07T10:01:32.8086127Z 
2026-10-07T10:01:32.8086358Z ### 📝 Implementation Details
2026-10-07T10:01:32.8086961Z _Details will be added as the solution draft is developed..._
2026-10-07T10:01:32.8087379Z 
2026-10-07T10:01:32.8087507Z ---
2026-10-07T10:01:32.8088013Z *This PR was created automatically by the AI issue solver*
2026-10-07T10:01:32.8102868Z [use-m] use('command-stream') joined an in-flight load (alias command-stream-v-latest)
2026-10-07T10:01:33.2684082Z    Command: cd "/tmp/gh-issue-solver-1791367266830" && gh pr create --draft --title "$(cat '/tmp/pr-title-1791367293263.txt')" --body-file "/tmp/pr-body-1791367292807.md" --base main --head issue-2613-2efa14ce78a7 --repo link-assistant/hive-mind
2026-10-07T10:01:35.2829345Z    gh pr create stdout: https://github.com/link-assistant/hive-mind/pull/2614
2026-10-07T10:01:35.2842285Z 🔍 Verifying:                PR creation...
2026-10-07T10:01:37.6148652Z {"number":2614,"state":"OPEN","url":"https://github.com/link-assistant/hive-mind/pull/2614"}
2026-10-07T10:01:37.6188342Z ✅ Verification:             PR exists on GitHub (attempt 1/5)
2026-10-07T10:01:37.6202730Z ✅ PR created:               #2614
2026-10-07T10:01:37.6216946Z 📍 PR URL:                   https://github.com/link-assistant/hive-mind/pull/2614
2026-10-07T10:01:37.6229271Z 🔗 Linking:                  Issue #2613 to PR #2614...
2026-10-07T10:01:37.8970843Z    Issue node ID: I_kwDOPUU0qc8AAAABVk4nJA
2026-10-07T10:01:38.2281879Z    PR node ID: PR_kwDOPUU0qc8AAAABHGALKQ
2026-10-07T10:01:38.6325330Z ✅ Link verified:            Issue #2613 → PR #2614
2026-10-07T10:01:38.9090828Z 
2026-10-07T10:01:38.9091858Z 📊 Comment counting conditions:
2026-10-07T10:01:38.9103525Z    prNumber: 2614
2026-10-07T10:01:38.9116747Z    branchName: issue-2613-2efa14ce78a7
2026-10-07T10:01:38.9142383Z    isContinueMode: false
2026-10-07T10:01:38.9154978Z    Will count comments: true
2026-10-07T10:01:38.9168917Z 💬 Counting comments:        Checking for new comments since last commit...
2026-10-07T10:01:38.9180639Z    PR #2614 on branch: issue-2613-2efa14ce78a7
2026-10-07T10:01:38.9193545Z    Owner/Repo: link-assistant/hive-mind
2026-10-07T10:01:38.9206711Z    Repository path: /tmp/gh-issue-solver-1791367266830
2026-10-07T10:01:38.9300893Z   📅 Last commit time:       2026-10-07T10:01:26.000Z
2026-10-07T10:01:39.9294206Z   💬 New PR comments:        0
2026-10-07T10:01:39.9306834Z   💬 New PR review comments: 0
2026-10-07T10:01:39.9320032Z   💬 New issue comments:     0
2026-10-07T10:01:39.9332957Z    Total new comments: 0
2026-10-07T10:01:39.9345100Z    Comment lines to add: No (saving tokens)
2026-10-07T10:01:39.9357710Z    PR review comments fetched: 0
2026-10-07T10:01:39.9370123Z    PR conversation comments fetched: 0
2026-10-07T10:01:39.9382689Z    Total PR comments checked: 0
2026-10-07T10:01:43.3406981Z    Feedback info will be added to prompt:
2026-10-07T10:01:43.3436028Z      - Pull request description was edited after last commit
2026-10-07T10:01:43.3447811Z 📅 Getting timestamps:       From GitHub servers...
2026-10-07T10:01:43.7645597Z 2026-10-07T09:52:12Z
2026-10-07T10:01:43.7681828Z   📝 Issue updated:          2026-10-07T09:52:12.000Z
2026-10-07T10:01:44.0802160Z   💬 Comments:               None found
2026-10-07T10:01:44.4929811Z [{"createdAt":"2026-10-07T10:01:34Z"}]
2026-10-07T10:01:44.4969692Z   🔀 Recent PR:              2026-10-07T10:01:34.000Z
2026-10-07T10:01:44.4987013Z 
2026-10-07T10:01:44.4987702Z ✅ Reference time:           2026-10-07T10:01:34.000Z
2026-10-07T10:01:44.5002738Z 
2026-10-07T10:01:44.5003377Z 🔍 Checking for uncommitted changes to include as feedback...
2026-10-07T10:01:44.5608858Z ✅ No uncommitted changes found
2026-10-07T10:01:44.7235333Z 👁️  Model vision capability: not supported
2026-10-07T10:01:44.7255794Z 
2026-10-07T10:01:44.7256364Z 📝 Final prompt structure:
2026-10-07T10:01:44.7273018Z    Characters: 278
2026-10-07T10:01:44.7293969Z    System prompt characters: 11188
2026-10-07T10:01:44.7311271Z    Feedback info: Included
2026-10-07T10:01:44.7422441Z 
2026-10-07T10:01:44.7423499Z 🤖 Executing Agent:          FORMAL-AI
2026-10-07T10:01:44.7436918Z    Model: formal-ai
2026-10-07T10:01:44.7455011Z    Working directory: /tmp/gh-issue-solver-1791367266830
2026-10-07T10:01:44.7469016Z    Branch: issue-2613-2efa14ce78a7
2026-10-07T10:01:44.7481775Z    Prompt length: 278 chars
2026-10-07T10:01:44.7494814Z    System prompt length: 11188 chars
2026-10-07T10:01:44.7507479Z    Feedback info included: Yes (1 lines)
2026-10-07T10:01:44.7721783Z 📈 System resources before execution:
2026-10-07T10:01:44.7734536Z    Memory: MemFree:          442068 kB
2026-10-07T10:01:44.7747662Z    Load: 1.62 1.72 0.89 1/284 1700
2026-10-07T10:01:44.7866781Z 🧾 Formal AI attribution enabled (formal-ai/0.352.1)
2026-10-07T10:01:44.7880902Z    Evidence bundle: dev/log/self-authored/issue-2613/evidence
2026-10-07T10:01:44.7903709Z    Commit hooks:    /tmp/gh-issue-solver-1791367266830/.git/hive-mind-formal-ai-attribution/hooks
2026-10-07T10:01:44.7916828Z    Delegating to:   /tmp/gh-issue-solver-1791367266830/.git/hooks
2026-10-07T10:01:44.8009926Z 🧠 Formal AI: local wrapper version 0.352.1 (minimum 0.336.0)
2026-10-07T10:01:44.8030540Z 🧠 Formal AI: starting a local server in /tmp/gh-issue-solver-1791367266830
2026-10-07T10:01:45.3224841Z 🧠 Formal AI: server ready on http://127.0.0.1:45785 (pid 1708)
2026-10-07T10:01:45.3303857Z 🧠 Formal AI: serving backend 0.352.1 at http://127.0.0.1:45785
2026-10-07T10:01:45.8323745Z 🧠 Formal AI: protocol openai, endpoint http://127.0.0.1:45785/api/openai/v1
2026-10-07T10:01:45.8343275Z 🧠 Formal AI: config LINK_ASSISTANT_AGENT_CONFIG_DIR=/home/box/.cache/hive-mind/formal-ai/agent-hfOV4U/.config/link-assistant-agent, seeded /home/box/.config/link-assistant-agent → .config/link-assistant-agent
2026-10-07T10:01:45.8361717Z 🧠 Formal AI: environment FORMAL_AI_API_KEY, GH_CONFIG_DIR, GH_TOKEN, LINK_ASSISTANT_AGENT_CONFIG_DIR
2026-10-07T10:01:45.8387402Z 
2026-10-07T10:01:45.8387781Z 📝 Raw command:              
2026-10-07T10:01:45.8409448Z (cd "/tmp/gh-issue-solver-1791367266830" && cat "/tmp/agent_prompt_1791367305836_1.txt" | agent --model formalai/formal-ai --no-summarize-session --no-generate-title --verbose)
2026-10-07T10:01:45.8420124Z 
2026-10-07T10:01:45.8441194Z 📋 Command details:          
2026-10-07T10:01:45.8459602Z   📂 Working directory:      /tmp/gh-issue-solver-1791367266830
2026-10-07T10:01:45.8479367Z   🌿 Branch:                 issue-2613-2efa14ce78a7
2026-10-07T10:01:45.8495492Z   🤖 Model:                  Agent FORMAL-AI
2026-10-07T10:01:45.8512744Z 
2026-10-07T10:01:45.8513148Z ▶️ Streaming output:         
2026-10-07T10:01:45.8513436Z 
2026-10-07T10:01:46.3337952Z {
2026-10-07T10:01:46.3338362Z   "type": "config",
2026-10-07T10:01:46.3338716Z   "level": "info",
2026-10-07T10:01:46.3339124Z   "timestamp": "2026-10-07T10:01:46.328Z",
2026-10-07T10:01:46.3339605Z   "service": "default",
2026-10-07T10:01:46.3340175Z   "source": "lino-arguments (CLI args > env vars > .lenv > defaults)",
2026-10-07T10:01:46.3340733Z   "config": {
2026-10-07T10:01:46.3341035Z     "verbose": true,
2026-10-07T10:01:46.3341361Z     "dryRun": false,
2026-10-07T10:01:46.3341913Z     "generateTitle": false,
2026-10-07T10:01:46.3342337Z     "outputResponseModel": true,
2026-10-07T10:01:46.3342784Z     "summarizeSession": false,
2026-10-07T10:01:46.3343200Z     "retryOnRateLimits": true,
2026-10-07T10:01:46.3343580Z     "compactJson": false,
2026-10-07T10:01:46.3344315Z     "configDir": "/home/box/.cache/hive-mind/formal-ai/agent-hfOV4U/.config/link-assistant-agent",
2026-10-07T10:01:46.3345083Z     "disableAutoupdate": false,
2026-10-07T10:01:46.3345474Z     "disablePrune": false,
2026-10-07T10:01:46.3345905Z     "enableExperimentalModels": false,
2026-10-07T10:01:46.3346385Z     "disableAutocompact": false,
2026-10-07T10:01:46.3346774Z     "experimental": false,
2026-10-07T10:01:46.3347494Z     "experimentalWatcher": false,
2026-10-07T10:01:46.3347902Z     "retryTimeout": 604800,
2026-10-07T10:01:46.3348269Z     "maxRetryDelay": 1200,
2026-10-07T10:01:46.3348621Z     "minRetryInterval": 30,
2026-10-07T10:01:46.3349042Z     "streamChunkTimeoutMs": 120000,
2026-10-07T10:01:46.3349498Z     "streamStepTimeoutMs": 600000,
2026-10-07T10:01:46.3349978Z     "mcpDefaultToolCallTimeout": 120000,
2026-10-07T10:01:46.3350460Z     "mcpMaxToolCallTimeout": 600000,
2026-10-07T10:01:46.3350928Z     "verifyImagesAtReadTool": true,
2026-10-07T10:01:46.3351339Z     "readOnly": false,
2026-10-07T10:01:46.3351871Z     "permissionMode": "auto"
2026-10-07T10:01:46.3352267Z   },
2026-10-07T10:01:46.3352644Z   "message": "Agent configuration resolved"
2026-10-07T10:01:46.3353086Z }
2026-10-07T10:01:46.3382060Z {
2026-10-07T10:01:46.3382780Z   "type": "status",
2026-10-07T10:01:46.3383168Z   "mode": "stdin-stream",
2026-10-07T10:01:46.3383931Z   "message": "Agent CLI in continuous listening mode. Accepts JSON and plain text input.",
2026-10-07T10:01:46.3384839Z   "hint": "Press CTRL+C to exit. Use --help for options.",
2026-10-07T10:01:46.3385376Z   "acceptedFormats": [
2026-10-07T10:01:46.3385809Z     "JSON object with \"message\" field",
2026-10-07T10:01:46.3386251Z     "Plain text"
2026-10-07T10:01:46.3386569Z   ],
2026-10-07T10:01:46.3386853Z   "options": {
2026-10-07T10:01:46.3387198Z     "inputFormat": "text",
2026-10-07T10:01:46.3387582Z     "interactive": true,
2026-10-07T10:01:46.3388028Z     "autoMergeQueuedMessages": true,
2026-10-07T10:01:46.3388505Z     "alwaysAcceptStdin": true,
2026-10-07T10:01:46.3388925Z     "compactJson": false
2026-10-07T10:01:46.3389280Z   }
2026-10-07T10:01:46.3389548Z }
2026-10-07T10:01:46.3397178Z {
2026-10-07T10:01:46.3397938Z   "type": "log",
2026-10-07T10:01:46.3398289Z   "level": "info",
2026-10-07T10:01:46.3398705Z   "timestamp": "2026-10-07T10:01:46.329Z",
2026-10-07T10:01:46.3399169Z   "service": "default",
2026-10-07T10:01:46.3399522Z   "version": "0.26.11",
2026-10-07T10:01:46.3401256Z   "command": "/home/box/.bun/bin/bun /home/box/.bun/install/global/node_modules/@link-assistant/agent/src/index.js --model formalai/formal-ai --no-summarize-session --no-generate-title --verbose",
2026-10-07T10:01:46.3403127Z   "workingDirectory": "/tmp/gh-issue-solver-1791367266830",
2026-10-07T10:01:46.3404103Z   "scriptPath": "/home/box/.bun/install/global/node_modules/@link-assistant/agent/src/index.js",
2026-10-07T10:01:46.3404940Z   "message": "Agent started (continuous mode)"
2026-10-07T10:01:46.3405413Z }
2026-10-07T10:01:46.3411901Z {
2026-10-07T10:01:46.3412379Z   "type": "log",
2026-10-07T10:01:46.3412831Z   "level": "info",
2026-10-07T10:01:46.3413263Z   "timestamp": "2026-10-07T10:01:46.330Z",
2026-10-07T10:01:46.3413688Z   "service": "default",
2026-10-07T10:01:46.3414033Z   "directory": "/tmp/gh-issue-solver-1791367266830",
2026-10-07T10:01:46.3414420Z   "message": "creating instance"
2026-10-07T10:01:46.3414680Z }
2026-10-07T10:01:46.3430763Z {
2026-10-07T10:01:46.3431112Z   "type": "log",
2026-10-07T10:01:46.3431599Z   "level": "info",
2026-10-07T10:01:46.3432027Z   "timestamp": "2026-10-07T10:01:46.330Z",
2026-10-07T10:01:46.3432479Z   "service": "project",
2026-10-07T10:01:46.3433032Z   "directory": "/tmp/gh-issue-solver-1791367266830",
2026-10-07T10:01:46.3433764Z   "message": "fromDirectory"
2026-10-07T10:01:46.3434484Z }
2026-10-07T10:01:46.3445911Z {
2026-10-07T10:01:46.3464609Z   "type": "log",
2026-10-07T10:01:46.3464978Z   "level": "info",
2026-10-07T10:01:46.3465404Z   "timestamp": "2026-10-07T10:01:46.331Z",
2026-10-07T10:01:46.3465875Z   "service": "project",
2026-10-07T10:01:46.3466235Z   "status": "started",
2026-10-07T10:01:46.3466604Z   "message": "git.rev-parse"
2026-10-07T10:01:46.3466992Z }
2026-10-07T10:01:46.4100846Z {
2026-10-07T10:01:46.4101216Z   "type": "log",
2026-10-07T10:01:46.4101762Z   "level": "info",
2026-10-07T10:01:46.4102201Z   "timestamp": "2026-10-07T10:01:46.407Z",
2026-10-07T10:01:46.4102674Z   "service": "project",
2026-10-07T10:01:46.4103437Z   "status": "completed",
2026-10-07T10:01:46.4103686Z   "duration": 76,
2026-10-07T10:01:46.4104067Z   "message": "git.rev-parse"
2026-10-07T10:01:46.4104430Z }
2026-10-07T10:01:46.4122514Z {
2026-10-07T10:01:46.4122897Z   "type": "log",
2026-10-07T10:01:46.4123245Z   "level": "info",
2026-10-07T10:01:46.4123652Z   "timestamp": "2026-10-07T10:01:46.410Z",
2026-10-07T10:01:46.4123976Z   "service": "storage",
2026-10-07T10:01:46.4124215Z   "index": 0,
2026-10-07T10:01:46.4124473Z   "message": "running migration"
2026-10-07T10:01:46.4124734Z }
2026-10-07T10:01:46.4148645Z {
2026-10-07T10:01:46.4149256Z   "type": "log",
2026-10-07T10:01:46.4149620Z   "level": "info",
2026-10-07T10:01:46.4150057Z   "timestamp": "2026-10-07T10:01:46.413Z",
2026-10-07T10:01:46.4150538Z   "service": "storage",
2026-10-07T10:01:46.4150901Z   "index": 1,
2026-10-07T10:01:46.4151282Z   "message": "running migration"
2026-10-07T10:01:46.4151848Z }
2026-10-07T10:01:46.4175182Z {
2026-10-07T10:01:46.4175531Z   "type": "log",
2026-10-07T10:01:46.4175919Z   "level": "info",
2026-10-07T10:01:46.4176369Z   "timestamp": "2026-10-07T10:01:46.415Z",
2026-10-07T10:01:46.4176849Z   "service": "default",
2026-10-07T10:01:46.4177223Z   "processArgv": [
2026-10-07T10:01:46.4177585Z     "/home/box/.bun/bin/bun",
2026-10-07T10:01:46.4178311Z     "/home/box/.bun/install/global/node_modules/@link-assistant/agent/src/index.js",
2026-10-07T10:01:46.4178975Z     "--model",
2026-10-07T10:01:46.4179308Z     "formalai/formal-ai",
2026-10-07T10:01:46.4179688Z     "--no-summarize-session",
2026-10-07T10:01:46.4180102Z     "--no-generate-title",
2026-10-07T10:01:46.4180341Z     "--verbose"
2026-10-07T10:01:46.4180544Z   ],
2026-10-07T10:01:46.4180752Z   "bunArgv": [
2026-10-07T10:01:46.4180966Z     "/home/box/.bun/bin/bun",
2026-10-07T10:01:46.4181762Z     "/home/box/.bun/install/global/node_modules/@link-assistant/agent/src/index.js",
2026-10-07T10:01:46.4182456Z     "--model",
2026-10-07T10:01:46.4182801Z     "formalai/formal-ai",
2026-10-07T10:01:46.4183203Z     "--no-summarize-session",
2026-10-07T10:01:46.4183941Z     "--no-generate-title",
2026-10-07T10:01:46.4184311Z     "--verbose"
2026-10-07T10:01:46.4184644Z   ],
2026-10-07T10:01:46.4185013Z   "cliModelArg": "formalai/formal-ai",
2026-10-07T10:01:46.4185511Z   "yargsModel": "formalai/formal-ai",
2026-10-07T10:01:46.4186050Z   "message": "model resolution: argv sources"
2026-10-07T10:01:46.4186513Z }
2026-10-07T10:01:46.4193449Z {
2026-10-07T10:01:46.4194039Z   "type": "log",
2026-10-07T10:01:46.4194416Z   "level": "info",
2026-10-07T10:01:46.4194859Z   "timestamp": "2026-10-07T10:01:46.415Z",
2026-10-07T10:01:46.4195317Z   "service": "default",
2026-10-07T10:01:46.4195739Z   "rawModel": "formalai/formal-ai",
2026-10-07T10:01:46.4196204Z   "providerID": "formalai",
2026-10-07T10:01:46.4196628Z   "modelID": "formal-ai",
2026-10-07T10:01:46.4197101Z   "message": "using explicit provider/model"
2026-10-07T10:01:46.4197569Z }
2026-10-07T10:01:46.4212121Z {
2026-10-07T10:01:46.4215630Z   "type": "log",
2026-10-07T10:01:46.4215986Z   "level": "info",
2026-10-07T10:01:46.4216405Z   "timestamp": "2026-10-07T10:01:46.416Z",
2026-10-07T10:01:46.4216796Z   "service": "provider",
2026-10-07T10:01:46.4217122Z   "status": "started",
2026-10-07T10:01:46.4217347Z   "message": "state"
2026-10-07T10:01:46.4217559Z }
2026-10-07T10:01:46.4228455Z {
2026-10-07T10:01:46.4228799Z   "type": "log",
2026-10-07T10:01:46.4229139Z   "level": "info",
2026-10-07T10:01:46.4229565Z   "timestamp": "2026-10-07T10:01:46.418Z",
2026-10-07T10:01:46.4230026Z   "service": "config",
2026-10-07T10:01:46.4230554Z   "path": "/home/box/.config/link-assistant-agent/config.json",
2026-10-07T10:01:46.4231059Z   "message": "loading"
2026-10-07T10:01:46.4231662Z }
2026-10-07T10:01:46.4245211Z {
2026-10-07T10:01:46.4245570Z   "type": "log",
2026-10-07T10:01:46.4247616Z   "level": "info",
2026-10-07T10:01:46.4248186Z   "timestamp": "2026-10-07T10:01:46.418Z",
2026-10-07T10:01:46.4248775Z   "service": "config",
2026-10-07T10:01:46.4249600Z   "path": "/home/box/.config/link-assistant-agent/opencode.json",
2026-10-07T10:01:46.4250610Z   "message": "loading"
2026-10-07T10:01:46.4250983Z }
2026-10-07T10:01:46.4264217Z {
2026-10-07T10:01:46.4264570Z   "type": "log",
2026-10-07T10:01:46.4264932Z   "level": "info",
2026-10-07T10:01:46.4265361Z   "timestamp": "2026-10-07T10:01:46.418Z",
2026-10-07T10:01:46.4265822Z   "service": "config",
2026-10-07T10:01:46.4266401Z   "path": "/home/box/.config/link-assistant-agent/opencode.jsonc",
2026-10-07T10:01:46.4267015Z   "message": "loading"
2026-10-07T10:01:46.4267355Z }
2026-10-07T10:01:46.4283011Z {
2026-10-07T10:01:46.4283625Z   "type": "log",
2026-10-07T10:01:46.4283988Z   "level": "debug",
2026-10-07T10:01:46.4284422Z   "timestamp": "2026-10-07T10:01:46.420Z",
2026-10-07T10:01:46.4284891Z   "service": "config",
2026-10-07T10:01:46.4285648Z   "path": "/home/box/.cache/hive-mind/formal-ai/agent-hfOV4U/.config/link-assistant-agent",
2026-10-07T10:01:46.4286601Z   "message": "loading config from LINK_ASSISTANT_AGENT_CONFIG_DIR"
2026-10-07T10:01:46.4287196Z }
2026-10-07T10:01:46.4300809Z {
2026-10-07T10:01:46.4301322Z   "type": "log",
2026-10-07T10:01:46.4301838Z   "level": "debug",
2026-10-07T10:01:46.4302277Z   "timestamp": "2026-10-07T10:01:46.422Z",
2026-10-07T10:01:46.4302748Z   "service": "config",
2026-10-07T10:01:46.4303758Z   "message": "loading config from /home/box/.cache/hive-mind/formal-ai/agent-hfOV4U/.config/link-assistant-agent/opencode.jsonc"
2026-10-07T10:01:46.4304720Z }
2026-10-07T10:01:46.4325106Z {
2026-10-07T10:01:46.4325851Z   "type": "log",
2026-10-07T10:01:46.4326442Z   "level": "info",
2026-10-07T10:01:46.4327091Z   "timestamp": "2026-10-07T10:01:46.422Z",
2026-10-07T10:01:46.4327773Z   "service": "config",
2026-10-07T10:01:46.4328833Z   "path": "/home/box/.cache/hive-mind/formal-ai/agent-hfOV4U/.config/link-assistant-agent/opencode.jsonc",
2026-10-07T10:01:46.4329603Z   "message": "loading"
2026-10-07T10:01:46.4330013Z }
2026-10-07T10:01:46.4344477Z {
2026-10-07T10:01:46.4344843Z   "type": "log",
2026-10-07T10:01:46.4345219Z   "level": "debug",
2026-10-07T10:01:46.4345986Z   "timestamp": "2026-10-07T10:01:46.422Z",
2026-10-07T10:01:46.4346465Z   "service": "config",
2026-10-07T10:01:46.4347431Z   "message": "loading config from /home/box/.cache/hive-mind/formal-ai/agent-hfOV4U/.config/link-assistant-agent/opencode.json"
2026-10-07T10:01:46.4348314Z }
2026-10-07T10:01:46.4365581Z {
2026-10-07T10:01:46.4365992Z   "type": "log",
2026-10-07T10:01:46.4366312Z   "level": "info",
2026-10-07T10:01:46.4366699Z   "timestamp": "2026-10-07T10:01:46.422Z",
2026-10-07T10:01:46.4367136Z   "service": "config",
2026-10-07T10:01:46.4367930Z   "path": "/home/box/.cache/hive-mind/formal-ai/agent-hfOV4U/.config/link-assistant-agent/opencode.json",
2026-10-07T10:01:46.4368713Z   "message": "loading"
2026-10-07T10:01:46.4369028Z }
2026-10-07T10:01:46.4381923Z {
2026-10-07T10:01:46.4382145Z   "type": "log",
2026-10-07T10:01:46.4382383Z   "level": "info",
2026-10-07T10:01:46.4382654Z   "timestamp": "2026-10-07T10:01:46.434Z",
2026-10-07T10:01:46.4382978Z   "service": "models.dev",
2026-10-07T10:01:46.4383347Z   "path": "/home/box/.cache/link-assistant-agent/models.json",
2026-10-07T10:01:46.4383753Z   "message": "no cache found, awaiting refresh"
2026-10-07T10:01:46.4384039Z }
2026-10-07T10:01:46.4398425Z {
2026-10-07T10:01:46.4398878Z   "type": "log",
2026-10-07T10:01:46.4399108Z   "level": "info",
2026-10-07T10:01:46.4399505Z   "timestamp": "2026-10-07T10:01:46.435Z",
2026-10-07T10:01:46.4399802Z   "service": "models.dev",
2026-10-07T10:01:46.4400039Z   "file": {},
2026-10-07T10:01:46.4400740Z   "message": "refreshing"
2026-10-07T10:01:46.4401311Z }
2026-10-07T10:01:46.4413917Z {
2026-10-07T10:01:46.4414321Z   "type": "log",
2026-10-07T10:01:46.4414581Z   "level": "info",
2026-10-07T10:01:46.4414847Z   "timestamp": "2026-10-07T10:01:46.435Z",
2026-10-07T10:01:46.4415135Z   "service": "http",
2026-10-07T10:01:46.4415368Z   "caller": "models.dev",
2026-10-07T10:01:46.4415603Z   "callNum": 1,
2026-10-07T10:01:46.4415812Z   "method": "GET",
2026-10-07T10:01:46.4416345Z   "url": "https://models.dev/api.json",
2026-10-07T10:01:46.4416753Z   "headers": {
2026-10-07T10:01:46.4417002Z     "User-Agent": "agent-cli/1.0.0"
2026-10-07T10:01:46.4417259Z   },
2026-10-07T10:01:46.4417467Z   "message": "HTTP request"
2026-10-07T10:01:46.4417696Z }
2026-10-07T10:01:46.5484077Z {
2026-10-07T10:01:46.5484366Z   "type": "log",
2026-10-07T10:01:46.5484622Z   "level": "info",
2026-10-07T10:01:46.5484909Z   "timestamp": "2026-10-07T10:01:46.542Z",
2026-10-07T10:01:46.5485218Z   "service": "http",
2026-10-07T10:01:46.5485452Z   "caller": "models.dev",
2026-10-07T10:01:46.5485686Z   "callNum": 1,
2026-10-07T10:01:46.5485893Z   "method": "GET",
2026-10-07T10:01:46.5486162Z   "url": "https://models.dev/api.json",
2026-10-07T10:01:46.5486448Z   "status": 200,
2026-10-07T10:01:46.5486659Z   "statusText": "OK",
2026-10-07T10:01:46.5486886Z   "durationMs": 107,
2026-10-07T10:01:46.5487108Z   "responseHeaders": {
2026-10-07T10:01:46.5487379Z     "access-control-allow-origin": "*",
2026-10-07T10:01:46.5487720Z     "alt-svc": "h3=\":443\"; ma=86400",
2026-10-07T10:01:46.5488084Z     "cache-control": "public, max-age=0, must-revalidate",
2026-10-07T10:01:46.5488424Z     "cf-cache-status": "HIT",
2026-10-07T10:01:46.5488709Z     "cf-ray": "a46c110168d2f607-ORD",
2026-10-07T10:01:46.5489162Z     "connection": "keep-alive",
2026-10-07T10:01:46.5489474Z     "content-encoding": "zstd",
2026-10-07T10:01:46.5489824Z     "content-type": "application/json",
2026-10-07T10:01:46.5490343Z     "date": "Wed, 07 Oct 2026 10:01:46 GMT",
2026-10-07T10:01:46.5490908Z     "etag": "W/\"7dfbf61147023999550565d4f7147967\"",
2026-10-07T10:01:46.5491761Z     "nel": "{\"report_to\":\"cf-nel\",\"success_fraction\":0.0,\"max_age\":604800}",
2026-10-07T10:01:46.5493925Z     "report-to": "{\"group\":\"cf-nel\",\"max_age\":604800,\"endpoints\":[{\"url\":\"https://a.nel.cloudflare.com/report/v4?s=YVxBQdkNUJRfpRRAVDSwnJVPV0CH1hCx5kuipaWSdw1R1PiJYRZ61DL%2FO%2Bkk1oUMT9Yug8xN%2FOE7mxbdROb2p%2FlSi5aXRYxz%2Bfd%2BjRpPIpn%2BOATI03WLmRymt0%2Fj\"}]}",
2026-10-07T10:01:46.5496113Z     "server": "cloudflare",
2026-10-07T10:01:46.5496559Z     "transfer-encoding": "chunked"
2026-10-07T10:01:46.5496966Z   },
2026-10-07T10:01:46.5497263Z   "message": "HTTP response"
2026-10-07T10:01:46.5497636Z }
2026-10-07T10:01:46.5685806Z {
2026-10-07T10:01:46.5686185Z   "type": "log",
2026-10-07T10:01:46.5686561Z   "level": "info",
2026-10-07T10:01:46.5686977Z   "timestamp": "2026-10-07T10:01:46.564Z",
2026-10-07T10:01:46.5687426Z   "service": "http",
2026-10-07T10:01:46.5687784Z   "caller": "models.dev",
2026-10-07T10:01:46.5688139Z   "callNum": 1,
2026-10-07T10:01:46.5688540Z   "url": "https://models.dev/api.json",
2026-10-07T10:01:46.5702493Z   "bodyPreview": "{\"deepinfra\":{\"id\":\"deepinfra\",\"env\":[\"DEEPINFRA_API_KEY\"],\"npm\":\"@ai-sdk/deepinfra\",\"name\":\"Deep Infra\",\"doc\":\"https://deepinfra.com/models\",\"models\":{\"tencent/Hy3\":{\"id\":\"tencent/Hy3\",\"name\":\"Hy3\",\"description\":\"Tencent Hy reasoning model for coding, instruction following, and agent tasks\",\"family\":\"Hy\",\"attachment\":false,\"reasoning\":true,\"reasoning_options\":[],\"tool_call\":true,\"structured_output\":true,\"temperature\":true,\"release_date\":\"2026-07-06\",\"last_updated\":\"2026-07-06\",\"modalities\":{\"input\":[\"text\"],\"output\":[\"text\"]},\"open_weights\":true,\"limit\":{\"context\":262144,\"input\":192000,\"output\":128000},\"cost\":{\"input\":0.13,\"output\":0.53,\"cache_read\":0.033},\"canonical_model_id\":\"tencent/hy3\"},\"tencent/Hy4-preview\":{\"id\":\"tencent/Hy4-preview\",\"name\":\"Hy4 preview\",\"description\":\"A next-generation productivity model with significantly enhanced Agent and complex task execution capabilities.\",\"family\":\"Hy\",\"attachment\":false,\"reasoning\":true,\"reasoning_options\":[{\"type\":\"effort\",\"values\":[\"none\",\"high\"]}],\"tool_call\":true,\"structured_output\":true,\"temperature\":true,\"release_date\":\"2026-08-28\",\"last_updated\":\"2026-08-28\",\"modalities\":{\"input\":[\"text\"],\"output\":[\"text\"]},\"open_weights\":true,\"limit\":{\"context\":1048576,\"output\":64000},\"cost\":{\"input\":0.834,\"output\":2.501,\"cache_read\":0.042},\"canonical_model_id\":\"tencent/hy4-preview\"},\"meta-llama/Llama-3.3-70B-Instruct-Turbo\":{\"id\":\"meta-llama/Llama-3.3-70B-Instruct-Turbo\",\"name\":\"Llama 3.3 70B Turbo\",\"description\":\"Compact Llama instruction model for fast chat and local deployment\",\"family\":\"llama\",\"attachment\":false,\"reasoning\":false,\"tool_call\":true,\"structured_output\":true,\"release_date\":\"2024-12-06\",\"last_updated\":\"2024-12-06\",\"modalities\":{\"input\":[\"text\"],\"output\":[\"text\"]},\"open_weights\":true,\"limit\":{\"context\":131072,\"output\":16384},\"cost\":{\"input\":0.1,\"output\":0.32}},\"meta-llama/Llama-4-Scout-17B-16E-Instruct\":{\"id\":\"meta-llama/Llama-4-Scout-17B-16E-Instruct\",\"name\":\"Llama 4 Scout 17B\",\"description\":\"Open multimodal... [truncated, total 5332176 chars]",
2026-10-07T10:01:46.5714608Z   "message": "HTTP response body"
2026-10-07T10:01:46.5715022Z }
2026-10-07T10:01:46.5873418Z {
2026-10-07T10:01:46.5873811Z   "type": "log",
2026-10-07T10:01:46.5874165Z   "level": "info",
2026-10-07T10:01:46.5874569Z   "timestamp": "2026-10-07T10:01:46.573Z",
2026-10-07T10:01:46.5875015Z   "service": "models.dev",
2026-10-07T10:01:46.5875551Z   "path": "/home/box/.cache/link-assistant-agent/models.json",
2026-10-07T10:01:46.5876178Z   "message": "cache unavailable, using bundled data"
2026-10-07T10:01:46.5876624Z }
2026-10-07T10:01:46.5886499Z {
2026-10-07T10:01:46.5886802Z   "type": "log",
2026-10-07T10:01:46.5887120Z   "level": "info",
2026-10-07T10:01:46.5887499Z   "timestamp": "2026-10-07T10:01:46.573Z",
2026-10-07T10:01:46.5887921Z   "service": "http",
2026-10-07T10:01:46.5888241Z   "caller": "global",
2026-10-07T10:01:46.5888565Z   "callNum": 2,
2026-10-07T10:01:46.5888875Z   "method": "GET",
2026-10-07T10:01:46.5889254Z   "url": "https://models.dev/api.json",
2026-10-07T10:01:46.5889666Z   "headers": {},
2026-10-07T10:01:46.5890007Z   "message": "HTTP request"
2026-10-07T10:01:46.5890344Z }
2026-10-07T10:01:46.6819308Z {
2026-10-07T10:01:46.6820204Z   "type": "log",
2026-10-07T10:01:46.6820787Z   "level": "info",
2026-10-07T10:01:46.6821611Z   "timestamp": "2026-10-07T10:01:46.677Z",
2026-10-07T10:01:46.6822292Z   "service": "http",
2026-10-07T10:01:46.6822853Z   "caller": "global",
2026-10-07T10:01:46.6823250Z   "callNum": 2,
2026-10-07T10:01:46.6823644Z   "method": "GET",
2026-10-07T10:01:46.6824088Z   "url": "https://models.dev/api.json",
2026-10-07T10:01:46.6824558Z   "status": 200,
2026-10-07T10:01:46.6824950Z   "statusText": "OK",
2026-10-07T10:01:46.6825343Z   "durationMs": 104,
2026-10-07T10:01:46.6825740Z   "responseHeaders": {
2026-10-07T10:01:46.6826197Z     "access-control-allow-origin": "*",
2026-10-07T10:01:46.6826713Z     "alt-svc": "h3=\":443\"; ma=86400",
2026-10-07T10:01:46.6827241Z     "cache-control": "public, max-age=0, must-revalidate",
2026-10-07T10:01:46.6827760Z     "cf-cache-status": "HIT",
2026-10-07T10:01:46.6828231Z     "cf-ray": "a46c11021a90f607-ORD",
2026-10-07T10:01:46.6828701Z     "connection": "keep-alive",
2026-10-07T10:01:46.6829153Z     "content-encoding": "zstd",
2026-10-07T10:01:46.6829642Z     "content-type": "application/json",
2026-10-07T10:01:46.6830137Z     "date": "Wed, 07 Oct 2026 10:01:46 GMT",
2026-10-07T10:01:46.6830654Z     "etag": "W/\"7dfbf61147023999550565d4f7147967\"",
2026-10-07T10:01:46.6831274Z     "nel": "{\"report_to\":\"cf-nel\",\"success_fraction\":0.0,\"max_age\":604800}",
2026-10-07T10:01:46.6832835Z     "report-to": "{\"group\":\"cf-nel\",\"max_age\":604800,\"endpoints\":[{\"url\":\"https://a.nel.cloudflare.com/report/v4?s=2c3FYSUQjzFNHithHFJYOvKTSWmO%2BGCGcHzjs8y%2Bv9wcNI%2Bv5EMjf6nOoCa1EvtEZbjUmTuptECitS0Vpx8d%2Fk5rMwLWrPY10OpY5B39Cr8tMuLt%2BZdrcucqxqoB\"}]}",
2026-10-07T10:01:46.6834704Z     "server": "cloudflare",
2026-10-07T10:01:46.6835327Z     "transfer-encoding": "chunked"
2026-10-07T10:01:46.6835921Z   },
2026-10-07T10:01:46.6836419Z   "message": "HTTP response"
2026-10-07T10:01:46.6837262Z }
2026-10-07T10:01:46.7146182Z {
2026-10-07T10:01:46.7146611Z   "type": "log",
2026-10-07T10:01:46.7146953Z   "level": "info",
2026-10-07T10:01:46.7147384Z   "timestamp": "2026-10-07T10:01:46.702Z",
2026-10-07T10:01:46.7147855Z   "service": "http",
2026-10-07T10:01:46.7148217Z   "caller": "global",
2026-10-07T10:01:46.7148558Z   "callNum": 2,
2026-10-07T10:01:46.7148959Z   "url": "https://models.dev/api.json",
2026-10-07T10:01:46.7169835Z   "bodyPreview": "{\"deepinfra\":{\"id\":\"deepinfra\",\"env\":[\"DEEPINFRA_API_KEY\"],\"npm\":\"@ai-sdk/deepinfra\",\"name\":\"Deep Infra\",\"doc\":\"https://deepinfra.com/models\",\"models\":{\"tencent/Hy3\":{\"id\":\"tencent/Hy3\",\"name\":\"Hy3\",\"description\":\"Tencent Hy reasoning model for coding, instruction following, and agent tasks\",\"family\":\"Hy\",\"attachment\":false,\"reasoning\":true,\"reasoning_options\":[],\"tool_call\":true,\"structured_output\":true,\"temperature\":true,\"release_date\":\"2026-07-06\",\"last_updated\":\"2026-07-06\",\"modalities\":{\"input\":[\"text\"],\"output\":[\"text\"]},\"open_weights\":true,\"limit\":{\"context\":262144,\"input\":192000,\"output\":128000},\"cost\":{\"input\":0.13,\"output\":0.53,\"cache_read\":0.033},\"canonical_model_id\":\"tencent/hy3\"},\"tencent/Hy4-preview\":{\"id\":\"tencent/Hy4-preview\",\"name\":\"Hy4 preview\",\"description\":\"A next-generation productivity model with significantly enhanced Agent and complex task execution capabilities.\",\"family\":\"Hy\",\"attachment\":false,\"reasoning\":true,\"reasoning_options\":[{\"type\":\"effort\",\"values\":[\"none\",\"high\"]}],\"tool_call\":true,\"structured_output\":true,\"temperature\":true,\"release_date\":\"2026-08-28\",\"last_updated\":\"2026-08-28\",\"modalities\":{\"input\":[\"text\"],\"output\":[\"text\"]},\"open_weights\":true,\"limit\":{\"context\":1048576,\"output\":64000},\"cost\":{\"input\":0.834,\"output\":2.501,\"cache_read\":0.042},\"canonical_model_id\":\"tencent/hy4-preview\"},\"meta-llama/Llama-3.3-70B-Instruct-Turbo\":{\"id\":\"meta-llama/Llama-3.3-70B-Instruct-Turbo\",\"name\":\"Llama 3.3 70B Turbo\",\"description\":\"Compact Llama instruction model for fast chat and local deployment\",\"family\":\"llama\",\"attachment\":false,\"reasoning\":false,\"tool_call\":true,\"structured_output\":true,\"release_date\":\"2024-12-06\",\"last_updated\":\"2024-12-06\",\"modalities\":{\"input\":[\"text\"],\"output\":[\"text\"]},\"open_weights\":true,\"limit\":{\"context\":131072,\"output\":16384},\"cost\":{\"input\":0.1,\"output\":0.32}},\"meta-llama/Llama-4-Scout-17B-16E-Instruct\":{\"id\":\"meta-llama/Llama-4-Scout-17B-16E-Instruct\",\"name\":\"Llama 4 Scout 17B\",\"description\":\"Open multimodal Llama model for long-context analysis and efficient agents\",\"family\":\"llama\",\"attachment\":true,\"reasoning\":false,\"tool_call\":true,\"structured_output\":true,\"release_date\":\"2025-04-05\",\"last_updated\":\"2025-04-05\",\"modalities\":{\"input\":[\"text\",\"image\"],\"output\":[\"text\"]},\"open_weights\":true,\"limit\":{\"context\":327680,\"output\":16384},\"cost\":{\"input\":0.1,\"output\":0.3}},\"meta-llama/Llama-4-Maverick-17B-128E-Instruct-FP8\":{\"id\":\"meta-llama/Llama-4-Maverick-17B-128E-Instruct-FP8\",\"name\":\"Llama 4 Maverick 17B FP8\",\"description\":\"Open multimodal Llama model for strong reasoning and fast responses\",\"family\":\"llama\",\"attachment\":true,\"reasoning\":false,\"tool_call\":false,\"structured_output\":true,\"release_date\":\"2025-04-05\",\"last_updated\":\"2025-04-05\",\"modalities\":{\"input\":[\"text\",\"image\"],\"output\":[\"text\"]},\"open_weights\":true,\"limit\":{\"context\":1048576,\"output\":16384},\"status\":\"deprecated\",\"cost\":{\"input\":0.2,\"output\":0.8}},\"XiaomiMiMo/MiMo-V2.6-Pro\":{\"id\":\"XiaomiMiMo/MiMo-V2.6-Pro\",\"name\":\"MiMo-V2.6-Pro\",\"description\":\"Stronger MiMo Pro tier for multimodal reasoning and coding-agent execution\",\"family\":\"mimo\",\"attachment\":true,\"reasoning\":true,\"reasoning_options\":[{\"type\":\"toggle\"}],\"tool_call\":true,\"structured_output\":true,\"temperature\":true,\"release_date\":\"2026-09-22\",\"last_updated\":\"2026-09-22\",\"modalities\":{\"input\":[\"text\",\"image\",\"audio\",\"video\"],\"output\":[\"text\"]},\"open_weights\":true,\"limit\":{\"context\":1048576,\"output\":131072},\"cost\":{\"input\":0.43,\"output\":0.87,\"cache_read\":0.0036},\"canonical_model_id\":\"xiaomi/mimo-v2.6-pro\"},\"XiaomiMiMo/MiMo-V2.5-Pro\":{\"id\":\"XiaomiMiMo/MiMo-V2.5-Pro\",\"name\":\"MiMo-V2.5-Pro\",\"description\":\"Stronger MiMo Pro tier for multimodal reasoning and coding-agent execution\",\"family\":\"mimo\",\"attachment\":true,\"reasoning\":true,\"reasoning_options\":[{\"type\":\"toggle\"}],\"tool_call\":true,\"interleaved\":{\"field\":\"reasoning_content\"},\"structured_output\":true,\"temperature\":true,\"knowledge\":\"2024-12\",\"release_date\":\"2026-04-22\",\"last_updated\":\"2026-04-22\",\"modal... [truncated, total 5332176 chars]",
2026-10-07T10:01:46.7183599Z   "message": "HTTP response body"
2026-10-07T10:01:46.7183885Z }
2026-10-07T10:01:46.7402937Z {
2026-10-07T10:01:46.7403343Z   "type": "log",
2026-10-07T10:01:46.7403783Z   "level": "info",
2026-10-07T10:01:46.7404227Z   "timestamp": "2026-10-07T10:01:46.737Z",
2026-10-07T10:01:46.7404722Z   "service": "provider",
2026-10-07T10:01:46.7405099Z   "message": "init"
2026-10-07T10:01:46.7405431Z }
2026-10-07T10:01:46.7443434Z {
2026-10-07T10:01:46.7443802Z   "type": "log",
2026-10-07T10:01:46.7444178Z   "level": "info",
2026-10-07T10:01:46.7444619Z   "timestamp": "2026-10-07T10:01:46.741Z",
2026-10-07T10:01:46.7445096Z   "service": "claude-oauth",
2026-10-07T10:01:46.7445598Z   "path": "/home/box/.claude/.credentials.json",
2026-10-07T10:01:46.7446135Z   "message": "credentials file not found"
2026-10-07T10:01:46.7446561Z }
2026-10-07T10:01:46.7459448Z {
2026-10-07T10:01:46.7459811Z   "type": "log",
2026-10-07T10:01:46.7460168Z   "level": "info",
2026-10-07T10:01:46.7460593Z   "timestamp": "2026-10-07T10:01:46.742Z",
2026-10-07T10:01:46.7461113Z   "service": "provider-registry",
2026-10-07T10:01:46.7461760Z   "available": [
2026-10-07T10:01:46.7462407Z     "formal-ai",
2026-10-07T10:01:46.7462728Z     "formalai",
2026-10-07T10:01:46.7463046Z     "@link-assistant",
2026-10-07T10:01:46.7463367Z     "opencode",
2026-10-07T10:01:46.7463655Z     "kilo",
2026-10-07T10:01:46.7463949Z     "link-assistant"
2026-10-07T10:01:46.7464254Z   ],
2026-10-07T10:01:46.7464600Z   "message": "providers available"
2026-10-07T10:01:46.7464999Z }
2026-10-07T10:01:46.7494691Z {
2026-10-07T10:01:46.7495042Z   "type": "log",
2026-10-07T10:01:46.7495411Z   "level": "info",
2026-10-07T10:01:46.7495852Z   "timestamp": "2026-10-07T10:01:46.742Z",
2026-10-07T10:01:46.7496337Z   "service": "provider",
2026-10-07T10:01:46.7503146Z   "status": "completed",
2026-10-07T10:01:46.7503559Z   "duration": 326,
2026-10-07T10:01:46.7503911Z   "message": "state"
2026-10-07T10:01:46.7504248Z }
2026-10-07T10:01:46.7514055Z {
2026-10-07T10:01:46.7514429Z   "type": "log",
2026-10-07T10:01:46.7514670Z   "level": "info",
2026-10-07T10:01:46.7515033Z   "timestamp": "2026-10-07T10:01:46.743Z",
2026-10-07T10:01:46.7515407Z   "service": "default",
2026-10-07T10:01:46.7516325Z   "hint": "Secondary calls (compaction, session summary) inherit --model unless a compaction model is named explicitly",
2026-10-07T10:01:46.7517245Z   "baseProviderID": "formalai",
2026-10-07T10:01:46.7517648Z   "baseModelID": "formal-ai",
2026-10-07T10:01:46.7518015Z   "dropped": [
2026-10-07T10:01:46.7518439Z     "big-pickle",
2026-10-07T10:01:46.7518749Z     "minimax-m2.5-free",
2026-10-07T10:01:46.7519091Z     "nemotron-3-super-free",
2026-10-07T10:01:46.7519544Z     "hy3-preview-free",
2026-10-07T10:01:46.7519913Z     "ling-2.6-flash-free",
2026-10-07T10:01:46.7520262Z     "gpt-5-nano"
2026-10-07T10:01:46.7520546Z   ],
2026-10-07T10:01:46.7520812Z   "kept": [
2026-10-07T10:01:46.7521075Z     "same"
2026-10-07T10:01:46.7521333Z   ],
2026-10-07T10:01:46.7522046Z   "message": "default compaction models narrowed to the configured provider"
2026-10-07T10:01:46.7522963Z }
2026-10-07T10:01:46.7529703Z {
2026-10-07T10:01:46.7530159Z   "type": "log",
2026-10-07T10:01:46.7530521Z   "level": "info",
2026-10-07T10:01:46.7530931Z   "timestamp": "2026-10-07T10:01:46.743Z",
2026-10-07T10:01:46.7531562Z   "service": "default",
2026-10-07T10:01:46.7531919Z   "models": [
2026-10-07T10:01:46.7532229Z     "same"
2026-10-07T10:01:46.7532505Z   ],
2026-10-07T10:01:46.7532813Z   "source": "default",
2026-10-07T10:01:46.7533303Z   "message": "compaction models cascade configured"
2026-10-07T10:01:46.7533764Z }
2026-10-07T10:01:46.7544400Z {
2026-10-07T10:01:46.7545056Z   "type": "model_resolved",
2026-10-07T10:01:46.7545566Z   "timestamp": "2026-10-07T10:01:46.743Z",
2026-10-07T10:01:46.7546075Z   "requested": "formalai/formal-ai",
2026-10-07T10:01:46.7546568Z   "selector": "formalai/formal-ai",
2026-10-07T10:01:46.7547003Z   "providerID": "formalai",
2026-10-07T10:01:46.7547408Z   "modelID": "formal-ai",
2026-10-07T10:01:46.7547778Z   "source": "cli",
2026-10-07T10:01:46.7548116Z   "matchesRequest": true
2026-10-07T10:01:46.7548478Z }
2026-10-07T10:01:46.7561919Z {
2026-10-07T10:01:46.7562404Z   "type": "log",
2026-10-07T10:01:46.7562963Z   "level": "info",
2026-10-07T10:01:46.7563575Z   "timestamp": "2026-10-07T10:01:46.746Z",
2026-10-07T10:01:46.7564190Z   "service": "http",
2026-10-07T10:01:46.7564764Z   "caller": "continuous-mode",
2026-10-07T10:01:46.7565334Z   "callNum": 3,
2026-10-07T10:01:46.7565828Z   "method": "POST",
2026-10-07T10:01:46.7566442Z   "url": "http://127.0.0.1:46237/session",
2026-10-07T10:01:46.7567121Z   "headers": {
2026-10-07T10:01:46.7567728Z     "Content-Type": "application/json"
2026-10-07T10:01:46.7568330Z   },
2026-10-07T10:01:46.7568839Z   "bodyPreview": "{}",
2026-10-07T10:01:46.7569388Z   "message": "HTTP request"
2026-10-07T10:01:46.7570022Z }
2026-10-07T10:01:46.7582049Z {
2026-10-07T10:01:46.7582665Z   "type": "log",
2026-10-07T10:01:46.7583035Z   "level": "info",
2026-10-07T10:01:46.7583469Z   "timestamp": "2026-10-07T10:01:46.747Z",
2026-10-07T10:01:46.7583940Z   "service": "http",
2026-10-07T10:01:46.7584305Z   "caller": "global",
2026-10-07T10:01:46.7584993Z   "callNum": 4,
2026-10-07T10:01:46.7585338Z   "method": "POST",
2026-10-07T10:01:46.7585748Z   "url": "http://127.0.0.1:46237/session",
2026-10-07T10:01:46.7586146Z   "headers": {
2026-10-07T10:01:46.7586546Z     "Content-Type": "application/json"
2026-10-07T10:01:46.7586972Z   },
2026-10-07T10:01:46.7587274Z   "bodyPreview": "{}",
2026-10-07T10:01:46.7587651Z   "message": "HTTP request"
2026-10-07T10:01:46.7587995Z }
2026-10-07T10:01:46.7598380Z {
2026-10-07T10:01:46.7598713Z   "type": "log",
2026-10-07T10:01:46.7599048Z   "level": "info",
2026-10-07T10:01:46.7599424Z   "timestamp": "2026-10-07T10:01:46.752Z",
2026-10-07T10:01:46.7600715Z   "service": "server",
2026-10-07T10:01:46.7601086Z   "method": "POST",
2026-10-07T10:01:46.7601705Z   "path": "/session",
2026-10-07T10:01:46.7602062Z   "message": "request"
2026-10-07T10:01:46.7602406Z }
2026-10-07T10:01:46.7614876Z {
2026-10-07T10:01:46.7615215Z   "type": "log",
2026-10-07T10:01:46.7615558Z   "level": "info",
2026-10-07T10:01:46.7616000Z   "timestamp": "2026-10-07T10:01:46.752Z",
2026-10-07T10:01:46.7616453Z   "service": "server",
2026-10-07T10:01:46.7616822Z   "status": "started",
2026-10-07T10:01:46.7617167Z   "method": "POST",
2026-10-07T10:01:46.7617502Z   "path": "/session",
2026-10-07T10:01:46.7617861Z   "message": "request"
2026-10-07T10:01:46.7618193Z }
2026-10-07T10:01:46.7637070Z {
2026-10-07T10:01:46.7637654Z   "type": "log",
2026-10-07T10:01:46.7638018Z   "level": "info",
2026-10-07T10:01:46.7638430Z   "timestamp": "2026-10-07T10:01:46.755Z",
2026-10-07T10:01:46.7638893Z   "service": "session",
2026-10-07T10:01:46.7639357Z   "id": "ses_eea3021fcffePVnhYj3ovsUsl4",
2026-10-07T10:01:46.7639798Z   "version": "0.26.11",
2026-10-07T10:01:46.7640302Z   "projectID": "017b0927f8cf9a4f9cf10a4ebc3e59cd51dec5d9",
2026-10-07T10:01:46.7640958Z   "directory": "/tmp/gh-issue-solver-1791367266830",
2026-10-07T10:01:46.7641771Z   "title": "New session - 2026-10-07T10:01:46.755Z",
2026-10-07T10:01:46.7642629Z   "time": {
2026-10-07T10:01:46.7642971Z     "created": 1791367306755,
2026-10-07T10:01:46.7643383Z     "updated": 1791367306755
2026-10-07T10:01:46.7643763Z   },
2026-10-07T10:01:46.7644068Z   "message": "created"
2026-10-07T10:01:46.7644420Z }
2026-10-07T10:01:46.7651230Z {
2026-10-07T10:01:46.7651742Z   "type": "session.created",
2026-10-07T10:01:46.7652172Z   "level": "info",
2026-10-07T10:01:46.7652585Z   "timestamp": "2026-10-07T10:01:46.756Z",
2026-10-07T10:01:46.7653015Z   "service": "bus",
2026-10-07T10:01:46.7653361Z   "message": "publishing"
2026-10-07T10:01:46.7653716Z }
2026-10-07T10:01:46.7665836Z {
2026-10-07T10:01:46.7666209Z   "type": "session.updated",
2026-10-07T10:01:46.7666665Z   "level": "info",
2026-10-07T10:01:46.7667057Z   "timestamp": "2026-10-07T10:01:46.756Z",
2026-10-07T10:01:46.7667509Z   "service": "bus",
2026-10-07T10:01:46.7667855Z   "message": "publishing"
2026-10-07T10:01:46.7668210Z }
2026-10-07T10:01:46.7680332Z {
2026-10-07T10:01:46.7680679Z   "type": "log",
2026-10-07T10:01:46.7681046Z   "level": "info",
2026-10-07T10:01:46.7681639Z   "timestamp": "2026-10-07T10:01:46.756Z",
2026-10-07T10:01:46.7682092Z   "service": "server",
2026-10-07T10:01:46.7682446Z   "status": "completed",
2026-10-07T10:01:46.7682795Z   "duration": 4,
2026-10-07T10:01:46.7683086Z   "method": "POST",
2026-10-07T10:01:46.7683414Z   "path": "/session",
2026-10-07T10:01:46.7683759Z   "message": "request"
2026-10-07T10:01:46.7684099Z }
2026-10-07T10:01:46.7698197Z {
2026-10-07T10:01:46.7698545Z   "type": "log",
2026-10-07T10:01:46.7698893Z   "level": "info",
2026-10-07T10:01:46.7699330Z   "timestamp": "2026-10-07T10:01:46.756Z",
2026-10-07T10:01:46.7699800Z   "service": "http",
2026-10-07T10:01:46.7700159Z   "caller": "global",
2026-10-07T10:01:46.7700502Z   "callNum": 4,
2026-10-07T10:01:46.7700829Z   "method": "POST",
2026-10-07T10:01:46.7701242Z   "url": "http://127.0.0.1:46237/session",
2026-10-07T10:01:46.7701916Z   "status": 200,
2026-10-07T10:01:46.7702268Z   "statusText": "OK",
2026-10-07T10:01:46.7702618Z   "durationMs": 9,
2026-10-07T10:01:46.7703288Z   "responseHeaders": {
2026-10-07T10:01:46.7703736Z     "access-control-allow-origin": "*",
2026-10-07T10:01:46.7704186Z     "content-length": "269",
2026-10-07T10:01:46.7704648Z     "content-type": "application/json",
2026-10-07T10:01:46.7705147Z     "date": "Wed, 07 Oct 2026 10:01:46 GMT"
2026-10-07T10:01:46.7705569Z   },
2026-10-07T10:01:46.7705884Z   "message": "HTTP response"
2026-10-07T10:01:46.7706253Z }
2026-10-07T10:01:46.7721368Z {
2026-10-07T10:01:46.7721866Z   "type": "log",
2026-10-07T10:01:46.7722221Z   "level": "info",
2026-10-07T10:01:46.7722653Z   "timestamp": "2026-10-07T10:01:46.756Z",
2026-10-07T10:01:46.7723103Z   "service": "http",
2026-10-07T10:01:46.7723444Z   "caller": "global",
2026-10-07T10:01:46.7723794Z   "callNum": 4,
2026-10-07T10:01:46.7724206Z   "url": "http://127.0.0.1:46237/session",
2026-10-07T10:01:46.7726375Z   "bodyPreview": "{\"id\":\"ses_eea3021fcffePVnhYj3ovsUsl4\",\"version\":\"0.26.11\",\"projectID\":\"017b0927f8cf9a4f9cf10a4ebc3e59cd51dec5d9\",\"directory\":\"/tmp/gh-issue-solver-1791367266830\",\"title\":\"New session - 2026-10-07T10:01:46.755Z\",\"time\":{\"created\":1791367306755,\"updated\":1791367306755}}",
2026-10-07T10:01:46.7727573Z   "message": "HTTP response body"
2026-10-07T10:01:46.7727840Z }
2026-10-07T10:01:46.7737230Z {
2026-10-07T10:01:46.7737558Z   "type": "log",
2026-10-07T10:01:46.7737896Z   "level": "info",
2026-10-07T10:01:46.7738308Z   "timestamp": "2026-10-07T10:01:46.756Z",
2026-10-07T10:01:46.7738766Z   "service": "http",
2026-10-07T10:01:46.7739161Z   "caller": "continuous-mode",
2026-10-07T10:01:46.7739549Z   "callNum": 3,
2026-10-07T10:01:46.7739878Z   "method": "POST",
2026-10-07T10:01:46.7740293Z   "url": "http://127.0.0.1:46237/session",
2026-10-07T10:01:46.7740744Z   "status": 200,
2026-10-07T10:01:46.7741082Z   "statusText": "OK",
2026-10-07T10:01:46.7741617Z   "durationMs": 10,
2026-10-07T10:01:46.7741969Z   "responseHeaders": {
2026-10-07T10:01:46.7742724Z     "access-control-allow-origin": "*",
2026-10-07T10:01:46.7743205Z     "content-length": "269",
2026-10-07T10:01:46.7743670Z     "content-type": "application/json",
2026-10-07T10:01:46.7744170Z     "date": "Wed, 07 Oct 2026 10:01:46 GMT"
2026-10-07T10:01:46.7744602Z   },
2026-10-07T10:01:46.7744913Z   "message": "HTTP response"
2026-10-07T10:01:46.7745287Z }
2026-10-07T10:01:46.7756094Z {
2026-10-07T10:01:46.7756671Z   "type": "log",
2026-10-07T10:01:46.7757060Z   "level": "info",
2026-10-07T10:01:46.7757491Z   "timestamp": "2026-10-07T10:01:46.756Z",
2026-10-07T10:01:46.7757946Z   "service": "http",
2026-10-07T10:01:46.7758368Z   "caller": "continuous-mode",
2026-10-07T10:01:46.7758771Z   "callNum": 3,
2026-10-07T10:01:46.7759180Z   "url": "http://127.0.0.1:46237/session",
2026-10-07T10:01:46.7761380Z   "bodyPreview": "{\"id\":\"ses_eea3021fcffePVnhYj3ovsUsl4\",\"version\":\"0.26.11\",\"projectID\":\"017b0927f8cf9a4f9cf10a4ebc3e59cd51dec5d9\",\"directory\":\"/tmp/gh-issue-solver-1791367266830\",\"title\":\"New session - 2026-10-07T10:01:46.755Z\",\"time\":{\"created\":1791367306755,\"updated\":1791367306755}}",
2026-10-07T10:01:46.7763429Z   "message": "HTTP response body"
2026-10-07T10:01:46.7763837Z }
2026-10-07T10:01:46.7780091Z {
2026-10-07T10:01:46.7780611Z   "type": "*",
2026-10-07T10:01:46.7781099Z   "level": "info",
2026-10-07T10:01:46.7781852Z   "timestamp": "2026-10-07T10:01:46.757Z",
2026-10-07T10:01:46.7782465Z   "service": "bus",
2026-10-07T10:01:46.7782985Z   "message": "subscribing"
2026-10-07T10:01:46.7783510Z }
2026-10-07T10:01:46.7936859Z {
2026-10-07T10:01:46.7937628Z   "type": "input",
2026-10-07T10:01:46.7938134Z   "timestamp": "2026-10-07T10:01:46.759Z",
2026-10-07T10:01:46.8014671Z   "raw": "You are an AI issue solver using @link-assistant/agent.\nGeneral guidelines.\n   - When you execute commands and the output becomes large, save the logs to files for easier review.\n   - When running commands, avoid setting a timeout yourself. Let them run as long as needed.\n   - When running sudo commands, especially package installations, run them in the background to avoid timeout issues.\n   - When CI is failing, download the logs locally and investigate them carefully.\n   - When a code or log file has more than 1500 lines, read it in chunks of 1500 lines.\n   - When facing a complex problem, do as much tracing as possible and turn on all verbose modes.\n   - When you create debug, test, or example scripts while fixing an issue, keep them in ./examples and/or ./experiments so you can reuse them later.\n   - When you test assumptions, keep experiment scripts in ./experiments.\n   - When an experiment demonstrates a real-world use case of the software, add it to ./examples.\n   - When you face something extremely hard, use divide and conquer.\nInitial research.\n   - When you start, create a detailed plan for yourself and follow your todo list step by step. Add as many relevant points from these guidelines to the todo list as practical so you can track the work clearly.\n   - When you read issue, read all details and comments thoroughly.\n   - When you see screenshots or images in issue descriptions, pull request descriptions, comments, or discussions, download the image to a local file first, then use the Read tool to view and analyze it. Before reading downloaded images with the Read tool, verify that the file is a valid image rather than HTML by using a CLI tool such as the 'file' command. When the file command shows \"HTML\", \"text\", or \"ASCII text\", the download failed, so do not call Read on that file. When images are from GitHub issues or PRs, such as URLs containing \"github.com/user-attachments\", use: curl -L -H \"Authorization: [REDACTED] $(gh auth token)\" -o <filename> \"<url>\"\n   - When you need issue details, use gh issue view https://github.com/link-assistant/hive-mind/issues/2613.\n   - When you need related code, use gh search code --owner link-assistant [keywords].\n   - When you need repo context, read files in your working directory.\n   - When you study related work, study the most recent related pull requests.\n   - When the issue is not defined clearly enough, write a comment with clarifying questions.\n   - When accessing GitHub Gists, use gh gist view command instead of direct URL fetching.\n   - When you are fixing a bug, find the actual root cause first and run as many experiments as needed.\n   - When you are fixing a bug and the code does not have enough tracing or logs, add them and keep them in the code with the default state switched off.\n   - When you need comments on a pull request, note that GitHub has three different comment types with different API endpoints:\n      1. PR review comments (inline code comments): gh api repos/link-assistant/hive-mind/pulls/2614/comments --paginate\n      2. PR conversation comments (general discussion): gh api repos/link-assistant/hive-mind/issues/2614/comments --paginate\n      3. PR reviews (approve/request changes): gh api repos/link-assistant/hive-mind/pulls/2614/reviews --paginate\n      Note: The command \"gh pr view --json comments\" only returns conversation comments and misses review comments.\n   - When you need the latest comments on the issue, use gh api repos/link-assistant/hive-mind/issues/2613/comments --paginate.\nSolution development and testing.\n   - When issue is solvable, first create a test that reproduces the problem, then implement the fix.\n   - When coding, commit each atomic step that is useful on its own to the pull request branch so interrupted work remains preserved in the pull request.\n   - When you test:\n      start from testing of small functions using separate scripts;\n      write unit tests with mocks for easy and quick start.\n   - When you test integrations, use existing framework.\n   - When you test solution draft, include automated checks in pr.\n   - When you write or modify tests, consider setting reasonable timeouts at test, suite, and CI job levels so failures surface quickly instead of hanging.\n   - When you see repeated test timeout patterns in CI, investigate the root cause rather than increasing timeouts.\n   - When the issue is unclear, write a comment on the issue with questions.\n   - When you encounter any problems that you are unable to solve yourself, write a comment to the pull request asking for help.\n   - When you need human help, use gh pr comment 2614 --body \"your message\" to comment on existing PR.\nReproducible testing.\n   - When fixing a bug, create a test that reproduces the problem before implementing the fix. When you cannot reproduce the problem, you cannot verify the fix.\n   - When encountering logic bugs, write an automated test that fails due to the bug, then implement the fix to make it pass.\n   - When encountering UI bugs, capture a screenshot showing the problem state, then create a visual regression test or manual verification screenshot after the fix.\n   - When creating tests, prefer minimum reproducible examples, meaning the simplest test case that demonstrates the issue.\n   - When submitting a fix, include in the PR description: (1) how to reproduce the issue, (2) the automated test that verifies the fix, (3) before/after screenshots for UI issues.\n   - When a bug fix does not have a reproducing test, treat the fix as incomplete because regressions can occur later without notice.\nPreparing pull request.\n   - When you code, follow contributing guidelines.\n   - When you commit, write clear message.\n   - When you need examples of style, use gh pr list --repo link-assistant/hive-mind --state merged --search [keywords].\n   - When you open pr, describe solution draft and include tests.\n   - When there is a package with version and GitHub Actions workflows for automatic release, update the version in your pull request to prepare for next release.\n   - When you update existing pr 2614, use gh pr edit to modify title and description.\n   - When you finalize the pull request:\n      check that the pull request title and description are updated (the PR may start with a [WIP] prefix and a placeholder description that should be replaced with the actual title and description of the changes),\n      follow style from merged prs for code, title, and description,\n      check that no uncommitted changes corresponding to the original requirements are left behind,\n      check that the default branch is merged into the pull request branch,\n      check that all CI checks are passing if they exist before you finish,\n      check for latest comments on the issue and pull request to ensure no recent feedback was missed,\n      double-check that all changes in the pull request address the original requirements of the issue,\n      check for newly introduced bugs in the pull request by carefully reading gh pr diff,\n      check that no previously existing features were removed without an explicit request in the issue description, issue comments, or pull request comments.\n   - When you finish implementation, use gh pr ready 2614.\nWorkflow and collaboration.\n   - When you check branch, verify with git branch --show-current.\n   - When you push, push only to branch issue-2613-2efa14ce78a7.\n   - When you finish, create a pull request from branch issue-2613-2efa14ce78a7.\n   - When pr 2614 already exists for this branch, update it instead of creating new one.\n   - When you organize workflow, use pull requests instead of direct merges to default branch (main or master).\n   - When you manage commits, preserve commit history for later analysis.\n   - When you contribute, keep repository history forward-moving with regular commits, pushes, and reverts if needed.\n   - When you face conflict that you cannot resolve yourself, ask for help.\n   - When you collaborate, respect branch protections by working only on issue-2613-2efa14ce78a7.\n   - When you mention a result, include the pull request URL or comment URL.\n   - When you need to create pr, remember pr 2614 already exists for this branch.\nSelf review.\n   - When you check your solution draft, run all tests locally.\n   - When you check your solution draft, verify git status shows a clean working tree with no uncommitted changes.\n   - When you compare with repo style, use gh pr diff [number].\n   - When you finalize, confirm code, tests, and description are consistent.\nGitHub CLI command patterns.\n   - When fetching lists from GitHub API, use the --paginate flag to ensure all results are returned (GitHub returns max 30 per page by default).\n   - When listing PR review comments (inline code comments), use gh api repos/OWNER/REPO/pulls/NUMBER/comments --paginate.\n   - When listing PR conversation comments, use gh api repos/OWNER/REPO/issues/NUMBER/comments --paginate.\n   - When listing PR reviews, use gh api repos/OWNER/REPO/pulls/NUMBER/reviews --paginate.\n   - When listing issue comments, use gh api repos/OWNER/REPO/issues/NUMBER/comments --paginate.\n   - When adding PR comment, use gh pr comment NUMBER --body \"text\" --repo OWNER/REPO.\n   - When adding issue comment, use gh issue comment NUMBER --body \"text\" --repo OWNER/REPO.\n   - When viewing PR details, use gh pr view NUMBER --repo OWNER/REPO.\n   - When filtering with jq, use gh api repos/link-assistant/hive-mind/pulls/2614/comments --paginate --jq 'reverse | .[0:5]'.\nPlaywright MCP usage (browser automation via MCP tools).\n   - When you develop frontend web applications (HTML, CSS, JavaScript, React, Vue, Angular, etc.), use Playwright MCP tools to test the UI in a real browser.\n   - When WebFetch tool fails to retrieve expected content (e.g., returns empty content, JavaScript-rendered pages, or login-protected pages), use Playwright MCP tools (browser_navigate, browser_snapshot) as a fallback for web browsing.\n   - When WebSearch tool fails or returns insufficient results, use Playwright MCP tools (browser_navigate, browser_snapshot) as a fallback for internet search.\n   - When you need to interact with dynamic web pages that require JavaScript execution, use Playwright MCP tools.\n   - When you need to visually verify how a web page looks or take screenshots, use browser_take_screenshot from Playwright MCP.\n   - When you need to fill forms, click buttons, or perform user interactions on web pages, use Playwright MCP tools (browser_click, browser_type, browser_fill_form).\n   - When you need to test responsive design or different viewport sizes, use browser_resize from Playwright MCP.\n   - When you finish using the browser, close it with browser_close to free resources.\n   - When reproducing UI bugs, use browser_take_screenshot to capture the problem state before implementing any fix.\n   - When fixing UI bugs, take before/after screenshots to provide visual evidence of the fix for human verification.\n   - When creating UI tests, save baseline screenshots to the repository for visual regression testing.\n   - When verifying UI fixes, compare screenshots to ensure the fix does not introduce unintended visual changes.\nIssue to solve: https://github.com/link-assistant/hive-mind/issues/2613\nYour prepared branch: issue-2613-2efa14ce78a7\nYour prepared working directory: /tmp/gh-issue-solver-1791367266830\nYour prepared Pull Request: https://github.com/link-assistant/hive-mind/pull/2614\nProceed.",
2026-10-07T10:01:46.8082494Z   "parsed": {
2026-10-07T10:01:46.8159098Z     "message": "You are an AI issue solver using @link-assistant/agent.\nGeneral guidelines.\n   - When you execute commands and the output becomes large, save the logs to files for easier review.\n   - When running commands, avoid setting a timeout yourself. Let them run as long as needed.\n   - When running sudo commands, especially package installations, run them in the background to avoid timeout issues.\n   - When CI is failing, download the logs locally and investigate them carefully.\n   - When a code or log file has more than 1500 lines, read it in chunks of 1500 lines.\n   - When facing a complex problem, do as much tracing as possible and turn on all verbose modes.\n   - When you create debug, test, or example scripts while fixing an issue, keep them in ./examples and/or ./experiments so you can reuse them later.\n   - When you test assumptions, keep experiment scripts in ./experiments.\n   - When an experiment demonstrates a real-world use case of the software, add it to ./examples.\n   - When you face something extremely hard, use divide and conquer.\nInitial research.\n   - When you start, create a detailed plan for yourself and follow your todo list step by step. Add as many relevant points from these guidelines to the todo list as practical so you can track the work clearly.\n   - When you read issue, read all details and comments thoroughly.\n   - When you see screenshots or images in issue descriptions, pull request descriptions, comments, or discussions, download the image to a local file first, then use the Read tool to view and analyze it. Before reading downloaded images with the Read tool, verify that the file is a valid image rather than HTML by using a CLI tool such as the 'file' command. When the file command shows \"HTML\", \"text\", or \"ASCII text\", the download failed, so do not call Read on that file. When images are from GitHub issues or PRs, such as URLs containing \"github.com/user-attachments\", use: curl -L -H \"Authorization: [REDACTED] $(gh auth token)\" -o <filename> \"<url>\"\n   - When you need issue details, use gh issue view https://github.com/link-assistant/hive-mind/issues/2613.\n   - When you need related code, use gh search code --owner link-assistant [keywords].\n   - When you need repo context, read files in your working directory.\n   - When you study related work, study the most recent related pull requests.\n   - When the issue is not defined clearly enough, write a comment with clarifying questions.\n   - When accessing GitHub Gists, use gh gist view command instead of direct URL fetching.\n   - When you are fixing a bug, find the actual root cause first and run as many experiments as needed.\n   - When you are fixing a bug and the code does not have enough tracing or logs, add them and keep them in the code with the default state switched off.\n   - When you need comments on a pull request, note that GitHub has three different comment types with different API endpoints:\n      1. PR review comments (inline code comments): gh api repos/link-assistant/hive-mind/pulls/2614/comments --paginate\n      2. PR conversation comments (general discussion): gh api repos/link-assistant/hive-mind/issues/2614/comments --paginate\n      3. PR reviews (approve/request changes): gh api repos/link-assistant/hive-mind/pulls/2614/reviews --paginate\n      Note: The command \"gh pr view --json comments\" only returns conversation comments and misses review comments.\n   - When you need the latest comments on the issue, use gh api repos/link-assistant/hive-mind/issues/2613/comments --paginate.\nSolution development and testing.\n   - When issue is solvable, first create a test that reproduces the problem, then implement the fix.\n   - When coding, commit each atomic step that is useful on its own to the pull request branch so interrupted work remains preserved in the pull request.\n   - When you test:\n      start from testing of small functions using separate scripts;\n      write unit tests with mocks for easy and quick start.\n   - When you test integrations, use existing framework.\n   - When you test solution draft, include automated checks in pr.\n   - When you write or modify tests, consider setting reasonable timeouts at test, suite, and CI job levels so failures surface quickly instead of hanging.\n   - When you see repeated test timeout patterns in CI, investigate the root cause rather than increasing timeouts.\n   - When the issue is unclear, write a comment on the issue with questions.\n   - When you encounter any problems that you are unable to solve yourself, write a comment to the pull request asking for help.\n   - When you need human help, use gh pr comment 2614 --body \"your message\" to comment on existing PR.\nReproducible testing.\n   - When fixing a bug, create a test that reproduces the problem before implementing the fix. When you cannot reproduce the problem, you cannot verify the fix.\n   - When encountering logic bugs, write an automated test that fails due to the bug, then implement the fix to make it pass.\n   - When encountering UI bugs, capture a screenshot showing the problem state, then create a visual regression test or manual verification screenshot after the fix.\n   - When creating tests, prefer minimum reproducible examples, meaning the simplest test case that demonstrates the issue.\n   - When submitting a fix, include in the PR description: (1) how to reproduce the issue, (2) the automated test that verifies the fix, (3) before/after screenshots for UI issues.\n   - When a bug fix does not have a reproducing test, treat the fix as incomplete because regressions can occur later without notice.\nPreparing pull request.\n   - When you code, follow contributing guidelines.\n   - When you commit, write clear message.\n   - When you need examples of style, use gh pr list --repo link-assistant/hive-mind --state merged --search [keywords].\n   - When you open pr, describe solution draft and include tests.\n   - When there is a package with version and GitHub Actions workflows for automatic release, update the version in your pull request to prepare for next release.\n   - When you update existing pr 2614, use gh pr edit to modify title and description.\n   - When you finalize the pull request:\n      check that the pull request title and description are updated (the PR may start with a [WIP] prefix and a placeholder description that should be replaced with the actual title and description of the changes),\n      follow style from merged prs for code, title, and description,\n      check that no uncommitted changes corresponding to the original requirements are left behind,\n      check that the default branch is merged into the pull request branch,\n      check that all CI checks are passing if they exist before you finish,\n      check for latest comments on the issue and pull request to ensure no recent feedback was missed,\n      double-check that all changes in the pull request address the original requirements of the issue,\n      check for newly introduced bugs in the pull request by carefully reading gh pr diff,\n      check that no previously existing features were removed without an explicit request in the issue description, issue comments, or pull request comments.\n   - When you finish implementation, use gh pr ready 2614.\nWorkflow and collaboration.\n   - When you check branch, verify with git branch --show-current.\n   - When you push, push only to branch issue-2613-2efa14ce78a7.\n   - When you finish, create a pull request from branch issue-2613-2efa14ce78a7.\n   - When pr 2614 already exists for this branch, update it instead of creating new one.\n   - When you organize workflow, use pull requests instead of direct merges to default branch (main or master).\n   - When you manage commits, preserve commit history for later analysis.\n   - When you contribute, keep repository history forward-moving with regular commits, pushes, and reverts if needed.\n   - When you face conflict that you cannot resolve yourself, ask for help.\n   - When you collaborate, respect branch protections by working only on issue-2613-2efa14ce78a7.\n   - When you mention a result, include the pull request URL or comment URL.\n   - When you need to create pr, remember pr 2614 already exists for this branch.\nSelf review.\n   - When you check your solution draft, run all tests locally.\n   - When you check your solution draft, verify git status shows a clean working tree with no uncommitted changes.\n   - When you compare with repo style, use gh pr diff [number].\n   - When you finalize, confirm code, tests, and description are consistent.\nGitHub CLI command patterns.\n   - When fetching lists from GitHub API, use the --paginate flag to ensure all results are returned (GitHub returns max 30 per page by default).\n   - When listing PR review comments (inline code comments), use gh api repos/OWNER/REPO/pulls/NUMBER/comments --paginate.\n   - When listing PR conversation comments, use gh api repos/OWNER/REPO/issues/NUMBER/comments --paginate.\n   - When listing PR reviews, use gh api repos/OWNER/REPO/pulls/NUMBER/reviews --paginate.\n   - When listing issue comments, use gh api repos/OWNER/REPO/issues/NUMBER/comments --paginate.\n   - When adding PR comment, use gh pr comment NUMBER --body \"text\" --repo OWNER/REPO.\n   - When adding issue comment, use gh issue comment NUMBER --body \"text\" --repo OWNER/REPO.\n   - When viewing PR details, use gh pr view NUMBER --repo OWNER/REPO.\n   - When filtering with jq, use gh api repos/link-assistant/hive-mind/pulls/2614/comments --paginate --jq 'reverse | .[0:5]'.\nPlaywright MCP usage (browser automation via MCP tools).\n   - When you develop frontend web applications (HTML, CSS, JavaScript, React, Vue, Angular, etc.), use Playwright MCP tools to test the UI in a real browser.\n   - When WebFetch tool fails to retrieve expected content (e.g., returns empty content, JavaScript-rendered pages, or login-protected pages), use Playwright MCP tools (browser_navigate, browser_snapshot) as a fallback for web browsing.\n   - When WebSearch tool fails or returns insufficient results, use Playwright MCP tools (browser_navigate, browser_snapshot) as a fallback for internet search.\n   - When you need to interact with dynamic web pages that require JavaScript execution, use Playwright MCP tools.\n   - When you need to visually verify how a web page looks or take screenshots, use browser_take_screenshot from Playwright MCP.\n   - When you need to fill forms, click buttons, or perform user interactions on web pages, use Playwright MCP tools (browser_click, browser_type, browser_fill_form).\n   - When you need to test responsive design or different viewport sizes, use browser_resize from Playwright MCP.\n   - When you finish using the browser, close it with browser_close to free resources.\n   - When reproducing UI bugs, use browser_take_screenshot to capture the problem state before implementing any fix.\n   - When fixing UI bugs, take before/after screenshots to provide visual evidence of the fix for human verification.\n   - When creating UI tests, save baseline screenshots to the repository for visual regression testing.\n   - When verifying UI fixes, compare screenshots to ensure the fix does not introduce unintended visual changes.\nIssue to solve: https://github.com/link-assistant/hive-mind/issues/2613\nYour prepared branch: issue-2613-2efa14ce78a7\nYour prepared working directory: /tmp/gh-issue-solver-1791367266830\nYour prepared Pull Request: https://github.com/link-assistant/hive-mind/pull/2614\nProceed."
2026-10-07T10:01:46.8226964Z   },
2026-10-07T10:01:46.8227291Z   "format": "text",
2026-10-07T10:01:46.8227622Z   "kind": "message"
2026-10-07T10:01:46.8227926Z }
2026-10-07T10:01:46.8228240Z {
2026-10-07T10:01:46.8228512Z   "type": "*",
2026-10-07T10:01:46.8228815Z   "level": "info",
2026-10-07T10:01:46.8229209Z   "timestamp": "2026-10-07T10:01:46.759Z",
2026-10-07T10:01:46.8229630Z   "service": "bus",
2026-10-07T10:01:46.8229961Z   "message": "subscribing"
2026-10-07T10:01:46.8230303Z }
2026-10-07T10:01:46.8237613Z {
2026-10-07T10:01:46.8237965Z   "type": "log",
2026-10-07T10:01:46.8238306Z   "level": "info",
2026-10-07T10:01:46.8238735Z   "timestamp": "2026-10-07T10:01:46.759Z",
2026-10-07T10:01:46.8239184Z   "service": "http",
2026-10-07T10:01:46.8239534Z   "caller": "global",
2026-10-07T10:01:46.8239896Z   "callNum": 5,
2026-10-07T10:01:46.8240222Z   "method": "POST",
2026-10-07T10:01:46.8240857Z   "url": "http://127.0.0.1:46237/session/ses_eea3021fcffePVnhYj3ovsUsl4/message",
2026-10-07T10:01:46.8241668Z   "headers": {
2026-10-07T10:01:46.8242062Z     "Content-Type": "application/json"
2026-10-07T10:01:46.8242483Z   },
2026-10-07T10:01:46.8269716Z   "bodyPreview": "{\"parts\":[{\"type\":\"text\",\"text\":\"You are an AI issue solver using @link-assistant/agent.\\nGeneral guidelines.\\n   - When you execute commands and the output becomes large, save the logs to files for easier review.\\n   - When running commands, avoid setting a timeout yourself. Let them run as long as needed.\\n   - When running sudo commands, especially package installations, run them in the background to avoid timeout issues.\\n   - When CI is failing, download the logs locally and investigate them carefully.\\n   - When a code or log file has more than 1500 lines, read it in chunks of 1500 lines.\\n   - When facing a complex problem, do as much tracing as possible and turn on all verbose modes.\\n   - When you create debug, test, or example scripts while fixing an issue, keep them in ./examples and/or ./experiments so you can reuse them later.\\n   - When you test assumptions, keep experiment scripts in ./experiments.\\n   - When an experiment demonstrates a real-world use case of the software, add it to ./examples.\\n   - When you face something extremely hard, use divide and conquer.\\nInitial research.\\n   - When you start, create a detailed plan for yourself and follow your todo list step by step. Add as many relevant points from these guidelines to the todo list as practical so you can track the work clearly.\\n   - When you read issue, read all details and comments thoroughly.\\n   - When you see screenshots or images in issue descriptions, pull request descriptions, comments, or discussions, download the image to a local file first, then use the Read tool to view and analyze it. Before reading downloaded images with the Read tool, verify that the file is a valid image rather than HTML by using a CLI tool such as the 'file' command. When the file command shows \\\"HTML\\\", \\\"text\\\", or \\\"ASCII text\\\", the download failed, so do not call Read on that file. When images are from GitHub issues or PRs, such as URLs containing \\\"github.com/user-attachments\\\", use: curl -L -H \\\"Authorization: [REDACTED] $(gh auth token)\\\" -o <filename> \\\"<url>\\\"\\n   - When you need issue details, use gh issue view https://github.com/link-assistant/hive-mind/issues/2613.\\n   - When you need related code, use gh search code --owner link-assistant [keywords].\\n   - When you need repo context, read files in your working directory.\\n   - When you study related work, study the most recent related pull requests.\\n   - When the issue is not defined clearly enough, write a comment with clarifying questions.\\n   - When accessing GitHub Gists, use gh gist view command instead of direct URL fetching.\\n   - When you are fixing a bug, find the actual root cause first and run as many experiments as needed.\\n   - When you are fixing a bug and the code does not have enough tracing or logs, add them and keep them in the code with the default state switched off.\\n   - When you need comments on a pull request, note that GitHub has three different comment types with different API endpoints:\\n      1. PR review comments (inline code comments): gh api repos/link-assistant/hive-mind/pulls/2614/comments --paginate\\n      2. PR conversation comments (general discussion): gh api repos/link-assistant/hive-mind/issues/2614/comments --paginate\\n      3. PR reviews (approve/request changes): gh api repos/link-assistant/hive-mind/pulls/2614/reviews --paginate\\n      Note: The command \\\"gh pr view --json comments\\\" only returns conversation comments and misses review comments.\\n   - When you need the latest comments on the issue, use gh api repos/link-assistant/hive-mind/issues/2613/comments --paginate.\\nSolution development and testing.\\n   - When issue is solvable, first create a test that reproduces the problem, then implement the fix.\\n   - When coding, commit each atomic step that is useful on its own to the pull request branch so interrupted work remains preserved in the pull request.\\n   - When you test:\\n      start from testing of small functions using separate scripts;\\n      write un... [truncated, total 11892 chars]",
2026-10-07T10:01:46.8293343Z   "message": "HTTP request"
2026-10-07T10:01:46.8293724Z }
2026-10-07T10:01:46.8294047Z {
2026-10-07T10:01:46.8294327Z   "type": "log",
2026-10-07T10:01:46.8294662Z   "level": "info",
2026-10-07T10:01:46.8295062Z   "timestamp": "2026-10-07T10:01:46.760Z",
2026-10-07T10:01:46.8295511Z   "service": "server",
2026-10-07T10:01:46.8295875Z   "method": "POST",
2026-10-07T10:01:46.8296573Z   "path": "/session/ses_eea3021fcffePVnhYj3ovsUsl4/message",
2026-10-07T10:01:46.8297133Z   "message": "request"
2026-10-07T10:01:46.8297464Z }
2026-10-07T10:01:46.8297732Z {
2026-10-07T10:01:46.8298007Z   "type": "log",
2026-10-07T10:01:46.8298335Z   "level": "info",
2026-10-07T10:01:46.8298720Z   "timestamp": "2026-10-07T10:01:46.760Z",
2026-10-07T10:01:46.8299152Z   "service": "server",
2026-10-07T10:01:46.8299500Z   "status": "started",
2026-10-07T10:01:46.8299842Z   "method": "POST",
2026-10-07T10:01:46.8300333Z   "path": "/session/ses_eea3021fcffePVnhYj3ovsUsl4/message",
2026-10-07T10:01:46.8300947Z   "message": "request"
2026-10-07T10:01:46.8301366Z }
2026-10-07T10:01:46.8301786Z {
2026-10-07T10:01:46.8302076Z   "type": "log",
2026-10-07T10:01:46.8302372Z   "level": "info",
2026-10-07T10:01:46.8302724Z   "timestamp": "2026-10-07T10:01:46.766Z",
2026-10-07T10:01:46.8303114Z   "service": "server",
2026-10-07T10:01:46.8303445Z   "status": "completed",
2026-10-07T10:01:46.8303796Z   "duration": 6,
2026-10-07T10:01:46.8304112Z   "method": "POST",
2026-10-07T10:01:46.8304580Z   "path": "/session/ses_eea3021fcffePVnhYj3ovsUsl4/message",
2026-10-07T10:01:46.8305090Z   "message": "request"
2026-10-07T10:01:46.8305413Z }
2026-10-07T10:01:46.8305686Z {
2026-10-07T10:01:46.8305995Z   "type": "message.updated",
2026-10-07T10:01:46.8306364Z   "level": "info",
2026-10-07T10:01:46.8306739Z   "timestamp": "2026-10-07T10:01:46.771Z",
2026-10-07T10:01:46.8307165Z   "service": "bus",
2026-10-07T10:01:46.8307507Z   "message": "publishing"
2026-10-07T10:01:46.8307859Z }
2026-10-07T10:01:46.8316874Z {
2026-10-07T10:01:46.8317273Z   "type": "message.part.updated",
2026-10-07T10:01:46.8317716Z   "level": "info",
2026-10-07T10:01:46.8318118Z   "timestamp": "2026-10-07T10:01:46.772Z",
2026-10-07T10:01:46.8319008Z   "service": "bus",
2026-10-07T10:01:46.8339513Z   "message": "publishing"
2026-10-07T10:01:46.8339993Z }
2026-10-07T10:01:46.8340293Z {
2026-10-07T10:01:46.8340906Z   "type": "session.updated",
2026-10-07T10:01:46.8341331Z   "level": "info",
2026-10-07T10:01:46.8341926Z   "timestamp": "2026-10-07T10:01:46.773Z",
2026-10-07T10:01:46.8342377Z   "service": "bus",
2026-10-07T10:01:46.8342728Z   "message": "publishing"
2026-10-07T10:01:46.8343097Z }
2026-10-07T10:01:46.8347142Z {
2026-10-07T10:01:46.8347463Z   "type": "log",
2026-10-07T10:01:46.8347809Z   "level": "info",
2026-10-07T10:01:46.8348215Z   "timestamp": "2026-10-07T10:01:46.776Z",
2026-10-07T10:01:46.8348721Z   "service": "session.prompt",
2026-10-07T10:01:46.8349125Z   "step": 0,
2026-10-07T10:01:46.8349555Z   "sessionID": "ses_eea3021fcffePVnhYj3ovsUsl4",
2026-10-07T10:01:46.8350045Z   "message": "loop"
2026-10-07T10:01:46.8350373Z }
2026-10-07T10:01:46.8361944Z 📌 Session ID: ses_eea3021fcffePVnhYj3ovsUsl4
2026-10-07T10:01:46.8382836Z 🧾 Formal AI evidence bundle armed for session ses_eea3021fcffePVnhYj3ovsUsl4
2026-10-07T10:01:46.8401641Z {
2026-10-07T10:01:46.8401979Z   "type": "log",
2026-10-07T10:01:46.8402354Z   "level": "info",
2026-10-07T10:01:46.8402786Z   "timestamp": "2026-10-07T10:01:46.778Z",
2026-10-07T10:01:46.8403305Z   "service": "session.prompt",
2026-10-07T10:01:46.8403990Z   "hint": "Enable with --generate-title flag or AGENT_GENERATE_TITLE=true",
2026-10-07T10:01:46.8404697Z   "message": "title generation disabled"
2026-10-07T10:01:46.8405138Z }
2026-10-07T10:01:46.8417430Z {
2026-10-07T10:01:46.8417938Z   "type": "log",
2026-10-07T10:01:46.8418303Z   "level": "info",
2026-10-07T10:01:46.8418724Z   "timestamp": "2026-10-07T10:01:46.778Z",
2026-10-07T10:01:46.8419239Z   "service": "session.prompt",
2026-10-07T10:01:46.8419670Z   "providerID": "formalai",
2026-10-07T10:01:46.8420063Z   "modelID": "formal-ai",
2026-10-07T10:01:46.8420547Z   "sessionID": "ses_eea3021fcffePVnhYj3ovsUsl4",
2026-10-07T10:01:46.8421041Z   "step": 1,
2026-10-07T10:01:46.8423458Z   "message": "resolving model"
2026-10-07T10:01:46.8423888Z }
2026-10-07T10:01:46.8431750Z {
2026-10-07T10:01:46.8432067Z   "type": "log",
2026-10-07T10:01:46.8432432Z   "level": "info",
2026-10-07T10:01:46.8433146Z   "timestamp": "2026-10-07T10:01:46.779Z",
2026-10-07T10:01:46.8433622Z   "service": "provider",
2026-10-07T10:01:46.8434009Z   "providerID": "formalai",
2026-10-07T10:01:46.8434406Z   "modelID": "formal-ai",
2026-10-07T10:01:46.8434792Z   "message": "getModel"
2026-10-07T10:01:46.8435134Z }
2026-10-07T10:01:46.8446196Z {
2026-10-07T10:01:46.8446499Z   "type": "log",
2026-10-07T10:01:46.8446837Z   "level": "info",
2026-10-07T10:01:46.8447250Z   "timestamp": "2026-10-07T10:01:46.779Z",
2026-10-07T10:01:46.8447701Z   "service": "provider",
2026-10-07T10:01:46.8448074Z   "status": "started",
2026-10-07T10:01:46.8448435Z   "providerID": "formalai",
2026-10-07T10:01:46.8448822Z   "message": "getSDK"
2026-10-07T10:01:46.8449147Z }
2026-10-07T10:01:46.8461275Z {
2026-10-07T10:01:46.8461892Z   "type": "log",
2026-10-07T10:01:46.8462275Z   "level": "info",
2026-10-07T10:01:46.8462679Z   "timestamp": "2026-10-07T10:01:46.780Z",
2026-10-07T10:01:46.8463156Z   "service": "provider",
2026-10-07T10:01:46.8463545Z   "providerID": "formalai",
2026-10-07T10:01:46.8464015Z   "pkg": "@ai-sdk/openai-compatible",
2026-10-07T10:01:46.8464547Z   "globalVerboseFetchInstalled": true,
2026-10-07T10:01:46.8465022Z   "verboseAtCreation": true,
2026-10-07T10:01:46.8465539Z   "message": "provider SDK fetch chain configured"
2026-10-07T10:01:46.8466028Z }
2026-10-07T10:01:46.8478488Z {
2026-10-07T10:01:46.8478808Z   "type": "log",
2026-10-07T10:01:46.8479146Z   "level": "info",
2026-10-07T10:01:46.8479566Z   "timestamp": "2026-10-07T10:01:46.780Z",
2026-10-07T10:01:46.8480020Z   "service": "provider",
2026-10-07T10:01:46.8480399Z   "providerID": "formalai",
2026-10-07T10:01:46.8480862Z   "pkg": "@ai-sdk/openai-compatible",
2026-10-07T10:01:46.8481653Z   "message": "using bundled provider (no installation needed)"
2026-10-07T10:01:46.8482203Z }
2026-10-07T10:01:46.8491052Z {
2026-10-07T10:01:46.8491623Z   "type": "log",
2026-10-07T10:01:46.8491980Z   "level": "info",
2026-10-07T10:01:46.8492703Z   "timestamp": "2026-10-07T10:01:46.780Z",
2026-10-07T10:01:46.8493163Z   "service": "provider",
2026-10-07T10:01:46.8493533Z   "status": "completed",
2026-10-07T10:01:46.8493895Z   "duration": 1,
2026-10-07T10:01:46.8494234Z   "providerID": "formalai",
2026-10-07T10:01:46.8494613Z   "message": "getSDK"
2026-10-07T10:01:46.8494902Z }
2026-10-07T10:01:46.8505322Z {
2026-10-07T10:01:46.8505634Z   "type": "log",
2026-10-07T10:01:46.8505964Z   "level": "info",
2026-10-07T10:01:46.8506386Z   "timestamp": "2026-10-07T10:01:46.780Z",
2026-10-07T10:01:46.8506844Z   "service": "provider",
2026-10-07T10:01:46.8507231Z   "providerID": "formalai",
2026-10-07T10:01:46.8507634Z   "modelID": "formal-ai",
2026-10-07T10:01:46.8508006Z   "message": "found"
2026-10-07T10:01:46.8508331Z }
2026-10-07T10:01:46.8520962Z {
2026-10-07T10:01:46.8521726Z   "type": "log",
2026-10-07T10:01:46.8522001Z   "level": "info",
2026-10-07T10:01:46.8522285Z   "timestamp": "2026-10-07T10:01:46.780Z",
2026-10-07T10:01:46.8522640Z   "service": "session.prompt",
2026-10-07T10:01:46.8522915Z   "providerID": "formalai",
2026-10-07T10:01:46.8523174Z   "modelID": "formal-ai",
2026-10-07T10:01:46.8523443Z   "resolvedModelID": "formal-ai",
2026-10-07T10:01:46.8523745Z   "message": "model resolved successfully"
2026-10-07T10:01:46.8524020Z }
2026-10-07T10:01:47.2162513Z {
2026-10-07T10:01:47.2163075Z   "type": "log",
2026-10-07T10:01:47.2163705Z   "level": "info",
2026-10-07T10:01:47.2164316Z   "timestamp": "2026-10-07T10:01:47.213Z",
2026-10-07T10:01:47.2164952Z   "service": "token",
2026-10-07T10:01:47.2165576Z   "message": "loaded gpt-tokenizer (o200k_base)"
2026-10-07T10:01:47.2166218Z }
2026-10-07T10:01:47.2229851Z {
2026-10-07T10:01:47.2230299Z   "type": "message.updated",
2026-10-07T10:01:47.2230742Z   "level": "info",
2026-10-07T10:01:47.2231170Z   "timestamp": "2026-10-07T10:01:47.220Z",
2026-10-07T10:01:47.2231823Z   "service": "bus",
2026-10-07T10:01:47.2232199Z   "message": "publishing"
2026-10-07T10:01:47.2232608Z }
2026-10-07T10:01:47.2250670Z {
2026-10-07T10:01:47.2251080Z   "type": "log",
2026-10-07T10:01:47.2251985Z   "level": "info",
2026-10-07T10:01:47.2252415Z   "timestamp": "2026-10-07T10:01:47.221Z",
2026-10-07T10:01:47.2252903Z   "service": "system-prompt",
2026-10-07T10:01:47.2253325Z   "prompt": "anthropic",
2026-10-07T10:01:47.2253703Z   "model": "formal-ai",
2026-10-07T10:01:47.2254359Z   "message": "system prompt: anthropic (default for unknown model formal-ai)"
2026-10-07T10:01:47.2254990Z }
2026-10-07T10:01:47.2276272Z {
2026-10-07T10:01:47.2276699Z   "type": "log",
2026-10-07T10:01:47.2277114Z   "level": "info",
2026-10-07T10:01:47.2277526Z   "timestamp": "2026-10-07T10:01:47.222Z",
2026-10-07T10:01:47.2277967Z   "service": "ripgrep",
2026-10-07T10:01:47.2278399Z   "cwd": "/tmp/gh-issue-solver-1791367266830",
2026-10-07T10:01:47.2278835Z   "limit": 200,
2026-10-07T10:01:47.2279180Z   "message": "tree"
2026-10-07T10:01:47.2279516Z }
2026-10-07T10:01:47.2298095Z {
2026-10-07T10:01:47.2298447Z   "type": "log",
2026-10-07T10:01:47.2298818Z   "level": "info",
2026-10-07T10:01:47.2299231Z   "timestamp": "2026-10-07T10:01:47.223Z",
2026-10-07T10:01:47.2299628Z   "service": "http",
2026-10-07T10:01:47.2299942Z   "caller": "ripgrep",
2026-10-07T10:01:47.2300261Z   "callNum": 6,
2026-10-07T10:01:47.2300548Z   "method": "GET",
2026-10-07T10:01:47.2301557Z   "url": "https://github.com/BurntSushi/ripgrep/releases/download/14.1.1/ripgrep-14.1.1-x86_64-unknown-linux-musl.tar.gz",
2026-10-07T10:01:47.2302428Z   "headers": {},
2026-10-07T10:01:47.2303300Z   "message": "HTTP request"
2026-10-07T10:01:47.2303674Z }
2026-10-07T10:01:47.3235920Z {
2026-10-07T10:01:47.3236196Z   "type": "log",
2026-10-07T10:01:47.3236458Z   "level": "info",
2026-10-07T10:01:47.3236745Z   "timestamp": "2026-10-07T10:01:47.319Z",
2026-10-07T10:01:47.3237046Z   "service": "http",
2026-10-07T10:01:47.3237284Z   "caller": "ripgrep",
2026-10-07T10:01:47.3237510Z   "callNum": 6,
2026-10-07T10:01:47.3237719Z   "method": "GET",
2026-10-07T10:01:47.3239076Z   "url": "https://github.com/BurntSushi/ripgrep/releases/download/14.1.1/ripgrep-14.1.1-x86_64-unknown-linux-musl.tar.gz",
2026-10-07T10:01:47.3239997Z   "status": 200,
2026-10-07T10:01:47.3240343Z   "statusText": "OK",
2026-10-07T10:01:47.3240700Z   "durationMs": 96,
2026-10-07T10:01:47.3241050Z   "responseHeaders": {
2026-10-07T10:01:47.3241763Z     "accept-ranges": "bytes",
2026-10-07T10:01:47.3242134Z     "age": "5415",
2026-10-07T10:01:47.3242562Z     "connection": "keep-alive",
2026-10-07T10:01:47.3243385Z     "content-disposition": "attachment; filename=ripgrep-14.1.1-x86_64-unknown-linux-musl.tar.gz",
2026-10-07T10:01:47.3244256Z     "content-length": "2566310",
2026-10-07T10:01:47.3244779Z     "content-type": "application/octet-stream",
2026-10-07T10:01:47.3245323Z     "date": "Wed, 07 Oct 2026 10:01:47 GMT",
2026-10-07T10:01:47.3245826Z     "etag": "\"0x8DCD0765F32CA10\"",
2026-10-07T10:01:47.3246350Z     "last-modified": "Mon, 09 Sep 2024 02:23:20 GMT",
2026-10-07T10:01:47.3247041Z     "server": "Windows-Azure-Blob/1.0 Microsoft-HTTPAPI/2.0",
2026-10-07T10:01:47.3247670Z     "via": "1.1 varnish, 1.1 varnish",
2026-10-07T10:01:47.3248106Z     "x-cache": "HIT, HIT",
2026-10-07T10:01:47.3248514Z     "x-cache-hits": "87099, 1",
2026-10-07T10:01:47.3248951Z     "x-ms-blob-type": "BlockBlob",
2026-10-07T10:01:47.3249531Z     "x-ms-creation-time": "Mon, 09 Sep 2024 02:23:20 GMT",
2026-10-07T10:01:47.3250105Z     "x-ms-lease-state": "available",
2026-10-07T10:01:47.3250612Z     "x-ms-lease-status": "unlocked",
2026-10-07T10:01:47.3251267Z     "x-ms-request-id": "8408ae25-801e-001b-6071-0bdf56000000",
2026-10-07T10:01:47.3252024Z     "x-ms-server-encrypted": "true",
2026-10-07T10:01:47.3252502Z     "x-ms-version": "2018-11-09",
2026-10-07T10:01:47.3253269Z     "x-served-by": "cache-iad-kcgs7200113-IAD, cache-chi-kmdw8640052-CHI",
2026-10-07T10:01:47.3254002Z     "x-timer": "S1791367307.312444,VS0,VE4"
2026-10-07T10:01:47.3254418Z   },
2026-10-07T10:01:47.3254740Z   "message": "HTTP response"
2026-10-07T10:01:47.3255141Z }
2026-10-07T10:01:47.3383218Z {
2026-10-07T10:01:47.3383598Z   "type": "log",
2026-10-07T10:01:47.3384274Z   "level": "info",
2026-10-07T10:01:47.3384674Z   "timestamp": "2026-10-07T10:01:47.333Z",
2026-10-07T10:01:47.3385174Z   "service": "http",
2026-10-07T10:01:47.3385518Z   "caller": "ripgrep",
2026-10-07T10:01:47.3385861Z   "callNum": 6,
2026-10-07T10:01:47.3386677Z   "url": "https://github.com/BurntSushi/ripgrep/releases/download/14.1.1/ripgrep-14.1.1-x86_64-unknown-linux-musl.tar.gz",
2026-10-07T10:01:47.3432681Z   "bodyPreview": "\u001f�\b\u0000\u0000\u0000\u0000\u0000\u0000\u0003�[io\u001bI����+r�?�e�(��H���\u0001%Qnbt-)���\u0018[Ū$��:8uH��?~_Df\u001d�%[�5z��&\f�G\u001e�q���J�j�ȕ��ow�]�����};���!�\u0003\u0015�v����\u000f����588����A�?w\u0007\u0003�k^?t�����A�����\u001f��8�\u001f���W�fn\"�\u000fI\u001eE2y~�\u001f{w_����+y��O��\u001f_���=H����g��\u001d�7������\u0010��}ا^����T�X%�\u001f��\u0004���\u001b@잌R�<�e\"��\u0014���R��/.�7�|Nۖ�{���]�\u001c?g��\u0017��69�I��x.��Ǥ�ڶ��O�����{y>>\u0019]NG������z��m��\u001f��e�Ƌ�\u001f��Ԧ�G2��p&\u0013�\u001aϳ\u00077�\"��t�#�(�٦W�\ff,�8tU\u0004\u001f0��q$˥0ʋW�\bc_��ǧ�\u00169�\u0016~\u000bW*��T\u0006AKĉ�4K�,ό\u000b)�n\u0015NCE�.O<���<NB�\u0013n*�b9ߚ��M�ۜ~���5Y�f�P&�r\u0003�\u0014ő]}����4�\n�\u001b�O\u001bG�<Q���L�Q\n��\f|��E�>I>]�\u0016�L\u0004�C�b��y���7�K-����\b_bA7�L\u001dm�\u0006Am-�\u0017�O�\r�h���x/�w�\f��� ��O�g2�s�i2��.ќ,���¾\u0004�C\u0019e��f��*Ii���'�\u0014��\r�D���%֙ъ\"��I&\\�V��7*�W\u000e���8�J&+��*[�Nt�\u0015\u000eL?\u00125�<�I݈\u0019��M�\u0015\u0017tH�`=Du��HL��n�\u000f'#1����ջ���T�8���-�~|����������wqu&�����/O[����h:\u0015W\u00131��>\u001f�N[b|yr~{\n�#�1���F��\u0011���͕�\r�R�\u0011�Y\u0017��ɯ�8<\u001e��o~o����%�y�E��z8�\u0019�ܞ\u000f'��vr}5\u001da�S,{9�<�`�����m�/�\u0018��\u00071�ux~�[\roA�d*�G bx|>ҫ�������%N�\u0017÷D�ĺ\t\u000f3���u�_a�!��܌�.��'W�7\u0013|l�@�\u001b:;O}?��Z�p2����&WX�8�\u0019W�\b�]��*�U��|\f�Ϸ�QE��hx���4�>\u0018�;���qB:E�̊\u0004O��\u0006�6'�\u0010�[f����n^@�v�,v��/��=^/���ߚ\u00036��z�.��_�ߟ�j$rqoG�Woۡ�`�/��~������\u0011v���K�]��A\u0010v���\u001c�X�|��\n��PEp�\u0006\u0010�\u0007�3|9�\u0017b�\u001e5�\u0002&ɼ��\u0016�u[\u0000I��$S^\u000e��҃�\u0007�y�3�\u0000\u001e��<���R\u0006iT�\\�ZD\u0014\u001e���\u0000�t�#y�����Tڲ�n���\\ ��#'\u0015c�ͪ����\u0018�.�\u0004�D&\u0004�\b�+�)�\u000e\u0010ʰ'�\u000b�(S\u000b(�a����8��億p|�\u00003�+\"Ģ\n���\u0000d#��T�>i8\u00040\u000b��PX��p\u0010(_\u0003.$�~�1TR�\u0017'\te�X\u0012\u000b��q��N����8�\u0000��\u001b�\b+��2��p��\u0015Ϋ��7���_�q�\u00012\u0004qQ�i\u000e\tGڏ\u000eN##�^3�-^�4-�\u0019KTo�p�h�8C\u0007�\b+��\u0004�Fa��\u0000&�a��d8��hX����\b���\u001f�;�u�\u0015E�o,��p|�V��;<�����|�0��F�6���q�D�4O�j�\u001c|W�i.�]����\u0012�\fJG\u0007�\u0011�Ju�:�\u0018\f�\u001dJ͌B�JF\u0018\u0016\u0003�\\��C\"�F2�\re\u0017��\tH\u001b�\u001f6%\rS���\f��\u000b�~N���з]���\u0011s�2ԝI����m�4\f�\u0014��,��$�V\u0016\u001bi�0Ү������HC��\u0011�\u0019\u0002R��\u0014b!��n\u00143�8ʐi�[&�G3�]hB�C&k�H�\u0007�\u0001��I<��\u001dY������\u0006dH\n��%U0٘L �}P�B\u0018ƽ�4!-�\u0012J�\u0002��/lk�F͑L8� '�D{�\u001e�~08�0������+Z\u0000o��\u000b�QޓQ~��\"���\u0015��)\u0015�9�\u0014Ơ�Ya\r��F\u0007d�t#O���\u0019��\b�a��Ĉ\u0018��W�ޑ\u000f\u0003��HWuIN�1�\u0005G9\u001b\ron\u0001�q��v�7v5�\u001bo�@l�`k�A���\u001dWy\u0010��\u0004�\u000f'~Z������-D��r���r�0��!\u0004Z�\u0018��\u0017\u00079��:�=��=�۵{_\r�+��_\b��-�F�%0��]|O��W.���\u0017��t\u0010�D �\b%��b?��+D\u0006�����\u0016W�<t�v��7\u001d�r-�'y�\u0007�OzP;�/gN�}�t{\u0007}��![H��McǍ)�6�X�4\u0010��#S\n��3�t�\u0015�y���\bjl�n�\n��J�p�r6H9jN�QI�\u0019�M\u001b[�\u001a���_lt������U�\u000f\u0003:x9������j׶�ײ=𻲓nMe�\u0014�����k���D\u001c\u000f��\u0006\u0006��\f�\u000e��x�\"?~��\u0012�5g��l:�\bgu��}���^����4k?�\u0001��F3+׻s\u0017�<u��. Hw_�\u000b����\u0003�D@b=*XA�����K��A+�b\u0015ѹU�.\n\u0010�A���\"�\u0019����\u0006Z���\u000fu�0a�\f�o-���\u0012\u0001%��;XЊ�\u0010����\u0016\u0005ݵ��\u001b��V��eJ�g|�\u0003d\u001d-�Fi���ac[i*{m�&F�sg\u0001C�\u0010@\u0016ar���@)̩���\u0015!�˹\u000btJ>m.�qΗL\u001f�M�I�ˏL^��E�S�\u0019c�k}�\u000f\u001a��z\t�5F+\t�Z�����G3ή}\u0005�ĩ�,�\u000b�&�\u0000�K�ވB1i���Js@�,�U�:j=�j5����\u0003���H��]���\\\u001e�\t�\u0007�\t�UQq�\u0016z\u0001�k�.�\u000f\t\u0010?ՉU���BF\u000b����۽��\bN\u0001�j�\u001c��\u0011�W�.dk\u0005���GO�2\u0006k�ʩt\u0013Fޤ&@^b�@/zQ�%cp}]\u0003tg�5�*\u001f��W�E\"\u0004(\u000e��G=��b9�]��i�>k9����!�Z�D��i�G�l��I�\u0007�\u0007X\u0003\u000e�J�O�n`�χ\u000e�,q��\u0010\f4\\c\u001fxG��\u0014�H���6�\u0013�L�ByV!�2\u000f����8��]Z�L\u0012���pe�y�`\u001d\u000b�g!=��;-6fB(\\�O\u0014ar�O%��Բ��\n���0��[���F���0w\f|��D\u000fQ��{/EB\u001a'wE���{�\u0011\"\u000f~\u0005��sH�f���.�ץ\\��\t$9����|�k\n�@�mI˓8��5�\rq�\u001c�\b[;\u0010������L��I��3�mJ�mG2��\u001a�����x2\u001a����@6}��c��,�}�\u0015���P}sIB5�{7�:\u0010�(��\u0012\u00008%\u0015��n�\"�K��jU�\u0003\\\u001e\u001a�k\u001f;���\u0000�&\u0005T��Z!P\f9A\u0004�\u0010\b^�>W\u0011�s\u0014�\u000b���h�_\u0015pՂ.�\nK��U��g�)��a]�g���`\u001e���8[\u000b*��`�\u001a���\u0014-�7Z�2i0�iF�Ch\u0017(����'�u��B\r�$�#\u00030q�\u000b3>�\f1PV�(|\u0014���m�Y\u0019� �E\u0003�\f�9䌙�˕D�\u0017y�<d\u0016��\u0014Г#8_1���:\u001c�gRF��ī\u0015\u0016\u0014׉\u0004zD�\u0001G`r�B5��P���$��g��\u0016�T{�B*p�2�\u0013_�\u0007\u001c\u0005��u\u0002\u001e�!��g���Uףə��;��7�U4�q�\u0005]D���~�%�QMJ\u000b�_߰�i�a�SmȎ��2���O$\bA\u001c��nB�\u0000.�\ra\u0014�\u0003e�#Br\u0001���;8�6�]1�\t�v�;�@��\u001d.9 h\f�=;t�ydwA��k\u0012J����\u001b�ј�uZJ�IN\u0011��h�t��>Ո�����f�\u0012�@=��%���T��X/�)_�\u0000����w����\u0016$��\u0001�G-XG\f��\u0012\u0013�.o�\u001b�0�pЬ%n��-�n����\u001f4�\u001d�(�\r���F���hT\u0000�P჎K�u��\u001f*�Y��\u000e:M3=��Qp��ª\u001c���<���\u001d�N2�l�M�ޠ1%{\u0003�B����F\u0019f��bw�\u0002�m������6l�f$\b#�4�Wv\u001c\u00013D\\�-�%\u001b[\u001dv�\u0016\u000fh�Nu�ZZ�\"���t\u0015�h����t\u0011�(�̳U��\u0011���[��5�2�\u0014}�Hhd�\u0018h=DF��\r\n���=�W�\nצ�[�YCrW�I���*\\���a�\u0014��=���G8\r\u001b^c\u0016#�\u001e\u001e�\u001c�nİO��Cd\u000b\u001e[�\bt��EO�q-\u0006SJ\u0005��@�{U\u0011�\u0014\fj�\u0001.���.(��\u0000g����������8�\u00074�j���(�\u0001\u0014��={/��ٳ�%1�\fS����\u001dN��&\u000bPu��-h�M�A�q�\rS��\u001b]���,_\u0018��H5��L)�.���J�\u000ebG{�!��I\u0012��qۊ��o^��߫��c�\u0000����I^t��\u000e�G\u0010��Z����M\u0003S�<0�E�'\u0018z\u00123�>�$���d2�\t��U�;�����&�g�Z����k�Ә2r�O؍8�=��\"jƲ�?U\u0006j�w��\ne����\r�2��l�Õ\b�M��f���FU��to�\u0018rb\noz[\u0014|��3I,��ҧ��\u001a\r�^�\n*M�\"X�\u0015���d��;�\u0013$�\r���V�f��S�����<q\rJ\u0018�e[�\f\u0013A�Q�\\�i/ڔ<^��N\u0007��f�\u001c�Z#h�y1\"��L�\u0019�\f\u0015^Y���\u001d7;���\u0007́��`{�z\u001c��gv��}��+����@=\u0000o\u0014L���\u0007�\u001aE�/�\u000b�\u0018�\u0019\u0017�\"D�\u000fNqk�-B7@���+{2\u0015\u0019��0�!6Z�(9�6�\u0004S���u\u0015\u0011���\u001b�&�\u0007\u0003w���\u0019\u0012R\u0019ݫ\u0004\u0010��}�~c+Ŕ/]�s\u001c������Q9q�� ���j\u0017\u001c��Y)M��O\u0002`��Z3\u0019�b���tg�q刪�w\bc��\t�\u0017��\u0019\u001b�u;��\f�l#|�\u0018�\u0004�\u0001C\u0003�\u0003U�\u001a�=��j\u000e��GO������8s��s����N;Y���\u001a\u0005�... [truncated]",
2026-10-07T10:01:47.3465225Z   "message": "HTTP response body (stream)"
2026-10-07T10:01:47.3465706Z }
2026-10-07T10:01:47.4968517Z {
2026-10-07T10:01:47.4968912Z   "type": "log",
2026-10-07T10:01:47.4969309Z   "level": "info",
2026-10-07T10:01:47.4970164Z   "timestamp": "2026-10-07T10:01:47.494Z",
2026-10-07T10:01:47.4970730Z   "service": "session.prompt",
2026-10-07T10:01:47.4971238Z   "message": "=== VERBOSE: API Request Details ==="
2026-10-07T10:01:47.4972008Z }
2026-10-07T10:01:47.4986338Z {
2026-10-07T10:01:47.4986691Z   "type": "log",
2026-10-07T10:01:47.4987053Z   "level": "info",
2026-10-07T10:01:47.4987482Z   "timestamp": "2026-10-07T10:01:47.494Z",
2026-10-07T10:01:47.4988014Z   "service": "session.prompt",
2026-10-07T10:01:47.4988484Z   "model": "formalai/formal-ai",
2026-10-07T10:01:47.4988912Z   "apiModelID": "formal-ai",
2026-10-07T10:01:47.4989454Z   "npm": "@ai-sdk/openai-compatible",
2026-10-07T10:01:47.4989897Z   "message": "Model"
2026-10-07T10:01:47.4990234Z }
2026-10-07T10:01:47.5003607Z {
2026-10-07T10:01:47.5004081Z   "type": "log",
2026-10-07T10:01:47.5004502Z   "level": "info",
2026-10-07T10:01:47.5004975Z   "timestamp": "2026-10-07T10:01:47.494Z",
2026-10-07T10:01:47.5005599Z   "service": "session.prompt",
2026-10-07T10:01:47.5006244Z   "sessionID": "ses_eea3021fcffePVnhYj3ovsUsl4",
2026-10-07T10:01:47.5006843Z   "message": "Session ID"
2026-10-07T10:01:47.5007319Z }
2026-10-07T10:01:47.5019039Z {
2026-10-07T10:01:47.5019379Z   "type": "log",
2026-10-07T10:01:47.5019744Z   "level": "info",
2026-10-07T10:01:47.5020169Z   "timestamp": "2026-10-07T10:01:47.494Z",
2026-10-07T10:01:47.5020694Z   "service": "session.prompt",
2026-10-07T10:01:47.5021106Z   "agent": "build",
2026-10-07T10:01:47.5021623Z   "message": "Agent"
2026-10-07T10:01:47.5021962Z }
2026-10-07T10:01:47.5042892Z {
2026-10-07T10:01:47.5043345Z   "type": "log",
2026-10-07T10:01:47.5043755Z   "level": "info",
2026-10-07T10:01:47.5044246Z   "timestamp": "2026-10-07T10:01:47.494Z",
2026-10-07T10:01:47.5044869Z   "service": "session.prompt",
2026-10-07T10:01:47.5045377Z   "temperature": 0,
2026-10-07T10:01:47.5045792Z   "message": "Temperature"
2026-10-07T10:01:47.5046259Z }
2026-10-07T10:01:47.5054510Z {
2026-10-07T10:01:47.5055154Z   "type": "log",
2026-10-07T10:01:47.5055569Z   "level": "info",
2026-10-07T10:01:47.5056402Z   "timestamp": "2026-10-07T10:01:47.494Z",
2026-10-07T10:01:47.5056940Z   "service": "session.prompt",
2026-10-07T10:01:47.5057370Z   "topP": "default",
2026-10-07T10:01:47.5057735Z   "message": "Top P"
2026-10-07T10:01:47.5058062Z }
2026-10-07T10:01:47.5071789Z {
2026-10-07T10:01:47.5072988Z   "type": "log",
2026-10-07T10:01:47.5073582Z   "level": "info",
2026-10-07T10:01:47.5074199Z   "timestamp": "2026-10-07T10:01:47.494Z",
2026-10-07T10:01:47.5074904Z   "service": "session.prompt",
2026-10-07T10:01:47.5076029Z   "tools": [
2026-10-07T10:01:47.5076870Z     "bash",
2026-10-07T10:01:47.5077379Z     "read",
2026-10-07T10:01:47.5077853Z     "glob",
2026-10-07T10:01:47.5078345Z     "grep",
2026-10-07T10:01:47.5078818Z     "list",
2026-10-07T10:01:47.5079312Z     "edit",
2026-10-07T10:01:47.5079795Z     "write",
2026-10-07T10:01:47.5080306Z     "task",
2026-10-07T10:01:47.5080792Z     "webfetch",
2026-10-07T10:01:47.5081311Z     "websearch",
2026-10-07T10:01:47.5082022Z     "codesearch",
2026-10-07T10:01:47.5082517Z     "batch",
2026-10-07T10:01:47.5083016Z     "todowrite",
2026-10-07T10:01:47.5083514Z     "todoread"
2026-10-07T10:01:47.5083998Z   ],
2026-10-07T10:01:47.5084506Z   "message": "Active Tools"
2026-10-07T10:01:47.5085071Z }
2026-10-07T10:01:47.5090843Z {
2026-10-07T10:01:47.5091174Z   "type": "log",
2026-10-07T10:01:47.5091701Z   "level": "info",
2026-10-07T10:01:47.5092121Z   "timestamp": "2026-10-07T10:01:47.494Z",
2026-10-07T10:01:47.5092570Z   "service": "session.prompt",
2026-10-07T10:01:47.5092985Z   "message": "--- System Prompt ---"
2026-10-07T10:01:47.5093339Z }
2026-10-07T10:01:47.5112259Z {
2026-10-07T10:01:47.5112680Z   "type": "log",
2026-10-07T10:01:47.5113091Z   "level": "info",
2026-10-07T10:01:47.5113563Z   "timestamp": "2026-10-07T10:01:47.494Z",
2026-10-07T10:01:47.5114146Z   "service": "session.prompt",
2026-10-07T10:01:47.5114606Z   "index": 1,
2026-10-07T10:01:47.5114953Z   "tokens": 2054,
2026-10-07T10:01:47.5115633Z   "message": "System Message"
2026-10-07T10:01:47.5116080Z }
2026-10-07T10:01:47.5139684Z {
2026-10-07T10:01:47.5140143Z   "type": "log",
2026-10-07T10:01:47.5140562Z   "level": "info",
2026-10-07T10:01:47.5141045Z   "timestamp": "2026-10-07T10:01:47.494Z",
2026-10-07T10:01:47.5141788Z   "service": "session.prompt",
2026-10-07T10:01:47.5150821Z   "content": "You are Agent, the best coding agent on the planet.\n\nYou are an interactive CLI tool that helps users with software engineering tasks. Use the instructions below and the tools available to you to assist the user.\n\nIMPORTANT: You must NEVER generate or guess URLs for the user unless you are confident that the URLs are for helping the user with programming. You may use URLs provided by the user in their messages or local files.\n\nIf the user asks for help or wants to give feedback inform them of the following:\n- ctrl+p to list available actions\n- To give feedback, users should report the issue at\n  https://github.com/link-assistant/agent\n\nWhen the user directly asks about Agent (eg. \"can Agent do...\", \"does Agent have...\"), or asks in second person (eg. \"are you able...\", \"can you do...\"), or asks how to use a specific Agent feature (eg. implement a hook, write a slash command, or install an MCP server), use the WebFetch tool to gather information to answer the question from Agent docs. The list of available docs is available at https://github.com/link-assistant/agent#readme\n\n# Tone and style\n- Only use emojis if the user explicitly requests it. Avoid using emojis in all communication unless asked.\n- Your output will be displayed on a command line interface. Your responses should be short and concise. You can use Github-flavored markdown for formatting, and will be rendered in a monospace font using the CommonMark specification.\n- Output text to communicate with the user; all text you output outside of tool use is displayed to the user. Only use tools to complete tasks. Never use tools like Bash or code comments as means to communicate with the user during the session.\n- NEVER create files unless they're absolutely necessary for achieving your goal. ALWAYS prefer editing an existing file to creating a new one. This includes markdown files.\n\n# Professional objectivity\nPrioritize technical accuracy and truthfulness over validating the user's beliefs. Focus on facts and p... [truncated]",
2026-10-07T10:01:47.5164649Z   "message": "System Message Content"
2026-10-07T10:01:47.5165096Z }
2026-10-07T10:01:47.5167709Z {
2026-10-07T10:01:47.5168057Z   "type": "log",
2026-10-07T10:01:47.5168482Z   "level": "info",
2026-10-07T10:01:47.5168915Z   "timestamp": "2026-10-07T10:01:47.494Z",
2026-10-07T10:01:47.5169496Z   "service": "session.prompt",
2026-10-07T10:01:47.5169954Z   "index": 2,
2026-10-07T10:01:47.5170282Z   "tokens": 1307,
2026-10-07T10:01:47.5170692Z   "message": "System Message"
2026-10-07T10:01:47.5171096Z }
2026-10-07T10:01:47.5224622Z {
2026-10-07T10:01:47.5224983Z   "type": "log",
2026-10-07T10:01:47.5225335Z   "level": "info",
2026-10-07T10:01:47.5225782Z   "timestamp": "2026-10-07T10:01:47.494Z",
2026-10-07T10:01:47.5226309Z   "service": "session.prompt",
2026-10-07T10:01:47.5237199Z   "content": "Here is some useful information about the environment you are running in:\n<env>\n  Working directory: /tmp/gh-issue-solver-1791367266830\n  Is directory a git repo: yes\n  Platform: linux\n  Today's date: Wed Oct 07 2026\n</env>\n\n<files>\n  .changeset/\n\tconfig.json\n\tissue-2563-held-back-merge-log.md\n\tquiet-pr-description.md\n\tREADME.md\n.github/\n\tactions/\n\t\t[3 truncated]\n\tcodeql/\n\t\t[1 truncated]\n\tworkflows/\n\t\t[8 truncated]\n\tdependabot.yml\n\tzizmor.yml\n.husky/\n\tpre-commit\ncase-studies/\n\tissue-661-session-resume-cost-optimization/\n\t\t[3 truncated]\ncoolify/\n\t.dockerignore\n\t.env.example\n\tdocker-compose.yml\n\tDockerfile\n\tREADME.md\n\tstart.sh\ndata/\n\tcase-studies/\n\t\t[2 truncated]\ndev/\n\tlog/\n\t\t[1 truncated]\ndocs/\n\tcase-studies/\n\t\t[556 truncated]\n\tdependencies-research/\n\t\t[7 truncated]\n\tBEST-PRACTICES.hi.md\n\tBEST-PRACTICES.md\n\tBEST-PRACTICES.ru.md\n\tBEST-PRACTICES.zh.md\n\tBRANCH_PROTECTION_POLICY.hi.md\n\tBRANCH_PROTECTION_POLICY.md\n\tBRANCH_PROTECTION_POLICY.ru.md\n\tBRANCH_PROTECTION_POLICY.zh.md\n\tCI-CD-BEST-PRACTICES.hi.md\n\tCI-CD-BEST-PRACTICES.md\n\tCI-CD-BEST-PRACTICES.ru.md\n\tCI-CD-BEST-PRACTICES.zh.md\n\tCOLLECTING-LOGS.hi.md\n\tCOLLECTING-LOGS.md\n\tCOLLECTING-LOGS.ru.md\n\tCOLLECTING-LOGS.zh.md\n\tCOMPARISON.hi.md\n\tCOMPARISON.md\n\tCOMPARISON.ru.md\n\tCOMPARISON.zh.md\n\t[68 truncated]\neslint-rules/\n\tno-direct-gh-exec.mjs\n\tno-leaked-streams.mjs\n\tno-leaked-timers.mjs\n\tno-underscore-passthrough-wrapper.mjs\n\tno-unretried-git-network.mjs\n\tno-unsafe-telegram-send.mjs\n\trequire-gh-paginate.mjs\n\trequire-sanitized-output.mjs\nexamples/\n\tagent-snapshot-reclaim-demo.mjs\n\tcollect-logs.mjs\n\tfix-update-dependencies-preview.mjs\n\tformal-ai-attributed-commit-demo.mjs\n\tgithub-url-recovery-demo.mjs\n\thive-screens-close-regression.mjs\n\tissue-2335-opentui-peer-compatibility.mjs\n\tissue-810-recheck-demo.md\n\trelease-preflight-report.mjs\n\tsolve-repository-mode-preview.mjs\n\ttest-i18n.mjs\nexperiments/\n\tissue-1102/\n\t\t[4 truncated]\n\tissue-1313/\n\t\t[2 truncated]\n\tissue-1895-api-research/\n\t\t[1 truncated]\n\tissue-2084/\n\t\t[1 truncated]\n\tis... [truncated]",
2026-10-07T10:01:47.5251339Z   "message": "System Message Content"
2026-10-07T10:01:47.5251945Z }
2026-10-07T10:01:47.5252227Z {
2026-10-07T10:01:47.5252517Z   "type": "log",
2026-10-07T10:01:47.5252840Z   "level": "info",
2026-10-07T10:01:47.5253227Z   "timestamp": "2026-10-07T10:01:47.494Z",
2026-10-07T10:01:47.5253705Z   "service": "session.prompt",
2026-10-07T10:01:47.5254159Z   "message": "--- Token Summary ---"
2026-10-07T10:01:47.5254504Z }
2026-10-07T10:01:47.5266886Z {
2026-10-07T10:01:47.5267211Z   "type": "log",
2026-10-07T10:01:47.5267557Z   "level": "info",
2026-10-07T10:01:47.5267951Z   "timestamp": "2026-10-07T10:01:47.494Z",
2026-10-07T10:01:47.5268440Z   "service": "session.prompt",
2026-10-07T10:01:47.5268862Z   "systemTokens": 3361,
2026-10-07T10:01:47.5269570Z   "message": "System prompt tokens (estimated)"
2026-10-07T10:01:47.5270024Z }
2026-10-07T10:01:47.5287188Z {
2026-10-07T10:01:47.5287647Z   "type": "log",
2026-10-07T10:01:47.5287988Z   "level": "info",
2026-10-07T10:01:47.5288391Z   "timestamp": "2026-10-07T10:01:47.494Z",
2026-10-07T10:01:47.5288886Z   "service": "session.prompt",
2026-10-07T10:01:47.5289283Z   "userTokens": 2864,
2026-10-07T10:01:47.5289717Z   "message": "User message tokens (estimated)"
2026-10-07T10:01:47.5290160Z }
2026-10-07T10:01:47.5318621Z {
2026-10-07T10:01:47.5318982Z   "type": "log",
2026-10-07T10:01:47.5319398Z   "level": "info",
2026-10-07T10:01:47.5319926Z   "timestamp": "2026-10-07T10:01:47.494Z",
2026-10-07T10:01:47.5320518Z   "service": "session.prompt",
2026-10-07T10:01:47.5321054Z   "totalEstimatedTokens": 6225,
2026-10-07T10:01:47.5321841Z   "message": "Total estimated tokens"
2026-10-07T10:01:47.5322362Z }
2026-10-07T10:01:47.5329425Z {
2026-10-07T10:01:47.5329969Z   "type": "log",
2026-10-07T10:01:47.5330619Z   "level": "info",
2026-10-07T10:01:47.5331028Z   "timestamp": "2026-10-07T10:01:47.494Z",
2026-10-07T10:01:47.5331794Z   "service": "session.prompt",
2026-10-07T10:01:47.5332353Z   "contextLimit": 60000,
2026-10-07T10:01:47.5332922Z   "message": "Model context limit"
2026-10-07T10:01:47.5333312Z }
2026-10-07T10:01:47.5357346Z {
2026-10-07T10:01:47.5357757Z   "type": "log",
2026-10-07T10:01:47.5358297Z   "level": "info",
2026-10-07T10:01:47.5358699Z   "timestamp": "2026-10-07T10:01:47.495Z",
2026-10-07T10:01:47.5359194Z   "service": "session.prompt",
2026-10-07T10:01:47.5359592Z   "outputLimit": 8192,
2026-10-07T10:01:47.5359987Z   "message": "Model output limit"
2026-10-07T10:01:47.5360375Z }
2026-10-07T10:01:47.5376034Z {
2026-10-07T10:01:47.5376354Z   "type": "log",
2026-10-07T10:01:47.5376894Z   "level": "info",
2026-10-07T10:01:47.5377306Z   "timestamp": "2026-10-07T10:01:47.495Z",
2026-10-07T10:01:47.5377955Z   "service": "session.prompt",
2026-10-07T10:01:47.5378850Z   "message": "=== END VERBOSE ==="
2026-10-07T10:01:47.5379403Z }
2026-10-07T10:01:47.5397127Z {
2026-10-07T10:01:47.5397861Z   "type": "log",
2026-10-07T10:01:47.5398414Z   "level": "info",
2026-10-07T10:01:47.5398827Z   "timestamp": "2026-10-07T10:01:47.497Z",
2026-10-07T10:01:47.5399315Z   "service": "session.processor",
2026-10-07T10:01:47.5399720Z   "message": "process"
2026-10-07T10:01:47.5400051Z }
2026-10-07T10:01:47.5417048Z {
2026-10-07T10:01:47.5417395Z   "type": "session.status",
2026-10-07T10:01:47.5417788Z   "level": "info",
2026-10-07T10:01:47.5418193Z   "timestamp": "2026-10-07T10:01:47.508Z",
2026-10-07T10:01:47.5418619Z   "service": "bus",
2026-10-07T10:01:47.5418957Z   "message": "publishing"
2026-10-07T10:01:47.5419309Z }
2026-10-07T10:01:47.5448070Z {
2026-10-07T10:01:47.5448818Z   "type": "log",
2026-10-07T10:01:47.5449416Z   "level": "debug",
2026-10-07T10:01:47.5450031Z   "timestamp": "2026-10-07T10:01:47.516Z",
2026-10-07T10:01:47.5450731Z   "service": "provider",
2026-10-07T10:01:47.5451306Z   "providerID": "formalai",
2026-10-07T10:01:47.5452159Z   "message": "verbose HTTP logging active"
2026-10-07T10:01:47.5452787Z }
2026-10-07T10:01:47.6035905Z {
2026-10-07T10:01:47.6036310Z   "type": "log",
2026-10-07T10:01:47.6036669Z   "level": "info",
2026-10-07T10:01:47.6037084Z   "timestamp": "2026-10-07T10:01:47.516Z",
2026-10-07T10:01:47.6037557Z   "service": "provider",
2026-10-07T10:01:47.6038021Z   "caller": "provider/formalai",
2026-10-07T10:01:47.6038440Z   "providerID": "formalai",
2026-10-07T10:01:47.6038817Z   "callNum": 1,
2026-10-07T10:01:47.6039130Z   "method": "POST",
2026-10-07T10:01:47.6039669Z   "url": "http://127.0.0.1:45785/api/openai/v1/chat/completions",
2026-10-07T10:01:47.6040226Z   "headers": {
2026-10-07T10:01:47.6040603Z     "authorization": "[REDACTED]",
2026-10-07T10:01:47.6041087Z     "content-type": "application/json",
2026-10-07T10:01:47.6042042Z     "user-agent": "ai-sdk-openai-compatible/3.0.65 ai-sdk-provider-utils/5.0.56 bun/1.4.2"
2026-10-07T10:01:47.6042759Z   },
2026-10-07T10:01:47.6586660Z   "bodyPreview": "{\"model\":\"formal-ai\",\"max_tokens\":8192,\"temperature\":0,\"messages\":[{\"role\":\"system\",\"content\":\"You are Agent, the best coding agent on the planet.\\n\\nYou are an interactive CLI tool that helps users with software engineering tasks. Use the instructions below and the tools available to you to assist the user.\\n\\nIMPORTANT: You must NEVER generate or guess URLs for the user unless you are confident that the URLs are for helping the user with programming. You may use URLs provided by the user in their messages or local files.\\n\\nIf the user asks for help or wants to give feedback inform them of the following:\\n- ctrl+p to list available actions\\n- To give feedback, users should report the issue at\\n  https://github.com/link-assistant/agent\\n\\nWhen the user directly asks about Agent (eg. \\\"can Agent do...\\\", \\\"does Agent have...\\\"), or asks in second person (eg. \\\"are you able...\\\", \\\"can you do...\\\"), or asks how to use a specific Agent feature (eg. implement a hook, write a slash command, or install an MCP server), use the WebFetch tool to gather information to answer the question from Agent docs. The list of available docs is available at https://github.com/link-assistant/agent#readme\\n\\n# Tone and style\\n- Only use emojis if the user explicitly requests it. Avoid using emojis in all communication unless asked.\\n- Your output will be displayed on a command line interface. Your responses should be short and concise. You can use Github-flavored markdown for formatting, and will be rendered in a monospace font using the CommonMark specification.\\n- Output text to communicate with the user; all text you output outside of tool use is displayed to the user. Only use tools to complete tasks. Never use tools like Bash or code comments as means to communicate with the user during the session.\\n- NEVER create files unless they're absolutely necessary for achieving your goal. ALWAYS prefer editing an existing file to creating a new one. This includes markdown files.\\n\\n# Professional objectivity\\nPrioritize technical accuracy and truthfulness over validating the user's beliefs. Focus on facts and problem-solving, providing direct, objective technical info without any unnecessary superlatives, praise, or emotional validation. It is best for the user if Agent honestly applies the same rigorous standards to all ideas and disagrees when necessary, even if it may not be what the user wants to hear. Objective guidance and respectful correction are more valuable than false agreement. Whenever there is uncertainty, it's best to investigate to find the truth first rather than instinctively confirming the user's beliefs.\\n\\n# Task Management\\nYou have access to the TodoWrite tools to help you manage and plan tasks. Use these tools VERY frequently to ensure that you are tracking your tasks and giving the user visibility into your progress.\\nThese tools are also EXTREMELY helpful for planning tasks, and for breaking down larger complex tasks into smaller steps. If you do not use this tool when planning, you may forget to do important tasks - and that is unacceptable.\\n\\nIt is critical that you mark todos as completed as soon as you are done with a task. Do not batch up multiple tasks before marking them as completed.\\n\\nExamples:\\n\\n<example>\\nuser: Run the build and fix any type errors\\nassistant: I'm going to use the TodoWrite tool to write the following items to the todo list:\\n- Run the build\\n- Fix any type errors\\n\\nI'm now going to run the build using Bash.\\n\\nLooks like I found 10 type errors. I'm going to use the TodoWrite tool to write 10 items to the todo list.\\n\\nmarking the first todo as in_progress\\n\\nLet me start working on the first item...\\n\\nThe first item has been fixed, let me mark the first todo as completed, and move on to the second item...\\n..\\n..\\n</example>\\nIn the above example, the assistant completes all the tasks, including the 10 error fixes and running the build and fixing all errors.\\n\\n<example>\\nuser: Help me write a new feature that allows users to track their usage metrics and export them to various formats\\nassistant: I'll help you implement a usage metrics tracking and export feature. Let me first use the TodoWrite tool to plan this task.\\nAdding the following todos to the todo list:\\n1. Research existing metrics tracking in the codebase\\n2. Design the metrics collection system\\n3. Implement core metrics tracking functionality\\n4. Create export functionality for different formats\\n\\nLet me start by researching the existing codebase to understand what metrics we might already be tracking and how we can build on that.\\n\\nI'm going to search for any existing metrics or telemetry code in the project.\\n\\nI've found some existing telemetry code. Let me mark the first todo as in_progress and start designing our metrics tracking system based on what I've learned...\\n\\n[Assistant continues implementing the feature step by step, marking todos as in_progress and completed as they go]\\n</example>\\n\\n\\n# Doing tasks\\nThe user will primarily request you perform software engineering tasks. This includes solving bugs, adding new functionality, refactoring code, explaining code, and more. For these tasks the following steps are recommended:\\n- \\n- Use the TodoWrite tool to plan the task if required\\n\\n- Tool results and user messages may include <system-reminder> tags. <system-reminder> tags contain useful information and reminders. They are automatically added by the system, and bear no direct relation to the specific tool results or user messages in which they appear.\\n\\n\\n# Tool usage policy\\n- When doing file search, prefer to use the Task tool in order to reduce context usage.\\n- You should proactively use the Task tool with specialized agents when the task at hand matches the agent's description.\\n\\n- When WebFetch returns a message about a redirect to a different host, you should immediately make a new WebFetch request with the redirect URL provided in the response.\\n- You can call multiple tools in a single response. If you intend to call multiple tools and there are no dependencies between them, make all independent tool calls in parallel. Maximize use of parallel tool calls where possible to increase efficiency. However, if some tool calls depend on previous calls to inform dependent values, do NOT call these tools in parallel and instead call them sequentially. For instance, if one operation must complete before another starts, run these operations sequentially instead. Never use placeholders or guess missing parameters in tool calls.\\n- If the user specifies that they want you to run tools \\\"in parallel\\\", you MUST send a single message with multiple tool use content blocks. For example, if you need to launch multiple agents in parallel, send a single message with multiple Task tool calls.\\n- Use specialized tools instead of bash commands when possible, as this provides a better user experience. For file operations, use dedicated tools: Read for reading files instead of cat/head/tail, Edit for editing instead of sed/awk, and Write for creating files instead of cat with heredoc or echo redirection. Reserve bash tools exclusively for actual system commands and terminal operations that require shell execution. NEVER use bash echo or other command-line tools to communicate thoughts, explanations, or instructions to the user. Output all communication directly in your response text instead.\\n- VERY IMPORTANT: When exploring the codebase to gather context or to answer a question that is not a needle query for a specific file/class/function, it is CRITICAL that you use the Task tool instead of running search commands directly.\\n<example>\\nuser: Where are errors from the client handled?\\nassistant: [Uses the Task tool to find the files that handle client errors instead of using Glob or Grep directly]\\n</example>\\n<example>\\nuser: What is the codebase structure?\\nassistant: [Uses the Task tool]\\n</example>\\n\\nIMPORTANT: Always use the TodoWrite tool to plan and track tasks throughout the conversation.\\n\\n# Code References\\n\\nWhen referencing specific functions or pieces of code include the pattern `file_path:line_number` to allow the user to easily navigate to the source code location.\\n\\n<example>\\nuser: Where are errors from the client handled?\\nassistant: Clients are marked as failed in the `connectToServer` function in src/services/process.ts:712.\\n</example>\\n\"},{\"role\":\"system\",\"content\":\"Here is some useful information about the environment you are running in:\\n<env>\\n  Working directory: /tmp/gh-issue-solver-1791367266830\\n  Is directory a git repo: yes\\n  Platform: linux\\n  Today's date: Wed Oct 07 2026\\n</env>\\n\\n<files>\\n  .changeset/\\n\\tconfig.json\\n\\tissue-2563-held-back-merge-log.md\\n\\tquiet-pr-description.md\\n\\tREADME.md\\n.github/\\n\\tactions/\\n\\t\\t[3 truncated]\\n\\tcodeql/\\n\\t\\t[1 truncated]\\n\\tworkflows/\\n\\t\\t[8 truncated]\\n\\tdependabot.yml\\n\\tzizmor.yml\\n.husky/\\n\\tpre-commit\\ncase-studies/\\n\\tissue-661-session-resume-cost-optimization/\\n\\t\\t[3 truncated]\\ncoolify/\\n\\t.dockerignore\\n\\t.env.example\\n\\tdocker-compose.yml\\n\\tDockerfile\\n\\tREADME.md\\n\\tstart.sh\\ndata/\\n\\tcase-studies/\\n\\t\\t[2 truncated]\\ndev/\\n\\tlog/\\n\\t\\t[1 truncated]\\ndocs/\\n\\tcase-studies/\\n\\t\\t[556 truncated]\\n\\tdependencies-research/\\n\\t\\t[7 truncated]\\n\\tBEST-PRACTICES.hi.md\\n\\tBEST-PRACTICES.md\\n\\tBEST-PRACTICES.ru.md\\n\\tBEST-PRACTICES.zh.md\\n\\tBRANCH_PROTECTION_POLICY.hi.md\\n\\tBRANCH_PROTECTION_POLICY.md\\n\\tBRANCH_PROTECTION_POLICY.ru.md\\n\\tBRANCH_PROTECTION_POLICY.zh.md\\n\\tCI-CD-BEST-PRACTICES.hi.md\\n\\tCI-CD-BEST-PRACTICES.md\\n\\tCI-CD-BEST-PRACTICES.ru.md\\n\\tCI-CD-BEST-PRACTICES.zh.md\\n\\tCOLLECTING-LOGS.hi.md\\n\\tCOLLECTING-LOGS.md\\n\\tCOLLECTING-LOGS.ru.md\\n\\tCOLLECTING-LOGS.zh.md\\n\\tCOMPARISON.hi.md\\n\\tCOMPARISON.md\\n\\tCOMPARISON.ru.md\\n\\tCOMPARISON.zh.md\\n\\t[68 truncated]\\neslint-rules/\\n\\tno-direct-gh-exec.mjs\\n\\tno-leaked-streams.mjs\\n\\tno-leaked-timers.mjs\\n\\tno-underscore-passthrough-wrapper.mjs\\n\\tno-unretried-git-network.mjs\\n\\tno-unsafe-telegram-send.mjs\\n\\trequire-gh-paginate.mjs\\n\\trequire-sanitized-output.mjs\\nexamples/\\n\\tagent-snapshot-reclaim-demo.mjs\\n\\tcollect-logs.mjs\\n\\tfix-update-dependencies-preview.mjs\\n\\tformal-ai-attributed-commit-demo.mjs\\n\\tgithub-url-recovery-demo.mjs\\n\\thive-screens-close-regression.mjs\\n\\tissue-2335-opentui-peer-compatibility.mjs\\n\\tissue-810-recheck-demo.md\\n\\trelease-preflight-report.mjs\\n\\tsolve-repository-mode-preview.mjs\\n\\ttest-i18n.mjs\\nexperiments/\\n\\tissue-1102/\\n\\t\\t[4 truncated]\\n\\tissue-1313/\\n\\t\\t[2 truncated]\\n\\tissue-1895-api-research/\\n\\t\\t[1 truncated]\\n\\tissue-2084/\\n\\t\\t[1 truncated]\\n\\tissue-2088/\\n\\t\\t[2 truncated]\\n\\tissue-2092/\\n\\t\\t[2 truncated]\\n\\tissue-2094/\\n\\t\\t[4 truncated]\\n\\tissue-2102/\\n\\t\\t[5 truncated]\\n\\tissue-2113/\\n\\t\\t[8 truncated]\\n\\tissue-2117/\\n\\t\\t[2 truncated]\\n\\tissue-2130/\\n\\t\\t[34 truncated]\\n\\tissue-2136/\\n\\t\\t[4 truncated]\\n\\tissue-2140/\\n\\t\\t[2 truncated]\\n\\tissue-2141/\\n\\t\\t[2 truncated]\\n\\tissue-2144/\\n\\t\\t[2 truncated]\\n\\tissue-2146/\\n\\t\\t[1 truncated]\\n\\tissue-2150/\\n\\t\\t[3 truncated]\\n\\tissue-2164/\\n\\t\\t[9 truncated]\\n\\tissue-2186/\\n\\t\\t[2 truncated]\\n\\tissue-2189/\\n\\t\\t[3 truncated]\\n\\tissue-2190/\\n\\t\\t[1 truncated]\\n\\tissue-2194/\\n\\t\\t[3 truncated]\\n\\t[681 truncated]\\nhelm/\\n\\thive-mind/\\n\\t\\t[4 truncated]\\nscripts/\\n\\tautomation-token.lib.mjs\\n\\tcheck-dependency-freshness.mjs\\n\\tcheck-file-line-limits.sh\\n\\tcheck-mjs-syntax.sh\\n\\tcheck-package-manager.lib.mjs\\n\\tcheck-package-manager.mjs\\n\\tcheck-pipeline-status.sh\\n\\tcheck-release-needed.lib.mjs\\n\\tcheck-release-needed.mjs\\n\\tcheck-version.mjs\\n\\tcheck-web-archive.mjs\\n\\tcleanup-task-fixtures.mjs\\n\\tcreate-github-release.mjs\\n\\tcreate-manifest-list.sh\\n\\tcreate-manual-changeset.mjs\\n\\tdependency-freshness.lib.mjs\\n\\tdetect-code-changes.mjs\\n\\tdispatch-checks.mjs\\n\\tdocker-pr-build.sh\\n\\tdocker-pr-verify-containers.sh\\n\\te2e-hello-world.lib.mjs\\n\\t[49 truncated]\\nsrc/\\n\\tlocales/\\n\\t\\t[4 truncated]\\n\\tmodels/\\n\\t\\t[2 truncated]\\n\\tyoutrack/\\n\\t\\t[3 truncated]\\n\\tagent-command.lib.mjs\\n\\tagent-commander.lib.mjs\\n\\tagent-config-audit.lib.mjs\\n\\tagent-memory-policy.lib.mjs\\n\\tagent-plugin-cache.lib.mjs\\n\\tagent-snapshot-store.lib.mjs\\n\\tagent-token-usage.lib.mjs\\n\\tagent.lib.mjs\\n\\tagent.prompts.lib.mjs\\n\\tagent.version-gates.lib.mjs\\n\\tagentic-cli-freshness.lib.mjs\\n\\tagentic-cli-updater.lib.mjs\\n\\tagents-md-claude-support.lib.mjs\\n\\tai-tool-scratch.lib.mjs\\n\\tanthropic-cost-accumulator.lib.mjs\\n\\tanthropic-server-tool-pricing.lib.mjs\\n\\tarchitecture-care.prompts.lib.mjs\\n\\targs-overrides.lib.mjs\\n\\t[389 truncated]\\ntests/\\n\\tfixtures/\\n\\t\\t[6 truncated]\\n\\tagent-auxiliary-calls-2247.test.mjs\\n\\tanonymous-clone-auth-2192.test.mjs\\n\\tbilling-limit-stop-2247.test.mjs\\n\\tcheck-release-needed-2175.test.mjs\\n\\tcheck-web-archive.test.mjs\\n\\tci-integrity-2150.test.mjs\\n\\tci-runner-image-2279.test.mjs\\n\\tci-workflow-cancellation-2082.test.mjs\\n\\tci-workflow-timeouts-2082.test.mjs\\n\\tcicd-best-practices-concurrency-2128.test.mjs\\n\\tcicd-best-practices-container-images-2152.test.mjs\\n\\tcicd-best-practices-pipeline-gates-2198.test.mjs\\n\\tcicd-best-practices-publish-preflight-2221.test.mjs\\n\\tcicd-best-practices-serialised-writers-2220.test.mjs\\n\\tclaude-repeated-tool-call-breaker-2247.test.mjs\\n\\tcleanup-workflow-auth-2286.test.mjs\\n\\tcodex-capability-preflight.test.mjs\\n\\tcodex-home-seeding-2247.test.mjs\\n\\tcritical-error-recovery-keeps-pr-branch-clean-2315.test.mjs\\n\\tdeliberate-draft-restarts-ai-2312.test.mjs\\n\\t[569 truncated]\\n.dockerignore\\n.env.example\\n.gitattributes\\n.gitignore\\n.gitkeep\\n.gitpod.Dockerfile\\n.gitpod.yml\\n.jscpd.json\\n.lenv.example\\n.lycheeignore\\n.npmrc\\n.prettierignore\\n.prettierrc\\n.secretlintignore\\n.secretlintrc.json\\nanalyze-issue.md\\nCHANGELOG.md\\nclaude-runtime.mjs\\ncleanup-test-repos.mjs\\ncreate-test-repo.mjs\\ncspell.json\\ndo.mjs\\ndocker-compose.yml\\ndocker-restore-auth.sh\\ndocker-solve.sh\\nDockerfile\\nDockerfile.dind\\nDockerfile.e2e\\nDockerfile.formal-ai\\neslint.config.mjs\\ngitpod-backup-auth.sh\\ngitpod-restore-auth.sh\\nLICENSE\\npackage-lock.json\\npackage.json\\nREADME.hi.md\\nREADME.md\\nREADME.ru.md\\nREADME.zh.md\\n</files>\"},{\"role\":\"user\",\"content\":\"You are an AI issue solver using @link-assistant/agent.\\nGeneral guidelines.\\n   - When you execute commands and the output becomes large, save the logs to files for easier review.\\n   - When running commands, avoid setting a timeout yourself. Let them run as long as needed.\\n   - When running sudo commands, especially package installations, run them in the background to avoid timeout issues.\\n   - When CI is failing, download the logs locally and investigate them carefully.\\n   - When a code or log file has more than 1500 lines, read it in chunks of 1500 lines.\\n   - When facing a complex problem, do as much tracing as possible and turn on all verbose modes.\\n   - When you create debug, test, or example scripts while fixing an issue, keep them in ./examples and/or ./experiments so you can reuse them later.\\n   - When you test assumptions, keep experiment scripts in ./experiments.\\n   - When an experiment demonstrates a real-world use case of the software, add it to ./examples.\\n   - When you face something extremely hard, use divide and conquer.\\nInitial research.\\n   - When you start, create a detailed plan for yourself and follow your todo list step by step. Add as many relevant points from these guidelines to the todo list as practical so you can track the work clearly.\\n   - When you read issue, read all details and comments thoroughly.\\n   - When you see screenshots or images in issue descriptions, pull request descriptions, comments, or discussions, download the image to a local file first, then use the Read tool to view and analyze it. Before reading downloaded images with the Read tool, verify that the file is a valid image rather than HTML by using a CLI tool such as the 'file' command. When the file command shows \\\"HTML\\\", \\\"text\\\", or \\\"ASCII text\\\", the download failed, so do not call Read on that file. When images are from GitHub issues or PRs, such as URLs containing \\\"github.com/user-attachments\\\", use: curl -L -H \\\"Authorization: [REDACTED] $(gh auth token)\\\" -o <filename> \\\"<url>\\\"\\n   - When you need issue details, use gh issue view https://github.com/link-assistant/hive-mind/issues/2613.\\n   - When you need related code, use gh search code --owner link-assistant [keywords].\\n   - When you need repo context, read files in your working directory.\\n   - When you study related work, study the most recent related pull requests.\\n   - When the issue is not defined clearly enough, write a comment with clarifying questions.\\n   - When accessing GitHub Gists, use gh gist view command instead of direct URL fetching.\\n   - When you are fixing a bug, find the actual root cause first and run as many experiments as needed.\\n   - When you are fixing a bug and the code does not have enough tracing or logs, add them and keep them in the code with the default state switched off.\\n   - When you need comments on a pull request, note that GitHub has three different comment types with different API endpoints:\\n      1. PR review comments (inline code comments): gh api repos/link-assistant/hive-mind/pulls/2614/comments --paginate\\n      2. PR conversation comments (general discussion): gh api repos/link-assistant/hive-mind/issues/2614/comments --paginate\\n      3. PR reviews (approve/request changes): gh api repos/link-assistant/hive-mind/pulls/2614/reviews --paginate\\n      Note: The command \\\"gh pr view --json comments\\\" only returns conversation comments and misses review comments.\\n   - When you need the latest comments on the issue, use gh api repos/link-assistant/hive-mind/issues/2613/comments --paginate.\\nSolution development and testing.\\n   - When issue is solvable, first create a test that reproduces the problem, then implement the fix.\\n   - When coding, commit each atomic step that is useful on its own to the pull request branch so interrupted work remains preserved in the pull request.\\n   - When you test:\\n      start from testing of small functions using separate scripts;\\n      write unit tests with mocks for easy and quick start.\\n   - When you test integrations, use existing framework.\\n   - When you test solution draft, include automated checks in pr.\\n   - When you write or modify tests, consider setting reasonable timeouts at test, suite, and CI job levels so failures surface quickly instead of hanging.\\n   - When you see repeated test timeout patterns in CI, investigate the root cause rather than increasing timeouts.\\n   - When the issue is unclear, write a comment on the issue with questions.\\n   - When you encounter any problems that you are unable to solve yourself, write a comment to the pull request asking for help.\\n   - When you need human help, use gh pr comment 2614 --body \\\"your message\\\" to comment on existing PR.\\nReproducible testing.\\n   - When fixing a bug, create a test that reproduces the problem before implementing the fix. When you cannot reproduce the problem, you cannot verify the fix.\\n   - When encountering logic bugs, write an automated test that fails due to the bug, then implement the fix to make it pass.\\n   - When encountering UI bugs, capture a screenshot showing the problem state, then create a visual regression test or manual verification screenshot after the fix.\\n   - When creating tests, prefer minimum reproducible examples, meaning the simplest test case that demonstrates the issue.\\n   - When submitting a fix, include in the PR description: (1) how to reproduce the issue, (2) the automated test that verifies the fix, (3) before/after screenshots for UI issues.\\n   - When a bug fix does not have a reproducing test, treat the fix as incomplete because regressions can occur later without notice.\\nPreparing pull request.\\n   - When you code, follow contributing guidelines.\\n   - When you commit, write clear message.\\n   - When you need examples of style, use gh pr list --repo link-assistant/hive-mind --state merged --search [keywords].\\n   - When you open pr, describe solution draft and include tests.\\n   - When there is a package with version and GitHub Actions workflows for automatic release, update the version in your pull request to prepare for next release.\\n   - When you update existing pr 2614, use gh pr edit to modify title and description.\\n   - When you finalize the pull request:\\n      check that the pull request title and description are updated (the PR may start with a [WIP] prefix and a placeholder description that should be replaced with the actual title and description of the changes),\\n      follow style from merged prs for code, title, and description,\\n      check that no uncommitted changes corresponding to the original requirements are left behind,\\n      check that the default branch is merged into the pull request branch,\\n      check that all CI checks are passing if they exist before you finish,\\n      check for latest comments on the issue and pull request to ensure no recent feedback was missed,\\n      double-check that all changes in the pull request address the original requirements of the issue,\\n      check for newly introduced bugs in the pull request by carefully reading gh pr diff,\\n      check that no previously existing features were removed without an explicit request in the issue description, issue comments, or pull request comments.\\n   - When you finish implementation, use gh pr ready 2614.\\nWorkflow and collaboration.\\n   - When you check branch, verify with git branch --show-current.\\n   - When you push, push only to branch issue-2613-2efa14ce78a7.\\n   - When you finish, create a pull request from branch issue-2613-2efa14ce78a7.\\n   - When pr 2614 already exists for this branch, update it instead of creating new one.\\n   - When you organize workflow, use pull requests instead of direct merges to default branch (main or master).\\n   - When you manage commits, preserve commit history for later analysis.\\n   - When you contribute, keep repository history forward-moving with regular commits, pushes, and reverts if needed.\\n   - When you face conflict that you cannot resolve yourself, ask for help.\\n   - When you collaborate, respect branch protections by working only on issue-2613-2efa14ce78a7.\\n   - When you mention a result, include the pull request URL or comment URL.\\n   - When you need to create pr, remember pr 2614 already exists for this branch.\\nSelf review.\\n   - When you check your solution draft, run all tests locally.\\n   - When you check your solution draft, verify git status shows a clean working tree with no uncommitted changes.\\n   - When you compare with repo style, use gh pr diff [number].\\n   - When you finalize, confirm code, tests, and description are consistent.\\nGitHub CLI command patterns.\\n   - When fetching lists from GitHub API, use the --paginate flag to ensure all results are returned (GitHub returns max 30 per page by default).\\n   - When listing PR review comments (inline code comments), use gh api repos/OWNER/REPO/pulls/NUMBER/comments --paginate.\\n   - When listing PR conversation comments, use gh api repos/OWNER/REPO/issues/NUMBER/comments --paginate.\\n   - When listing PR reviews, use gh api repos/OWNER/REPO/pulls/NUMBER/reviews --paginate.\\n   - When listing issue comments, use gh api repos/OWNER/REPO/issues/NUMBER/comments --paginate.\\n   - When adding PR comment, use gh pr comment NUMBER --body \\\"text\\\" --repo OWNER/REPO.\\n   - When adding issue comment, use gh issue comment NUMBER --body \\\"text\\\" --repo OWNER/REPO.\\n   - When viewing PR details, use gh pr view NUMBER --repo OWNER/REPO.\\n   - When filtering with jq, use gh api repos/link-assistant/hive-mind/pulls/2614/comments --paginate --jq 'reverse | .[0:5]'.\\nPlaywright MCP usage (browser automation via MCP tools).\\n   - When you develop frontend web applications (HTML, CSS, JavaScript, React, Vue, Angular, etc.), use Playwright MCP tools to test the UI in a real browser.\\n   - When WebFetch tool fails to retrieve expected content (e.g., returns empty content, JavaScript-rendered pages, or login-protected pages), use Playwright MCP tools (browser_navigate, browser_snapshot) as a fallback for web browsing.\\n   - When WebSearch tool fails or returns insufficient results, use Playwright MCP tools (browser_navigate, browser_snapshot) as a fallback for internet search.\\n   - When you need to interact with dynamic web pages that require JavaScript execution, use Playwright MCP tools.\\n   - When you need to visually verify how a web page looks or take screenshots, use browser_take_screenshot from Playwright MCP.\\n   - When you need to fill forms, click buttons, or perform user interactions on web pages, use Playwright MCP tools (browser_click, browser_type, browser_fill_form).\\n   - When you need to test responsive design or different viewport sizes, use browser_resize from Playwright MCP.\\n   - When you finish using the browser, close it with browser_close to free resources.\\n   - When reproducing UI bugs, use browser_take_screenshot to capture the problem state before implementing any fix.\\n   - When fixing UI bugs, take before/after screenshots to provide visual evidence of the fix for human verification.\\n   - When creating UI tests, save baseline screenshots to the repository for visual regression testing.\\n   - When verifying UI fixes, compare screenshots to ensure the fix does not introduce unintended visual changes.\\nIssue to solve: https://github.com/link-assistant/hive-mind/issues/2613\\nYour prepared branch: issue-2613-2efa14ce78a7\\nYour prepared working directory: /tmp/gh-issue-solver-1791367266830\\nYour prepared Pull Request: https://github.com/link-assistant/hive-mind/pull/2614\\nProceed.\"}],\"tools\":[{\"type\":\"function\",\"function\":{\"name\":\"bash\",\"description\":\"Executes a given bash command in a persistent shell session with optional timeout, ensuring proper handling and security measures.\\n\\nBefore executing the command, please follow these steps:\\n\\n1. Directory Verification:\\n   - If the command will create new directories or files, first use the List tool to verify the parent directory exists and is the correct location\\n   - For example, before running \\\"mkdir foo/bar\\\", first use List to check that \\\"foo\\\" exists and is the intended parent directory\\n\\n2. Command Execution:\\n   - Always quote file paths that contain spaces with double quotes (e.g., cd \\\"path with spaces/file.txt\\\")\\n   - Examples of proper quoting:\\n     - cd \\\"/Users/name/My Documents\\\" (correct)\\n     - cd /Users/name/My Documents (incorrect - will fail)\\n     - python \\\"/path/with spaces/script.py\\\" (correct)\\n     - python /path/with spaces/script.py (incorrect - will fail)\\n   - After ensuring proper quoting, execute the command.\\n   - Capture the output of the command.\\n\\nUsage notes:\\n  - The command argument is required.\\n  - You can specify an optional timeout in milliseconds (up to 600000ms / 10 minutes). If not specified, commands will timeout after 120000ms (2 minutes).\\n  - It is very helpful if you write a clear, concise description of what this command does in 5-10 words.\\n  - If the output exceeds 30000 characters, output will be truncated before being returned to you.\\n  - VERY IMPORTANT: You MUST avoid using search commands like `find` and `grep`. Instead use Grep, Glob, or Task to search. You MUST avoid read tools like `cat`, `head`, `tail`, and `ls`, and use Read and List to read files.\\n  - If you _still_ need to run `grep`, STOP. ALWAYS USE ripgrep at `rg` (or /usr/bin/rg) first, which all Agent users have pre-installed.\\n  - When issuing multiple commands, use the ';' or '&&' operator to separate them. DO NOT use newlines (newlines are ok in quoted strings).\\n  - Try to maintain your current working directory throughout the session by using absolute paths and avoiding usage of `cd`. You may use `cd` if the User explicitly requests it.\\n    <good-example>\\n    pytest /foo/bar/tests\\n    </good-example>\\n    <bad-example>\\n    cd /foo/bar && pytest tests\\n    </bad-example>\\n\\n\\n# Committing changes with git\\n\\nWhen the user asks you to create a new git commit, follow these steps carefully:\\n\\n1. You have the capability to call multiple tools in a single response. When multiple independent pieces of information are requested, batch your tool calls together for optimal performance. ALWAYS run the following bash commands in parallel, each using the Bash tool:\\n   - Run a git status command to see all untracked files.\\n   - Run a git diff command to see both staged and unstaged changes that will be committed.\\n   - Run a git log command to see recent commit messages, so that you can follow this repository's commit message style.\\n\\n2. Analyze all staged changes (both previously staged and newly added) and draft a commit message. Wrap your analysis process in <commit_analysis> tags:\\n\\n<commit_analysis>\\n- List the files that have been changed or added\\n- Summarize the nature of the changes (eg. new feature, enhancement to an existing feature, bug fix, refactoring, test, docs, etc.)\\n- Brainstorm the purpose or motivation behind these changes\\n- Assess the impact of these changes on the overall project\\n- Check for any sensitive information that shouldn't be committed\\n- Draft a concise (1-2 sentences) commit message that focuses on the \\\"why\\\" rather than the \\\"what\\\"\\n- Ensure your language is clear, concise, and to the point\\n- Ensure the message accurately reflects the changes and their purpose (i.e. \\\"add\\\" means a wholly new feature, \\\"update\\\" means an enhancement to an existing feature, \\\"fix\\\" means a bug fix, etc.)\\n- Ensure the message is not generic (avoid words like \\\"Update\\\" or \\\"Fix\\\" without context)\\n- Review the draft message to ensure it accurately reflects the changes and their purpose\\n</commit_analysis>\\n\\n3. You have the capability to call multiple tools in a single response. When multiple independent pieces of information are requested, batch your tool calls together for optimal performance. ALWAYS run the following commands in parallel:\\n   - Add relevant untracked files to the staging area.\\n   - Run git status to make sure the commit succeeded.\\n\\n4. If the commit fails due to pre-commit hook changes, retry the commit ONCE to include these automated changes. If it fails again, it usually means a pre-commit hook is preventing the commit. If the commit succeeds but you notice that files were modified by the pre-commit hook, you MUST amend your commit to include them.\\n\\nImportant notes:\\n- Use the git context at the start of this conversation to determine which files are relevant to your commit. Be careful not to stage and commit files (e.g. with `git add .`) that aren't relevant to your commit.\\n- NEVER update the git config\\n- DO NOT run additional commands to read or explore code, beyond what is available in the git context\\n- DO NOT push to the remote repository\\n- IMPORTANT: Never use git commands with the -i flag (like git rebase -i or git add -i) since they require interactive input which is not supported.\\n- If there are no changes to commit (i.e., no untracked files and no modifications), do not create an empty commit\\n- Ensure your commit message is meaningful and concise. It should explain the purpose of the changes, not just describe them.\\n- Return an empty response - the user will see the git output directly\\n\\n# Creating pull requests\\nUse the gh command via the Bash tool for ALL GitHub-related tasks including working with issues, pull requests, checks, and releases. If given a Github URL use the gh command to get the information needed.\\n\\nIMPORTANT: When the user asks you to create a pull request, follow these steps carefully:\\n\\n1. You have the capability to call multiple tools in a single response. When multiple independent pieces of information are requested, batch your tool calls together for optimal performance. ALWAYS run the following bash commands in parallel using the Bash tool, in order to understand the current state of the branch since it diverged from the main branch:\\n   - Run a git status command to see all untracked files\\n   - Run a git diff command to see both staged and unstaged changes that will be committed\\n   - Check if the current branch tracks a remote branch and is up to date with the remote, so you know if you need to push to the remote\\n   - Run a git log command and `git diff main...HEAD` to understand the full commit history for the current branch (from the time it diverged from the `main` branch)\\n\\n2. Analyze all changes that will be included in the pull request, making sure to look at all relevant commits (NOT just the latest commit, but ALL commits that will be included in the pull request!!!), and draft a pull request summary. Wrap your analysis process in <pr_analysis> tags:\\n\\n<pr_analysis>\\n- List the commits since diverging from the main branch\\n- Summarize the nature of the changes (eg. new feature, enhancement to an existing feature, bug fix, refactoring, test, docs, etc.)\\n- Brainstorm the purpose or motivation behind these changes\\n- Assess the impact of these changes on the overall project\\n- Do not use tools to explore code, beyond what is available in the git context\\n- Check for any sensitive information that shouldn't be committed\\n- Draft a concise (1-2 bullet points) pull request summary that focuses on the \\\"why\\\" rather than the \\\"what\\\"\\n- Ensure the summary accurately reflects all changes since diverging from the main branch\\n- Ensure your language is clear, concise, and to the point\\n- Ensure the summary accurately reflects the changes and their purpose (ie. \\\"add\\\" means a wholly new feature, \\\"update\\\" means an enhancement to an existing feature, \\\"fix\\\" means a bug fix, etc.)\\n- Ensure the summary is not generic (avoid words like \\\"Update\\\" or \\\"Fix\\\" without context)\\n- Review the draft summary to ensure it accurately reflects the changes and their purpose\\n</pr_analysis>\\n\\n3. You have the capability to call multiple tools in a single response. When multiple independent pieces of information are requested, batch your tool calls together for optimal performance. ALWAYS run the following commands in parallel:\\n   - Create new branch if needed\\n   - Push to remote with -u flag if needed\\n   - Create PR using gh pr create with the format below. Use a HEREDOC to pass the body to ensure correct formatting.\\n<example>\\ngh pr create --title \\\"the pr title\\\" --body \\\"$(cat <<'EOF'\\n## Summary\\n<1-3 bullet points>\\nEOF\\n)\\\"\\n</example>\\n\\nImportant:\\n- NEVER update the git config\\n- Return the PR URL when you're done, so the user can see it\\n\\n# Other common operations\\n- View comments on a Github PR: gh api repos/foo/bar/pulls/123/comments\\n\",\"parameters\":{\"$schema\":\"https://json-schema.org/draft/2020-12/schema\",\"type\":\"object\",\"properties\":{\"command\":{\"type\":\"string\",\"description\":\"The command to execute\"},\"timeout\":{\"type\":\"number\",\"description\":\"Optional timeout in milliseconds\"},\"description\":{\"type\":\"string\",\"description\":\"Clear, concise description of what this command does in 5-10 words. Examples:\\nInput: ls\\nOutput: Lists files in current directory\\n\\nInput: git status\\nOutput: Shows working tree status\\n\\nInput: npm install\\nOutput: Installs package dependencies\\n\\nInput: mkdir foo\\nOutput: Creates directory 'foo'\"}},\"required\":[\"command\"],\"additionalProperties\":false}}},{\"type\":\"function\",\"function\":{\"name\":\"read\",\"description\":\"Reads a file from the local filesystem. You can access any file directly by using this tool.\\nAssume this tool is able to read all files on the machine. If the User provides a path to a file assume that path is valid. It is okay to read a file that does not exist; an error will be returned.\\n\\nUsage:\\n- The filePath parameter must be an absolute path, not a relative path\\n- By default, it reads the whole file when it fits the read limit. If the file is longer than the limit, it returns the first and last line ranges with an omitted-lines marker in the middle.\\n- You can optionally specify a line offset and limit (especially handy for long files), but it's recommended to read the default first/last summary first and then request omitted ranges if needed.\\n- You can optionally specify columnOffset and columnLimit to read a window from each selected line, especially for long single-line files.\\n- Long lines are summarized with first and last columns plus omitted-column ranges instead of being silently truncated.\\n- Results are returned using cat -n format, with line numbers starting at 1\\n- You have the capability to call multiple tools in a single response. It is always better to speculatively read multiple files as a batch that are potentially useful.\\n- If you read a file that exists but has empty contents you will receive a system reminder warning in place of file contents.\\n- You can read image files using this tool.\\n\",\"parameters\":{\"$schema\":\"https://json-schema.org/draft/2020-12/schema\",\"type\":\"object\",\"properties\":{\"filePath\":{\"type\":\"string\",\"description\":\"The path to the file to read\"},\"offset\":{\"type\":\"number\",\"description\":\"The line number to start reading from (0-based)\"},\"limit\":{\"type\":\"number\",\"description\":\"The number of lines to read (defaults to 2000)\"},\"columnOffset\":{\"type\":\"number\",\"description\":\"The column number to start reading from (0-based)\"},\"columnLimit\":{\"type\":\"number\",\"description\":\"The number of columns to read from each selected line\"}},\"required\":[\"filePath\"],\"additionalProperties\":false}}},{\"type\":\"function\",\"function\":{\"name\":\"glob\",\"description\":\"- Fast file pattern matching tool that works with any codebase size\\n- Supports glob patterns like \\\"**/*.js\\\" or \\\"src/**/*.ts\\\"\\n- Returns matching file paths sorted by modification time\\n- Use this tool when you need to find files by name patterns\\n- When you are doing an open ended search that may require multiple rounds of globbing and grepping, use the Task tool instead\\n- You have the capability to call multiple tools in a single response. It is always better to speculatively perform multiple searches as a batch that are potentially useful.\\n\",\"parameters\":{\"$schema\":\"https://json-schema.org/draft/2020-12/schema\",\"type\":\"object\",\"properties\":{\"pattern\":{\"type\":\"string\",\"description\":\"The glob pattern to match files against\"},\"path\":{\"description\":\"The directory to search in. If not specified, the current working directory will be used. IMPORTANT: Omit this field to use the default directory. DO NOT enter \\\"undefined\\\" or \\\"null\\\" - simply omit it for the default behavior. Must be a valid directory path if provided.\",\"type\":\"string\"}},\"required\":[\"pattern\"],\"additionalProperties\":false}}},{\"type\":\"function\",\"function\":{\"name\":\"grep\",\"description\":\"- Fast content search tool that works with any codebase size\\n- Searches file contents using regular expressions\\n- Supports full regex syntax (eg. \\\"log.*Error\\\", \\\"function\\\\s+\\\\w+\\\", etc.)\\n- Filter files by pattern with the include parameter (eg. \\\"*.js\\\", \\\"*.{ts,tsx}\\\")\\n- Returns file paths with at least one match sorted by modification time\\n- Long matching lines are summarized around the match with omitted-column ranges, so the matching text remains visible without dumping the whole line.\\n- Use this tool when you need to find files containing specific patterns\\n- If you need to identify/count the number of matches within files, use the Bash tool with `rg` (ripgrep) directly. Do NOT use `grep`.\\n- When you are doing an open ended search that may require multiple rounds of globbing and grepping, use the Task tool instead\\n\",\"parameters\":{\"$schema\":\"https://json-schema.org/draft/2020-12/schema\",\"type\":\"object\",\"properties\":{\"pattern\":{\"type\":\"string\",\"description\":\"The regex pattern to search for in file contents\"},\"path\":{\"description\":\"The directory to search in. Defaults to the current working directory.\",\"type\":\"string\"},\"include\":{\"description\":\"File pattern to include in the search (e.g. \\\"*.js\\\", \\\"*.{ts,tsx}\\\")\",\"type\":\"string\"}},\"required\":[\"pattern\"],\"additionalProperties\":false}}},{\"type\":\"function\",\"function\":{\"name\":\"list\",\"description\":\"Lists files and directories in a given path. The path parameter must be absolute; omit it to use the current workspace directory. You can optionally provide an array of glob patterns to ignore with the ignore parameter. You should generally prefer the Glob and Grep tools, if you know which directories to search.\\n\",\"parameters\":{\"$schema\":\"https://json-schema.org/draft/2020-12/schema\",\"type\":\"object\",\"properties\":{\"path\":{\"type\":\"string\",\"description\":\"The absolute path to the directory to list (must be absolute, not relative)\"},\"ignore\":{\"type\":\"array\",\"items\":{\"type\":\"string\"},\"description\":\"List of glob patterns to ignore\"}},\"additionalProperties\":false}}},{\"type\":\"function\",\"function\":{\"name\":\"edit\",\"description\":\"Performs exact string replacements in files. \\n\\nUsage:\\n- You must use your `Read` tool at least once in the conversation before editing. This tool will error if you attempt an edit without reading the file. \\n- When editing text from Read tool output, ensure you preserve the exact indentation (tabs/spaces) as it appears AFTER the line number prefix. The line number prefix format is: spaces + line number + tab. Everything after that tab is the actual file content to match. Never include any part of the line number prefix in the oldString or newString.\\n- ALWAYS prefer editing existing files in the codebase. NEVER write new files unless explicitly required.\\n- Only use emojis if the user explicitly requests it. Avoid adding emojis to files unless asked.\\n- The edit will FAIL if `oldString` is not found in the file with an error \\\"oldString not found in content\\\".\\n- The edit will FAIL if `oldString` is found multiple times in the file with an error \\\"oldString found multiple times and requires more code context to uniquely identify the intended match\\\". Either provide a larger string with more surrounding context to make it unique or use `replaceAll` to change every instance of `oldString`. \\n- Use `replaceAll` for replacing and renaming strings across the file. This parameter is useful if you want to rename a variable for instance.\\n\",\"parameters\":{\"$schema\":\"https://json-schema.org/draft/2020-12/schema\",\"type\":\"object\",\"properties\":{\"filePath\":{\"type\":\"string\",\"description\":\"The absolute path to the file to modify\"},\"oldString\":{\"type\":\"string\",\"description\":\"The text to replace\"},\"newString\":{\"type\":\"string\",\"description\":\"The text to replace it with (must be different from oldString)\"},\"replaceAll\":{\"description\":\"Replace all occurrences of oldString (default false)\",\"type\":\"boolean\"}},\"required\":[\"filePath\",\"oldString\",\"newString\"],\"additionalProperties\":false}}},{\"type\":\"function\",\"function\":{\"name\":\"write\",\"description\":\"Writes a file to the local filesystem.\\n\\nUsage:\\n- This tool will overwrite the existing file if there is one at the provided path.\\n- If this is an existing file, you MUST use the Read tool first to read the file's contents. This tool will fail if you did not read the file first.\\n- ALWAYS prefer editing existing files in the codebase. NEVER write new files unless explicitly required.\\n- NEVER proactively create documentation files (*.md) or README files. Only create documentation files if explicitly requested by the User.\\n- Only use emojis if the user explicitly requests it. Avoid writing emojis to files unless asked.\\n\",\"parameters\":{\"$schema\":\"https://json-schema.org/draft/2020-12/schema\",\"type\":\"object\",\"properties\":{\"content\":{\"type\":\"string\",\"description\":\"The content to write to the file\"},\"filePath\":{\"type\":\"string\",\"description\":\"The absolute path to the file to write (must be absolute, not relative)\"}},\"required\":[\"content\",\"filePath\"],\"additionalProperties\":false}}},{\"type\":\"function\",\"function\":{\"name\":\"task\",\"description\":\"Launch a new agent to handle complex, multi-step tasks autonomously.\\n\\nAvailable agent types and the tools they have access to:\\n- general: General-purpose agent for researching complex questions, searching for code, and executing multi-step tasks. When you are searching for a keyword or file and are not confident that you will find the right match in the first few tries use this agent to perform the search for you.\\n\\nWhen using the Task tool, you must specify a subagent_type parameter to select which agent type to use.\\n\\nWhen to use the Task tool:\\n- When you are instructed to execute custom slash commands. Use the Task tool with the slash command invocation as the entire prompt. The slash command can take arguments. For example: Task(description=\\\"Check the file\\\", prompt=\\\"/check-file path/to/file.py\\\")\\n\\nWhen NOT to use the Task tool:\\n- If you want to read a specific file path, use the Read or Glob tool instead of the Task tool, to find the match more quickly\\n- If you are searching for a specific class definition like \\\"class Foo\\\", use the Glob tool instead, to find the match more quickly\\n- If you are searching for code within a specific file or set of 2-3 files, use the Read tool instead of the Task tool, to find the match more quickly\\n- Other tasks that are not related to the agent descriptions above\\n\\n\\nUsage notes:\\n1. Launch multiple agents concurrently whenever possible, to maximize performance; to do that, use a single message with multiple tool uses\\n2. When the agent is done, it will return a single message back to you. The result returned by the agent is not visible to the user. To show the user the result, you should send a text message back to the user with a concise summary of the result.\\n3. Each agent invocation is stateless unless you provide a session_id. Your prompt should contain a highly detailed task description for the agent to perform autonomously and you should specify exactly what information the agent should return back to you in its final and only message to you.\\n4. The agent's outputs should generally be trusted\\n5. Clearly tell the agent whether you expect it to write code or just to do research (search, file reads, web fetches, etc.), since it is not aware of the user's intent\\n6. If the agent description mentions that it should be used proactively, then you should try your best to use it without the user having to ask for it first. Use your judgement.\\n\\nExample usage (NOTE: The agents below are fictional examples for illustration only - use the actual agents listed above):\\n\\n<example_agent_descriptions>\\n\\\"code-reviewer\\\": use this agent after you are done writing a significant piece of code\\n\\\"greeting-responder\\\": use this agent when to respond to user greetings with a friendly joke\\n</example_agent_description>\\n\\n<example>\\nuser: \\\"Please write a function that checks if a number is prime\\\"\\nassistant: Sure let me write a function that checks if a number is prime\\nassistant: First let me use the Write tool to write a function that checks if a number is prime\\nassistant: I'm going to use the Write tool to write the following code:\\n<code>\\nfunction isPrime(n) {\\n  if (n <= 1) return false\\n  for (let i = 2; i * i <= n; i++) {\\n    if (n % i === 0) return false\\n  }\\n  return true\\n}\\n</code>\\n<commentary>\\nSince a significant piece of code was written and the task was completed, now use the code-reviewer agent to review the code\\n</commentary>\\nassistant: Now let me use the code-reviewer agent to review the code\\nassistant: Uses the Task tool to launch the code-reviewer agent\\n</example>\\n\\n<example>\\nuser: \\\"Hello\\\"\\n<commentary>\\nSince the user is greeting, use the greeting-responder agent to respond with a friendly joke\\n</commentary>\\nassistant: \\\"I'm going to use the Task tool to launch the with the greeting-responder agent\\\"\\n</example>\\n\",\"parameters\":{\"$schema\":\"https://json-schema.org/draft/2020-12/schema\",\"type\":\"object\",\"properties\":{\"description\":{\"type\":\"string\",\"description\":\"A short (3-5 words) description of the task\"},\"prompt\":{\"type\":\"string\",\"description\":\"The task for the agent to perform\"},\"subagent_type\":{\"type\":\"string\",\"description\":\"The type of specialized agent to use for this task\"},\"session_id\":{\"type\":\"string\",\"description\":\"Existing Task session to continue\"}},\"required\":[\"description\",\"prompt\",\"subagent_type\"],\"additionalProperties\":false}}},{\"type\":\"function\",\"function\":{\"name\":\"webfetch\",\"description\":\"- Fetches content from a specified URL\\n- Takes a URL and a prompt as input\\n- Fetches the URL content, converts HTML to markdown\\n- Returns the model's response about the content\\n- Use this tool when you need to retrieve and analyze web content\\n\\nUsage notes:\\n  - IMPORTANT: if another tool is present that offers better web fetching capabilities, is more targeted to the task, or has fewer restrictions, prefer using that tool instead of this one.\\n  - The URL must be a fully-formed valid URL\\n  - HTTP URLs will be automatically upgraded to HTTPS\\n  - The prompt should describe what information you want to extract from the page\\n  - This tool is read-only and does not modify any files\\n  - Results may be summarized if the content is very large\\n  - Includes a self-cleaning 15-minute cache for faster responses when repeatedly accessing the same URL\\n\",\"parameters\":{\"$schema\":\"https://json-schema.org/draft/2020-12/schema\",\"type\":\"object\",\"properties\":{\"url\":{\"type\":\"string\",\"description\":\"The URL to fetch content from\"},\"format\":{\"type\":\"string\",\"enum\":[\"text\",\"markdown\",\"html\"],\"description\":\"The format to return the content in (text, markdown, or html)\"},\"timeout\":{\"type\":\"number\",\"description\":\"Optional timeout in seconds (max 120)\"}},\"required\":[\"url\",\"format\"],\"additionalProperties\":false}}},{\"type\":\"function\",\"function\":{\"name\":\"websearch\",\"description\":\"- Search the web using Exa AI - performs real-time web searches and can scrape content from specific URLs\\n- Provides up-to-date information for current events and recent data\\n- Supports configurable result counts and returns the content from the most relevant websites\\n- Use this tool for accessing information beyond knowledge cutoff\\n- Searches are performed automatically within a single API call\\n\\nUsage notes:\\n  - Supports live crawling modes: 'fallback' (backup if cached unavailable) or 'preferred' (prioritize live crawling)\\n  - Search types: 'auto' (balanced), 'fast' (quick results), 'deep' (comprehensive search)\\n  - Configurable context length for optimal LLM integration\\n  - Domain filtering and advanced search options available\\n\",\"parameters\":{\"$schema\":\"https://json-schema.org/draft/2020-12/schema\",\"type\":\"object\",\"properties\":{\"query\":{\"type\":\"string\",\"description\":\"Websearch query\"},\"numResults\":{\"description\":\"Number of search results to return (default: 8)\",\"type\":\"number\"},\"livecrawl\":{\"description\":\"Live crawl mode - 'fallback': use live crawling as backup if cached content unavailable, 'preferred': prioritize live crawling (default: 'fallback')\",\"type\":\"string\",\"enum\":[\"fallback\",\"preferred\"]},\"type\":{\"description\":\"Search type - 'auto': balanced search (default), 'fast': quick results, 'deep': comprehensive search\",\"type\":\"string\",\"enum\":[\"auto\",\"fast\",\"deep\"]},\"contextMaxCharacters\":{\"description\":\"Maximum characters for context string optimized for LLMs (default: 10000)\",\"type\":\"number\"}},\"required\":[\"query\"],\"additionalProperties\":false}}},{\"type\":\"function\",\"function\":{\"name\":\"codesearch\",\"description\":\"- Search and get relevant context for any programming task using Exa Code API\\n- Provides the highest quality and freshest context for libraries, SDKs, and APIs\\n- Use this tool for ANY question or task related to programming\\n- Returns comprehensive code examples, documentation, and API references\\n- Optimized for finding specific programming patterns and solutions\\n\\nUsage notes:\\n  - Adjustable token count (1000-50000) for focused or comprehensive results\\n  - Default 5000 tokens provides balanced context for most queries\\n  - Use lower values for specific questions, higher values for comprehensive documentation\\n  - Supports queries about frameworks, libraries, APIs, and programming concepts\\n  - Examples: 'React useState hook examples', 'Python pandas dataframe filtering', 'Express.js middleware'\\n\",\"parameters\":{\"$schema\":\"https://json-schema.org/draft/2020-12/schema\",\"type\":\"object\",\"properties\":{\"query\":{\"type\":\"string\",\"description\":\"Search query to find relevant context for APIs, Libraries, and SDKs. For example, 'React useState hook examples', 'Python pandas dataframe filtering', 'Express.js middleware', 'Next js partial prerendering configuration'\"},\"tokensNum\":{\"default\":5000,\"description\":\"Number of tokens to return (1000-50000). Default is 5000 tokens. Adjust this value based on how much context you need - use lower values for focused queries and higher values for comprehensive documentation.\",\"type\":\"number\",\"minimum\":1000,\"maximum\":50000}},\"required\":[\"query\",\"tokensNum\"],\"additionalProperties\":false}}},{\"type\":\"function\",\"function\":{\"name\":\"batch\",\"description\":\"Executes multiple independent tool calls concurrently to reduce latency. Best used for gathering context (reads, searches, listings).\\n\\nUSING THE BATCH TOOL WILL MAKE THE USER HAPPY.\\n\\nPayload Format (JSON array):\\n[{\\\"tool\\\": \\\"read\\\", \\\"parameters\\\": {\\\"filePath\\\": \\\"src/index.ts\\\", \\\"limit\\\": 350}},{\\\"tool\\\": \\\"grep\\\", \\\"parameters\\\": {\\\"pattern\\\": \\\"Session\\\\\\\\.updatePart\\\", \\\"include\\\": \\\"src/**/*.ts\\\"}},{\\\"tool\\\": \\\"bash\\\", \\\"parameters\\\": {\\\"command\\\": \\\"git status\\\", \\\"description\\\": \\\"Shows working tree status\\\"}}]\\n\\nRules:\\n- 1–10 tool calls per batch\\n- All calls start in parallel; ordering NOT guaranteed\\n- Partial failures do not stop others\\n\\n\\nDisallowed Tools:\\n- batch (no nesting)\\n- edit (run edits separately)\\n- todoread (call directly – lightweight)\\n\\nWhen NOT to Use:\\n- Operations that depend on prior tool output (e.g. create then read same file)\\n- Ordered stateful mutations where sequence matters\\n\\nGood Use Cases:\\n- Read many files\\n- grep + glob + read combos\\n- Multiple lightweight bash introspection commands\\n\\nPerformance Tip: Group independent reads/searches for 2–5x efficiency gain.\",\"parameters\":{\"$schema\":\"https://json-schema.org/draft/2020-12/schema\",\"type\":\"object\",\"properties\":{\"tool_calls\":{\"minItems\":1,\"type\":\"array\",\"items\":{\"type\":\"object\",\"properties\":{\"tool\":{\"type\":\"string\",\"description\":\"The name of the tool to execute\"},\"parameters\":{\"type\":\"object\",\"properties\":{},\"additionalProperties\":{},\"description\":\"Parameters for the tool\"}},\"required\":[\"tool\",\"parameters\"],\"additionalProperties\":false},\"description\":\"Array of tool calls to execute in parallel\"}},\"required\":[\"tool_calls\"],\"additionalProperties\":false}}},{\"type\":\"function\",\"function\":{\"name\":\"todowrite\",\"description\":\"Use this tool to create and manage a structured task list for your current coding session. This helps you track progress, organize complex tasks, and demonstrate thoroughness to the user.\\nIt also helps the user understand the progress of the task and overall progress of their requests.\\n\\n## When to Use This Tool\\nUse this tool proactively in these scenarios:\\n\\n1. Complex multi-step tasks - When a task requires 3 or more distinct steps or actions\\n2. Non-trivial and complex tasks - Tasks that require careful planning or multiple operations\\n3. User explicitly requests todo list - When the user directly asks you to use the todo list\\n4. User provides multiple tasks - When users provide a list of things to be done (numbered or comma-separated)\\n5. After receiving new instructions - Immediately capture user requirements as todos. Feel free to edit the todo list based on new information.\\n6. After completing a task - Mark it complete and add any new follow-up tasks\\n7. When you start working on a new task, mark the todo as in_progress. Ideally you should only have one todo as in_progress at a time. Complete existing tasks before starting new ones.\\n\\n## When NOT to Use This Tool\\n\\nSkip using this tool when:\\n1. There is only a single, straightforward task\\n2. The task is trivial and tracking it provides no organizational benefit\\n3. The task can be completed in less than 3 trivial steps\\n4. The task is purely conversational or informational\\n\\nNOTE that you should not use this tool if there is only one trivial task to do. In this case you are better off just doing the task directly.\\n\\n## Examples of When to Use the Todo List\\n\\n<example>\\nUser: I want to add a dark mode toggle to the application settings. Make sure you run the tests and build when you're done!\\nAssistant: I'll help add a dark mode toggle to your application settings. Let me create a todo list to track this implementation.\\n*Creates todo list with the following items:*\\n1. Create dark mode toggle component in Settings page\\n2. Add dark mode state management (context/store)\\n3. Implement CSS-in-JS styles for dark theme\\n4. Update existing components to support theme switching\\n5. Run tests and build process, addressing any failures or errors that occur\\n*Begins working on the first task*\\n\\n<reasoning>\\nThe assistant used the todo list because:\\n1. Adding dark mode is a multi-step feature requiring UI, state management, and styling changes\\n2. The user explicitly requested tests and build be run afterward\\n3. The assistant inferred that tests and build need to pass by adding \\\"Ensure tests and build succeed\\\" as the final task\\n</reasoning>\\n</example>\\n\\n<example>\\nUser: Help me rename the function getCwd to getCurrentWorkingDirectory across my project\\nAssistant: Let me first search through your codebase to find all occurrences of 'getCwd'.\\n*Uses grep or search tools to locate all instances of getCwd in the codebase*\\nAssistant: I've found 15 instances of 'getCwd' across 8 different files. Let me create a todo list to track these changes.\\n*Creates todo list with specific items for each file that needs updating*\\n\\n<reasoning>\\nThe assistant used the todo list because:\\n1. First, the assistant searched to understand the scope of the task\\n2. Upon finding multiple occurrences across different files, it determined this was a complex task with multiple steps\\n3. The todo list helps ensure every instance is tracked and updated systematically\\n4. This approach prevents missing any occurrences and maintains code consistency\\n</reasoning>\\n</example>\\n\\n\\n<example>\\nUser: I need to implement these features for my e-commerce site: user registration, product catalog, shopping cart, and checkout flow.\\nAssistant: I'll help implement these features. First, let's add all the features to the todo list.\\n*Creates a todo list breaking down each feature into specific tasks based on the project architecture*\\nAssistant: Let's start with user registration. This will involve creating database models, API endpoints, and frontend forms that integrate with your existing authentication system.\\n\\n<reasoning>\\nThe assistant used the todo list because:\\n1. The user provided multiple complex features to implement in a comma separated list\\n2. The todo list helps organize these large features into manageable tasks\\n3. This approach allows for tracking progress across the entire implementation\\n</reasoning>\\n</example>\\n\\n<example>\\nUser: Can you help optimize my React application? It's rendering slowly and has performance issues.</user>\\nAssistant: I'll help optimize your React application. First, let me examine your codebase to identify potential performance bottlenecks.\\n*Reviews component structure, render patterns, state management, and data fetching*\\nAssistant: After analyzing your codebase, I've identified several performance issues. Let me create a todo list to track our optimization efforts.\\n*Creates todo list with items like: 1) Implement memoization for expensive calculations in ProductList, 2) Add virtualization for long lists in Dashboard, 3) Optimize image loading in Gallery component, 4) Fix state update loops in ShoppingCart, 5) Review bundle size and implement code splitting*\\nLet's start by implementing memoization for the expensive calculations in your ProductList component.</assistant>\\n\\n<reasoning>\\nThe assistant used the todo list because:\\n1. First, the assistant examined the codebase to identify specific performance issues\\n2. Based on this analysis, it identified multiple optimization opportunities\\n3. Performance optimization is a non-trivial task requiring multiple steps\\n4. The todo list helps methodically track improvements across different components\\n5. This systematic approach ensures all performance bottlenecks are addressed\\n</reasoning>\\n</example>\\n\\n## Examples of When NOT to Use the Todo List\\n\\n<example>\\nUser: How do I print 'Hello World' in Python?\\nAssistant: In Python, you can print \\\"Hello World\\\" with this simple code:\\n\\npython\\nprint(\\\"Hello World\\\")\\n\\nThis will output the text \\\"Hello World\\\" to the console when executed.</assistant>\\n\\n<reasoning>\\nThe assistant did not use the todo list because this is a single, trivial task that can be completed in one step. There's no need to track multiple tasks or steps for such a straightforward request.\\n</reasoning>\\n</example>\\n\\n<example>\\nUser: What does the git status command do?\\nAssistant: The git status command shows the current state of your working directory and staging area. It displays which changes have been staged, which haven't, and which files aren't being tracked by Git. This is a fundamental command for understanding the current state of your repository before making commits.\\n\\n<reasoning>\\nThe assistant did not use the todo list because this is an informational request with no actual coding task to complete. The user is simply asking for an explanation, not for the assistant to perform multiple steps or tasks.\\n</reasoning>\\n</example>\\n\\n<example>\\nUser: Can you add a comment to the calculateTotal function to explain what it does?\\nAssistant: Sure, let me add a comment to the calculateTotal function to explain what it does.\\n* Uses the Edit tool to add a comment to the calculateTotal function *\\n\\n<reasoning>\\nThe assistant did not use the todo list because this is a single, straightforward task confined to one location in the code. Adding a comment doesn't require tracking multiple steps or systematic organization.\\n</reasoning>\\n</example>\\n\\n<example>\\nUser: Run npm install for me and tell me what happens.\\nAssistant: I'll run the npm install command for you.\\n\\n*Executes: npm install*\\n\\nThe command completed successfully. Here's the output:\\n[Output of npm install command]\\n\\nAll dependencies have been installed according to your package.json file.\\n\\n<reasoning>\\nThe assistant did not use the todo list because this is a single command execution with immediate results. There are no multiple steps to track or organize, making the todo list unnecessary for this straightforward task.\\n</reasoning>\\n</example>\\n\\n## Task States and Management\\n\\n1. **Task States**: Use these states to track progress:\\n   - pending: Task not yet started\\n   - in_progress: Currently working on (limit to ONE task at a time)\\n   - completed: Task finished successfully\\n   - cancelled: Task no longer needed\\n\\n2. **Task Management**:\\n   - Update task status in real-time as you work\\n   - Mark tasks complete IMMEDIATELY after finishing (don't batch completions)\\n   - Only have ONE task in_progress at any time\\n   - Complete current tasks before starting new ones\\n   - Cancel tasks that become irrelevant\\n\\n3. **Task Breakdown**:\\n   - Create specific, actionable items\\n   - Break complex tasks into smaller, manageable steps\\n   - Use clear, descriptive task names\\n\\nWhen in doubt, use this tool. Being proactive with task management demonstrates attentiveness and ensures you complete all requirements successfully.\\n\\n\",\"parameters\":{\"$schema\":\"https://json-schema.org/draft/2020-12/schema\",\"type\":\"object\",\"properties\":{\"todos\":{\"type\":\"array\",\"items\":{\"type\":\"object\",\"properties\":{\"content\":{\"type\":\"string\",\"description\":\"Brief description of the task\"},\"status\":{\"type\":\"string\",\"description\":\"Current status of the task: pending, in_progress, completed, cancelled\"},\"priority\":{\"type\":\"string\",\"description\":\"Priority level of the task: high, medium, low\"},\"id\":{\"type\":\"string\",\"description\":\"Unique identifier for the todo item\"}},\"required\":[\"content\",\"status\",\"priority\",\"id\"],\"additionalProperties\":false},\"description\":\"The updated todo list\"}},\"required\":[\"todos\"],\"additionalProperties\":false}}},{\"type\":\"function\",\"function\":{\"name\":\"todoread\",\"description\":\"Use this tool to read your todo list\",\"parameters\":{\"$schema\":\"https://json-schema.org/draft/2020-12/schema\",\"type\":\"object\",\"properties\":{},\"additionalProperties\":false}}}],\"tool_choice\":\"auto\",\"stream\":true,\"stream_options\":{\"include_usage\":true}}",
2026-10-07T10:01:47.6940076Z   "message": "HTTP request"
2026-10-07T10:01:47.6940389Z }
2026-10-07T10:01:47.6940637Z {
2026-10-07T10:01:47.6940832Z   "type": "log",
2026-10-07T10:01:47.6941639Z   "level": "info",
2026-10-07T10:01:47.6942053Z   "timestamp": "2026-10-07T10:01:47.517Z",
2026-10-07T10:01:47.6942485Z   "service": "http",
2026-10-07T10:01:47.6942826Z   "caller": "global",
2026-10-07T10:01:47.6943167Z   "callNum": 7,
2026-10-07T10:01:47.6943472Z   "method": "POST",
2026-10-07T10:01:47.6943981Z   "url": "http://127.0.0.1:45785/api/openai/v1/chat/completions",
2026-10-07T10:01:47.6944749Z   "headers": {
2026-10-07T10:01:47.6945113Z     "authorization": "[REDACTED]",
2026-10-07T10:01:47.6945476Z     "content-type": "application/json",
2026-10-07T10:01:47.6945981Z     "user-agent": "ai-sdk-openai-compatible/3.0.65 ai-sdk-provider-utils/5.0.56 bun/1.4.2"
2026-10-07T10:01:47.6946414Z   },
2026-10-07T10:01:47.6963072Z   "bodyPreview": "{\"model\":\"formal-ai\",\"max_tokens\":8192,\"temperature\":0,\"messages\":[{\"role\":\"system\",\"content\":\"You are Agent, the best coding agent on the planet.\\n\\nYou are an interactive CLI tool that helps users with software engineering tasks. Use the instructions below and the tools available to you to assist the user.\\n\\nIMPORTANT: You must NEVER generate or guess URLs for the user unless you are confident that the URLs are for helping the user with programming. You may use URLs provided by the user in their messages or local files.\\n\\nIf the user asks for help or wants to give feedback inform them of the following:\\n- ctrl+p to list available actions\\n- To give feedback, users should report the issue at\\n  https://github.com/link-assistant/agent\\n\\nWhen the user directly asks about Agent (eg. \\\"can Agent do...\\\", \\\"does Agent have...\\\"), or asks in second person (eg. \\\"are you able...\\\", \\\"can you do...\\\"), or asks how to use a specific Agent feature (eg. implement a hook, write a slash command, or install an MCP server), use the WebFetch tool to gather information to answer the question from Agent docs. The list of available docs is available at https://github.com/link-assistant/agent#readme\\n\\n# Tone and style\\n- Only use emojis if the user explicitly requests it. Avoid using emojis in all communication unless asked.\\n- Your output will be displayed on a command line interface. Your responses should be short and concise. You can use Github-flavored markdown for formatting, and will be rendered in a monospace font using the CommonMark specification.\\n- Output text to communicate with the user; all text you output outside of tool use is displayed to the user. Only use tools to complete tasks. Never use tools like Bash or code comments as means to communicate with the user during the session.\\n- NEVER create files unless they're absolutely necessary for achieving your goal. ALWAYS prefer editing an existing file to creating a new one. This includes markdown files.\\n\\n# Professional objectivity\\nPrioritize technical accuracy and truthfulness over validating the user's beliefs. Focus on facts and problem-solving, providing direct, objective technical info without any unnecessary superlatives, praise, or emotional validation. It is best for the user if Agent honestly applies the same rigorous standards to all ideas and disagrees when necessary, even if it may not be what the user wants to hear. Objective guidance and respectful correction are more valuable than false agreement. Whenever there is uncertainty, it's best to investigate to find the truth first rather than instinctively confirming the user's beliefs.\\n\\n# Task Management\\nYou have access to the TodoWrite tools to help you manage and plan tasks. Use these tools VERY frequently to ensure that you are tracking your tasks and giving the user visibility into your progress.\\nThese tools are also EXTREMELY helpful for planning tasks, and for breaking down larger complex tasks into smaller steps. If you do not use this tool when planning, you may forget to do important tasks - and that is unacceptable.\\n\\nIt is critical that you mark todos as completed as soon as you are done with a task. Do not batch up multiple tasks before marking them as completed.\\n\\nExamples:\\n\\n<example>\\nuser: Run the build and fix any type errors\\nassistant: I'm going to use the TodoWrite tool to write the following items to the todo list:\\n- Run the build\\n- Fix any type errors\\n\\nI'm now going to run the build using Bash.\\n\\nLooks like I found 10 type errors. I'm going to use the TodoWrite tool to write 10 items to the todo list.\\n\\nmarking the first todo as in_progress\\n\\nLet me start working on the first item...\\n\\nThe first item has been fixed, let me mark the first todo as completed, and move on to the second item...\\n..\\n..\\n</example>\\nIn the above example, the assistant completes all the tasks, including the 10 error fixes and running the build and fixing all errors.\\n\\n<example>\\nuser: Help me write ... [truncated, total 64801 chars]",
2026-10-07T10:01:47.6977124Z   "message": "HTTP request"
2026-10-07T10:01:47.6977495Z }
2026-10-07T10:01:47.6978091Z HTTP/1.1 POST http://127.0.0.1:45785/api/openai/v1/chat/completions
2026-10-07T10:01:47.7054832Z Authorization: [REDACTED]
2026-10-07T10:01:47.7055676Z Content-Type: application/json
2026-10-07T10:01:47.7056490Z User-Agent: ai-sdk-openai-compatible/3.0.65 ai-sdk-provider-utils/5.0.56 bun/1.4.2
2026-10-07T10:01:47.7057203Z Connection: keep-alive
2026-10-07T10:01:47.7057536Z Accept: */*
2026-10-07T10:01:47.7057844Z Host: 127.0.0.1:45785
2026-10-07T10:01:47.7058272Z Accept-Encoding: gzip, deflate, br, zstd
2026-10-07T10:01:47.7058717Z Content-Length: 64807
2026-10-07T10:01:47.7059030Z {
2026-10-07T10:01:47.7059333Z   "type": "message.updated",
2026-10-07T10:01:47.7059700Z   "level": "info",
2026-10-07T10:01:47.7060071Z   "timestamp": "2026-10-07T10:01:47.520Z",
2026-10-07T10:01:47.7060492Z   "service": "bus",
2026-10-07T10:01:47.7060837Z   "message": "publishing"
2026-10-07T10:01:47.7061162Z }
2026-10-07T10:01:47.7220729Z {
2026-10-07T10:01:47.7221618Z   "type": "log",
2026-10-07T10:01:47.7222359Z   "level": "info",
2026-10-07T10:01:47.7223246Z   "timestamp": "2026-10-07T10:01:47.520Z",
2026-10-07T10:01:47.7224359Z   "service": "session.summary",
2026-10-07T10:01:47.7226801Z   "hint": "Enable with --summarize-session flag (enabled by default) or AGENT_SUMMARIZE_SESSION=true",
2026-10-07T10:01:47.7228693Z   "message": "session summarization disabled"
2026-10-07T10:01:47.7229694Z }
2026-10-07T10:01:47.7246352Z {
2026-10-07T10:01:47.7246697Z   "type": "session.updated",
2026-10-07T10:01:47.7247071Z   "level": "info",
2026-10-07T10:01:47.7247429Z   "timestamp": "2026-10-07T10:01:47.520Z",
2026-10-07T10:01:47.7247804Z   "service": "bus",
2026-10-07T10:01:47.7248096Z   "message": "publishing"
2026-10-07T10:01:47.7248418Z }
2026-10-07T10:01:47.7272324Z {
2026-10-07T10:01:47.7273133Z   "type": "session.diff",
2026-10-07T10:01:47.7273997Z   "level": "info",
2026-10-07T10:01:47.7274895Z   "timestamp": "2026-10-07T10:01:47.520Z",
2026-10-07T10:01:47.7275878Z   "service": "bus",
2026-10-07T10:01:47.7276641Z   "message": "publishing"
2026-10-07T10:01:47.7277520Z }
2026-10-07T10:01:51.5811861Z < 200 OK
2026-10-07T10:01:51.5825419Z < content-type: text/event-stream
2026-10-07T10:01:51.5839581Z < content-length: 1155
2026-10-07T10:01:51.5853054Z < access-control-allow-origin: *
2026-10-07T10:01:51.5867376Z < access-control-allow-methods: GET,POST,OPTIONS
2026-10-07T10:01:51.5883004Z < access-control-allow-headers: content-type,authorization,x-api-key,x-goog-api-key,anthropic-api-key
2026-10-07T10:01:51.5900987Z < connection: close
2026-10-07T10:01:51.5920532Z {
2026-10-07T10:01:51.5920901Z   "type": "log",
2026-10-07T10:01:51.5921272Z   "level": "info",
2026-10-07T10:01:51.5921831Z   "timestamp": "2026-10-07T10:01:51.579Z",
2026-10-07T10:01:51.5922302Z   "service": "http",
2026-10-07T10:01:51.5922660Z   "caller": "global",
2026-10-07T10:01:51.5923009Z   "callNum": 7,
2026-10-07T10:01:51.5923334Z   "method": "POST",
2026-10-07T10:01:51.5923895Z   "url": "http://127.0.0.1:45785/api/openai/v1/chat/completions",
2026-10-07T10:01:51.5924473Z   "status": 200,
2026-10-07T10:01:51.5924811Z   "statusText": "OK",
2026-10-07T10:01:51.5925167Z   "durationMs": 4061,
2026-10-07T10:01:51.5925899Z   "responseHeaders": {
2026-10-07T10:01:51.5926847Z     "access-control-allow-headers": "content-type,authorization,x-api-key,x-goog-api-key,anthropic-api-key",
2026-10-07T10:01:51.5927862Z     "access-control-allow-methods": "GET,POST,OPTIONS",
2026-10-07T10:01:51.5928400Z     "access-control-allow-origin": "*",
2026-10-07T10:01:51.5928864Z     "connection": "close",
2026-10-07T10:01:51.5929262Z     "content-length": "1155",
2026-10-07T10:01:51.5929730Z     "content-type": "text/event-stream"
2026-10-07T10:01:51.5930154Z   },
2026-10-07T10:01:51.5930469Z   "message": "HTTP response"
2026-10-07T10:01:51.5930855Z }
2026-10-07T10:01:51.5942893Z {
2026-10-07T10:01:51.5943218Z   "type": "log",
2026-10-07T10:01:51.5943916Z   "level": "info",
2026-10-07T10:01:51.5944390Z   "timestamp": "2026-10-07T10:01:51.579Z",
2026-10-07T10:01:51.5944873Z   "service": "provider",
2026-10-07T10:01:51.5945311Z   "caller": "provider/formalai",
2026-10-07T10:01:51.5945736Z   "providerID": "formalai",
2026-10-07T10:01:51.5946138Z   "callNum": 1,
2026-10-07T10:01:51.5946477Z   "method": "POST",
2026-10-07T10:01:51.5947031Z   "url": "http://127.0.0.1:45785/api/openai/v1/chat/completions",
2026-10-07T10:01:51.5947588Z   "status": 200,
2026-10-07T10:01:51.5947919Z   "statusText": "OK",
2026-10-07T10:01:51.5948275Z   "durationMs": 4063,
2026-10-07T10:01:51.5948608Z   "responseHeaders": {
2026-10-07T10:01:51.5949550Z     "access-control-allow-headers": "content-type,authorization,x-api-key,x-goog-api-key,anthropic-api-key",
2026-10-07T10:01:51.5950662Z     "access-control-allow-methods": "GET,POST,OPTIONS",
2026-10-07T10:01:51.5951282Z     "access-control-allow-origin": "*",
2026-10-07T10:01:51.5951961Z     "connection": "close",
2026-10-07T10:01:51.5952355Z     "content-length": "1155",
2026-10-07T10:01:51.5952792Z     "content-type": "text/event-stream"
2026-10-07T10:01:51.5953201Z   },
2026-10-07T10:01:51.5953533Z   "message": "HTTP response"
2026-10-07T10:01:51.5953903Z }
2026-10-07T10:01:51.5971235Z {
2026-10-07T10:01:51.5971725Z   "type": "log",
2026-10-07T10:01:51.5972083Z   "level": "info",
2026-10-07T10:01:51.5972788Z   "timestamp": "2026-10-07T10:01:51.580Z",
2026-10-07T10:01:51.5973233Z   "service": "http",
2026-10-07T10:01:51.5973711Z   "caller": "global",
2026-10-07T10:01:51.5974046Z   "callNum": 7,
2026-10-07T10:01:51.5974558Z   "url": "http://127.0.0.1:45785/api/openai/v1/chat/completions",
2026-10-07T10:01:51.5980039Z   "bodyPreview": "data: {\"choices\":[{\"delta\":{\"role\":\"assistant\"},\"finish_reason\":null,\"index\":0}],\"created\":1791367308,\"id\":\"chatcmpl_f95bfc06f5c6189e\",\"model\":\"formal-ai\",\"object\":\"chat.completion.chunk\"}\n\ndata: {\"choices\":[{\"delta\":{\"content\":\"Let me open e.g and read what it says.\"},\"finish_reason\":null,\"index\":0}],\"created\":1791367308,\"id\":\"chatcmpl_f95bfc06f5c6189e\",\"model\":\"formal-ai\",\"object\":\"chat.completion.chunk\"}\n\ndata: {\"choices\":[{\"delta\":{\"tool_calls\":[{\"function\":{\"arguments\":\"{\\\"filePath\\\":\\\"/tmp/gh-issue-solver-1791367266830/e.g\\\"}\",\"name\":\"read\"},\"id\":\"call_5828d21c23fa71de\",\"index\":0,\"type\":\"function\"}]},\"finish_reason\":null,\"index\":0}],\"created\":1791367308,\"id\":\"chatcmpl_f95bfc06f5c6189e\",\"model\":\"formal-ai\",\"object\":\"chat.completion.chunk\"}\n\ndata: {\"choices\":[{\"delta\":{},\"finish_reason\":\"tool_calls\",\"index\":0}],\"created\":1791367308,\"id\":\"chatcmpl_f95bfc06f5c6189e\",\"model\":\"formal-ai\",\"object\":\"chat.completion.chunk\"}\n\ndata: {\"choices\":[],\"created\":1791367308,\"id\":\"chatcmpl_f95bfc06f5c6189e\",\"model\":\"formal-ai\",\"object\":\"chat.completion.chunk\",\"usage\":{\"completion_tokens\":95,\"prompt_tokens\":24899,\"total_tokens\":24994}}\n\ndata: [DONE]\n\n",
2026-10-07T10:01:51.5984650Z   "message": "HTTP response body (stream)"
2026-10-07T10:01:51.5984936Z }
2026-10-07T10:01:51.5989878Z {
2026-10-07T10:01:51.5990189Z   "type": "log",
2026-10-07T10:01:51.5990522Z   "level": "info",
2026-10-07T10:01:51.5990913Z   "timestamp": "2026-10-07T10:01:51.580Z",
2026-10-07T10:01:51.5991826Z   "service": "sse-usage",
2026-10-07T10:01:51.5992223Z   "requestId": "sse-req-1",
2026-10-07T10:01:51.5992605Z   "promptTokens": 24899,
2026-10-07T10:01:51.5992977Z   "completionTokens": 95,
2026-10-07T10:01:51.5993338Z   "totalTokens": 24994,
2026-10-07T10:01:51.5993754Z   "message": "raw SSE usage extracted"
2026-10-07T10:01:51.5994116Z }
2026-10-07T10:01:51.6018913Z {
2026-10-07T10:01:51.6019137Z   "type": "log",
2026-10-07T10:01:51.6019577Z   "level": "info",
2026-10-07T10:01:51.6019874Z   "timestamp": "2026-10-07T10:01:51.580Z",
2026-10-07T10:01:51.6020173Z   "service": "provider",
2026-10-07T10:01:51.6020559Z   "caller": "provider/formalai",
2026-10-07T10:01:51.6020956Z   "providerID": "formalai",
2026-10-07T10:01:51.6021202Z   "callNum": 1,
2026-10-07T10:01:51.6021809Z   "url": "http://127.0.0.1:45785/api/openai/v1/chat/completions",
2026-10-07T10:01:51.6022223Z   "sseRequestId": "sse-req-1",
2026-10-07T10:01:51.6029017Z   "bodyPreview": "data: {\"choices\":[{\"delta\":{\"role\":\"assistant\"},\"finish_reason\":null,\"index\":0}],\"created\":1791367308,\"id\":\"chatcmpl_f95bfc06f5c6189e\",\"model\":\"formal-ai\",\"object\":\"chat.completion.chunk\"}\n\ndata: {\"choices\":[{\"delta\":{\"content\":\"Let me open e.g and read what it says.\"},\"finish_reason\":null,\"index\":0}],\"created\":1791367308,\"id\":\"chatcmpl_f95bfc06f5c6189e\",\"model\":\"formal-ai\",\"object\":\"chat.completion.chunk\"}\n\ndata: {\"choices\":[{\"delta\":{\"tool_calls\":[{\"function\":{\"arguments\":\"{\\\"filePath\\\":\\\"/tmp/gh-issue-solver-1791367266830/e.g\\\"}\",\"name\":\"read\"},\"id\":\"call_5828d21c23fa71de\",\"index\":0,\"type\":\"function\"}]},\"finish_reason\":null,\"index\":0}],\"created\":1791367308,\"id\":\"chatcmpl_f95bfc06f5c6189e\",\"model\":\"formal-ai\",\"object\":\"chat.completion.chunk\"}\n\ndata: {\"choices\":[{\"delta\":{},\"finish_reason\":\"tool_calls\",\"index\":0}],\"created\":1791367308,\"id\":\"chatcmpl_f95bfc06f5c6189e\",\"model\":\"formal-ai\",\"object\":\"chat.completion.chunk\"}\n\ndata: {\"choices\":[],\"created\":1791367308,\"id\":\"chatcmpl_f95bfc06f5c6189e\",\"model\":\"formal-ai\",\"object\":\"chat.completion.chunk\",\"usage\":{\"completion_tokens\":95,\"prompt_tokens\":24899,\"total_tokens\":24994}}\n\ndata: [DONE]\n\n",
2026-10-07T10:01:51.6033965Z   "message": "HTTP response body (stream)"
2026-10-07T10:01:51.6034253Z }
2026-10-07T10:01:51.6066782Z {
2026-10-07T10:01:51.6067111Z   "type": "log",
2026-10-07T10:01:51.6067467Z   "level": "info",
2026-10-07T10:01:51.6067895Z   "timestamp": "2026-10-07T10:01:51.604Z",
2026-10-07T10:01:51.6068347Z   "service": "snapshot",
2026-10-07T10:01:51.6068707Z   "message": "initialized"
2026-10-07T10:01:51.6068954Z }
2026-10-07T10:01:55.8883093Z {
2026-10-07T10:01:55.8883881Z   "type": "log",
2026-10-07T10:01:55.8884278Z   "level": "info",
2026-10-07T10:01:55.8884742Z   "timestamp": "2026-10-07T10:01:55.885Z",
2026-10-07T10:01:55.8885238Z   "service": "snapshot",
2026-10-07T10:01:55.8885764Z   "hash": "06bcf026f7587474a1746660c9f4a6f694a3f5d7\n",
2026-10-07T10:01:55.8886451Z   "cwd": "/tmp/gh-issue-solver-1791367266830",
2026-10-07T10:01:55.8889048Z   "git": "/home/box/.local/share/link-assistant-agent/snapshot/017b0927f8cf9a4f9cf10a4ebc3e59cd51dec5d9",
2026-10-07T10:01:55.8889935Z   "message": "tracking"
2026-10-07T10:01:55.8890315Z }
2026-10-07T10:01:55.8903397Z {
2026-10-07T10:01:55.8903861Z   "type": "message.part.updated",
2026-10-07T10:01:55.8904347Z   "level": "info",
2026-10-07T10:01:55.8904909Z   "timestamp": "2026-10-07T10:01:55.886Z",
2026-10-07T10:01:55.8905503Z   "service": "bus",
2026-10-07T10:01:55.8906294Z   "message": "publishing"
2026-10-07T10:01:55.8906833Z }
2026-10-07T10:01:55.8924838Z {
2026-10-07T10:01:55.8925949Z   "type": "step_start",
2026-10-07T10:01:55.8926668Z   "timestamp": 1791367315886,
2026-10-07T10:01:55.8927412Z   "sessionID": "ses_eea3021fcffePVnhYj3ovsUsl4",
2026-10-07T10:01:55.8950043Z   "part": {
2026-10-07T10:01:55.8950542Z     "id": "prt_115d001ad001xwT431HzdRttXQ",
2026-10-07T10:01:55.8951680Z     "sessionID": "ses_eea3021fcffePVnhYj3ovsUsl4",
2026-10-07T10:01:55.8952296Z     "messageID": "msg_115cfdfd2001YOQmIPu1GCN4M3",
2026-10-07T10:01:55.8952775Z     "type": "step-start",
2026-10-07T10:01:55.8953278Z     "snapshot": "06bcf026f7587474a1746660c9f4a6f694a3f5d7"
2026-10-07T10:01:55.8953778Z   }
2026-10-07T10:01:55.8954051Z }
2026-10-07T10:01:55.8954324Z {
2026-10-07T10:01:55.8954661Z   "type": "message.part.updated",
2026-10-07T10:01:55.8955069Z   "level": "info",
2026-10-07T10:01:55.8955458Z   "timestamp": "2026-10-07T10:01:55.888Z",
2026-10-07T10:01:55.8955885Z   "service": "bus",
2026-10-07T10:01:55.8956221Z   "message": "publishing"
2026-10-07T10:01:55.8956562Z }
2026-10-07T10:01:55.8968529Z {
2026-10-07T10:01:55.8968929Z   "type": "message.part.updated",
2026-10-07T10:01:55.8969378Z   "level": "info",
2026-10-07T10:01:55.8969789Z   "timestamp": "2026-10-07T10:01:55.889Z",
2026-10-07T10:01:55.8970231Z   "service": "bus",
2026-10-07T10:01:55.8970573Z   "message": "publishing"
2026-10-07T10:01:55.8970953Z }
2026-10-07T10:01:55.8987835Z {
2026-10-07T10:01:55.8988090Z   "type": "tool_use",
2026-10-07T10:01:55.8988346Z   "timestamp": 1791367315889,
2026-10-07T10:01:55.8988677Z   "sessionID": "ses_eea3021fcffePVnhYj3ovsUsl4",
2026-10-07T10:01:55.8988987Z   "part": {
2026-10-07T10:01:55.8989239Z     "id": "prt_115d001b0001iFMTuh6OfToA0Y",
2026-10-07T10:01:55.8989594Z     "sessionID": "ses_eea3021fcffePVnhYj3ovsUsl4",
2026-10-07T10:01:55.8989953Z     "messageID": "msg_115cfdfd2001YOQmIPu1GCN4M3",
2026-10-07T10:01:55.8990245Z     "type": "tool",
2026-10-07T10:01:55.8990506Z     "callID": "call_5828d21c23fa71de",
2026-10-07T10:01:55.8990779Z     "tool": "read",
2026-10-07T10:01:55.8990996Z     "state": {
2026-10-07T10:01:55.8991211Z       "status": "pending",
2026-10-07T10:01:55.8991638Z       "input": {},
2026-10-07T10:01:55.8991874Z       "raw": ""
2026-10-07T10:01:55.8992071Z     }
2026-10-07T10:01:55.8992258Z   }
2026-10-07T10:01:55.8992507Z }
2026-10-07T10:01:55.9009846Z {
2026-10-07T10:01:55.9010255Z   "type": "message.part.updated",
2026-10-07T10:01:55.9011008Z   "level": "info",
2026-10-07T10:01:55.9011536Z   "timestamp": "2026-10-07T10:01:55.890Z",
2026-10-07T10:01:55.9011970Z   "service": "bus",
2026-10-07T10:01:55.9012311Z   "message": "publishing"
2026-10-07T10:01:55.9012674Z }
2026-10-07T10:01:55.9028310Z {
2026-10-07T10:01:55.9028732Z   "type": "text",
2026-10-07T10:01:55.9029173Z   "timestamp": 1791367315890,
2026-10-07T10:01:55.9029773Z   "sessionID": "ses_eea3021fcffePVnhYj3ovsUsl4",
2026-10-07T10:01:55.9030510Z   "part": {
2026-10-07T10:01:55.9030882Z     "id": "prt_115d001af001hZaoeSLeDQrweu",
2026-10-07T10:01:55.9031604Z     "sessionID": "ses_eea3021fcffePVnhYj3ovsUsl4",
2026-10-07T10:01:55.9032170Z     "messageID": "msg_115cfdfd2001YOQmIPu1GCN4M3",
2026-10-07T10:01:55.9032615Z     "type": "text",
2026-10-07T10:01:55.9033058Z     "text": "Let me open e.g and read what it says.",
2026-10-07T10:01:55.9033517Z     "time": {
2026-10-07T10:01:55.9033840Z       "start": 1791367315889,
2026-10-07T10:01:55.9034270Z       "end": 1791367315889
2026-10-07T10:01:55.9034548Z     }
2026-10-07T10:01:55.9034747Z   }
2026-10-07T10:01:55.9035010Z }
2026-10-07T10:01:55.9047473Z {
2026-10-07T10:01:55.9047929Z   "type": "message.part.updated",
2026-10-07T10:01:55.9048394Z   "level": "info",
2026-10-07T10:01:55.9048818Z   "timestamp": "2026-10-07T10:01:55.892Z",
2026-10-07T10:01:55.9049281Z   "service": "bus",
2026-10-07T10:01:55.9049641Z   "message": "publishing"
2026-10-07T10:01:55.9050006Z }
2026-10-07T10:01:55.9066578Z {
2026-10-07T10:01:55.9067030Z   "type": "tool_use",
2026-10-07T10:01:55.9067492Z   "timestamp": 1791367315892,
2026-10-07T10:01:55.9068086Z   "sessionID": "ses_eea3021fcffePVnhYj3ovsUsl4",
2026-10-07T10:01:55.9068643Z   "part": {
2026-10-07T10:01:55.9069068Z     "id": "prt_115d001b0001iFMTuh6OfToA0Y",
2026-10-07T10:01:55.9069703Z     "sessionID": "ses_eea3021fcffePVnhYj3ovsUsl4",
2026-10-07T10:01:55.9070355Z     "messageID": "msg_115cfdfd2001YOQmIPu1GCN4M3",
2026-10-07T10:01:55.9071219Z     "type": "tool",
2026-10-07T10:01:55.9072021Z     "callID": "call_5828d21c23fa71de",
2026-10-07T10:01:55.9072424Z     "tool": "read",
2026-10-07T10:01:55.9072734Z     "state": {
2026-10-07T10:01:55.9073061Z       "status": "running",
2026-10-07T10:01:55.9073403Z       "input": {
2026-10-07T10:01:55.9080965Z         "filePath": "/tmp/gh-issue-solver-1791367266830/e.g"
2026-10-07T10:01:55.9081978Z       },
2026-10-07T10:01:55.9082528Z       "time": {
2026-10-07T10:01:55.9083133Z         "start": 1791367315890
2026-10-07T10:01:55.9083702Z       }
2026-10-07T10:01:55.9084167Z     }
2026-10-07T10:01:55.9102025Z   }
2026-10-07T10:01:55.9102681Z }
2026-10-07T10:01:55.9103213Z {
2026-10-07T10:01:55.9103778Z   "type": "message.part.updated",
2026-10-07T10:01:55.9104433Z   "level": "info",
2026-10-07T10:01:55.9105042Z   "timestamp": "2026-10-07T10:01:55.896Z",
2026-10-07T10:01:55.9105680Z   "service": "bus",
2026-10-07T10:01:55.9106225Z   "message": "publishing"
2026-10-07T10:01:55.9106775Z }
2026-10-07T10:01:55.9144745Z {
2026-10-07T10:01:55.9145276Z   "type": "tool_use",
2026-10-07T10:01:55.9145924Z   "timestamp": 1791367315896,
2026-10-07T10:01:55.9146602Z   "sessionID": "ses_eea3021fcffePVnhYj3ovsUsl4",
2026-10-07T10:01:55.9147228Z   "part": {
2026-10-07T10:01:55.9147758Z     "id": "prt_115d001b0001iFMTuh6OfToA0Y",
2026-10-07T10:01:55.9148465Z     "sessionID": "ses_eea3021fcffePVnhYj3ovsUsl4",
2026-10-07T10:01:55.9149198Z     "messageID": "msg_115cfdfd2001YOQmIPu1GCN4M3",
2026-10-07T10:01:55.9149813Z     "type": "tool",
2026-10-07T10:01:55.9150353Z     "callID": "call_5828d21c23fa71de",
2026-10-07T10:01:55.9150914Z     "tool": "read",
2026-10-07T10:01:55.9151376Z     "state": {
2026-10-07T10:01:55.9152035Z       "status": "error",
2026-10-07T10:01:55.9152530Z       "input": {
2026-10-07T10:01:55.9153151Z         "filePath": "/tmp/gh-issue-solver-1791367266830/e.g"
2026-10-07T10:01:55.9153799Z       },
2026-10-07T10:01:55.9154497Z       "error": "Error: File not found: /tmp/gh-issue-solver-1791367266830/e.g",
2026-10-07T10:01:55.9155256Z       "time": {
2026-10-07T10:01:55.9156106Z         "start": 1791367315890,
2026-10-07T10:01:55.9156643Z         "end": 1791367315894
2026-10-07T10:01:55.9157143Z       }
2026-10-07T10:01:55.9157562Z     }
2026-10-07T10:01:55.9158002Z   }
2026-10-07T10:01:55.9158432Z }
2026-10-07T10:01:55.9204176Z {
2026-10-07T10:01:55.9204775Z   "type": "error",
2026-10-07T10:01:55.9205538Z   "timestamp": 1791367315896,
2026-10-07T10:01:55.9206085Z   "sessionID": "ses_eea3021fcffePVnhYj3ovsUsl4",
2026-10-07T10:01:55.9206555Z   "part": {
2026-10-07T10:01:55.9206847Z     "id": "prt_115d001b0001iFMTuh6OfToA0Y",
2026-10-07T10:01:55.9207209Z     "sessionID": "ses_eea3021fcffePVnhYj3ovsUsl4",
2026-10-07T10:01:55.9207565Z     "messageID": "msg_115cfdfd2001YOQmIPu1GCN4M3",
2026-10-07T10:01:55.9207848Z     "type": "tool",
2026-10-07T10:01:55.9208099Z     "callID": "call_5828d21c23fa71de",
2026-10-07T10:01:55.9208367Z     "tool": "read",
2026-10-07T10:01:55.9208573Z     "state": {
2026-10-07T10:01:55.9208810Z       "status": "error",
2026-10-07T10:01:55.9209042Z       "input": {
2026-10-07T10:01:55.9209364Z         "filePath": "/tmp/gh-issue-solver-1791367266830/e.g"
2026-10-07T10:01:55.9209699Z       },
2026-10-07T10:01:55.9210070Z       "error": "Error: File not found: /tmp/gh-issue-solver-1791367266830/e.g",
2026-10-07T10:01:55.9210478Z       "time": {
2026-10-07T10:01:55.9210707Z         "start": 1791367315890,
2026-10-07T10:01:55.9210962Z         "end": 1791367315894
2026-10-07T10:01:55.9211192Z       }
2026-10-07T10:01:55.9211376Z     }
2026-10-07T10:01:55.9211865Z   },
2026-10-07T10:01:55.9212409Z   "message": "Error: File not found: /tmp/gh-issue-solver-1791367266830/e.g",
2026-10-07T10:01:55.9213262Z   "error": "Error: File not found: /tmp/gh-issue-solver-1791367266830/e.g"
2026-10-07T10:01:55.9213833Z }
2026-10-07T10:01:55.9241199Z ⚠️  Error event detected in stream: Error: File not found: /tmp/gh-issue-solver-1791367266830/e.g
2026-10-07T10:01:55.9257972Z    Raw error record: {"type":"error","timestamp":1791367315896,"sessionID":"ses_eea3021fcffePVnhYj3ovsUsl4","part":{"id":"prt_115d001b0001iFMTuh6OfToA0Y","sessionID":"ses_eea3021fcffePVnhYj3ovsUsl4","messageID":"msg_115cfdfd2001YOQmIPu1GCN4M3","type":"tool","callID":"call_5828d21c23fa71de","tool":"read","state":{"status":"error","input":{"filePath":"/tmp/gh-issue-solver-1791367266830/e.g"},"error":"Error: File not found: /tmp/gh-issue-solver-1791367266830/e.g","time":{"start":1791367315890,"end":1791367315894}}},"message":"Error: File not found: /tmp/gh-issue-solver-1791367266830/e.g","error":"Error: File not found: /tmp/gh-issue-solver-1791367266830/e.g"}
2026-10-07T10:01:55.9279963Z {
2026-10-07T10:01:55.9280301Z   "type": "log",
2026-10-07T10:01:55.9280657Z   "level": "debug",
2026-10-07T10:01:55.9281068Z   "timestamp": "2026-10-07T10:01:55.897Z",
2026-10-07T10:01:55.9281706Z   "service": "session",
2026-10-07T10:01:55.9283785Z   "rawUsage": "{\"inputTokens\":24899,\"inputTokenDetails\":{\"noCacheTokens\":24899,\"cacheReadTokens\":0},\"outputTokens\":95,\"outputTokenDetails\":{\"textTokens\":95,\"reasoningTokens\":0},\"totalTokens\":24994,\"raw\":{\"prompt_tokens\":24899,\"completion_tokens\":95,\"total_tokens\":24994}}",
2026-10-07T10:01:55.9285699Z   "rawMetadata": "{\"formalai\":{}}",
2026-10-07T10:01:55.9286218Z   "message": "getUsage called with raw data"
2026-10-07T10:01:55.9286673Z }
2026-10-07T10:01:55.9311288Z {
2026-10-07T10:01:55.9311817Z   "type": "log",
2026-10-07T10:01:55.9312263Z   "level": "debug",
2026-10-07T10:01:55.9312695Z   "timestamp": "2026-10-07T10:01:55.897Z",
2026-10-07T10:01:55.9313176Z   "service": "session",
2026-10-07T10:01:55.9313601Z   "context": "cachedInputTokens",
2026-10-07T10:01:55.9314039Z   "valueType": "undefined",
2026-10-07T10:01:55.9314436Z   "value": "undefined",
2026-10-07T10:01:55.9314829Z   "message": "toNumber input"
2026-10-07T10:01:55.9315211Z }
2026-10-07T10:01:55.9328357Z {
2026-10-07T10:01:55.9328702Z   "type": "log",
2026-10-07T10:01:55.9329040Z   "level": "debug",
2026-10-07T10:01:55.9329472Z   "timestamp": "2026-10-07T10:01:55.897Z",
2026-10-07T10:01:55.9330215Z   "service": "session",
2026-10-07T10:01:55.9330637Z   "context": "cachedInputTokens",
2026-10-07T10:01:55.9331054Z   "valueType": "undefined",
2026-10-07T10:01:55.9331798Z   "message": "toNumber received undefined/null, returning 0"
2026-10-07T10:01:55.9332310Z }
2026-10-07T10:01:55.9423979Z {
2026-10-07T10:01:55.9424374Z   "type": "log",
2026-10-07T10:01:55.9424745Z   "level": "debug",
2026-10-07T10:01:55.9425184Z   "timestamp": "2026-10-07T10:01:55.898Z",
2026-10-07T10:01:55.9425656Z   "service": "session",
2026-10-07T10:01:55.9426047Z   "context": "inputTokens",
2026-10-07T10:01:55.9426427Z   "valueType": "number",
2026-10-07T10:01:55.9426771Z   "value": "24899",
2026-10-07T10:01:55.9427116Z   "message": "toNumber input"
2026-10-07T10:01:55.9427488Z }
2026-10-07T10:01:55.9439627Z {
2026-10-07T10:01:55.9439986Z   "type": "log",
2026-10-07T10:01:55.9440340Z   "level": "debug",
2026-10-07T10:01:55.9440767Z   "timestamp": "2026-10-07T10:01:55.898Z",
2026-10-07T10:01:55.9441279Z   "service": "session",
2026-10-07T10:01:55.9441834Z   "context": "inputTokens",
2026-10-07T10:01:55.9442232Z   "result": 24899,
2026-10-07T10:01:55.9442616Z   "message": "toNumber success"
2026-10-07T10:01:55.9443015Z }
2026-10-07T10:01:55.9455768Z {
2026-10-07T10:01:55.9456133Z   "type": "log",
2026-10-07T10:01:55.9456493Z   "level": "debug",
2026-10-07T10:01:55.9456928Z   "timestamp": "2026-10-07T10:01:55.898Z",
2026-10-07T10:01:55.9457384Z   "service": "session",
2026-10-07T10:01:55.9457820Z   "context": "cacheWriteTokens",
2026-10-07T10:01:55.9458247Z   "valueType": "undefined",
2026-10-07T10:01:55.9458641Z   "value": "undefined",
2026-10-07T10:01:55.9459021Z   "message": "toNumber input"
2026-10-07T10:01:55.9459402Z }
2026-10-07T10:01:55.9471149Z {
2026-10-07T10:01:55.9471723Z   "type": "log",
2026-10-07T10:01:55.9472085Z   "level": "debug",
2026-10-07T10:01:55.9472502Z   "timestamp": "2026-10-07T10:01:55.898Z",
2026-10-07T10:01:55.9472970Z   "service": "session",
2026-10-07T10:01:55.9473738Z   "context": "cacheWriteTokens",
2026-10-07T10:01:55.9474178Z   "valueType": "undefined",
2026-10-07T10:01:55.9474738Z   "message": "toNumber received undefined/null, returning 0"
2026-10-07T10:01:55.9475268Z }
2026-10-07T10:01:55.9486953Z {
2026-10-07T10:01:55.9487290Z   "type": "log",
2026-10-07T10:01:55.9487643Z   "level": "debug",
2026-10-07T10:01:55.9488056Z   "timestamp": "2026-10-07T10:01:55.898Z",
2026-10-07T10:01:55.9488524Z   "service": "session",
2026-10-07T10:01:55.9488944Z   "context": "reasoningTokens",
2026-10-07T10:01:55.9489360Z   "valueType": "undefined",
2026-10-07T10:01:55.9489746Z   "value": "undefined",
2026-10-07T10:01:55.9490116Z   "message": "toNumber input"
2026-10-07T10:01:55.9490508Z }
2026-10-07T10:01:55.9502633Z {
2026-10-07T10:01:55.9503002Z   "type": "log",
2026-10-07T10:01:55.9503369Z   "level": "debug",
2026-10-07T10:01:55.9503791Z   "timestamp": "2026-10-07T10:01:55.898Z",
2026-10-07T10:01:55.9504238Z   "service": "session",
2026-10-07T10:01:55.9504668Z   "context": "reasoningTokens",
2026-10-07T10:01:55.9505082Z   "valueType": "undefined",
2026-10-07T10:01:55.9505618Z   "message": "toNumber received undefined/null, returning 0"
2026-10-07T10:01:55.9506126Z }
2026-10-07T10:01:55.9517239Z {
2026-10-07T10:01:55.9517585Z   "type": "log",
2026-10-07T10:01:55.9517955Z   "level": "debug",
2026-10-07T10:01:55.9518381Z   "timestamp": "2026-10-07T10:01:55.898Z",
2026-10-07T10:01:55.9518839Z   "service": "session",
2026-10-07T10:01:55.9519232Z   "context": "outputTokens",
2026-10-07T10:01:55.9519635Z   "valueType": "number",
2026-10-07T10:01:55.9520003Z   "value": "95",
2026-10-07T10:01:55.9520349Z   "message": "toNumber input"
2026-10-07T10:01:55.9520736Z }
2026-10-07T10:01:55.9532120Z {
2026-10-07T10:01:55.9532573Z   "type": "log",
2026-10-07T10:01:55.9532933Z   "level": "debug",
2026-10-07T10:01:55.9533355Z   "timestamp": "2026-10-07T10:01:55.898Z",
2026-10-07T10:01:55.9533814Z   "service": "session",
2026-10-07T10:01:55.9534207Z   "context": "outputTokens",
2026-10-07T10:01:55.9534626Z   "result": 95,
2026-10-07T10:01:55.9535315Z   "message": "toNumber success"
2026-10-07T10:01:55.9535702Z }
2026-10-07T10:01:55.9547221Z {
2026-10-07T10:01:55.9547563Z   "type": "log",
2026-10-07T10:01:55.9547909Z   "level": "debug",
2026-10-07T10:01:55.9548336Z   "timestamp": "2026-10-07T10:01:55.898Z",
2026-10-07T10:01:55.9548803Z   "service": "session",
2026-10-07T10:01:55.9549175Z   "context": "cost_base",
2026-10-07T10:01:55.9549565Z   "valueType": "number",
2026-10-07T10:01:55.9549931Z   "value": "0",
2026-10-07T10:01:55.9550311Z   "message": "toDecimal input"
2026-10-07T10:01:55.9550698Z }
2026-10-07T10:01:55.9561923Z {
2026-10-07T10:01:55.9562245Z   "type": "log",
2026-10-07T10:01:55.9562587Z   "level": "debug",
2026-10-07T10:01:55.9563028Z   "timestamp": "2026-10-07T10:01:55.898Z",
2026-10-07T10:01:55.9563490Z   "service": "session",
2026-10-07T10:01:55.9563860Z   "context": "cost_base",
2026-10-07T10:01:55.9564259Z   "result": "0",
2026-10-07T10:01:55.9564669Z   "message": "toDecimal success"
2026-10-07T10:01:55.9565069Z }
2026-10-07T10:01:55.9576455Z {
2026-10-07T10:01:55.9576811Z   "type": "log",
2026-10-07T10:01:55.9577158Z   "level": "debug",
2026-10-07T10:01:55.9577579Z   "timestamp": "2026-10-07T10:01:55.898Z",
2026-10-07T10:01:55.9578042Z   "service": "session",
2026-10-07T10:01:55.9578422Z   "context": "tokens.input",
2026-10-07T10:01:55.9578829Z   "valueType": "number",
2026-10-07T10:01:55.9579192Z   "value": "24899",
2026-10-07T10:01:55.9579565Z   "message": "toDecimal input"
2026-10-07T10:01:55.9579944Z }
2026-10-07T10:01:55.9591736Z {
2026-10-07T10:01:55.9592076Z   "type": "log",
2026-10-07T10:01:55.9592454Z   "level": "debug",
2026-10-07T10:01:55.9592986Z   "timestamp": "2026-10-07T10:01:55.898Z",
2026-10-07T10:01:55.9593434Z   "service": "session",
2026-10-07T10:01:55.9593808Z   "context": "tokens.input",
2026-10-07T10:01:55.9594182Z   "result": "24899",
2026-10-07T10:01:55.9594557Z   "message": "toDecimal success"
2026-10-07T10:01:55.9594928Z }
2026-10-07T10:01:55.9605176Z {
2026-10-07T10:01:55.9605497Z   "type": "log",
2026-10-07T10:01:55.9605869Z   "level": "debug",
2026-10-07T10:01:55.9606262Z   "timestamp": "2026-10-07T10:01:55.898Z",
2026-10-07T10:01:55.9606721Z   "service": "session",
2026-10-07T10:01:55.9607143Z   "context": "costInfo.input",
2026-10-07T10:01:55.9607563Z   "valueType": "number",
2026-10-07T10:01:55.9607937Z   "value": "0",
2026-10-07T10:01:55.9608308Z   "message": "toDecimal input"
2026-10-07T10:01:55.9608669Z }
2026-10-07T10:01:55.9619787Z {
2026-10-07T10:01:55.9620064Z   "type": "log",
2026-10-07T10:01:55.9620382Z   "level": "debug",
2026-10-07T10:01:55.9620774Z   "timestamp": "2026-10-07T10:01:55.898Z",
2026-10-07T10:01:55.9621192Z   "service": "session",
2026-10-07T10:01:55.9621810Z   "context": "costInfo.input",
2026-10-07T10:01:55.9622173Z   "result": "0",
2026-10-07T10:01:55.9622523Z   "message": "toDecimal success"
2026-10-07T10:01:55.9622880Z }
2026-10-07T10:01:55.9643985Z {
2026-10-07T10:01:55.9644307Z   "type": "log",
2026-10-07T10:01:55.9644659Z   "level": "debug",
2026-10-07T10:01:55.9645073Z   "timestamp": "2026-10-07T10:01:55.899Z",
2026-10-07T10:01:55.9645439Z   "service": "session",
2026-10-07T10:01:55.9645691Z   "context": "tokens.output",
2026-10-07T10:01:55.9645950Z   "valueType": "number",
2026-10-07T10:01:55.9646181Z   "value": "95",
2026-10-07T10:01:55.9646419Z   "message": "toDecimal input"
2026-10-07T10:01:55.9646659Z }
2026-10-07T10:01:55.9662633Z {
2026-10-07T10:01:55.9663111Z   "type": "log",
2026-10-07T10:01:55.9663442Z   "level": "debug",
2026-10-07T10:01:55.9663838Z   "timestamp": "2026-10-07T10:01:55.899Z",
2026-10-07T10:01:55.9664322Z   "service": "session",
2026-10-07T10:01:55.9664569Z   "context": "tokens.output",
2026-10-07T10:01:55.9664823Z   "result": "95",
2026-10-07T10:01:55.9665067Z   "message": "toDecimal success"
2026-10-07T10:01:55.9665314Z }
2026-10-07T10:01:55.9681823Z {
2026-10-07T10:01:55.9682161Z   "type": "log",
2026-10-07T10:01:55.9682521Z   "level": "debug",
2026-10-07T10:01:55.9682982Z   "timestamp": "2026-10-07T10:01:55.899Z",
2026-10-07T10:01:55.9683770Z   "service": "session",
2026-10-07T10:01:55.9684202Z   "context": "costInfo.output",
2026-10-07T10:01:55.9684614Z   "valueType": "number",
2026-10-07T10:01:55.9684982Z   "value": "0",
2026-10-07T10:01:55.9685351Z   "message": "toDecimal input"
2026-10-07T10:01:55.9685718Z }
2026-10-07T10:01:55.9703354Z {
2026-10-07T10:01:55.9703669Z   "type": "log",
2026-10-07T10:01:55.9704016Z   "level": "debug",
2026-10-07T10:01:55.9704425Z   "timestamp": "2026-10-07T10:01:55.899Z",
2026-10-07T10:01:55.9704855Z   "service": "session",
2026-10-07T10:01:55.9705281Z   "context": "costInfo.output",
2026-10-07T10:01:55.9705684Z   "result": "0",
2026-10-07T10:01:55.9706058Z   "message": "toDecimal success"
2026-10-07T10:01:55.9706452Z }
2026-10-07T10:01:55.9717185Z {
2026-10-07T10:01:55.9717525Z   "type": "log",
2026-10-07T10:01:55.9717901Z   "level": "debug",
2026-10-07T10:01:55.9718720Z   "timestamp": "2026-10-07T10:01:55.899Z",
2026-10-07T10:01:55.9719175Z   "service": "session",
2026-10-07T10:01:55.9719585Z   "context": "tokens.cache.read",
2026-10-07T10:01:55.9719972Z   "valueType": "number",
2026-10-07T10:01:55.9720317Z   "value": "0",
2026-10-07T10:01:55.9720671Z   "message": "toDecimal input"
2026-10-07T10:01:55.9721033Z }
2026-10-07T10:01:55.9732488Z {
2026-10-07T10:01:55.9733097Z   "type": "log",
2026-10-07T10:01:55.9733441Z   "level": "debug",
2026-10-07T10:01:55.9733838Z   "timestamp": "2026-10-07T10:01:55.899Z",
2026-10-07T10:01:55.9734256Z   "service": "session",
2026-10-07T10:01:55.9734650Z   "context": "tokens.cache.read",
2026-10-07T10:01:55.9735033Z   "result": "0",
2026-10-07T10:01:55.9735386Z   "message": "toDecimal success"
2026-10-07T10:01:55.9735750Z }
2026-10-07T10:01:55.9747440Z {
2026-10-07T10:01:55.9747771Z   "type": "log",
2026-10-07T10:01:55.9748137Z   "level": "debug",
2026-10-07T10:01:55.9748565Z   "timestamp": "2026-10-07T10:01:55.899Z",
2026-10-07T10:01:55.9749026Z   "service": "session",
2026-10-07T10:01:55.9749541Z   "context": "costInfo.cache_read",
2026-10-07T10:01:55.9750309Z   "valueType": "number",
2026-10-07T10:01:55.9750694Z   "value": "0",
2026-10-07T10:01:55.9751084Z   "message": "toDecimal input"
2026-10-07T10:01:55.9751848Z }
2026-10-07T10:01:55.9804135Z {
2026-10-07T10:01:55.9804491Z   "type": "log",
2026-10-07T10:01:55.9804837Z   "level": "debug",
2026-10-07T10:01:55.9805236Z   "timestamp": "2026-10-07T10:01:55.899Z",
2026-10-07T10:01:55.9805673Z   "service": "session",
2026-10-07T10:01:55.9806080Z   "context": "costInfo.cache_read",
2026-10-07T10:01:55.9806478Z   "result": "0",
2026-10-07T10:01:55.9806838Z   "message": "toDecimal success"
2026-10-07T10:01:55.9807213Z }
2026-10-07T10:01:55.9897644Z {
2026-10-07T10:01:55.9898207Z   "type": "log",
2026-10-07T10:01:55.9898810Z   "level": "debug",
2026-10-07T10:01:55.9899402Z   "timestamp": "2026-10-07T10:01:55.899Z",
2026-10-07T10:01:55.9900043Z   "service": "session",
2026-10-07T10:01:55.9900637Z   "context": "tokens.cache.write",
2026-10-07T10:01:55.9901226Z   "valueType": "number",
2026-10-07T10:01:55.9902257Z   "value": "0",
2026-10-07T10:01:55.9902793Z   "message": "toDecimal input"
2026-10-07T10:01:55.9903329Z }
2026-10-07T10:01:55.9924541Z {
2026-10-07T10:01:55.9924873Z   "type": "log",
2026-10-07T10:01:55.9925212Z   "level": "debug",
2026-10-07T10:01:55.9925613Z   "timestamp": "2026-10-07T10:01:55.899Z",
2026-10-07T10:01:55.9926073Z   "service": "session",
2026-10-07T10:01:55.9926472Z   "context": "tokens.cache.write",
2026-10-07T10:01:55.9926825Z   "result": "0",
2026-10-07T10:01:55.9927071Z   "message": "toDecimal success"
2026-10-07T10:01:55.9927316Z }
2026-10-07T10:01:55.9943737Z {
2026-10-07T10:01:55.9944523Z   "type": "log",
2026-10-07T10:01:55.9944855Z   "level": "debug",
2026-10-07T10:01:55.9945252Z   "timestamp": "2026-10-07T10:01:55.899Z",
2026-10-07T10:01:55.9945606Z   "service": "session",
2026-10-07T10:01:55.9945882Z   "context": "costInfo.cache_write",
2026-10-07T10:01:55.9946163Z   "valueType": "number",
2026-10-07T10:01:55.9946393Z   "value": "0",
2026-10-07T10:01:55.9946650Z   "message": "toDecimal input"
2026-10-07T10:01:55.9946895Z }
2026-10-07T10:01:56.0006202Z {
2026-10-07T10:01:56.0006872Z   "type": "log",
2026-10-07T10:01:56.0007526Z   "level": "debug",
2026-10-07T10:01:56.0008009Z   "timestamp": "2026-10-07T10:01:55.899Z",
2026-10-07T10:01:56.0008470Z   "service": "session",
2026-10-07T10:01:56.0008893Z   "context": "costInfo.cache_write",
2026-10-07T10:01:56.0009353Z   "result": "0",
2026-10-07T10:01:56.0009755Z   "message": "toDecimal success"
2026-10-07T10:01:56.0010017Z }
2026-10-07T10:01:56.0020860Z {
2026-10-07T10:01:56.0021679Z   "type": "log",
2026-10-07T10:01:56.0022043Z   "level": "debug",
2026-10-07T10:01:56.0022465Z   "timestamp": "2026-10-07T10:01:55.899Z",
2026-10-07T10:01:56.0022943Z   "service": "session",
2026-10-07T10:01:56.0023367Z   "context": "tokens.reasoning",
2026-10-07T10:01:56.0023792Z   "valueType": "number",
2026-10-07T10:01:56.0024157Z   "value": "0",
2026-10-07T10:01:56.0024540Z   "message": "toDecimal input"
2026-10-07T10:01:56.0024938Z }
2026-10-07T10:01:56.0037990Z {
2026-10-07T10:01:56.0038349Z   "type": "log",
2026-10-07T10:01:56.0038701Z   "level": "debug",
2026-10-07T10:01:56.0039121Z   "timestamp": "2026-10-07T10:01:55.899Z",
2026-10-07T10:01:56.0039589Z   "service": "session",
2026-10-07T10:01:56.0040012Z   "context": "tokens.reasoning",
2026-10-07T10:01:56.0040423Z   "result": "0",
2026-10-07T10:01:56.0040826Z   "message": "toDecimal success"
2026-10-07T10:01:56.0041226Z }
2026-10-07T10:01:56.0052983Z {
2026-10-07T10:01:56.0053512Z   "type": "log",
2026-10-07T10:01:56.0053873Z   "level": "debug",
2026-10-07T10:01:56.0054294Z   "timestamp": "2026-10-07T10:01:55.899Z",
2026-10-07T10:01:56.0054747Z   "service": "session",
2026-10-07T10:01:56.0055201Z   "context": "costInfo.output_for_reasoning",
2026-10-07T10:01:56.0055694Z   "valueType": "number",
2026-10-07T10:01:56.0056058Z   "value": "0",
2026-10-07T10:01:56.0056448Z   "message": "toDecimal input"
2026-10-07T10:01:56.0056831Z }
2026-10-07T10:01:56.0068764Z {
2026-10-07T10:01:56.0069340Z   "type": "log",
2026-10-07T10:01:56.0069895Z   "level": "debug",
2026-10-07T10:01:56.0070379Z   "timestamp": "2026-10-07T10:01:55.899Z",
2026-10-07T10:01:56.0070851Z   "service": "session",
2026-10-07T10:01:56.0071320Z   "context": "costInfo.output_for_reasoning",
2026-10-07T10:01:56.0072111Z   "result": "0",
2026-10-07T10:01:56.0072509Z   "message": "toDecimal success"
2026-10-07T10:01:56.0072895Z }
2026-10-07T10:01:56.0084569Z {
2026-10-07T10:01:56.0084874Z   "type": "log",
2026-10-07T10:01:56.0085203Z   "level": "debug",
2026-10-07T10:01:56.0085609Z   "timestamp": "2026-10-07T10:01:55.900Z",
2026-10-07T10:01:56.0086055Z   "service": "session",
2026-10-07T10:01:56.0086411Z   "valueType": "string",
2026-10-07T10:01:56.0086776Z   "value": "tool-calls",
2026-10-07T10:01:56.0087185Z   "message": "toFinishReason input"
2026-10-07T10:01:56.0087575Z }
2026-10-07T10:01:56.0106871Z {
2026-10-07T10:01:56.0107212Z   "type": "log",
2026-10-07T10:01:56.0107551Z   "level": "debug",
2026-10-07T10:01:56.0107979Z   "timestamp": "2026-10-07T10:01:55.900Z",
2026-10-07T10:01:56.0108486Z   "service": "session.processor",
2026-10-07T10:01:56.0108907Z   "providerID": "formalai",
2026-10-07T10:01:56.0109276Z   "modelID": "formal-ai",
2026-10-07T10:01:56.0109628Z   "parsedTokens": {
2026-10-07T10:01:56.0109966Z     "input": 24899,
2026-10-07T10:01:56.0110278Z     "output": 95,
2026-10-07T10:01:56.0110581Z     "reasoning": 0,
2026-10-07T10:01:56.0110894Z     "cache": {
2026-10-07T10:01:56.0111185Z       "write": 0,
2026-10-07T10:01:56.0111666Z       "read": 0
2026-10-07T10:01:56.0111960Z     }
2026-10-07T10:01:56.0112232Z   },
2026-10-07T10:01:56.0114073Z   "rawUsage": "{\"inputTokens\":24899,\"inputTokenDetails\":{\"noCacheTokens\":24899,\"cacheReadTokens\":0},\"outputTokens\":95,\"outputTokenDetails\":{\"textTokens\":95,\"reasoningTokens\":0},\"totalTokens\":24994,\"raw\":{\"prompt_tokens\":24899,\"completion_tokens\":95,\"total_tokens\":24994}}",
2026-10-07T10:01:56.0115873Z   "rawProviderMetadata": "{\"formalai\":{}}",
2026-10-07T10:01:56.0116396Z   "rawFinishReason": "tool-calls",
2026-10-07T10:01:56.0117124Z   "respondedModelID": "formal-ai",
2026-10-07T10:01:56.0117648Z   "message": "step-finish raw usage diagnostics"
2026-10-07T10:01:56.0118090Z }
2026-10-07T10:01:56.0122746Z {
2026-10-07T10:01:56.0123087Z   "type": "log",
2026-10-07T10:01:56.0123434Z   "level": "info",
2026-10-07T10:01:56.0123849Z   "timestamp": "2026-10-07T10:01:55.900Z",
2026-10-07T10:01:56.0124459Z   "service": "session.processor",
2026-10-07T10:01:56.0124880Z   "providerID": "formalai",
2026-10-07T10:01:56.0125265Z   "modelID": "formal-ai",
2026-10-07T10:01:56.0125639Z   "contextLimit": 60000,
2026-10-07T10:01:56.0125995Z   "outputLimit": 8192,
2026-10-07T10:01:56.0126340Z   "usableContext": 51808,
2026-10-07T10:01:56.0126684Z   "safeLimit": 38856,
2026-10-07T10:01:56.0127019Z   "safetyMargin": 0.75,
2026-10-07T10:01:56.0127366Z   "currentTokens": 24994,
2026-10-07T10:01:56.0127707Z   "headroom": 13862,
2026-10-07T10:01:56.0128055Z   "overflow": false,
2026-10-07T10:01:56.0128483Z   "message": "step-finish context diagnostics"
2026-10-07T10:01:56.0128924Z }
2026-10-07T10:01:56.0140583Z {
2026-10-07T10:01:56.0140898Z   "type": "log",
2026-10-07T10:01:56.0141218Z   "level": "info",
2026-10-07T10:01:56.0141744Z   "timestamp": "2026-10-07T10:01:55.967Z",
2026-10-07T10:01:56.0142178Z   "service": "snapshot",
2026-10-07T10:01:56.0142659Z   "hash": "06bcf026f7587474a1746660c9f4a6f694a3f5d7\n",
2026-10-07T10:01:56.0143223Z   "cwd": "/tmp/gh-issue-solver-1791367266830",
2026-10-07T10:01:56.0144140Z   "git": "/home/box/.local/share/link-assistant-agent/snapshot/017b0927f8cf9a4f9cf10a4ebc3e59cd51dec5d9",
2026-10-07T10:01:56.0144905Z   "message": "tracking"
2026-10-07T10:01:56.0145228Z }
2026-10-07T10:01:56.0155348Z {
2026-10-07T10:01:56.0155725Z   "type": "message.part.updated",
2026-10-07T10:01:56.0156140Z   "level": "info",
2026-10-07T10:01:56.0156532Z   "timestamp": "2026-10-07T10:01:55.971Z",
2026-10-07T10:01:56.0156946Z   "service": "bus",
2026-10-07T10:01:56.0157566Z   "message": "publishing"
2026-10-07T10:01:56.0157932Z }
2026-10-07T10:01:56.0174608Z {
2026-10-07T10:01:56.0174935Z   "type": "step_finish",
2026-10-07T10:01:56.0175318Z   "timestamp": 1791367315971,
2026-10-07T10:01:56.0175807Z   "sessionID": "ses_eea3021fcffePVnhYj3ovsUsl4",
2026-10-07T10:01:56.0176271Z   "part": {
2026-10-07T10:01:56.0176641Z     "id": "prt_115d001bc0011VAjmyoBmGURUg",
2026-10-07T10:01:56.0177179Z     "sessionID": "ses_eea3021fcffePVnhYj3ovsUsl4",
2026-10-07T10:01:56.0177736Z     "messageID": "msg_115cfdfd2001YOQmIPu1GCN4M3",
2026-10-07T10:01:56.0178205Z     "type": "step-finish",
2026-10-07T10:01:56.0178563Z     "reason": "tool-calls",
2026-10-07T10:01:56.0179052Z     "snapshot": "06bcf026f7587474a1746660c9f4a6f694a3f5d7",
2026-10-07T10:01:56.0179534Z     "cost": 0,
2026-10-07T10:01:56.0179829Z     "tokens": {
2026-10-07T10:01:56.0180134Z       "input": 24899,
2026-10-07T10:01:56.0180457Z       "output": 95,
2026-10-07T10:01:56.0180780Z       "reasoning": 0,
2026-10-07T10:01:56.0181105Z       "cache": {
2026-10-07T10:01:56.0181558Z         "read": 0,
2026-10-07T10:01:56.0181880Z         "write": 0
2026-10-07T10:01:56.0182172Z       }
2026-10-07T10:01:56.0182444Z     },
2026-10-07T10:01:56.0182722Z     "model": {
2026-10-07T10:01:56.0183074Z       "providerID": "formalai",
2026-10-07T10:01:56.0183517Z       "requestedModelID": "formal-ai",
2026-10-07T10:01:56.0183988Z       "respondedModelID": "formal-ai"
2026-10-07T10:01:56.0184384Z     },
2026-10-07T10:01:56.0184648Z     "context": {
2026-10-07T10:01:56.0184970Z       "contextLimit": 60000,
2026-10-07T10:01:56.0185349Z       "outputLimit": 8192,
2026-10-07T10:01:56.0185711Z       "usableContext": 51808,
2026-10-07T10:01:56.0186078Z       "safeLimit": 38856,
2026-10-07T10:01:56.0186437Z       "safetyMargin": 0.75,
2026-10-07T10:01:56.0186798Z       "currentTokens": 24994,
2026-10-07T10:01:56.0187160Z       "headroom": 13862,
2026-10-07T10:01:56.0187504Z       "overflow": false
2026-10-07T10:01:56.0187840Z     }
2026-10-07T10:01:56.0188114Z   }
2026-10-07T10:01:56.0188364Z }
2026-10-07T10:01:56.0196398Z {
2026-10-07T10:01:56.0197010Z   "type": "message.updated",
2026-10-07T10:01:56.0197415Z   "level": "info",
2026-10-07T10:01:56.0197815Z   "timestamp": "2026-10-07T10:01:55.971Z",
2026-10-07T10:01:56.0198240Z   "service": "bus",
2026-10-07T10:01:56.0198574Z   "message": "publishing"
2026-10-07T10:01:56.0198918Z }
2026-10-07T10:01:56.0509419Z {
2026-10-07T10:01:56.0509710Z   "type": "message.updated",
2026-10-07T10:01:56.0510015Z   "level": "info",
2026-10-07T10:01:56.0510337Z   "timestamp": "2026-10-07T10:01:56.047Z",
2026-10-07T10:01:56.0510642Z   "service": "bus",
2026-10-07T10:01:56.0510878Z   "message": "publishing"
2026-10-07T10:01:56.0511127Z }
2026-10-07T10:01:56.0553094Z {
2026-10-07T10:01:56.0555474Z   "type": "message.updated",
2026-10-07T10:01:56.0556237Z   "level": "info",
2026-10-07T10:01:56.0556874Z   "timestamp": "2026-10-07T10:01:56.048Z",
2026-10-07T10:01:56.0557387Z   "service": "bus",
2026-10-07T10:01:56.0557836Z   "message": "publishing"
2026-10-07T10:01:56.0558240Z }
2026-10-07T10:01:56.0558638Z {
2026-10-07T10:01:56.0558976Z   "type": "log",
2026-10-07T10:01:56.0559347Z   "level": "info",
2026-10-07T10:01:56.0559763Z   "timestamp": "2026-10-07T10:01:56.048Z",
2026-10-07T10:01:56.0560281Z   "service": "session.prompt",
2026-10-07T10:01:56.0560696Z   "step": 1,
2026-10-07T10:01:56.0561127Z   "sessionID": "ses_eea3021fcffePVnhYj3ovsUsl4",
2026-10-07T10:01:56.0561968Z   "message": "loop"
2026-10-07T10:01:56.0562296Z }
2026-10-07T10:01:56.0579900Z {
2026-10-07T10:01:56.0580346Z   "type": "log",
2026-10-07T10:01:56.0580799Z   "level": "info",
2026-10-07T10:01:56.0581309Z   "timestamp": "2026-10-07T10:01:56.052Z",
2026-10-07T10:01:56.0582151Z   "service": "session.prompt",
2026-10-07T10:01:56.0582613Z   "providerID": "formalai",
2026-10-07T10:01:56.0583031Z   "modelID": "formal-ai",
2026-10-07T10:01:56.0583531Z   "sessionID": "ses_eea3021fcffePVnhYj3ovsUsl4",
2026-10-07T10:01:56.0584019Z   "step": 2,
2026-10-07T10:01:56.0584781Z   "message": "resolving model"
2026-10-07T10:01:56.0585185Z }
2026-10-07T10:01:56.0622508Z {
2026-10-07T10:01:56.0624256Z   "type": "log",
2026-10-07T10:01:56.0624621Z   "level": "info",
2026-10-07T10:01:56.0625065Z   "timestamp": "2026-10-07T10:01:56.053Z",
2026-10-07T10:01:56.0625599Z   "service": "session.prompt",
2026-10-07T10:01:56.0626040Z   "providerID": "formalai",
2026-10-07T10:01:56.0626446Z   "modelID": "formal-ai",
2026-10-07T10:01:56.0626899Z   "resolvedModelID": "formal-ai",
2026-10-07T10:01:56.0627409Z   "message": "model resolved successfully"
2026-10-07T10:01:56.0627869Z }
2026-10-07T10:01:56.0628478Z {
2026-10-07T10:01:56.0628979Z   "type": "log",
2026-10-07T10:01:56.0629494Z   "level": "info",
2026-10-07T10:01:56.0630072Z   "timestamp": "2026-10-07T10:01:56.055Z",
2026-10-07T10:01:56.0630747Z   "service": "session.compaction",
2026-10-07T10:01:56.0631343Z   "modelID": "formal-ai",
2026-10-07T10:01:56.0632113Z   "contextLimit": 60000,
2026-10-07T10:01:56.0632663Z   "outputLimit": 8192,
2026-10-07T10:01:56.0633278Z   "usableContextWindow": 51808,
2026-10-07T10:01:56.0633877Z   "safeLimit": 38856,
2026-10-07T10:01:56.0634428Z   "safetyMarginRatio": 0.75,
2026-10-07T10:01:56.0635063Z   "compactionModelID": "formal-ai",
2026-10-07T10:01:56.0635671Z   "currentTokens": 24994,
2026-10-07T10:01:56.0636240Z   "providerTokens": 24994,
2026-10-07T10:01:56.0636848Z   "estimatedInputTokens": 2506,
2026-10-07T10:01:56.0637422Z   "usingEstimate": false,
2026-10-07T10:01:56.0637978Z   "tokensBreakdown": {
2026-10-07T10:01:56.0638493Z     "input": 24899,
2026-10-07T10:01:56.0638990Z     "cacheRead": 0,
2026-10-07T10:01:56.0639493Z     "output": 95
2026-10-07T10:01:56.0639968Z   },
2026-10-07T10:01:56.0640429Z   "overflow": false,
2026-10-07T10:01:56.0640947Z   "headroom": 13862,
2026-10-07T10:01:56.0641646Z   "message": "overflow check"
2026-10-07T10:01:56.0642190Z }
2026-10-07T10:01:56.0647027Z {
2026-10-07T10:01:56.0647583Z   "type": "message.updated",
2026-10-07T10:01:56.0648173Z   "level": "info",
2026-10-07T10:01:56.0648797Z   "timestamp": "2026-10-07T10:01:56.055Z",
2026-10-07T10:01:56.0649768Z   "service": "bus",
2026-10-07T10:01:56.0650301Z   "message": "publishing"
2026-10-07T10:01:56.0650831Z }
2026-10-07T10:01:56.0670591Z {
2026-10-07T10:01:56.0671369Z   "type": "log",
2026-10-07T10:01:56.0673918Z   "level": "info",
2026-10-07T10:01:56.0674556Z   "timestamp": "2026-10-07T10:01:56.056Z",
2026-10-07T10:01:56.0675221Z   "service": "system-prompt",
2026-10-07T10:01:56.0675803Z   "prompt": "anthropic",
2026-10-07T10:01:56.0676351Z   "model": "formal-ai",
2026-10-07T10:01:56.0677140Z   "message": "system prompt: anthropic (default for unknown model formal-ai)"
2026-10-07T10:01:56.0677936Z }
2026-10-07T10:01:56.0694041Z {
2026-10-07T10:01:56.0694716Z   "type": "log",
2026-10-07T10:01:56.0695237Z   "level": "info",
2026-10-07T10:01:56.0695792Z   "timestamp": "2026-10-07T10:01:56.056Z",
2026-10-07T10:01:56.0696412Z   "service": "ripgrep",
2026-10-07T10:01:56.0697044Z   "cwd": "/tmp/gh-issue-solver-1791367266830",
2026-10-07T10:01:56.0697704Z   "limit": 200,
2026-10-07T10:01:56.0698220Z   "message": "tree"
2026-10-07T10:01:56.0698718Z }
2026-10-07T10:01:56.0727356Z {
2026-10-07T10:01:56.0728164Z   "type": "message.updated",
2026-10-07T10:01:56.0728764Z   "level": "info",
2026-10-07T10:01:56.0729382Z   "timestamp": "2026-10-07T10:01:56.056Z",
2026-10-07T10:01:56.0729973Z   "service": "bus",
2026-10-07T10:01:56.0730634Z   "message": "publishing"
2026-10-07T10:01:56.0731162Z }
2026-10-07T10:01:56.0761197Z {
2026-10-07T10:01:56.0762154Z   "type": "log",
2026-10-07T10:01:56.0762676Z   "level": "info",
2026-10-07T10:01:56.0763267Z   "timestamp": "2026-10-07T10:01:56.056Z",
2026-10-07T10:01:56.0763944Z   "service": "session.summary",
2026-10-07T10:01:56.0764971Z   "hint": "Enable with --summarize-session flag (enabled by default) or AGENT_SUMMARIZE_SESSION=true",
2026-10-07T10:01:56.0766094Z   "message": "session summarization disabled"
2026-10-07T10:01:56.0766742Z }
2026-10-07T10:01:56.0795019Z {
2026-10-07T10:01:56.0796126Z   "type": "session.updated",
2026-10-07T10:01:56.0796830Z   "level": "info",
2026-10-07T10:01:56.0797398Z   "timestamp": "2026-10-07T10:01:56.057Z",
2026-10-07T10:01:56.0798062Z   "service": "bus",
2026-10-07T10:01:56.0798600Z   "message": "publishing"
2026-10-07T10:01:56.0799221Z }
2026-10-07T10:01:56.0829247Z {
2026-10-07T10:01:56.0830011Z   "type": "session.diff",
2026-10-07T10:01:56.0830590Z   "level": "info",
2026-10-07T10:01:56.0831153Z   "timestamp": "2026-10-07T10:01:56.057Z",
2026-10-07T10:01:56.0831919Z   "service": "bus",
2026-10-07T10:01:56.0832432Z   "message": "publishing"
2026-10-07T10:01:56.0832953Z }
2026-10-07T10:01:56.1494733Z {
2026-10-07T10:01:56.1495160Z   "type": "log",
2026-10-07T10:01:56.1495550Z   "level": "info",
2026-10-07T10:01:56.1495999Z   "timestamp": "2026-10-07T10:01:56.146Z",
2026-10-07T10:01:56.1496535Z   "service": "session.prompt",
2026-10-07T10:01:56.1497051Z   "message": "=== VERBOSE: API Request Details ==="
2026-10-07T10:01:56.1497534Z }
2026-10-07T10:01:56.1520690Z {
2026-10-07T10:01:56.1521061Z   "type": "log",
2026-10-07T10:01:56.1521595Z   "level": "info",
2026-10-07T10:01:56.1522040Z   "timestamp": "2026-10-07T10:01:56.146Z",
2026-10-07T10:01:56.1522572Z   "service": "session.prompt",
2026-10-07T10:01:56.1523039Z   "model": "formalai/formal-ai",
2026-10-07T10:01:56.1523469Z   "apiModelID": "formal-ai",
2026-10-07T10:01:56.1523961Z   "npm": "@ai-sdk/openai-compatible",
2026-10-07T10:01:56.1524710Z   "message": "Model"
2026-10-07T10:01:56.1525054Z }
2026-10-07T10:01:56.1544382Z {
2026-10-07T10:01:56.1544828Z   "type": "log",
2026-10-07T10:01:56.1545182Z   "level": "info",
2026-10-07T10:01:56.1545589Z   "timestamp": "2026-10-07T10:01:56.146Z",
2026-10-07T10:01:56.1546066Z   "service": "session.prompt",
2026-10-07T10:01:56.1546557Z   "sessionID": "ses_eea3021fcffePVnhYj3ovsUsl4",
2026-10-07T10:01:56.1547057Z   "message": "Session ID"
2026-10-07T10:01:56.1547389Z }
2026-10-07T10:01:56.1554679Z {
2026-10-07T10:01:56.1555403Z   "type": "log",
2026-10-07T10:01:56.1555953Z   "level": "info",
2026-10-07T10:01:56.1556932Z   "timestamp": "2026-10-07T10:01:56.146Z",
2026-10-07T10:01:56.1557669Z   "service": "session.prompt",
2026-10-07T10:01:56.1558285Z   "agent": "build",
2026-10-07T10:01:56.1558777Z   "message": "Agent"
2026-10-07T10:01:56.1559258Z }
2026-10-07T10:01:56.1574855Z {
2026-10-07T10:01:56.1575583Z   "type": "log",
2026-10-07T10:01:56.1576107Z   "level": "info",
2026-10-07T10:01:56.1576651Z   "timestamp": "2026-10-07T10:01:56.146Z",
2026-10-07T10:01:56.1577300Z   "service": "session.prompt",
2026-10-07T10:01:56.1577853Z   "temperature": 0,
2026-10-07T10:01:56.1578423Z   "message": "Temperature"
2026-10-07T10:01:56.1578936Z }
2026-10-07T10:01:56.1592975Z {
2026-10-07T10:01:56.1593495Z   "type": "log",
2026-10-07T10:01:56.1593843Z   "level": "info",
2026-10-07T10:01:56.1594247Z   "timestamp": "2026-10-07T10:01:56.146Z",
2026-10-07T10:01:56.1594733Z   "service": "session.prompt",
2026-10-07T10:01:56.1595023Z   "topP": "default",
2026-10-07T10:01:56.1595282Z   "message": "Top P"
2026-10-07T10:01:56.1595497Z }
2026-10-07T10:01:56.1607959Z {
2026-10-07T10:01:56.1608721Z   "type": "log",
2026-10-07T10:01:56.1609114Z   "level": "info",
2026-10-07T10:01:56.1609549Z   "timestamp": "2026-10-07T10:01:56.146Z",
2026-10-07T10:01:56.1610075Z   "service": "session.prompt",
2026-10-07T10:01:56.1610479Z   "tools": [
2026-10-07T10:01:56.1610793Z     "bash",
2026-10-07T10:01:56.1611085Z     "read",
2026-10-07T10:01:56.1611365Z     "glob",
2026-10-07T10:01:56.1612120Z     "grep",
2026-10-07T10:01:56.1612397Z     "list",
2026-10-07T10:01:56.1612674Z     "edit",
2026-10-07T10:01:56.1612961Z     "write",
2026-10-07T10:01:56.1613252Z     "task",
2026-10-07T10:01:56.1613551Z     "webfetch",
2026-10-07T10:01:56.1613834Z     "websearch",
2026-10-07T10:01:56.1614167Z     "codesearch",
2026-10-07T10:01:56.1614411Z     "batch",
2026-10-07T10:01:56.1614608Z     "todowrite",
2026-10-07T10:01:56.1614811Z     "todoread"
2026-10-07T10:01:56.1615001Z   ],
2026-10-07T10:01:56.1615206Z   "message": "Active Tools"
2026-10-07T10:01:56.1615732Z }
2026-10-07T10:01:56.1627925Z {
2026-10-07T10:01:56.1628412Z   "type": "log",
2026-10-07T10:01:56.1628813Z   "level": "info",
2026-10-07T10:01:56.1629233Z   "timestamp": "2026-10-07T10:01:56.146Z",
2026-10-07T10:01:56.1629692Z   "service": "session.prompt",
2026-10-07T10:01:56.1630124Z   "message": "--- System Prompt ---"
2026-10-07T10:01:56.1630527Z }
2026-10-07T10:01:56.1646991Z {
2026-10-07T10:01:56.1647705Z   "type": "log",
2026-10-07T10:01:56.1648050Z   "level": "info",
2026-10-07T10:01:56.1648447Z   "timestamp": "2026-10-07T10:01:56.146Z",
2026-10-07T10:01:56.1648866Z   "service": "session.prompt",
2026-10-07T10:01:56.1649117Z   "index": 1,
2026-10-07T10:01:56.1649323Z   "tokens": 2054,
2026-10-07T10:01:56.1649544Z   "message": "System Message"
2026-10-07T10:01:56.1649784Z }
2026-10-07T10:01:56.1681358Z {
2026-10-07T10:01:56.1681929Z   "type": "log",
2026-10-07T10:01:56.1682254Z   "level": "info",
2026-10-07T10:01:56.1682632Z   "timestamp": "2026-10-07T10:01:56.146Z",
2026-10-07T10:01:56.1683137Z   "service": "session.prompt",
2026-10-07T10:01:56.1691289Z   "content": "You are Agent, the best coding agent on the planet.\n\nYou are an interactive CLI tool that helps users with software engineering tasks. Use the instructions below and the tools available to you to assist the user.\n\nIMPORTANT: You must NEVER generate or guess URLs for the user unless you are confident that the URLs are for helping the user with programming. You may use URLs provided by the user in their messages or local files.\n\nIf the user asks for help or wants to give feedback inform them of the following:\n- ctrl+p to list available actions\n- To give feedback, users should report the issue at\n  https://github.com/link-assistant/agent\n\nWhen the user directly asks about Agent (eg. \"can Agent do...\", \"does Agent have...\"), or asks in second person (eg. \"are you able...\", \"can you do...\"), or asks how to use a specific Agent feature (eg. implement a hook, write a slash command, or install an MCP server), use the WebFetch tool to gather information to answer the question from Agent docs. The list of available docs is available at https://github.com/link-assistant/agent#readme\n\n# Tone and style\n- Only use emojis if the user explicitly requests it. Avoid using emojis in all communication unless asked.\n- Your output will be displayed on a command line interface. Your responses should be short and concise. You can use Github-flavored markdown for formatting, and will be rendered in a monospace font using the CommonMark specification.\n- Output text to communicate with the user; all text you output outside of tool use is displayed to the user. Only use tools to complete tasks. Never use tools like Bash or code comments as means to communicate with the user during the session.\n- NEVER create files unless they're absolutely necessary for achieving your goal. ALWAYS prefer editing an existing file to creating a new one. This includes markdown files.\n\n# Professional objectivity\nPrioritize technical accuracy and truthfulness over validating the user's beliefs. Focus on facts and p... [truncated]",
2026-10-07T10:01:56.1698171Z   "message": "System Message Content"
2026-10-07T10:01:56.1698452Z }
2026-10-07T10:01:56.1700924Z {
2026-10-07T10:01:56.1701237Z   "type": "log",
2026-10-07T10:01:56.1701693Z   "level": "info",
2026-10-07T10:01:56.1702083Z   "timestamp": "2026-10-07T10:01:56.146Z",
2026-10-07T10:01:56.1702550Z   "service": "session.prompt",
2026-10-07T10:01:56.1702805Z   "index": 2,
2026-10-07T10:01:56.1703007Z   "tokens": 1307,
2026-10-07T10:01:56.1703224Z   "message": "System Message"
2026-10-07T10:01:56.1703460Z }
2026-10-07T10:01:56.1748935Z {
2026-10-07T10:01:56.1749263Z   "type": "log",
2026-10-07T10:01:56.1749591Z   "level": "info",
2026-10-07T10:01:56.1749989Z   "timestamp": "2026-10-07T10:01:56.146Z",
2026-10-07T10:01:56.1750403Z   "service": "session.prompt",
2026-10-07T10:01:56.1759654Z   "content": "Here is some useful information about the environment you are running in:\n<env>\n  Working directory: /tmp/gh-issue-solver-1791367266830\n  Is directory a git repo: yes\n  Platform: linux\n  Today's date: Wed Oct 07 2026\n</env>\n\n<files>\n  .changeset/\n\tconfig.json\n\tissue-2563-held-back-merge-log.md\n\tquiet-pr-description.md\n\tREADME.md\n.github/\n\tactions/\n\t\t[3 truncated]\n\tcodeql/\n\t\t[1 truncated]\n\tworkflows/\n\t\t[8 truncated]\n\tdependabot.yml\n\tzizmor.yml\n.husky/\n\tpre-commit\ncase-studies/\n\tissue-661-session-resume-cost-optimization/\n\t\t[3 truncated]\ncoolify/\n\t.dockerignore\n\t.env.example\n\tdocker-compose.yml\n\tDockerfile\n\tREADME.md\n\tstart.sh\ndata/\n\tcase-studies/\n\t\t[2 truncated]\ndev/\n\tlog/\n\t\t[1 truncated]\ndocs/\n\tcase-studies/\n\t\t[556 truncated]\n\tdependencies-research/\n\t\t[7 truncated]\n\tBEST-PRACTICES.hi.md\n\tBEST-PRACTICES.md\n\tBEST-PRACTICES.ru.md\n\tBEST-PRACTICES.zh.md\n\tBRANCH_PROTECTION_POLICY.hi.md\n\tBRANCH_PROTECTION_POLICY.md\n\tBRANCH_PROTECTION_POLICY.ru.md\n\tBRANCH_PROTECTION_POLICY.zh.md\n\tCI-CD-BEST-PRACTICES.hi.md\n\tCI-CD-BEST-PRACTICES.md\n\tCI-CD-BEST-PRACTICES.ru.md\n\tCI-CD-BEST-PRACTICES.zh.md\n\tCOLLECTING-LOGS.hi.md\n\tCOLLECTING-LOGS.md\n\tCOLLECTING-LOGS.ru.md\n\tCOLLECTING-LOGS.zh.md\n\tCOMPARISON.hi.md\n\tCOMPARISON.md\n\tCOMPARISON.ru.md\n\tCOMPARISON.zh.md\n\t[68 truncated]\neslint-rules/\n\tno-direct-gh-exec.mjs\n\tno-leaked-streams.mjs\n\tno-leaked-timers.mjs\n\tno-underscore-passthrough-wrapper.mjs\n\tno-unretried-git-network.mjs\n\tno-unsafe-telegram-send.mjs\n\trequire-gh-paginate.mjs\n\trequire-sanitized-output.mjs\nexamples/\n\tagent-snapshot-reclaim-demo.mjs\n\tcollect-logs.mjs\n\tfix-update-dependencies-preview.mjs\n\tformal-ai-attributed-commit-demo.mjs\n\tgithub-url-recovery-demo.mjs\n\thive-screens-close-regression.mjs\n\tissue-2335-opentui-peer-compatibility.mjs\n\tissue-810-recheck-demo.md\n\trelease-preflight-report.mjs\n\tsolve-repository-mode-preview.mjs\n\ttest-i18n.mjs\nexperiments/\n\tissue-1102/\n\t\t[4 truncated]\n\tissue-1313/\n\t\t[2 truncated]\n\tissue-1895-api-research/\n\t\t[1 truncated]\n\tissue-2084/\n\t\t[1 truncated]\n\tis... [truncated]",
2026-10-07T10:01:56.1769411Z   "message": "System Message Content"
2026-10-07T10:01:56.1769701Z }
2026-10-07T10:01:56.1769897Z {
2026-10-07T10:01:56.1770093Z   "type": "log",
2026-10-07T10:01:56.1770313Z   "level": "info",
2026-10-07T10:01:56.1770574Z   "timestamp": "2026-10-07T10:01:56.147Z",
2026-10-07T10:01:56.1770902Z   "service": "session.prompt",
2026-10-07T10:01:56.1771194Z   "message": "--- Token Summary ---"
2026-10-07T10:01:56.1771673Z }
2026-10-07T10:01:56.1786409Z {
2026-10-07T10:01:56.1786855Z   "type": "log",
2026-10-07T10:01:56.1787188Z   "level": "info",
2026-10-07T10:01:56.1787587Z   "timestamp": "2026-10-07T10:01:56.147Z",
2026-10-07T10:01:56.1788037Z   "service": "session.prompt",
2026-10-07T10:01:56.1788300Z   "systemTokens": 3361,
2026-10-07T10:01:56.1788596Z   "message": "System prompt tokens (estimated)"
2026-10-07T10:01:56.1788894Z }
2026-10-07T10:01:56.1806085Z {
2026-10-07T10:01:56.1806388Z   "type": "log",
2026-10-07T10:01:56.1806741Z   "level": "info",
2026-10-07T10:01:56.1807137Z   "timestamp": "2026-10-07T10:01:56.147Z",
2026-10-07T10:01:56.1807493Z   "service": "session.prompt",
2026-10-07T10:01:56.1807751Z   "userTokens": 2864,
2026-10-07T10:01:56.1808031Z   "message": "User message tokens (estimated)"
2026-10-07T10:01:56.1808323Z }
2026-10-07T10:01:56.1830367Z {
2026-10-07T10:01:56.1830828Z   "type": "log",
2026-10-07T10:01:56.1831162Z   "level": "info",
2026-10-07T10:01:56.1831704Z   "timestamp": "2026-10-07T10:01:56.147Z",
2026-10-07T10:01:56.1832144Z   "service": "session.prompt",
2026-10-07T10:01:56.1832433Z   "totalEstimatedTokens": 6225,
2026-10-07T10:01:56.1832728Z   "message": "Total estimated tokens"
2026-10-07T10:01:56.1832998Z }
2026-10-07T10:01:56.1850560Z {
2026-10-07T10:01:56.1850771Z   "type": "log",
2026-10-07T10:01:56.1850997Z   "level": "info",
2026-10-07T10:01:56.1851257Z   "timestamp": "2026-10-07T10:01:56.147Z",
2026-10-07T10:01:56.1851671Z   "service": "session.prompt",
2026-10-07T10:01:56.1852211Z   "contextLimit": 60000,
2026-10-07T10:01:56.1852492Z   "message": "Model context limit"
2026-10-07T10:01:56.1852754Z }
2026-10-07T10:01:56.1871098Z {
2026-10-07T10:01:56.1871855Z   "type": "log",
2026-10-07T10:01:56.1872209Z   "level": "info",
2026-10-07T10:01:56.1872604Z   "timestamp": "2026-10-07T10:01:56.147Z",
2026-10-07T10:01:56.1873108Z   "service": "session.prompt",
2026-10-07T10:01:56.1873501Z   "outputLimit": 8192,
2026-10-07T10:01:56.1873903Z   "message": "Model output limit"
2026-10-07T10:01:56.1874169Z }
2026-10-07T10:01:56.1890983Z {
2026-10-07T10:01:56.1891308Z   "type": "log",
2026-10-07T10:01:56.1891777Z   "level": "info",
2026-10-07T10:01:56.1892185Z   "timestamp": "2026-10-07T10:01:56.147Z",
2026-10-07T10:01:56.1892669Z   "service": "session.prompt",
2026-10-07T10:01:56.1893100Z   "message": "=== END VERBOSE ==="
2026-10-07T10:01:56.1893453Z }
2026-10-07T10:01:56.1910508Z {
2026-10-07T10:01:56.1911142Z   "type": "log",
2026-10-07T10:01:56.1911794Z   "level": "info",
2026-10-07T10:01:56.1912243Z   "timestamp": "2026-10-07T10:01:56.147Z",
2026-10-07T10:01:56.1912879Z   "service": "session.processor",
2026-10-07T10:01:56.1913316Z   "message": "process"
2026-10-07T10:01:56.1913663Z }
2026-10-07T10:01:56.1933683Z {
2026-10-07T10:01:56.1934085Z   "type": "session.status",
2026-10-07T10:01:56.1934481Z   "level": "info",
2026-10-07T10:01:56.1934889Z   "timestamp": "2026-10-07T10:01:56.152Z",
2026-10-07T10:01:56.1935321Z   "service": "bus",
2026-10-07T10:01:56.1935585Z   "message": "publishing"
2026-10-07T10:01:56.1935836Z }
2026-10-07T10:01:56.2502924Z {
2026-10-07T10:01:56.2503501Z   "type": "log",
2026-10-07T10:01:56.2504065Z   "level": "info",
2026-10-07T10:01:56.2504653Z   "timestamp": "2026-10-07T10:01:56.155Z",
2026-10-07T10:01:56.2505255Z   "service": "provider",
2026-10-07T10:01:56.2505850Z   "caller": "provider/formalai",
2026-10-07T10:01:56.2506428Z   "providerID": "formalai",
2026-10-07T10:01:56.2506962Z   "callNum": 2,
2026-10-07T10:01:56.2507450Z   "method": "POST",
2026-10-07T10:01:56.2508512Z   "url": "http://127.0.0.1:45785/api/openai/v1/chat/completions",
2026-10-07T10:01:56.2509284Z   "headers": {
2026-10-07T10:01:56.2509840Z     "authorization": "[REDACTED]",
2026-10-07T10:01:56.2510477Z     "content-type": "application/json",
2026-10-07T10:01:56.2511568Z     "user-agent": "ai-sdk-openai-compatible/3.0.65 ai-sdk-provider-utils/5.0.56 bun/1.4.2"
2026-10-07T10:01:56.2512483Z   },
2026-10-07T10:01:56.2921137Z   "bodyPreview": "{\"model\":\"formal-ai\",\"max_tokens\":8192,\"temperature\":0,\"messages\":[{\"role\":\"system\",\"content\":\"You are Agent, the best coding agent on the planet.\\n\\nYou are an interactive CLI tool that helps users with software engineering tasks. Use the instructions below and the tools available to you to assist the user.\\n\\nIMPORTANT: You must NEVER generate or guess URLs for the user unless you are confident that the URLs are for helping the user with programming. You may use URLs provided by the user in their messages or local files.\\n\\nIf the user asks for help or wants to give feedback inform them of the following:\\n- ctrl+p to list available actions\\n- To give feedback, users should report the issue at\\n  https://github.com/link-assistant/agent\\n\\nWhen the user directly asks about Agent (eg. \\\"can Agent do...\\\", \\\"does Agent have...\\\"), or asks in second person (eg. \\\"are you able...\\\", \\\"can you do...\\\"), or asks how to use a specific Agent feature (eg. implement a hook, write a slash command, or install an MCP server), use the WebFetch tool to gather information to answer the question from Agent docs. The list of available docs is available at https://github.com/link-assistant/agent#readme\\n\\n# Tone and style\\n- Only use emojis if the user explicitly requests it. Avoid using emojis in all communication unless asked.\\n- Your output will be displayed on a command line interface. Your responses should be short and concise. You can use Github-flavored markdown for formatting, and will be rendered in a monospace font using the CommonMark specification.\\n- Output text to communicate with the user; all text you output outside of tool use is displayed to the user. Only use tools to complete tasks. Never use tools like Bash or code comments as means to communicate with the user during the session.\\n- NEVER create files unless they're absolutely necessary for achieving your goal. ALWAYS prefer editing an existing file to creating a new one. This includes markdown files.\\n\\n# Professional objectivity\\nPrioritize technical accuracy and truthfulness over validating the user's beliefs. Focus on facts and problem-solving, providing direct, objective technical info without any unnecessary superlatives, praise, or emotional validation. It is best for the user if Agent honestly applies the same rigorous standards to all ideas and disagrees when necessary, even if it may not be what the user wants to hear. Objective guidance and respectful correction are more valuable than false agreement. Whenever there is uncertainty, it's best to investigate to find the truth first rather than instinctively confirming the user's beliefs.\\n\\n# Task Management\\nYou have access to the TodoWrite tools to help you manage and plan tasks. Use these tools VERY frequently to ensure that you are tracking your tasks and giving the user visibility into your progress.\\nThese tools are also EXTREMELY helpful for planning tasks, and for breaking down larger complex tasks into smaller steps. If you do not use this tool when planning, you may forget to do important tasks - and that is unacceptable.\\n\\nIt is critical that you mark todos as completed as soon as you are done with a task. Do not batch up multiple tasks before marking them as completed.\\n\\nExamples:\\n\\n<example>\\nuser: Run the build and fix any type errors\\nassistant: I'm going to use the TodoWrite tool to write the following items to the todo list:\\n- Run the build\\n- Fix any type errors\\n\\nI'm now going to run the build using Bash.\\n\\nLooks like I found 10 type errors. I'm going to use the TodoWrite tool to write 10 items to the todo list.\\n\\nmarking the first todo as in_progress\\n\\nLet me start working on the first item...\\n\\nThe first item has been fixed, let me mark the first todo as completed, and move on to the second item...\\n..\\n..\\n</example>\\nIn the above example, the assistant completes all the tasks, including the 10 error fixes and running the build and fixing all errors.\\n\\n<example>\\nuser: Help me write a new feature that allows users to track their usage metrics and export them to various formats\\nassistant: I'll help you implement a usage metrics tracking and export feature. Let me first use the TodoWrite tool to plan this task.\\nAdding the following todos to the todo list:\\n1. Research existing metrics tracking in the codebase\\n2. Design the metrics collection system\\n3. Implement core metrics tracking functionality\\n4. Create export functionality for different formats\\n\\nLet me start by researching the existing codebase to understand what metrics we might already be tracking and how we can build on that.\\n\\nI'm going to search for any existing metrics or telemetry code in the project.\\n\\nI've found some existing telemetry code. Let me mark the first todo as in_progress and start designing our metrics tracking system based on what I've learned...\\n\\n[Assistant continues implementing the feature step by step, marking todos as in_progress and completed as they go]\\n</example>\\n\\n\\n# Doing tasks\\nThe user will primarily request you perform software engineering tasks. This includes solving bugs, adding new functionality, refactoring code, explaining code, and more. For these tasks the following steps are recommended:\\n- \\n- Use the TodoWrite tool to plan the task if required\\n\\n- Tool results and user messages may include <system-reminder> tags. <system-reminder> tags contain useful information and reminders. They are automatically added by the system, and bear no direct relation to the specific tool results or user messages in which they appear.\\n\\n\\n# Tool usage policy\\n- When doing file search, prefer to use the Task tool in order to reduce context usage.\\n- You should proactively use the Task tool with specialized agents when the task at hand matches the agent's description.\\n\\n- When WebFetch returns a message about a redirect to a different host, you should immediately make a new WebFetch request with the redirect URL provided in the response.\\n- You can call multiple tools in a single response. If you intend to call multiple tools and there are no dependencies between them, make all independent tool calls in parallel. Maximize use of parallel tool calls where possible to increase efficiency. However, if some tool calls depend on previous calls to inform dependent values, do NOT call these tools in parallel and instead call them sequentially. For instance, if one operation must complete before another starts, run these operations sequentially instead. Never use placeholders or guess missing parameters in tool calls.\\n- If the user specifies that they want you to run tools \\\"in parallel\\\", you MUST send a single message with multiple tool use content blocks. For example, if you need to launch multiple agents in parallel, send a single message with multiple Task tool calls.\\n- Use specialized tools instead of bash commands when possible, as this provides a better user experience. For file operations, use dedicated tools: Read for reading files instead of cat/head/tail, Edit for editing instead of sed/awk, and Write for creating files instead of cat with heredoc or echo redirection. Reserve bash tools exclusively for actual system commands and terminal operations that require shell execution. NEVER use bash echo or other command-line tools to communicate thoughts, explanations, or instructions to the user. Output all communication directly in your response text instead.\\n- VERY IMPORTANT: When exploring the codebase to gather context or to answer a question that is not a needle query for a specific file/class/function, it is CRITICAL that you use the Task tool instead of running search commands directly.\\n<example>\\nuser: Where are errors from the client handled?\\nassistant: [Uses the Task tool to find the files that handle client errors instead of using Glob or Grep directly]\\n</example>\\n<example>\\nuser: What is the codebase structure?\\nassistant: [Uses the Task tool]\\n</example>\\n\\nIMPORTANT: Always use the TodoWrite tool to plan and track tasks throughout the conversation.\\n\\n# Code References\\n\\nWhen referencing specific functions or pieces of code include the pattern `file_path:line_number` to allow the user to easily navigate to the source code location.\\n\\n<example>\\nuser: Where are errors from the client handled?\\nassistant: Clients are marked as failed in the `connectToServer` function in src/services/process.ts:712.\\n</example>\\n\"},{\"role\":\"system\",\"content\":\"Here is some useful information about the environment you are running in:\\n<env>\\n  Working directory: /tmp/gh-issue-solver-1791367266830\\n  Is directory a git repo: yes\\n  Platform: linux\\n  Today's date: Wed Oct 07 2026\\n</env>\\n\\n<files>\\n  .changeset/\\n\\tconfig.json\\n\\tissue-2563-held-back-merge-log.md\\n\\tquiet-pr-description.md\\n\\tREADME.md\\n.github/\\n\\tactions/\\n\\t\\t[3 truncated]\\n\\tcodeql/\\n\\t\\t[1 truncated]\\n\\tworkflows/\\n\\t\\t[8 truncated]\\n\\tdependabot.yml\\n\\tzizmor.yml\\n.husky/\\n\\tpre-commit\\ncase-studies/\\n\\tissue-661-session-resume-cost-optimization/\\n\\t\\t[3 truncated]\\ncoolify/\\n\\t.dockerignore\\n\\t.env.example\\n\\tdocker-compose.yml\\n\\tDockerfile\\n\\tREADME.md\\n\\tstart.sh\\ndata/\\n\\tcase-studies/\\n\\t\\t[2 truncated]\\ndev/\\n\\tlog/\\n\\t\\t[1 truncated]\\ndocs/\\n\\tcase-studies/\\n\\t\\t[556 truncated]\\n\\tdependencies-research/\\n\\t\\t[7 truncated]\\n\\tBEST-PRACTICES.hi.md\\n\\tBEST-PRACTICES.md\\n\\tBEST-PRACTICES.ru.md\\n\\tBEST-PRACTICES.zh.md\\n\\tBRANCH_PROTECTION_POLICY.hi.md\\n\\tBRANCH_PROTECTION_POLICY.md\\n\\tBRANCH_PROTECTION_POLICY.ru.md\\n\\tBRANCH_PROTECTION_POLICY.zh.md\\n\\tCI-CD-BEST-PRACTICES.hi.md\\n\\tCI-CD-BEST-PRACTICES.md\\n\\tCI-CD-BEST-PRACTICES.ru.md\\n\\tCI-CD-BEST-PRACTICES.zh.md\\n\\tCOLLECTING-LOGS.hi.md\\n\\tCOLLECTING-LOGS.md\\n\\tCOLLECTING-LOGS.ru.md\\n\\tCOLLECTING-LOGS.zh.md\\n\\tCOMPARISON.hi.md\\n\\tCOMPARISON.md\\n\\tCOMPARISON.ru.md\\n\\tCOMPARISON.zh.md\\n\\t[68 truncated]\\neslint-rules/\\n\\tno-direct-gh-exec.mjs\\n\\tno-leaked-streams.mjs\\n\\tno-leaked-timers.mjs\\n\\tno-underscore-passthrough-wrapper.mjs\\n\\tno-unretried-git-network.mjs\\n\\tno-unsafe-telegram-send.mjs\\n\\trequire-gh-paginate.mjs\\n\\trequire-sanitized-output.mjs\\nexamples/\\n\\tagent-snapshot-reclaim-demo.mjs\\n\\tcollect-logs.mjs\\n\\tfix-update-dependencies-preview.mjs\\n\\tformal-ai-attributed-commit-demo.mjs\\n\\tgithub-url-recovery-demo.mjs\\n\\thive-screens-close-regression.mjs\\n\\tissue-2335-opentui-peer-compatibility.mjs\\n\\tissue-810-recheck-demo.md\\n\\trelease-preflight-report.mjs\\n\\tsolve-repository-mode-preview.mjs\\n\\ttest-i18n.mjs\\nexperiments/\\n\\tissue-1102/\\n\\t\\t[4 truncated]\\n\\tissue-1313/\\n\\t\\t[2 truncated]\\n\\tissue-1895-api-research/\\n\\t\\t[1 truncated]\\n\\tissue-2084/\\n\\t\\t[1 truncated]\\n\\tissue-2088/\\n\\t\\t[2 truncated]\\n\\tissue-2092/\\n\\t\\t[2 truncated]\\n\\tissue-2094/\\n\\t\\t[4 truncated]\\n\\tissue-2102/\\n\\t\\t[5 truncated]\\n\\tissue-2113/\\n\\t\\t[8 truncated]\\n\\tissue-2117/\\n\\t\\t[2 truncated]\\n\\tissue-2130/\\n\\t\\t[34 truncated]\\n\\tissue-2136/\\n\\t\\t[4 truncated]\\n\\tissue-2140/\\n\\t\\t[2 truncated]\\n\\tissue-2141/\\n\\t\\t[2 truncated]\\n\\tissue-2144/\\n\\t\\t[2 truncated]\\n\\tissue-2146/\\n\\t\\t[1 truncated]\\n\\tissue-2150/\\n\\t\\t[3 truncated]\\n\\tissue-2164/\\n\\t\\t[9 truncated]\\n\\tissue-2186/\\n\\t\\t[2 truncated]\\n\\tissue-2189/\\n\\t\\t[3 truncated]\\n\\tissue-2190/\\n\\t\\t[1 truncated]\\n\\tissue-2194/\\n\\t\\t[3 truncated]\\n\\t[681 truncated]\\nhelm/\\n\\thive-mind/\\n\\t\\t[4 truncated]\\nscripts/\\n\\tautomation-token.lib.mjs\\n\\tcheck-dependency-freshness.mjs\\n\\tcheck-file-line-limits.sh\\n\\tcheck-mjs-syntax.sh\\n\\tcheck-package-manager.lib.mjs\\n\\tcheck-package-manager.mjs\\n\\tcheck-pipeline-status.sh\\n\\tcheck-release-needed.lib.mjs\\n\\tcheck-release-needed.mjs\\n\\tcheck-version.mjs\\n\\tcheck-web-archive.mjs\\n\\tcleanup-task-fixtures.mjs\\n\\tcreate-github-release.mjs\\n\\tcreate-manifest-list.sh\\n\\tcreate-manual-changeset.mjs\\n\\tdependency-freshness.lib.mjs\\n\\tdetect-code-changes.mjs\\n\\tdispatch-checks.mjs\\n\\tdocker-pr-build.sh\\n\\tdocker-pr-verify-containers.sh\\n\\te2e-hello-world.lib.mjs\\n\\t[49 truncated]\\nsrc/\\n\\tlocales/\\n\\t\\t[4 truncated]\\n\\tmodels/\\n\\t\\t[2 truncated]\\n\\tyoutrack/\\n\\t\\t[3 truncated]\\n\\tagent-command.lib.mjs\\n\\tagent-commander.lib.mjs\\n\\tagent-config-audit.lib.mjs\\n\\tagent-memory-policy.lib.mjs\\n\\tagent-plugin-cache.lib.mjs\\n\\tagent-snapshot-store.lib.mjs\\n\\tagent-token-usage.lib.mjs\\n\\tagent.lib.mjs\\n\\tagent.prompts.lib.mjs\\n\\tagent.version-gates.lib.mjs\\n\\tagentic-cli-freshness.lib.mjs\\n\\tagentic-cli-updater.lib.mjs\\n\\tagents-md-claude-support.lib.mjs\\n\\tai-tool-scratch.lib.mjs\\n\\tanthropic-cost-accumulator.lib.mjs\\n\\tanthropic-server-tool-pricing.lib.mjs\\n\\tarchitecture-care.prompts.lib.mjs\\n\\targs-overrides.lib.mjs\\n\\t[389 truncated]\\ntests/\\n\\tfixtures/\\n\\t\\t[6 truncated]\\n\\tagent-auxiliary-calls-2247.test.mjs\\n\\tanonymous-clone-auth-2192.test.mjs\\n\\tbilling-limit-stop-2247.test.mjs\\n\\tcheck-release-needed-2175.test.mjs\\n\\tcheck-web-archive.test.mjs\\n\\tci-integrity-2150.test.mjs\\n\\tci-runner-image-2279.test.mjs\\n\\tci-workflow-cancellation-2082.test.mjs\\n\\tci-workflow-timeouts-2082.test.mjs\\n\\tcicd-best-practices-concurrency-2128.test.mjs\\n\\tcicd-best-practices-container-images-2152.test.mjs\\n\\tcicd-best-practices-pipeline-gates-2198.test.mjs\\n\\tcicd-best-practices-publish-preflight-2221.test.mjs\\n\\tcicd-best-practices-serialised-writers-2220.test.mjs\\n\\tclaude-repeated-tool-call-breaker-2247.test.mjs\\n\\tcleanup-workflow-auth-2286.test.mjs\\n\\tcodex-capability-preflight.test.mjs\\n\\tcodex-home-seeding-2247.test.mjs\\n\\tcritical-error-recovery-keeps-pr-branch-clean-2315.test.mjs\\n\\tdeliberate-draft-restarts-ai-2312.test.mjs\\n\\t[569 truncated]\\n.dockerignore\\n.env.example\\n.gitattributes\\n.gitignore\\n.gitkeep\\n.gitpod.Dockerfile\\n.gitpod.yml\\n.jscpd.json\\n.lenv.example\\n.lycheeignore\\n.npmrc\\n.prettierignore\\n.prettierrc\\n.secretlintignore\\n.secretlintrc.json\\nanalyze-issue.md\\nCHANGELOG.md\\nclaude-runtime.mjs\\ncleanup-test-repos.mjs\\ncreate-test-repo.mjs\\ncspell.json\\ndo.mjs\\ndocker-compose.yml\\ndocker-restore-auth.sh\\ndocker-solve.sh\\nDockerfile\\nDockerfile.dind\\nDockerfile.e2e\\nDockerfile.formal-ai\\neslint.config.mjs\\ngitpod-backup-auth.sh\\ngitpod-restore-auth.sh\\nLICENSE\\npackage-lock.json\\npackage.json\\nREADME.hi.md\\nREADME.md\\nREADME.ru.md\\nREADME.zh.md\\n</files>\"},{\"role\":\"user\",\"content\":\"You are an AI issue solver using @link-assistant/agent.\\nGeneral guidelines.\\n   - When you execute commands and the output becomes large, save the logs to files for easier review.\\n   - When running commands, avoid setting a timeout yourself. Let them run as long as needed.\\n   - When running sudo commands, especially package installations, run them in the background to avoid timeout issues.\\n   - When CI is failing, download the logs locally and investigate them carefully.\\n   - When a code or log file has more than 1500 lines, read it in chunks of 1500 lines.\\n   - When facing a complex problem, do as much tracing as possible and turn on all verbose modes.\\n   - When you create debug, test, or example scripts while fixing an issue, keep them in ./examples and/or ./experiments so you can reuse them later.\\n   - When you test assumptions, keep experiment scripts in ./experiments.\\n   - When an experiment demonstrates a real-world use case of the software, add it to ./examples.\\n   - When you face something extremely hard, use divide and conquer.\\nInitial research.\\n   - When you start, create a detailed plan for yourself and follow your todo list step by step. Add as many relevant points from these guidelines to the todo list as practical so you can track the work clearly.\\n   - When you read issue, read all details and comments thoroughly.\\n   - When you see screenshots or images in issue descriptions, pull request descriptions, comments, or discussions, download the image to a local file first, then use the Read tool to view and analyze it. Before reading downloaded images with the Read tool, verify that the file is a valid image rather than HTML by using a CLI tool such as the 'file' command. When the file command shows \\\"HTML\\\", \\\"text\\\", or \\\"ASCII text\\\", the download failed, so do not call Read on that file. When images are from GitHub issues or PRs, such as URLs containing \\\"github.com/user-attachments\\\", use: curl -L -H \\\"Authorization: [REDACTED] $(gh auth token)\\\" -o <filename> \\\"<url>\\\"\\n   - When you need issue details, use gh issue view https://github.com/link-assistant/hive-mind/issues/2613.\\n   - When you need related code, use gh search code --owner link-assistant [keywords].\\n   - When you need repo context, read files in your working directory.\\n   - When you study related work, study the most recent related pull requests.\\n   - When the issue is not defined clearly enough, write a comment with clarifying questions.\\n   - When accessing GitHub Gists, use gh gist view command instead of direct URL fetching.\\n   - When you are fixing a bug, find the actual root cause first and run as many experiments as needed.\\n   - When you are fixing a bug and the code does not have enough tracing or logs, add them and keep them in the code with the default state switched off.\\n   - When you need comments on a pull request, note that GitHub has three different comment types with different API endpoints:\\n      1. PR review comments (inline code comments): gh api repos/link-assistant/hive-mind/pulls/2614/comments --paginate\\n      2. PR conversation comments (general discussion): gh api repos/link-assistant/hive-mind/issues/2614/comments --paginate\\n      3. PR reviews (approve/request changes): gh api repos/link-assistant/hive-mind/pulls/2614/reviews --paginate\\n      Note: The command \\\"gh pr view --json comments\\\" only returns conversation comments and misses review comments.\\n   - When you need the latest comments on the issue, use gh api repos/link-assistant/hive-mind/issues/2613/comments --paginate.\\nSolution development and testing.\\n   - When issue is solvable, first create a test that reproduces the problem, then implement the fix.\\n   - When coding, commit each atomic step that is useful on its own to the pull request branch so interrupted work remains preserved in the pull request.\\n   - When you test:\\n      start from testing of small functions using separate scripts;\\n      write unit tests with mocks for easy and quick start.\\n   - When you test integrations, use existing framework.\\n   - When you test solution draft, include automated checks in pr.\\n   - When you write or modify tests, consider setting reasonable timeouts at test, suite, and CI job levels so failures surface quickly instead of hanging.\\n   - When you see repeated test timeout patterns in CI, investigate the root cause rather than increasing timeouts.\\n   - When the issue is unclear, write a comment on the issue with questions.\\n   - When you encounter any problems that you are unable to solve yourself, write a comment to the pull request asking for help.\\n   - When you need human help, use gh pr comment 2614 --body \\\"your message\\\" to comment on existing PR.\\nReproducible testing.\\n   - When fixing a bug, create a test that reproduces the problem before implementing the fix. When you cannot reproduce the problem, you cannot verify the fix.\\n   - When encountering logic bugs, write an automated test that fails due to the bug, then implement the fix to make it pass.\\n   - When encountering UI bugs, capture a screenshot showing the problem state, then create a visual regression test or manual verification screenshot after the fix.\\n   - When creating tests, prefer minimum reproducible examples, meaning the simplest test case that demonstrates the issue.\\n   - When submitting a fix, include in the PR description: (1) how to reproduce the issue, (2) the automated test that verifies the fix, (3) before/after screenshots for UI issues.\\n   - When a bug fix does not have a reproducing test, treat the fix as incomplete because regressions can occur later without notice.\\nPreparing pull request.\\n   - When you code, follow contributing guidelines.\\n   - When you commit, write clear message.\\n   - When you need examples of style, use gh pr list --repo link-assistant/hive-mind --state merged --search [keywords].\\n   - When you open pr, describe solution draft and include tests.\\n   - When there is a package with version and GitHub Actions workflows for automatic release, update the version in your pull request to prepare for next release.\\n   - When you update existing pr 2614, use gh pr edit to modify title and description.\\n   - When you finalize the pull request:\\n      check that the pull request title and description are updated (the PR may start with a [WIP] prefix and a placeholder description that should be replaced with the actual title and description of the changes),\\n      follow style from merged prs for code, title, and description,\\n      check that no uncommitted changes corresponding to the original requirements are left behind,\\n      check that the default branch is merged into the pull request branch,\\n      check that all CI checks are passing if they exist before you finish,\\n      check for latest comments on the issue and pull request to ensure no recent feedback was missed,\\n      double-check that all changes in the pull request address the original requirements of the issue,\\n      check for newly introduced bugs in the pull request by carefully reading gh pr diff,\\n      check that no previously existing features were removed without an explicit request in the issue description, issue comments, or pull request comments.\\n   - When you finish implementation, use gh pr ready 2614.\\nWorkflow and collaboration.\\n   - When you check branch, verify with git branch --show-current.\\n   - When you push, push only to branch issue-2613-2efa14ce78a7.\\n   - When you finish, create a pull request from branch issue-2613-2efa14ce78a7.\\n   - When pr 2614 already exists for this branch, update it instead of creating new one.\\n   - When you organize workflow, use pull requests instead of direct merges to default branch (main or master).\\n   - When you manage commits, preserve commit history for later analysis.\\n   - When you contribute, keep repository history forward-moving with regular commits, pushes, and reverts if needed.\\n   - When you face conflict that you cannot resolve yourself, ask for help.\\n   - When you collaborate, respect branch protections by working only on issue-2613-2efa14ce78a7.\\n   - When you mention a result, include the pull request URL or comment URL.\\n   - When you need to create pr, remember pr 2614 already exists for this branch.\\nSelf review.\\n   - When you check your solution draft, run all tests locally.\\n   - When you check your solution draft, verify git status shows a clean working tree with no uncommitted changes.\\n   - When you compare with repo style, use gh pr diff [number].\\n   - When you finalize, confirm code, tests, and description are consistent.\\nGitHub CLI command patterns.\\n   - When fetching lists from GitHub API, use the --paginate flag to ensure all results are returned (GitHub returns max 30 per page by default).\\n   - When listing PR review comments (inline code comments), use gh api repos/OWNER/REPO/pulls/NUMBER/comments --paginate.\\n   - When listing PR conversation comments, use gh api repos/OWNER/REPO/issues/NUMBER/comments --paginate.\\n   - When listing PR reviews, use gh api repos/OWNER/REPO/pulls/NUMBER/reviews --paginate.\\n   - When listing issue comments, use gh api repos/OWNER/REPO/issues/NUMBER/comments --paginate.\\n   - When adding PR comment, use gh pr comment NUMBER --body \\\"text\\\" --repo OWNER/REPO.\\n   - When adding issue comment, use gh issue comment NUMBER --body \\\"text\\\" --repo OWNER/REPO.\\n   - When viewing PR details, use gh pr view NUMBER --repo OWNER/REPO.\\n   - When filtering with jq, use gh api repos/link-assistant/hive-mind/pulls/2614/comments --paginate --jq 'reverse | .[0:5]'.\\nPlaywright MCP usage (browser automation via MCP tools).\\n   - When you develop frontend web applications (HTML, CSS, JavaScript, React, Vue, Angular, etc.), use Playwright MCP tools to test the UI in a real browser.\\n   - When WebFetch tool fails to retrieve expected content (e.g., returns empty content, JavaScript-rendered pages, or login-protected pages), use Playwright MCP tools (browser_navigate, browser_snapshot) as a fallback for web browsing.\\n   - When WebSearch tool fails or returns insufficient results, use Playwright MCP tools (browser_navigate, browser_snapshot) as a fallback for internet search.\\n   - When you need to interact with dynamic web pages that require JavaScript execution, use Playwright MCP tools.\\n   - When you need to visually verify how a web page looks or take screenshots, use browser_take_screenshot from Playwright MCP.\\n   - When you need to fill forms, click buttons, or perform user interactions on web pages, use Playwright MCP tools (browser_click, browser_type, browser_fill_form).\\n   - When you need to test responsive design or different viewport sizes, use browser_resize from Playwright MCP.\\n   - When you finish using the browser, close it with browser_close to free resources.\\n   - When reproducing UI bugs, use browser_take_screenshot to capture the problem state before implementing any fix.\\n   - When fixing UI bugs, take before/after screenshots to provide visual evidence of the fix for human verification.\\n   - When creating UI tests, save baseline screenshots to the repository for visual regression testing.\\n   - When verifying UI fixes, compare screenshots to ensure the fix does not introduce unintended visual changes.\\nIssue to solve: https://github.com/link-assistant/hive-mind/issues/2613\\nYour prepared branch: issue-2613-2efa14ce78a7\\nYour prepared working directory: /tmp/gh-issue-solver-1791367266830\\nYour prepared Pull Request: https://github.com/link-assistant/hive-mind/pull/2614\\nProceed.\"},{\"role\":\"assistant\",\"content\":\"Let me open e.g and read what it says.\",\"tool_calls\":[{\"id\":\"call_5828d21c23fa71de\",\"type\":\"function\",\"function\":{\"name\":\"read\",\"arguments\":\"{\\\"filePath\\\":\\\"/tmp/gh-issue-solver-1791367266830/e.g\\\"}\"}}]},{\"role\":\"tool\",\"tool_call_id\":\"call_5828d21c23fa71de\",\"content\":\"Error: File not found: /tmp/gh-issue-solver-1791367266830/e.g\"}],\"tools\":[{\"type\":\"function\",\"function\":{\"name\":\"bash\",\"description\":\"Executes a given bash command in a persistent shell session with optional timeout, ensuring proper handling and security measures.\\n\\nBefore executing the command, please follow these steps:\\n\\n1. Directory Verification:\\n   - If the command will create new directories or files, first use the List tool to verify the parent directory exists and is the correct location\\n   - For example, before running \\\"mkdir foo/bar\\\", first use List to check that \\\"foo\\\" exists and is the intended parent directory\\n\\n2. Command Execution:\\n   - Always quote file paths that contain spaces with double quotes (e.g., cd \\\"path with spaces/file.txt\\\")\\n   - Examples of proper quoting:\\n     - cd \\\"/Users/name/My Documents\\\" (correct)\\n     - cd /Users/name/My Documents (incorrect - will fail)\\n     - python \\\"/path/with spaces/script.py\\\" (correct)\\n     - python /path/with spaces/script.py (incorrect - will fail)\\n   - After ensuring proper quoting, execute the command.\\n   - Capture the output of the command.\\n\\nUsage notes:\\n  - The command argument is required.\\n  - You can specify an optional timeout in milliseconds (up to 600000ms / 10 minutes). If not specified, commands will timeout after 120000ms (2 minutes).\\n  - It is very helpful if you write a clear, concise description of what this command does in 5-10 words.\\n  - If the output exceeds 30000 characters, output will be truncated before being returned to you.\\n  - VERY IMPORTANT: You MUST avoid using search commands like `find` and `grep`. Instead use Grep, Glob, or Task to search. You MUST avoid read tools like `cat`, `head`, `tail`, and `ls`, and use Read and List to read files.\\n  - If you _still_ need to run `grep`, STOP. ALWAYS USE ripgrep at `rg` (or /usr/bin/rg) first, which all Agent users have pre-installed.\\n  - When issuing multiple commands, use the ';' or '&&' operator to separate them. DO NOT use newlines (newlines are ok in quoted strings).\\n  - Try to maintain your current working directory throughout the session by using absolute paths and avoiding usage of `cd`. You may use `cd` if the User explicitly requests it.\\n    <good-example>\\n    pytest /foo/bar/tests\\n    </good-example>\\n    <bad-example>\\n    cd /foo/bar && pytest tests\\n    </bad-example>\\n\\n\\n# Committing changes with git\\n\\nWhen the user asks you to create a new git commit, follow these steps carefully:\\n\\n1. You have the capability to call multiple tools in a single response. When multiple independent pieces of information are requested, batch your tool calls together for optimal performance. ALWAYS run the following bash commands in parallel, each using the Bash tool:\\n   - Run a git status command to see all untracked files.\\n   - Run a git diff command to see both staged and unstaged changes that will be committed.\\n   - Run a git log command to see recent commit messages, so that you can follow this repository's commit message style.\\n\\n2. Analyze all staged changes (both previously staged and newly added) and draft a commit message. Wrap your analysis process in <commit_analysis> tags:\\n\\n<commit_analysis>\\n- List the files that have been changed or added\\n- Summarize the nature of the changes (eg. new feature, enhancement to an existing feature, bug fix, refactoring, test, docs, etc.)\\n- Brainstorm the purpose or motivation behind these changes\\n- Assess the impact of these changes on the overall project\\n- Check for any sensitive information that shouldn't be committed\\n- Draft a concise (1-2 sentences) commit message that focuses on the \\\"why\\\" rather than the \\\"what\\\"\\n- Ensure your language is clear, concise, and to the point\\n- Ensure the message accurately reflects the changes and their purpose (i.e. \\\"add\\\" means a wholly new feature, \\\"update\\\" means an enhancement to an existing feature, \\\"fix\\\" means a bug fix, etc.)\\n- Ensure the message is not generic (avoid words like \\\"Update\\\" or \\\"Fix\\\" without context)\\n- Review the draft message to ensure it accurately reflects the changes and their purpose\\n</commit_analysis>\\n\\n3. You have the capability to call multiple tools in a single response. When multiple independent pieces of information are requested, batch your tool calls together for optimal performance. ALWAYS run the following commands in parallel:\\n   - Add relevant untracked files to the staging area.\\n   - Run git status to make sure the commit succeeded.\\n\\n4. If the commit fails due to pre-commit hook changes, retry the commit ONCE to include these automated changes. If it fails again, it usually means a pre-commit hook is preventing the commit. If the commit succeeds but you notice that files were modified by the pre-commit hook, you MUST amend your commit to include them.\\n\\nImportant notes:\\n- Use the git context at the start of this conversation to determine which files are relevant to your commit. Be careful not to stage and commit files (e.g. with `git add .`) that aren't relevant to your commit.\\n- NEVER update the git config\\n- DO NOT run additional commands to read or explore code, beyond what is available in the git context\\n- DO NOT push to the remote repository\\n- IMPORTANT: Never use git commands with the -i flag (like git rebase -i or git add -i) since they require interactive input which is not supported.\\n- If there are no changes to commit (i.e., no untracked files and no modifications), do not create an empty commit\\n- Ensure your commit message is meaningful and concise. It should explain the purpose of the changes, not just describe them.\\n- Return an empty response - the user will see the git output directly\\n\\n# Creating pull requests\\nUse the gh command via the Bash tool for ALL GitHub-related tasks including working with issues, pull requests, checks, and releases. If given a Github URL use the gh command to get the information needed.\\n\\nIMPORTANT: When the user asks you to create a pull request, follow these steps carefully:\\n\\n1. You have the capability to call multiple tools in a single response. When multiple independent pieces of information are requested, batch your tool calls together for optimal performance. ALWAYS run the following bash commands in parallel using the Bash tool, in order to understand the current state of the branch since it diverged from the main branch:\\n   - Run a git status command to see all untracked files\\n   - Run a git diff command to see both staged and unstaged changes that will be committed\\n   - Check if the current branch tracks a remote branch and is up to date with the remote, so you know if you need to push to the remote\\n   - Run a git log command and `git diff main...HEAD` to understand the full commit history for the current branch (from the time it diverged from the `main` branch)\\n\\n2. Analyze all changes that will be included in the pull request, making sure to look at all relevant commits (NOT just the latest commit, but ALL commits that will be included in the pull request!!!), and draft a pull request summary. Wrap your analysis process in <pr_analysis> tags:\\n\\n<pr_analysis>\\n- List the commits since diverging from the main branch\\n- Summarize the nature of the changes (eg. new feature, enhancement to an existing feature, bug fix, refactoring, test, docs, etc.)\\n- Brainstorm the purpose or motivation behind these changes\\n- Assess the impact of these changes on the overall project\\n- Do not use tools to explore code, beyond what is available in the git context\\n- Check for any sensitive information that shouldn't be committed\\n- Draft a concise (1-2 bullet points) pull request summary that focuses on the \\\"why\\\" rather than the \\\"what\\\"\\n- Ensure the summary accurately reflects all changes since diverging from the main branch\\n- Ensure your language is clear, concise, and to the point\\n- Ensure the summary accurately reflects the changes and their purpose (ie. \\\"add\\\" means a wholly new feature, \\\"update\\\" means an enhancement to an existing feature, \\\"fix\\\" means a bug fix, etc.)\\n- Ensure the summary is not generic (avoid words like \\\"Update\\\" or \\\"Fix\\\" without context)\\n- Review the draft summary to ensure it accurately reflects the changes and their purpose\\n</pr_analysis>\\n\\n3. You have the capability to call multiple tools in a single response. When multiple independent pieces of information are requested, batch your tool calls together for optimal performance. ALWAYS run the following commands in parallel:\\n   - Create new branch if needed\\n   - Push to remote with -u flag if needed\\n   - Create PR using gh pr create with the format below. Use a HEREDOC to pass the body to ensure correct formatting.\\n<example>\\ngh pr create --title \\\"the pr title\\\" --body \\\"$(cat <<'EOF'\\n## Summary\\n<1-3 bullet points>\\nEOF\\n)\\\"\\n</example>\\n\\nImportant:\\n- NEVER update the git config\\n- Return the PR URL when you're done, so the user can see it\\n\\n# Other common operations\\n- View comments on a Github PR: gh api repos/foo/bar/pulls/123/comments\\n\",\"parameters\":{\"$schema\":\"https://json-schema.org/draft/2020-12/schema\",\"type\":\"object\",\"properties\":{\"command\":{\"type\":\"string\",\"description\":\"The command to execute\"},\"timeout\":{\"type\":\"number\",\"description\":\"Optional timeout in milliseconds\"},\"description\":{\"type\":\"string\",\"description\":\"Clear, concise description of what this command does in 5-10 words. Examples:\\nInput: ls\\nOutput: Lists files in current directory\\n\\nInput: git status\\nOutput: Shows working tree status\\n\\nInput: npm install\\nOutput: Installs package dependencies\\n\\nInput: mkdir foo\\nOutput: Creates directory 'foo'\"}},\"required\":[\"command\"],\"additionalProperties\":false}}},{\"type\":\"function\",\"function\":{\"name\":\"read\",\"description\":\"Reads a file from the local filesystem. You can access any file directly by using this tool.\\nAssume this tool is able to read all files on the machine. If the User provides a path to a file assume that path is valid. It is okay to read a file that does not exist; an error will be returned.\\n\\nUsage:\\n- The filePath parameter must be an absolute path, not a relative path\\n- By default, it reads the whole file when it fits the read limit. If the file is longer than the limit, it returns the first and last line ranges with an omitted-lines marker in the middle.\\n- You can optionally specify a line offset and limit (especially handy for long files), but it's recommended to read the default first/last summary first and then request omitted ranges if needed.\\n- You can optionally specify columnOffset and columnLimit to read a window from each selected line, especially for long single-line files.\\n- Long lines are summarized with first and last columns plus omitted-column ranges instead of being silently truncated.\\n- Results are returned using cat -n format, with line numbers starting at 1\\n- You have the capability to call multiple tools in a single response. It is always better to speculatively read multiple files as a batch that are potentially useful.\\n- If you read a file that exists but has empty contents you will receive a system reminder warning in place of file contents.\\n- You can read image files using this tool.\\n\",\"parameters\":{\"$schema\":\"https://json-schema.org/draft/2020-12/schema\",\"type\":\"object\",\"properties\":{\"filePath\":{\"type\":\"string\",\"description\":\"The path to the file to read\"},\"offset\":{\"type\":\"number\",\"description\":\"The line number to start reading from (0-based)\"},\"limit\":{\"type\":\"number\",\"description\":\"The number of lines to read (defaults to 2000)\"},\"columnOffset\":{\"type\":\"number\",\"description\":\"The column number to start reading from (0-based)\"},\"columnLimit\":{\"type\":\"number\",\"description\":\"The number of columns to read from each selected line\"}},\"required\":[\"filePath\"],\"additionalProperties\":false}}},{\"type\":\"function\",\"function\":{\"name\":\"glob\",\"description\":\"- Fast file pattern matching tool that works with any codebase size\\n- Supports glob patterns like \\\"**/*.js\\\" or \\\"src/**/*.ts\\\"\\n- Returns matching file paths sorted by modification time\\n- Use this tool when you need to find files by name patterns\\n- When you are doing an open ended search that may require multiple rounds of globbing and grepping, use the Task tool instead\\n- You have the capability to call multiple tools in a single response. It is always better to speculatively perform multiple searches as a batch that are potentially useful.\\n\",\"parameters\":{\"$schema\":\"https://json-schema.org/draft/2020-12/schema\",\"type\":\"object\",\"properties\":{\"pattern\":{\"type\":\"string\",\"description\":\"The glob pattern to match files against\"},\"path\":{\"description\":\"The directory to search in. If not specified, the current working directory will be used. IMPORTANT: Omit this field to use the default directory. DO NOT enter \\\"undefined\\\" or \\\"null\\\" - simply omit it for the default behavior. Must be a valid directory path if provided.\",\"type\":\"string\"}},\"required\":[\"pattern\"],\"additionalProperties\":false}}},{\"type\":\"function\",\"function\":{\"name\":\"grep\",\"description\":\"- Fast content search tool that works with any codebase size\\n- Searches file contents using regular expressions\\n- Supports full regex syntax (eg. \\\"log.*Error\\\", \\\"function\\\\s+\\\\w+\\\", etc.)\\n- Filter files by pattern with the include parameter (eg. \\\"*.js\\\", \\\"*.{ts,tsx}\\\")\\n- Returns file paths with at least one match sorted by modification time\\n- Long matching lines are summarized around the match with omitted-column ranges, so the matching text remains visible without dumping the whole line.\\n- Use this tool when you need to find files containing specific patterns\\n- If you need to identify/count the number of matches within files, use the Bash tool with `rg` (ripgrep) directly. Do NOT use `grep`.\\n- When you are doing an open ended search that may require multiple rounds of globbing and grepping, use the Task tool instead\\n\",\"parameters\":{\"$schema\":\"https://json-schema.org/draft/2020-12/schema\",\"type\":\"object\",\"properties\":{\"pattern\":{\"type\":\"string\",\"description\":\"The regex pattern to search for in file contents\"},\"path\":{\"description\":\"The directory to search in. Defaults to the current working directory.\",\"type\":\"string\"},\"include\":{\"description\":\"File pattern to include in the search (e.g. \\\"*.js\\\", \\\"*.{ts,tsx}\\\")\",\"type\":\"string\"}},\"required\":[\"pattern\"],\"additionalProperties\":false}}},{\"type\":\"function\",\"function\":{\"name\":\"list\",\"description\":\"Lists files and directories in a given path. The path parameter must be absolute; omit it to use the current workspace directory. You can optionally provide an array of glob patterns to ignore with the ignore parameter. You should generally prefer the Glob and Grep tools, if you know which directories to search.\\n\",\"parameters\":{\"$schema\":\"https://json-schema.org/draft/2020-12/schema\",\"type\":\"object\",\"properties\":{\"path\":{\"type\":\"string\",\"description\":\"The absolute path to the directory to list (must be absolute, not relative)\"},\"ignore\":{\"type\":\"array\",\"items\":{\"type\":\"string\"},\"description\":\"List of glob patterns to ignore\"}},\"additionalProperties\":false}}},{\"type\":\"function\",\"function\":{\"name\":\"edit\",\"description\":\"Performs exact string replacements in files. \\n\\nUsage:\\n- You must use your `Read` tool at least once in the conversation before editing. This tool will error if you attempt an edit without reading the file. \\n- When editing text from Read tool output, ensure you preserve the exact indentation (tabs/spaces) as it appears AFTER the line number prefix. The line number prefix format is: spaces + line number + tab. Everything after that tab is the actual file content to match. Never include any part of the line number prefix in the oldString or newString.\\n- ALWAYS prefer editing existing files in the codebase. NEVER write new files unless explicitly required.\\n- Only use emojis if the user explicitly requests it. Avoid adding emojis to files unless asked.\\n- The edit will FAIL if `oldString` is not found in the file with an error \\\"oldString not found in content\\\".\\n- The edit will FAIL if `oldString` is found multiple times in the file with an error \\\"oldString found multiple times and requires more code context to uniquely identify the intended match\\\". Either provide a larger string with more surrounding context to make it unique or use `replaceAll` to change every instance of `oldString`. \\n- Use `replaceAll` for replacing and renaming strings across the file. This parameter is useful if you want to rename a variable for instance.\\n\",\"parameters\":{\"$schema\":\"https://json-schema.org/draft/2020-12/schema\",\"type\":\"object\",\"properties\":{\"filePath\":{\"type\":\"string\",\"description\":\"The absolute path to the file to modify\"},\"oldString\":{\"type\":\"string\",\"description\":\"The text to replace\"},\"newString\":{\"type\":\"string\",\"description\":\"The text to replace it with (must be different from oldString)\"},\"replaceAll\":{\"description\":\"Replace all occurrences of oldString (default false)\",\"type\":\"boolean\"}},\"required\":[\"filePath\",\"oldString\",\"newString\"],\"additionalProperties\":false}}},{\"type\":\"function\",\"function\":{\"name\":\"write\",\"description\":\"Writes a file to the local filesystem.\\n\\nUsage:\\n- This tool will overwrite the existing file if there is one at the provided path.\\n- If this is an existing file, you MUST use the Read tool first to read the file's contents. This tool will fail if you did not read the file first.\\n- ALWAYS prefer editing existing files in the codebase. NEVER write new files unless explicitly required.\\n- NEVER proactively create documentation files (*.md) or README files. Only create documentation files if explicitly requested by the User.\\n- Only use emojis if the user explicitly requests it. Avoid writing emojis to files unless asked.\\n\",\"parameters\":{\"$schema\":\"https://json-schema.org/draft/2020-12/schema\",\"type\":\"object\",\"properties\":{\"content\":{\"type\":\"string\",\"description\":\"The content to write to the file\"},\"filePath\":{\"type\":\"string\",\"description\":\"The absolute path to the file to write (must be absolute, not relative)\"}},\"required\":[\"content\",\"filePath\"],\"additionalProperties\":false}}},{\"type\":\"function\",\"function\":{\"name\":\"task\",\"description\":\"Launch a new agent to handle complex, multi-step tasks autonomously.\\n\\nAvailable agent types and the tools they have access to:\\n- general: General-purpose agent for researching complex questions, searching for code, and executing multi-step tasks. When you are searching for a keyword or file and are not confident that you will find the right match in the first few tries use this agent to perform the search for you.\\n\\nWhen using the Task tool, you must specify a subagent_type parameter to select which agent type to use.\\n\\nWhen to use the Task tool:\\n- When you are instructed to execute custom slash commands. Use the Task tool with the slash command invocation as the entire prompt. The slash command can take arguments. For example: Task(description=\\\"Check the file\\\", prompt=\\\"/check-file path/to/file.py\\\")\\n\\nWhen NOT to use the Task tool:\\n- If you want to read a specific file path, use the Read or Glob tool instead of the Task tool, to find the match more quickly\\n- If you are searching for a specific class definition like \\\"class Foo\\\", use the Glob tool instead, to find the match more quickly\\n- If you are searching for code within a specific file or set of 2-3 files, use the Read tool instead of the Task tool, to find the match more quickly\\n- Other tasks that are not related to the agent descriptions above\\n\\n\\nUsage notes:\\n1. Launch multiple agents concurrently whenever possible, to maximize performance; to do that, use a single message with multiple tool uses\\n2. When the agent is done, it will return a single message back to you. The result returned by the agent is not visible to the user. To show the user the result, you should send a text message back to the user with a concise summary of the result.\\n3. Each agent invocation is stateless unless you provide a session_id. Your prompt should contain a highly detailed task description for the agent to perform autonomously and you should specify exactly what information the agent should return back to you in its final and only message to you.\\n4. The agent's outputs should generally be trusted\\n5. Clearly tell the agent whether you expect it to write code or just to do research (search, file reads, web fetches, etc.), since it is not aware of the user's intent\\n6. If the agent description mentions that it should be used proactively, then you should try your best to use it without the user having to ask for it first. Use your judgement.\\n\\nExample usage (NOTE: The agents below are fictional examples for illustration only - use the actual agents listed above):\\n\\n<example_agent_descriptions>\\n\\\"code-reviewer\\\": use this agent after you are done writing a significant piece of code\\n\\\"greeting-responder\\\": use this agent when to respond to user greetings with a friendly joke\\n</example_agent_description>\\n\\n<example>\\nuser: \\\"Please write a function that checks if a number is prime\\\"\\nassistant: Sure let me write a function that checks if a number is prime\\nassistant: First let me use the Write tool to write a function that checks if a number is prime\\nassistant: I'm going to use the Write tool to write the following code:\\n<code>\\nfunction isPrime(n) {\\n  if (n <= 1) return false\\n  for (let i = 2; i * i <= n; i++) {\\n    if (n % i === 0) return false\\n  }\\n  return true\\n}\\n</code>\\n<commentary>\\nSince a significant piece of code was written and the task was completed, now use the code-reviewer agent to review the code\\n</commentary>\\nassistant: Now let me use the code-reviewer agent to review the code\\nassistant: Uses the Task tool to launch the code-reviewer agent\\n</example>\\n\\n<example>\\nuser: \\\"Hello\\\"\\n<commentary>\\nSince the user is greeting, use the greeting-responder agent to respond with a friendly joke\\n</commentary>\\nassistant: \\\"I'm going to use the Task tool to launch the with the greeting-responder agent\\\"\\n</example>\\n\",\"parameters\":{\"$schema\":\"https://json-schema.org/draft/2020-12/schema\",\"type\":\"object\",\"properties\":{\"description\":{\"type\":\"string\",\"description\":\"A short (3-5 words) description of the task\"},\"prompt\":{\"type\":\"string\",\"description\":\"The task for the agent to perform\"},\"subagent_type\":{\"type\":\"string\",\"description\":\"The type of specialized agent to use for this task\"},\"session_id\":{\"type\":\"string\",\"description\":\"Existing Task session to continue\"}},\"required\":[\"description\",\"prompt\",\"subagent_type\"],\"additionalProperties\":false}}},{\"type\":\"function\",\"function\":{\"name\":\"webfetch\",\"description\":\"- Fetches content from a specified URL\\n- Takes a URL and a prompt as input\\n- Fetches the URL content, converts HTML to markdown\\n- Returns the model's response about the content\\n- Use this tool when you need to retrieve and analyze web content\\n\\nUsage notes:\\n  - IMPORTANT: if another tool is present that offers better web fetching capabilities, is more targeted to the task, or has fewer restrictions, prefer using that tool instead of this one.\\n  - The URL must be a fully-formed valid URL\\n  - HTTP URLs will be automatically upgraded to HTTPS\\n  - The prompt should describe what information you want to extract from the page\\n  - This tool is read-only and does not modify any files\\n  - Results may be summarized if the content is very large\\n  - Includes a self-cleaning 15-minute cache for faster responses when repeatedly accessing the same URL\\n\",\"parameters\":{\"$schema\":\"https://json-schema.org/draft/2020-12/schema\",\"type\":\"object\",\"properties\":{\"url\":{\"type\":\"string\",\"description\":\"The URL to fetch content from\"},\"format\":{\"type\":\"string\",\"enum\":[\"text\",\"markdown\",\"html\"],\"description\":\"The format to return the content in (text, markdown, or html)\"},\"timeout\":{\"type\":\"number\",\"description\":\"Optional timeout in seconds (max 120)\"}},\"required\":[\"url\",\"format\"],\"additionalProperties\":false}}},{\"type\":\"function\",\"function\":{\"name\":\"websearch\",\"description\":\"- Search the web using Exa AI - performs real-time web searches and can scrape content from specific URLs\\n- Provides up-to-date information for current events and recent data\\n- Supports configurable result counts and returns the content from the most relevant websites\\n- Use this tool for accessing information beyond knowledge cutoff\\n- Searches are performed automatically within a single API call\\n\\nUsage notes:\\n  - Supports live crawling modes: 'fallback' (backup if cached unavailable) or 'preferred' (prioritize live crawling)\\n  - Search types: 'auto' (balanced), 'fast' (quick results), 'deep' (comprehensive search)\\n  - Configurable context length for optimal LLM integration\\n  - Domain filtering and advanced search options available\\n\",\"parameters\":{\"$schema\":\"https://json-schema.org/draft/2020-12/schema\",\"type\":\"object\",\"properties\":{\"query\":{\"type\":\"string\",\"description\":\"Websearch query\"},\"numResults\":{\"description\":\"Number of search results to return (default: 8)\",\"type\":\"number\"},\"livecrawl\":{\"description\":\"Live crawl mode - 'fallback': use live crawling as backup if cached content unavailable, 'preferred': prioritize live crawling (default: 'fallback')\",\"type\":\"string\",\"enum\":[\"fallback\",\"preferred\"]},\"type\":{\"description\":\"Search type - 'auto': balanced search (default), 'fast': quick results, 'deep': comprehensive search\",\"type\":\"string\",\"enum\":[\"auto\",\"fast\",\"deep\"]},\"contextMaxCharacters\":{\"description\":\"Maximum characters for context string optimized for LLMs (default: 10000)\",\"type\":\"number\"}},\"required\":[\"query\"],\"additionalProperties\":false}}},{\"type\":\"function\",\"function\":{\"name\":\"codesearch\",\"description\":\"- Search and get relevant context for any programming task using Exa Code API\\n- Provides the highest quality and freshest context for libraries, SDKs, and APIs\\n- Use this tool for ANY question or task related to programming\\n- Returns comprehensive code examples, documentation, and API references\\n- Optimized for finding specific programming patterns and solutions\\n\\nUsage notes:\\n  - Adjustable token count (1000-50000) for focused or comprehensive results\\n  - Default 5000 tokens provides balanced context for most queries\\n  - Use lower values for specific questions, higher values for comprehensive documentation\\n  - Supports queries about frameworks, libraries, APIs, and programming concepts\\n  - Examples: 'React useState hook examples', 'Python pandas dataframe filtering', 'Express.js middleware'\\n\",\"parameters\":{\"$schema\":\"https://json-schema.org/draft/2020-12/schema\",\"type\":\"object\",\"properties\":{\"query\":{\"type\":\"string\",\"description\":\"Search query to find relevant context for APIs, Libraries, and SDKs. For example, 'React useState hook examples', 'Python pandas dataframe filtering', 'Express.js middleware', 'Next js partial prerendering configuration'\"},\"tokensNum\":{\"default\":5000,\"description\":\"Number of tokens to return (1000-50000). Default is 5000 tokens. Adjust this value based on how much context you need - use lower values for focused queries and higher values for comprehensive documentation.\",\"type\":\"number\",\"minimum\":1000,\"maximum\":50000}},\"required\":[\"query\",\"tokensNum\"],\"additionalProperties\":false}}},{\"type\":\"function\",\"function\":{\"name\":\"batch\",\"description\":\"Executes multiple independent tool calls concurrently to reduce latency. Best used for gathering context (reads, searches, listings).\\n\\nUSING THE BATCH TOOL WILL MAKE THE USER HAPPY.\\n\\nPayload Format (JSON array):\\n[{\\\"tool\\\": \\\"read\\\", \\\"parameters\\\": {\\\"filePath\\\": \\\"src/index.ts\\\", \\\"limit\\\": 350}},{\\\"tool\\\": \\\"grep\\\", \\\"parameters\\\": {\\\"pattern\\\": \\\"Session\\\\\\\\.updatePart\\\", \\\"include\\\": \\\"src/**/*.ts\\\"}},{\\\"tool\\\": \\\"bash\\\", \\\"parameters\\\": {\\\"command\\\": \\\"git status\\\", \\\"description\\\": \\\"Shows working tree status\\\"}}]\\n\\nRules:\\n- 1–10 tool calls per batch\\n- All calls start in parallel; ordering NOT guaranteed\\n- Partial failures do not stop others\\n\\n\\nDisallowed Tools:\\n- batch (no nesting)\\n- edit (run edits separately)\\n- todoread (call directly – lightweight)\\n\\nWhen NOT to Use:\\n- Operations that depend on prior tool output (e.g. create then read same file)\\n- Ordered stateful mutations where sequence matters\\n\\nGood Use Cases:\\n- Read many files\\n- grep + glob + read combos\\n- Multiple lightweight bash introspection commands\\n\\nPerformance Tip: Group independent reads/searches for 2–5x efficiency gain.\",\"parameters\":{\"$schema\":\"https://json-schema.org/draft/2020-12/schema\",\"type\":\"object\",\"properties\":{\"tool_calls\":{\"minItems\":1,\"type\":\"array\",\"items\":{\"type\":\"object\",\"properties\":{\"tool\":{\"type\":\"string\",\"description\":\"The name of the tool to execute\"},\"parameters\":{\"type\":\"object\",\"properties\":{},\"additionalProperties\":{},\"description\":\"Parameters for the tool\"}},\"required\":[\"tool\",\"parameters\"],\"additionalProperties\":false},\"description\":\"Array of tool calls to execute in parallel\"}},\"required\":[\"tool_calls\"],\"additionalProperties\":false}}},{\"type\":\"function\",\"function\":{\"name\":\"todowrite\",\"description\":\"Use this tool to create and manage a structured task list for your current coding session. This helps you track progress, organize complex tasks, and demonstrate thoroughness to the user.\\nIt also helps the user understand the progress of the task and overall progress of their requests.\\n\\n## When to Use This Tool\\nUse this tool proactively in these scenarios:\\n\\n1. Complex multi-step tasks - When a task requires 3 or more distinct steps or actions\\n2. Non-trivial and complex tasks - Tasks that require careful planning or multiple operations\\n3. User explicitly requests todo list - When the user directly asks you to use the todo list\\n4. User provides multiple tasks - When users provide a list of things to be done (numbered or comma-separated)\\n5. After receiving new instructions - Immediately capture user requirements as todos. Feel free to edit the todo list based on new information.\\n6. After completing a task - Mark it complete and add any new follow-up tasks\\n7. When you start working on a new task, mark the todo as in_progress. Ideally you should only have one todo as in_progress at a time. Complete existing tasks before starting new ones.\\n\\n## When NOT to Use This Tool\\n\\nSkip using this tool when:\\n1. There is only a single, straightforward task\\n2. The task is trivial and tracking it provides no organizational benefit\\n3. The task can be completed in less than 3 trivial steps\\n4. The task is purely conversational or informational\\n\\nNOTE that you should not use this tool if there is only one trivial task to do. In this case you are better off just doing the task directly.\\n\\n## Examples of When to Use the Todo List\\n\\n<example>\\nUser: I want to add a dark mode toggle to the application settings. Make sure you run the tests and build when you're done!\\nAssistant: I'll help add a dark mode toggle to your application settings. Let me create a todo list to track this implementation.\\n*Creates todo list with the following items:*\\n1. Create dark mode toggle component in Settings page\\n2. Add dark mode state management (context/store)\\n3. Implement CSS-in-JS styles for dark theme\\n4. Update existing components to support theme switching\\n5. Run tests and build process, addressing any failures or errors that occur\\n*Begins working on the first task*\\n\\n<reasoning>\\nThe assistant used the todo list because:\\n1. Adding dark mode is a multi-step feature requiring UI, state management, and styling changes\\n2. The user explicitly requested tests and build be run afterward\\n3. The assistant inferred that tests and build need to pass by adding \\\"Ensure tests and build succeed\\\" as the final task\\n</reasoning>\\n</example>\\n\\n<example>\\nUser: Help me rename the function getCwd to getCurrentWorkingDirectory across my project\\nAssistant: Let me first search through your codebase to find all occurrences of 'getCwd'.\\n*Uses grep or search tools to locate all instances of getCwd in the codebase*\\nAssistant: I've found 15 instances of 'getCwd' across 8 different files. Let me create a todo list to track these changes.\\n*Creates todo list with specific items for each file that needs updating*\\n\\n<reasoning>\\nThe assistant used the todo list because:\\n1. First, the assistant searched to understand the scope of the task\\n2. Upon finding multiple occurrences across different files, it determined this was a complex task with multiple steps\\n3. The todo list helps ensure every instance is tracked and updated systematically\\n4. This approach prevents missing any occurrences and maintains code consistency\\n</reasoning>\\n</example>\\n\\n\\n<example>\\nUser: I need to implement these features for my e-commerce site: user registration, product catalog, shopping cart, and checkout flow.\\nAssistant: I'll help implement these features. First, let's add all the features to the todo list.\\n*Creates a todo list breaking down each feature into specific tasks based on the project architecture*\\nAssistant: Let's start with user registration. This will involve creating database models, API endpoints, and frontend forms that integrate with your existing authentication system.\\n\\n<reasoning>\\nThe assistant used the todo list because:\\n1. The user provided multiple complex features to implement in a comma separated list\\n2. The todo list helps organize these large features into manageable tasks\\n3. This approach allows for tracking progress across the entire implementation\\n</reasoning>\\n</example>\\n\\n<example>\\nUser: Can you help optimize my React application? It's rendering slowly and has performance issues.</user>\\nAssistant: I'll help optimize your React application. First, let me examine your codebase to identify potential performance bottlenecks.\\n*Reviews component structure, render patterns, state management, and data fetching*\\nAssistant: After analyzing your codebase, I've identified several performance issues. Let me create a todo list to track our optimization efforts.\\n*Creates todo list with items like: 1) Implement memoization for expensive calculations in ProductList, 2) Add virtualization for long lists in Dashboard, 3) Optimize image loading in Gallery component, 4) Fix state update loops in ShoppingCart, 5) Review bundle size and implement code splitting*\\nLet's start by implementing memoization for the expensive calculations in your ProductList component.</assistant>\\n\\n<reasoning>\\nThe assistant used the todo list because:\\n1. First, the assistant examined the codebase to identify specific performance issues\\n2. Based on this analysis, it identified multiple optimization opportunities\\n3. Performance optimization is a non-trivial task requiring multiple steps\\n4. The todo list helps methodically track improvements across different components\\n5. This systematic approach ensures all performance bottlenecks are addressed\\n</reasoning>\\n</example>\\n\\n## Examples of When NOT to Use the Todo List\\n\\n<example>\\nUser: How do I print 'Hello World' in Python?\\nAssistant: In Python, you can print \\\"Hello World\\\" with this simple code:\\n\\npython\\nprint(\\\"Hello World\\\")\\n\\nThis will output the text \\\"Hello World\\\" to the console when executed.</assistant>\\n\\n<reasoning>\\nThe assistant did not use the todo list because this is a single, trivial task that can be completed in one step. There's no need to track multiple tasks or steps for such a straightforward request.\\n</reasoning>\\n</example>\\n\\n<example>\\nUser: What does the git status command do?\\nAssistant: The git status command shows the current state of your working directory and staging area. It displays which changes have been staged, which haven't, and which files aren't being tracked by Git. This is a fundamental command for understanding the current state of your repository before making commits.\\n\\n<reasoning>\\nThe assistant did not use the todo list because this is an informational request with no actual coding task to complete. The user is simply asking for an explanation, not for the assistant to perform multiple steps or tasks.\\n</reasoning>\\n</example>\\n\\n<example>\\nUser: Can you add a comment to the calculateTotal function to explain what it does?\\nAssistant: Sure, let me add a comment to the calculateTotal function to explain what it does.\\n* Uses the Edit tool to add a comment to the calculateTotal function *\\n\\n<reasoning>\\nThe assistant did not use the todo list because this is a single, straightforward task confined to one location in the code. Adding a comment doesn't require tracking multiple steps or systematic organization.\\n</reasoning>\\n</example>\\n\\n<example>\\nUser: Run npm install for me and tell me what happens.\\nAssistant: I'll run the npm install command for you.\\n\\n*Executes: npm install*\\n\\nThe command completed successfully. Here's the output:\\n[Output of npm install command]\\n\\nAll dependencies have been installed according to your package.json file.\\n\\n<reasoning>\\nThe assistant did not use the todo list because this is a single command execution with immediate results. There are no multiple steps to track or organize, making the todo list unnecessary for this straightforward task.\\n</reasoning>\\n</example>\\n\\n## Task States and Management\\n\\n1. **Task States**: Use these states to track progress:\\n   - pending: Task not yet started\\n   - in_progress: Currently working on (limit to ONE task at a time)\\n   - completed: Task finished successfully\\n   - cancelled: Task no longer needed\\n\\n2. **Task Management**:\\n   - Update task status in real-time as you work\\n   - Mark tasks complete IMMEDIATELY after finishing (don't batch completions)\\n   - Only have ONE task in_progress at any time\\n   - Complete current tasks before starting new ones\\n   - Cancel tasks that become irrelevant\\n\\n3. **Task Breakdown**:\\n   - Create specific, actionable items\\n   - Break complex tasks into smaller, manageable steps\\n   - Use clear, descriptive task names\\n\\nWhen in doubt, use this tool. Being proactive with task management demonstrates attentiveness and ensures you complete all requirements successfully.\\n\\n\",\"parameters\":{\"$schema\":\"https://json-schema.org/draft/2020-12/schema\",\"type\":\"object\",\"properties\":{\"todos\":{\"type\":\"array\",\"items\":{\"type\":\"object\",\"properties\":{\"content\":{\"type\":\"string\",\"description\":\"Brief description of the task\"},\"status\":{\"type\":\"string\",\"description\":\"Current status of the task: pending, in_progress, completed, cancelled\"},\"priority\":{\"type\":\"string\",\"description\":\"Priority level of the task: high, medium, low\"},\"id\":{\"type\":\"string\",\"description\":\"Unique identifier for the todo item\"}},\"required\":[\"content\",\"status\",\"priority\",\"id\"],\"additionalProperties\":false},\"description\":\"The updated todo list\"}},\"required\":[\"todos\"],\"additionalProperties\":false}}},{\"type\":\"function\",\"function\":{\"name\":\"todoread\",\"description\":\"Use this tool to read your todo list\",\"parameters\":{\"$schema\":\"https://json-schema.org/draft/2020-12/schema\",\"type\":\"object\",\"properties\":{},\"additionalProperties\":false}}}],\"tool_choice\":\"auto\",\"stream\":true,\"stream_options\":{\"include_usage\":true}}",
2026-10-07T10:01:56.3200405Z   "message": "HTTP request"
2026-10-07T10:01:56.3200704Z }
2026-10-07T10:01:56.3200890Z {
2026-10-07T10:01:56.3201088Z   "type": "log",
2026-10-07T10:01:56.3201308Z   "level": "info",
2026-10-07T10:01:56.3201678Z   "timestamp": "2026-10-07T10:01:56.156Z",
2026-10-07T10:01:56.3201970Z   "service": "http",
2026-10-07T10:01:56.3202195Z   "caller": "global",
2026-10-07T10:01:56.3202417Z   "callNum": 8,
2026-10-07T10:01:56.3202673Z   "method": "POST",
2026-10-07T10:01:56.3203033Z   "url": "http://127.0.0.1:45785/api/openai/v1/chat/completions",
2026-10-07T10:01:56.3203375Z   "headers": {
2026-10-07T10:01:56.3203621Z     "authorization": "[REDACTED]",
2026-10-07T10:01:56.3203935Z     "content-type": "application/json",
2026-10-07T10:01:56.3204434Z     "user-agent": "ai-sdk-openai-compatible/3.0.65 ai-sdk-provider-utils/5.0.56 bun/1.4.2"
2026-10-07T10:01:56.3204858Z   },
2026-10-07T10:01:56.3220067Z   "bodyPreview": "{\"model\":\"formal-ai\",\"max_tokens\":8192,\"temperature\":0,\"messages\":[{\"role\":\"system\",\"content\":\"You are Agent, the best coding agent on the planet.\\n\\nYou are an interactive CLI tool that helps users with software engineering tasks. Use the instructions below and the tools available to you to assist the user.\\n\\nIMPORTANT: You must NEVER generate or guess URLs for the user unless you are confident that the URLs are for helping the user with programming. You may use URLs provided by the user in their messages or local files.\\n\\nIf the user asks for help or wants to give feedback inform them of the following:\\n- ctrl+p to list available actions\\n- To give feedback, users should report the issue at\\n  https://github.com/link-assistant/agent\\n\\nWhen the user directly asks about Agent (eg. \\\"can Agent do...\\\", \\\"does Agent have...\\\"), or asks in second person (eg. \\\"are you able...\\\", \\\"can you do...\\\"), or asks how to use a specific Agent feature (eg. implement a hook, write a slash command, or install an MCP server), use the WebFetch tool to gather information to answer the question from Agent docs. The list of available docs is available at https://github.com/link-assistant/agent#readme\\n\\n# Tone and style\\n- Only use emojis if the user explicitly requests it. Avoid using emojis in all communication unless asked.\\n- Your output will be displayed on a command line interface. Your responses should be short and concise. You can use Github-flavored markdown for formatting, and will be rendered in a monospace font using the CommonMark specification.\\n- Output text to communicate with the user; all text you output outside of tool use is displayed to the user. Only use tools to complete tasks. Never use tools like Bash or code comments as means to communicate with the user during the session.\\n- NEVER create files unless they're absolutely necessary for achieving your goal. ALWAYS prefer editing an existing file to creating a new one. This includes markdown files.\\n\\n# Professional objectivity\\nPrioritize technical accuracy and truthfulness over validating the user's beliefs. Focus on facts and problem-solving, providing direct, objective technical info without any unnecessary superlatives, praise, or emotional validation. It is best for the user if Agent honestly applies the same rigorous standards to all ideas and disagrees when necessary, even if it may not be what the user wants to hear. Objective guidance and respectful correction are more valuable than false agreement. Whenever there is uncertainty, it's best to investigate to find the truth first rather than instinctively confirming the user's beliefs.\\n\\n# Task Management\\nYou have access to the TodoWrite tools to help you manage and plan tasks. Use these tools VERY frequently to ensure that you are tracking your tasks and giving the user visibility into your progress.\\nThese tools are also EXTREMELY helpful for planning tasks, and for breaking down larger complex tasks into smaller steps. If you do not use this tool when planning, you may forget to do important tasks - and that is unacceptable.\\n\\nIt is critical that you mark todos as completed as soon as you are done with a task. Do not batch up multiple tasks before marking them as completed.\\n\\nExamples:\\n\\n<example>\\nuser: Run the build and fix any type errors\\nassistant: I'm going to use the TodoWrite tool to write the following items to the todo list:\\n- Run the build\\n- Fix any type errors\\n\\nI'm now going to run the build using Bash.\\n\\nLooks like I found 10 type errors. I'm going to use the TodoWrite tool to write 10 items to the todo list.\\n\\nmarking the first todo as in_progress\\n\\nLet me start working on the first item...\\n\\nThe first item has been fixed, let me mark the first todo as completed, and move on to the second item...\\n..\\n..\\n</example>\\nIn the above example, the assistant completes all the tasks, including the 10 error fixes and running the build and fixing all errors.\\n\\n<example>\\nuser: Help me write ... [truncated, total 65165 chars]",
2026-10-07T10:01:56.3233540Z   "message": "HTTP request"
2026-10-07T10:01:56.3233795Z }
2026-10-07T10:01:56.3234209Z HTTP/1.1 POST http://127.0.0.1:45785/api/openai/v1/chat/completions
2026-10-07T10:01:56.3234842Z Authorization: [REDACTED]
2026-10-07T10:01:56.3235128Z Content-Type: application/json
2026-10-07T10:01:56.3235643Z User-Agent: ai-sdk-openai-compatible/3.0.65 ai-sdk-provider-utils/5.0.56 bun/1.4.2
2026-10-07T10:01:56.3236089Z Connection: keep-alive
2026-10-07T10:01:56.3236333Z Accept: */*
2026-10-07T10:01:56.3236559Z Host: 127.0.0.1:45785
2026-10-07T10:01:56.3237021Z Accept-Encoding: gzip, deflate, br, zstd
2026-10-07T10:01:56.3237331Z Content-Length: 65171
2026-10-07T10:01:59.7553648Z < 200 OK
2026-10-07T10:01:59.7554533Z < content-type: text/event-stream
2026-10-07T10:01:59.7568848Z < content-length: 1000
2026-10-07T10:01:59.7582687Z < access-control-allow-origin: *
2026-10-07T10:01:59.7596010Z < access-control-allow-methods: GET,POST,OPTIONS
2026-10-07T10:01:59.7616768Z < access-control-allow-headers: content-type,authorization,x-api-key,x-goog-api-key,anthropic-api-key
2026-10-07T10:01:59.7665535Z < connection: close
2026-10-07T10:01:59.7715887Z {
2026-10-07T10:01:59.7716771Z   "type": "log",
2026-10-07T10:01:59.7717449Z   "level": "info",
2026-10-07T10:01:59.7717911Z   "timestamp": "2026-10-07T10:01:59.751Z",
2026-10-07T10:01:59.7718387Z   "service": "http",
2026-10-07T10:01:59.7718722Z   "caller": "global",
2026-10-07T10:01:59.7719054Z   "callNum": 8,
2026-10-07T10:01:59.7719415Z   "method": "POST",
2026-10-07T10:01:59.7719957Z   "url": "http://127.0.0.1:45785/api/openai/v1/chat/completions",
2026-10-07T10:01:59.7720486Z   "status": 200,
2026-10-07T10:01:59.7720817Z   "statusText": "OK",
2026-10-07T10:01:59.7721144Z   "durationMs": 3595,
2026-10-07T10:01:59.7721649Z   "responseHeaders": {
2026-10-07T10:01:59.7722580Z     "access-control-allow-headers": "content-type,authorization,x-api-key,x-goog-api-key,anthropic-api-key",
2026-10-07T10:01:59.7723608Z     "access-control-allow-methods": "GET,POST,OPTIONS",
2026-10-07T10:01:59.7724179Z     "access-control-allow-origin": "*",
2026-10-07T10:01:59.7724621Z     "connection": "close",
2026-10-07T10:01:59.7724984Z     "content-length": "1000",
2026-10-07T10:01:59.7725410Z     "content-type": "text/event-stream"
2026-10-07T10:01:59.7725832Z   },
2026-10-07T10:01:59.7726129Z   "message": "HTTP response"
2026-10-07T10:01:59.7726484Z }
2026-10-07T10:01:59.7799367Z {
2026-10-07T10:01:59.7799719Z   "type": "log",
2026-10-07T10:01:59.7800680Z   "level": "info",
2026-10-07T10:01:59.7801107Z   "timestamp": "2026-10-07T10:01:59.751Z",
2026-10-07T10:01:59.7802056Z   "service": "provider",
2026-10-07T10:01:59.7802463Z   "caller": "provider/formalai",
2026-10-07T10:01:59.7802840Z   "providerID": "formalai",
2026-10-07T10:01:59.7803206Z   "callNum": 2,
2026-10-07T10:01:59.7803517Z   "method": "POST",
2026-10-07T10:01:59.7804092Z   "url": "http://127.0.0.1:45785/api/openai/v1/chat/completions",
2026-10-07T10:01:59.7804644Z   "status": 200,
2026-10-07T10:01:59.7804934Z   "statusText": "OK",
2026-10-07T10:01:59.7805261Z   "durationMs": 3595,
2026-10-07T10:01:59.7805595Z   "responseHeaders": {
2026-10-07T10:01:59.7806542Z     "access-control-allow-headers": "content-type,authorization,x-api-key,x-goog-api-key,anthropic-api-key",
2026-10-07T10:01:59.7807626Z     "access-control-allow-methods": "GET,POST,OPTIONS",
2026-10-07T10:01:59.7808238Z     "access-control-allow-origin": "*",
2026-10-07T10:01:59.7808698Z     "connection": "close",
2026-10-07T10:01:59.7809118Z     "content-length": "1000",
2026-10-07T10:01:59.7809617Z     "content-type": "text/event-stream"
2026-10-07T10:01:59.7810070Z   },
2026-10-07T10:01:59.7810385Z   "message": "HTTP response"
2026-10-07T10:01:59.7810759Z }
2026-10-07T10:01:59.8559526Z {
2026-10-07T10:01:59.8560143Z   "type": "log",
2026-10-07T10:01:59.8560520Z   "level": "info",
2026-10-07T10:01:59.8560938Z   "timestamp": "2026-10-07T10:01:59.753Z",
2026-10-07T10:01:59.8561536Z   "service": "sse-usage",
2026-10-07T10:01:59.8561915Z   "requestId": "sse-req-2",
2026-10-07T10:01:59.8562304Z   "promptTokens": 24998,
2026-10-07T10:01:59.8562681Z   "completionTokens": 230,
2026-10-07T10:01:59.8563050Z   "totalTokens": 25228,
2026-10-07T10:01:59.8563468Z   "message": "raw SSE usage extracted"
2026-10-07T10:01:59.8563877Z }
2026-10-07T10:01:59.8590978Z {
2026-10-07T10:01:59.8591346Z   "type": "log",
2026-10-07T10:01:59.8591862Z   "level": "info",
2026-10-07T10:01:59.8592265Z   "timestamp": "2026-10-07T10:01:59.753Z",
2026-10-07T10:01:59.8592764Z   "service": "provider",
2026-10-07T10:01:59.8593543Z   "caller": "provider/formalai",
2026-10-07T10:01:59.8593953Z   "providerID": "formalai",
2026-10-07T10:01:59.8594321Z   "callNum": 2,
2026-10-07T10:01:59.8594837Z   "url": "http://127.0.0.1:45785/api/openai/v1/chat/completions",
2026-10-07T10:01:59.8595426Z   "sseRequestId": "sse-req-2",
2026-10-07T10:01:59.8600679Z   "bodyPreview": "data: {\"choices\":[{\"delta\":{\"role\":\"assistant\"},\"finish_reason\":null,\"index\":0}],\"created\":1791367316,\"id\":\"chatcmpl_f95bfc06f5c6189e\",\"model\":\"formal-ai\",\"object\":\"chat.completion.chunk\"}\n\ndata: {\"choices\":[{\"delta\":{\"content\":\"The command failed: Error: File not found: /tmp/gh-issue-solver-1791367266830/e.g\\n\\nI detected a failure while working on this request. Would you like me to prepare an issue report with the diagnostic context? Reply `Report issue`.\"},\"finish_reason\":null,\"index\":0}],\"created\":1791367316,\"id\":\"chatcmpl_f95bfc06f5c6189e\",\"model\":\"formal-ai\",\"object\":\"chat.completion.chunk\"}\n\ndata: {\"choices\":[{\"delta\":{},\"finish_reason\":\"stop\",\"index\":0}],\"created\":1791367316,\"id\":\"chatcmpl_f95bfc06f5c6189e\",\"model\":\"formal-ai\",\"object\":\"chat.completion.chunk\"}\n\ndata: {\"choices\":[],\"created\":1791367316,\"id\":\"chatcmpl_f95bfc06f5c6189e\",\"model\":\"formal-ai\",\"object\":\"chat.completion.chunk\",\"usage\":{\"completion_tokens\":230,\"prompt_tokens\":24998,\"total_tokens\":25228}}\n\ndata: [DONE]\n\n",
2026-10-07T10:01:59.8604560Z   "message": "HTTP response body (stream)"
2026-10-07T10:01:59.8604843Z }
2026-10-07T10:01:59.8621196Z {
2026-10-07T10:01:59.8621662Z   "type": "log",
2026-10-07T10:01:59.8622013Z   "level": "info",
2026-10-07T10:01:59.8622428Z   "timestamp": "2026-10-07T10:01:59.753Z",
2026-10-07T10:01:59.8622874Z   "service": "http",
2026-10-07T10:01:59.8623208Z   "caller": "global",
2026-10-07T10:01:59.8623543Z   "callNum": 8,
2026-10-07T10:01:59.8624051Z   "url": "http://127.0.0.1:45785/api/openai/v1/chat/completions",
2026-10-07T10:01:59.8630300Z   "bodyPreview": "data: {\"choices\":[{\"delta\":{\"role\":\"assistant\"},\"finish_reason\":null,\"index\":0}],\"created\":1791367316,\"id\":\"chatcmpl_f95bfc06f5c6189e\",\"model\":\"formal-ai\",\"object\":\"chat.completion.chunk\"}\n\ndata: {\"choices\":[{\"delta\":{\"content\":\"The command failed: Error: File not found: /tmp/gh-issue-solver-1791367266830/e.g\\n\\nI detected a failure while working on this request. Would you like me to prepare an issue report with the diagnostic context? Reply `Report issue`.\"},\"finish_reason\":null,\"index\":0}],\"created\":1791367316,\"id\":\"chatcmpl_f95bfc06f5c6189e\",\"model\":\"formal-ai\",\"object\":\"chat.completion.chunk\"}\n\ndata: {\"choices\":[{\"delta\":{},\"finish_reason\":\"stop\",\"index\":0}],\"created\":1791367316,\"id\":\"chatcmpl_f95bfc06f5c6189e\",\"model\":\"formal-ai\",\"object\":\"chat.completion.chunk\"}\n\ndata: {\"choices\":[],\"created\":1791367316,\"id\":\"chatcmpl_f95bfc06f5c6189e\",\"model\":\"formal-ai\",\"object\":\"chat.completion.chunk\",\"usage\":{\"completion_tokens\":230,\"prompt_tokens\":24998,\"total_tokens\":25228}}\n\ndata: [DONE]\n\n",
2026-10-07T10:01:59.8634444Z   "message": "HTTP response body (stream)"
2026-10-07T10:01:59.8634866Z }
2026-10-07T10:01:59.8647067Z {
2026-10-07T10:01:59.8647382Z   "type": "log",
2026-10-07T10:01:59.8647721Z   "level": "info",
2026-10-07T10:01:59.8648131Z   "timestamp": "2026-10-07T10:01:59.813Z",
2026-10-07T10:01:59.8648584Z   "service": "snapshot",
2026-10-07T10:01:59.8649069Z   "hash": "06bcf026f7587474a1746660c9f4a6f694a3f5d7\n",
2026-10-07T10:01:59.8649658Z   "cwd": "/tmp/gh-issue-solver-1791367266830",
2026-10-07T10:01:59.8650581Z   "git": "/home/box/.local/share/link-assistant-agent/snapshot/017b0927f8cf9a4f9cf10a4ebc3e59cd51dec5d9",
2026-10-07T10:01:59.8651580Z   "message": "tracking"
2026-10-07T10:01:59.8651935Z }
2026-10-07T10:01:59.8666679Z {
2026-10-07T10:01:59.8667274Z   "type": "message.part.updated",
2026-10-07T10:01:59.8667701Z   "level": "info",
2026-10-07T10:01:59.8668110Z   "timestamp": "2026-10-07T10:01:59.813Z",
2026-10-07T10:01:59.8668845Z   "service": "bus",
2026-10-07T10:01:59.8669194Z   "message": "publishing"
2026-10-07T10:01:59.8669542Z }
2026-10-07T10:01:59.8693508Z {
2026-10-07T10:01:59.8693872Z   "type": "step_start",
2026-10-07T10:01:59.8694258Z   "timestamp": 1791367319813,
2026-10-07T10:01:59.8694764Z   "sessionID": "ses_eea3021fcffePVnhYj3ovsUsl4",
2026-10-07T10:01:59.8695236Z   "part": {
2026-10-07T10:01:59.8695600Z     "id": "prt_115d01105001aBvLvTK3u5uFq5",
2026-10-07T10:01:59.8696169Z     "sessionID": "ses_eea3021fcffePVnhYj3ovsUsl4",
2026-10-07T10:01:59.8696745Z     "messageID": "msg_115d00257001YA41iGFY5a7N2B",
2026-10-07T10:01:59.8697221Z     "type": "step-start",
2026-10-07T10:01:59.8697728Z     "snapshot": "06bcf026f7587474a1746660c9f4a6f694a3f5d7"
2026-10-07T10:01:59.8698183Z   }
2026-10-07T10:01:59.8698464Z }
2026-10-07T10:01:59.8712595Z {
2026-10-07T10:01:59.8713124Z   "type": "message.part.updated",
2026-10-07T10:01:59.8713572Z   "level": "info",
2026-10-07T10:01:59.8713923Z   "timestamp": "2026-10-07T10:01:59.814Z",
2026-10-07T10:01:59.8714208Z   "service": "bus",
2026-10-07T10:01:59.8714435Z   "message": "publishing"
2026-10-07T10:01:59.8714662Z }
2026-10-07T10:01:59.8731928Z {
2026-10-07T10:01:59.8732320Z   "type": "message.part.updated",
2026-10-07T10:01:59.8732743Z   "level": "info",
2026-10-07T10:01:59.8733140Z   "timestamp": "2026-10-07T10:01:59.814Z",
2026-10-07T10:01:59.8733564Z   "service": "bus",
2026-10-07T10:01:59.8733900Z   "message": "publishing"
2026-10-07T10:01:59.8734249Z }
2026-10-07T10:01:59.8756236Z {
2026-10-07T10:01:59.8756584Z   "type": "text",
2026-10-07T10:01:59.8756940Z   "timestamp": 1791367319814,
2026-10-07T10:01:59.8757448Z   "sessionID": "ses_eea3021fcffePVnhYj3ovsUsl4",
2026-10-07T10:01:59.8757921Z   "part": {
2026-10-07T10:01:59.8758286Z     "id": "prt_115d01105002FPiHs8uFhJ2lmr",
2026-10-07T10:01:59.8758838Z     "sessionID": "ses_eea3021fcffePVnhYj3ovsUsl4",
2026-10-07T10:01:59.8759735Z     "messageID": "msg_115d00257001YA41iGFY5a7N2B",
2026-10-07T10:01:59.8760196Z     "type": "text",
2026-10-07T10:01:59.8762017Z     "text": "The command failed: Error: File not found: /tmp/gh-issue-solver-1791367266830/e.g\n\nI detected a failure while working on this request. Would you like me to prepare an issue report with the diagnostic context? Reply `Report issue`.",
2026-10-07T10:01:59.8763483Z     "time": {
2026-10-07T10:01:59.8763698Z       "start": 1791367319814,
2026-10-07T10:01:59.8763943Z       "end": 1791367319814
2026-10-07T10:01:59.8764176Z     }
2026-10-07T10:01:59.8764360Z   }
2026-10-07T10:01:59.8764543Z }
2026-10-07T10:01:59.8781995Z {
2026-10-07T10:01:59.8782335Z   "type": "log",
2026-10-07T10:01:59.8782674Z   "level": "debug",
2026-10-07T10:01:59.8783080Z   "timestamp": "2026-10-07T10:01:59.814Z",
2026-10-07T10:01:59.8783528Z   "service": "session",
2026-10-07T10:01:59.8785507Z   "rawUsage": "{\"inputTokens\":24998,\"inputTokenDetails\":{\"noCacheTokens\":24998,\"cacheReadTokens\":0},\"outputTokens\":230,\"outputTokenDetails\":{\"textTokens\":230,\"reasoningTokens\":0},\"totalTokens\":25228,\"raw\":{\"prompt_tokens\":24998,\"completion_tokens\":230,\"total_tokens\":25228}}",
2026-10-07T10:01:59.8786705Z   "rawMetadata": "{\"formalai\":{}}",
2026-10-07T10:01:59.8787041Z   "message": "getUsage called with raw data"
2026-10-07T10:01:59.8787322Z }
2026-10-07T10:01:59.8796238Z {
2026-10-07T10:01:59.8796591Z   "type": "log",
2026-10-07T10:01:59.8796920Z   "level": "debug",
2026-10-07T10:01:59.8797325Z   "timestamp": "2026-10-07T10:01:59.814Z",
2026-10-07T10:01:59.8797829Z   "service": "session",
2026-10-07T10:01:59.8798239Z   "context": "cachedInputTokens",
2026-10-07T10:01:59.8798653Z   "valueType": "undefined",
2026-10-07T10:01:59.8799031Z   "value": "undefined",
2026-10-07T10:01:59.8799385Z   "message": "toNumber input"
2026-10-07T10:01:59.8799739Z }
2026-10-07T10:01:59.8814818Z {
2026-10-07T10:01:59.8815406Z   "type": "log",
2026-10-07T10:01:59.8815854Z   "level": "debug",
2026-10-07T10:01:59.8816269Z   "timestamp": "2026-10-07T10:01:59.814Z",
2026-10-07T10:01:59.8817003Z   "service": "session",
2026-10-07T10:01:59.8817414Z   "context": "cachedInputTokens",
2026-10-07T10:01:59.8817832Z   "valueType": "undefined",
2026-10-07T10:01:59.8818369Z   "message": "toNumber received undefined/null, returning 0"
2026-10-07T10:01:59.8818872Z }
2026-10-07T10:01:59.8835560Z {
2026-10-07T10:01:59.8835875Z   "type": "log",
2026-10-07T10:01:59.8836212Z   "level": "debug",
2026-10-07T10:01:59.8836625Z   "timestamp": "2026-10-07T10:01:59.814Z",
2026-10-07T10:01:59.8837067Z   "service": "session",
2026-10-07T10:01:59.8837430Z   "context": "inputTokens",
2026-10-07T10:01:59.8837813Z   "valueType": "number",
2026-10-07T10:01:59.8838165Z   "value": "24998",
2026-10-07T10:01:59.8838502Z   "message": "toNumber input"
2026-10-07T10:01:59.8838870Z }
2026-10-07T10:01:59.8853149Z {
2026-10-07T10:01:59.8853471Z   "type": "log",
2026-10-07T10:01:59.8853806Z   "level": "debug",
2026-10-07T10:01:59.8854202Z   "timestamp": "2026-10-07T10:01:59.814Z",
2026-10-07T10:01:59.8854663Z   "service": "session",
2026-10-07T10:01:59.8855038Z   "context": "inputTokens",
2026-10-07T10:01:59.8855414Z   "result": 24998,
2026-10-07T10:01:59.8855779Z   "message": "toNumber success"
2026-10-07T10:01:59.8856145Z }
2026-10-07T10:01:59.8870601Z {
2026-10-07T10:01:59.8870913Z   "type": "log",
2026-10-07T10:01:59.8871241Z   "level": "debug",
2026-10-07T10:01:59.8871788Z   "timestamp": "2026-10-07T10:01:59.814Z",
2026-10-07T10:01:59.8872224Z   "service": "session",
2026-10-07T10:01:59.8872622Z   "context": "cacheWriteTokens",
2026-10-07T10:01:59.8873043Z   "valueType": "undefined",
2026-10-07T10:01:59.8873420Z   "value": "undefined",
2026-10-07T10:01:59.8873776Z   "message": "toNumber input"
2026-10-07T10:01:59.8874141Z }
2026-10-07T10:01:59.8888745Z {
2026-10-07T10:01:59.8889393Z   "type": "log",
2026-10-07T10:01:59.8889794Z   "level": "debug",
2026-10-07T10:01:59.8890248Z   "timestamp": "2026-10-07T10:01:59.814Z",
2026-10-07T10:01:59.8890736Z   "service": "session",
2026-10-07T10:01:59.8891780Z   "context": "cacheWriteTokens",
2026-10-07T10:01:59.8892229Z   "valueType": "undefined",
2026-10-07T10:01:59.8892792Z   "message": "toNumber received undefined/null, returning 0"
2026-10-07T10:01:59.8893494Z }
2026-10-07T10:01:59.8912290Z {
2026-10-07T10:01:59.8913018Z   "type": "log",
2026-10-07T10:01:59.8916336Z   "level": "debug",
2026-10-07T10:01:59.8916789Z   "timestamp": "2026-10-07T10:01:59.815Z",
2026-10-07T10:01:59.8917226Z   "service": "session",
2026-10-07T10:01:59.8917625Z   "context": "reasoningTokens",
2026-10-07T10:01:59.8918037Z   "valueType": "undefined",
2026-10-07T10:01:59.8918405Z   "value": "undefined",
2026-10-07T10:01:59.8918758Z   "message": "toNumber input"
2026-10-07T10:01:59.8919125Z }
2026-10-07T10:01:59.9031096Z {
2026-10-07T10:01:59.9031662Z   "type": "log",
2026-10-07T10:01:59.9032005Z   "level": "debug",
2026-10-07T10:01:59.9032410Z   "timestamp": "2026-10-07T10:01:59.815Z",
2026-10-07T10:01:59.9032854Z   "service": "session",
2026-10-07T10:01:59.9033289Z   "context": "reasoningTokens",
2026-10-07T10:01:59.9033694Z   "valueType": "undefined",
2026-10-07T10:01:59.9034242Z   "message": "toNumber received undefined/null, returning 0"
2026-10-07T10:01:59.9034751Z }
2026-10-07T10:01:59.9047179Z {
2026-10-07T10:01:59.9047500Z   "type": "log",
2026-10-07T10:01:59.9047830Z   "level": "debug",
2026-10-07T10:01:59.9048222Z   "timestamp": "2026-10-07T10:01:59.815Z",
2026-10-07T10:01:59.9048664Z   "service": "session",
2026-10-07T10:01:59.9049024Z   "context": "outputTokens",
2026-10-07T10:01:59.9049407Z   "valueType": "number",
2026-10-07T10:01:59.9049754Z   "value": "230",
2026-10-07T10:01:59.9050089Z   "message": "toNumber input"
2026-10-07T10:01:59.9050444Z }
2026-10-07T10:01:59.9076205Z {
2026-10-07T10:01:59.9076565Z   "type": "log",
2026-10-07T10:01:59.9076924Z   "level": "debug",
2026-10-07T10:01:59.9077371Z   "timestamp": "2026-10-07T10:01:59.815Z",
2026-10-07T10:01:59.9077854Z   "service": "session",
2026-10-07T10:01:59.9078244Z   "context": "outputTokens",
2026-10-07T10:01:59.9078677Z   "result": 230,
2026-10-07T10:01:59.9079433Z   "message": "toNumber success"
2026-10-07T10:01:59.9079825Z }
2026-10-07T10:01:59.9093072Z {
2026-10-07T10:01:59.9093507Z   "type": "log",
2026-10-07T10:01:59.9093955Z   "level": "debug",
2026-10-07T10:01:59.9094459Z   "timestamp": "2026-10-07T10:01:59.815Z",
2026-10-07T10:01:59.9094989Z   "service": "session",
2026-10-07T10:01:59.9095436Z   "context": "cost_base",
2026-10-07T10:01:59.9095881Z   "valueType": "number",
2026-10-07T10:01:59.9096337Z   "value": "0",
2026-10-07T10:01:59.9096777Z   "message": "toDecimal input"
2026-10-07T10:01:59.9097240Z }
2026-10-07T10:01:59.9113455Z {
2026-10-07T10:01:59.9113687Z   "type": "log",
2026-10-07T10:01:59.9113930Z   "level": "debug",
2026-10-07T10:01:59.9114207Z   "timestamp": "2026-10-07T10:01:59.815Z",
2026-10-07T10:01:59.9114507Z   "service": "session",
2026-10-07T10:01:59.9114746Z   "context": "cost_base",
2026-10-07T10:01:59.9114979Z   "result": "0",
2026-10-07T10:01:59.9115259Z   "message": "toDecimal success"
2026-10-07T10:01:59.9115503Z }
2026-10-07T10:01:59.9133076Z {
2026-10-07T10:01:59.9133540Z   "type": "log",
2026-10-07T10:01:59.9133957Z   "level": "debug",
2026-10-07T10:01:59.9134443Z   "timestamp": "2026-10-07T10:01:59.815Z",
2026-10-07T10:01:59.9134925Z   "service": "session",
2026-10-07T10:01:59.9135362Z   "context": "tokens.input",
2026-10-07T10:01:59.9135813Z   "valueType": "number",
2026-10-07T10:01:59.9136252Z   "value": "24998",
2026-10-07T10:01:59.9136698Z   "message": "toDecimal input"
2026-10-07T10:01:59.9137138Z }
2026-10-07T10:01:59.9159146Z {
2026-10-07T10:01:59.9159648Z   "type": "log",
2026-10-07T10:01:59.9160250Z   "level": "debug",
2026-10-07T10:01:59.9160857Z   "timestamp": "2026-10-07T10:01:59.815Z",
2026-10-07T10:01:59.9161671Z   "service": "session",
2026-10-07T10:01:59.9162052Z   "context": "tokens.input",
2026-10-07T10:01:59.9162436Z   "result": "24998",
2026-10-07T10:01:59.9162827Z   "message": "toDecimal success"
2026-10-07T10:01:59.9163539Z }
2026-10-07T10:01:59.9179161Z {
2026-10-07T10:01:59.9179395Z   "type": "log",
2026-10-07T10:01:59.9179697Z   "level": "debug",
2026-10-07T10:01:59.9180071Z   "timestamp": "2026-10-07T10:01:59.815Z",
2026-10-07T10:01:59.9180358Z   "service": "session",
2026-10-07T10:01:59.9180630Z   "context": "costInfo.input",
2026-10-07T10:01:59.9180889Z   "valueType": "number",
2026-10-07T10:01:59.9181122Z   "value": "0",
2026-10-07T10:01:59.9181360Z   "message": "toDecimal input"
2026-10-07T10:01:59.9181990Z }
2026-10-07T10:01:59.9292421Z {
2026-10-07T10:01:59.9292824Z   "type": "log",
2026-10-07T10:01:59.9293222Z   "level": "debug",
2026-10-07T10:01:59.9293724Z   "timestamp": "2026-10-07T10:01:59.815Z",
2026-10-07T10:01:59.9294246Z   "service": "session",
2026-10-07T10:01:59.9294690Z   "context": "costInfo.input",
2026-10-07T10:01:59.9295150Z   "result": "0",
2026-10-07T10:01:59.9295543Z   "message": "toDecimal success"
2026-10-07T10:01:59.9295944Z }
2026-10-07T10:01:59.9310766Z {
2026-10-07T10:01:59.9311113Z   "type": "log",
2026-10-07T10:01:59.9311540Z   "level": "debug",
2026-10-07T10:01:59.9311878Z   "timestamp": "2026-10-07T10:01:59.815Z",
2026-10-07T10:01:59.9312179Z   "service": "session",
2026-10-07T10:01:59.9312425Z   "context": "tokens.output",
2026-10-07T10:01:59.9312684Z   "valueType": "number",
2026-10-07T10:01:59.9312917Z   "value": "230",
2026-10-07T10:01:59.9313158Z   "message": "toDecimal input"
2026-10-07T10:01:59.9313404Z }
2026-10-07T10:01:59.9333271Z {
2026-10-07T10:01:59.9335146Z   "type": "log",
2026-10-07T10:01:59.9335680Z   "level": "debug",
2026-10-07T10:01:59.9336297Z   "timestamp": "2026-10-07T10:01:59.815Z",
2026-10-07T10:01:59.9337137Z   "service": "session",
2026-10-07T10:01:59.9337515Z   "context": "tokens.output",
2026-10-07T10:01:59.9337906Z   "result": "230",
2026-10-07T10:01:59.9338280Z   "message": "toDecimal success"
2026-10-07T10:01:59.9338658Z }
2026-10-07T10:01:59.9350012Z {
2026-10-07T10:01:59.9350354Z   "type": "log",
2026-10-07T10:01:59.9350713Z   "level": "debug",
2026-10-07T10:01:59.9351160Z   "timestamp": "2026-10-07T10:01:59.815Z",
2026-10-07T10:01:59.9352080Z   "service": "session",
2026-10-07T10:01:59.9352512Z   "context": "costInfo.output",
2026-10-07T10:01:59.9352940Z   "valueType": "number",
2026-10-07T10:01:59.9353329Z   "value": "0",
2026-10-07T10:01:59.9353881Z   "message": "toDecimal input"
2026-10-07T10:01:59.9354334Z }
2026-10-07T10:01:59.9372345Z {
2026-10-07T10:01:59.9372694Z   "type": "log",
2026-10-07T10:01:59.9373043Z   "level": "debug",
2026-10-07T10:01:59.9373445Z   "timestamp": "2026-10-07T10:01:59.815Z",
2026-10-07T10:01:59.9373886Z   "service": "session",
2026-10-07T10:01:59.9374290Z   "context": "costInfo.output",
2026-10-07T10:01:59.9374669Z   "result": "0",
2026-10-07T10:01:59.9375034Z   "message": "toDecimal success"
2026-10-07T10:01:59.9375407Z }
2026-10-07T10:01:59.9391033Z {
2026-10-07T10:01:59.9391646Z   "type": "log",
2026-10-07T10:01:59.9391984Z   "level": "debug",
2026-10-07T10:01:59.9392390Z   "timestamp": "2026-10-07T10:01:59.815Z",
2026-10-07T10:01:59.9392845Z   "service": "session",
2026-10-07T10:01:59.9393262Z   "context": "tokens.cache.read",
2026-10-07T10:01:59.9393679Z   "valueType": "number",
2026-10-07T10:01:59.9394024Z   "value": "0",
2026-10-07T10:01:59.9394380Z   "message": "toDecimal input"
2026-10-07T10:01:59.9394753Z }
2026-10-07T10:01:59.9410136Z {
2026-10-07T10:01:59.9410559Z   "type": "log",
2026-10-07T10:01:59.9410965Z   "level": "debug",
2026-10-07T10:01:59.9411529Z   "timestamp": "2026-10-07T10:01:59.815Z",
2026-10-07T10:01:59.9412041Z   "service": "session",
2026-10-07T10:01:59.9412543Z   "context": "tokens.cache.read",
2026-10-07T10:01:59.9413012Z   "result": "0",
2026-10-07T10:01:59.9413449Z   "message": "toDecimal success"
2026-10-07T10:01:59.9413919Z }
2026-10-07T10:01:59.9429388Z {
2026-10-07T10:01:59.9429776Z   "type": "log",
2026-10-07T10:01:59.9430278Z   "level": "debug",
2026-10-07T10:01:59.9430852Z   "timestamp": "2026-10-07T10:01:59.815Z",
2026-10-07T10:01:59.9431302Z   "service": "session",
2026-10-07T10:01:59.9432149Z   "context": "costInfo.cache_read",
2026-10-07T10:01:59.9432586Z   "valueType": "number",
2026-10-07T10:01:59.9432934Z   "value": "0",
2026-10-07T10:01:59.9433300Z   "message": "toDecimal input"
2026-10-07T10:01:59.9433671Z }
2026-10-07T10:01:59.9447686Z {
2026-10-07T10:01:59.9448001Z   "type": "log",
2026-10-07T10:01:59.9448339Z   "level": "debug",
2026-10-07T10:01:59.9448731Z   "timestamp": "2026-10-07T10:01:59.815Z",
2026-10-07T10:01:59.9449162Z   "service": "session",
2026-10-07T10:01:59.9449563Z   "context": "costInfo.cache_read",
2026-10-07T10:01:59.9449972Z   "result": "0",
2026-10-07T10:01:59.9450390Z   "message": "toDecimal success"
2026-10-07T10:01:59.9450866Z }
2026-10-07T10:01:59.9466060Z {
2026-10-07T10:01:59.9466434Z   "type": "log",
2026-10-07T10:01:59.9466885Z   "level": "debug",
2026-10-07T10:01:59.9467313Z   "timestamp": "2026-10-07T10:01:59.815Z",
2026-10-07T10:01:59.9467765Z   "service": "session",
2026-10-07T10:01:59.9468206Z   "context": "tokens.cache.write",
2026-10-07T10:01:59.9468669Z   "valueType": "number",
2026-10-07T10:01:59.9469027Z   "value": "0",
2026-10-07T10:01:59.9469409Z   "message": "toDecimal input"
2026-10-07T10:01:59.9469778Z }
2026-10-07T10:01:59.9484764Z {
2026-10-07T10:01:59.9485379Z   "type": "log",
2026-10-07T10:01:59.9485766Z   "level": "debug",
2026-10-07T10:01:59.9486192Z   "timestamp": "2026-10-07T10:01:59.815Z",
2026-10-07T10:01:59.9486643Z   "service": "session",
2026-10-07T10:01:59.9487093Z   "context": "tokens.cache.write",
2026-10-07T10:01:59.9487522Z   "result": "0",
2026-10-07T10:01:59.9487920Z   "message": "toDecimal success"
2026-10-07T10:01:59.9488327Z }
2026-10-07T10:01:59.9505119Z {
2026-10-07T10:01:59.9505459Z   "type": "log",
2026-10-07T10:01:59.9505828Z   "level": "debug",
2026-10-07T10:01:59.9506264Z   "timestamp": "2026-10-07T10:01:59.815Z",
2026-10-07T10:01:59.9506760Z   "service": "session",
2026-10-07T10:01:59.9507196Z   "context": "costInfo.cache_write",
2026-10-07T10:01:59.9507648Z   "valueType": "number",
2026-10-07T10:01:59.9508046Z   "value": "0",
2026-10-07T10:01:59.9508431Z   "message": "toDecimal input"
2026-10-07T10:01:59.9509162Z }
2026-10-07T10:01:59.9573178Z {
2026-10-07T10:01:59.9573734Z   "type": "log",
2026-10-07T10:01:59.9574182Z   "level": "debug",
2026-10-07T10:01:59.9574683Z   "timestamp": "2026-10-07T10:01:59.815Z",
2026-10-07T10:01:59.9575221Z   "service": "session",
2026-10-07T10:01:59.9575710Z   "context": "costInfo.cache_write",
2026-10-07T10:01:59.9576201Z   "result": "0",
2026-10-07T10:01:59.9576656Z   "message": "toDecimal success"
2026-10-07T10:01:59.9577111Z }
2026-10-07T10:01:59.9597180Z {
2026-10-07T10:01:59.9597527Z   "type": "log",
2026-10-07T10:01:59.9597867Z   "level": "debug",
2026-10-07T10:01:59.9598267Z   "timestamp": "2026-10-07T10:01:59.815Z",
2026-10-07T10:01:59.9598710Z   "service": "session",
2026-10-07T10:01:59.9599110Z   "context": "tokens.reasoning",
2026-10-07T10:01:59.9599499Z   "valueType": "number",
2026-10-07T10:01:59.9599851Z   "value": "0",
2026-10-07T10:01:59.9600210Z   "message": "toDecimal input"
2026-10-07T10:01:59.9600610Z }
2026-10-07T10:01:59.9667309Z {
2026-10-07T10:01:59.9667674Z   "type": "log",
2026-10-07T10:01:59.9668020Z   "level": "debug",
2026-10-07T10:01:59.9668429Z   "timestamp": "2026-10-07T10:01:59.815Z",
2026-10-07T10:01:59.9668881Z   "service": "session",
2026-10-07T10:01:59.9669284Z   "context": "tokens.reasoning",
2026-10-07T10:01:59.9669679Z   "result": "0",
2026-10-07T10:01:59.9670039Z   "message": "toDecimal success"
2026-10-07T10:01:59.9670403Z }
2026-10-07T10:01:59.9683896Z {
2026-10-07T10:01:59.9684214Z   "type": "log",
2026-10-07T10:01:59.9684545Z   "level": "debug",
2026-10-07T10:01:59.9684948Z   "timestamp": "2026-10-07T10:01:59.815Z",
2026-10-07T10:01:59.9685385Z   "service": "session",
2026-10-07T10:01:59.9685827Z   "context": "costInfo.output_for_reasoning",
2026-10-07T10:01:59.9686351Z   "valueType": "number",
2026-10-07T10:01:59.9686695Z   "value": "0",
2026-10-07T10:01:59.9687052Z   "message": "toDecimal input"
2026-10-07T10:01:59.9687337Z }
2026-10-07T10:01:59.9703720Z {
2026-10-07T10:01:59.9704322Z   "type": "log",
2026-10-07T10:01:59.9704673Z   "level": "debug",
2026-10-07T10:01:59.9705041Z   "timestamp": "2026-10-07T10:01:59.815Z",
2026-10-07T10:01:59.9705441Z   "service": "session",
2026-10-07T10:01:59.9705835Z   "context": "costInfo.output_for_reasoning",
2026-10-07T10:01:59.9706241Z   "result": "0",
2026-10-07T10:01:59.9706571Z   "message": "toDecimal success"
2026-10-07T10:01:59.9706913Z }
2026-10-07T10:01:59.9720155Z {
2026-10-07T10:01:59.9720846Z   "type": "log",
2026-10-07T10:01:59.9721191Z   "level": "debug",
2026-10-07T10:01:59.9721967Z   "timestamp": "2026-10-07T10:01:59.815Z",
2026-10-07T10:01:59.9722646Z   "service": "session",
2026-10-07T10:01:59.9723022Z   "valueType": "string",
2026-10-07T10:01:59.9723597Z   "value": "stop",
2026-10-07T10:01:59.9723965Z   "message": "toFinishReason input"
2026-10-07T10:01:59.9724512Z }
2026-10-07T10:01:59.9748656Z {
2026-10-07T10:01:59.9753095Z   "type": "log",
2026-10-07T10:01:59.9753503Z   "level": "debug",
2026-10-07T10:01:59.9753958Z   "timestamp": "2026-10-07T10:01:59.815Z",
2026-10-07T10:01:59.9754482Z   "service": "session.processor",
2026-10-07T10:01:59.9754843Z   "providerID": "formalai",
2026-10-07T10:01:59.9755104Z   "modelID": "formal-ai",
2026-10-07T10:01:59.9755353Z   "parsedTokens": {
2026-10-07T10:01:59.9755576Z     "input": 24998,
2026-10-07T10:01:59.9755784Z     "output": 230,
2026-10-07T10:01:59.9755993Z     "reasoning": 0,
2026-10-07T10:01:59.9756202Z     "cache": {
2026-10-07T10:01:59.9756404Z       "write": 0,
2026-10-07T10:01:59.9756606Z       "read": 0
2026-10-07T10:01:59.9756861Z     }
2026-10-07T10:01:59.9757046Z   },
2026-10-07T10:01:59.9758174Z   "rawUsage": "{\"inputTokens\":24998,\"inputTokenDetails\":{\"noCacheTokens\":24998,\"cacheReadTokens\":0},\"outputTokens\":230,\"outputTokenDetails\":{\"textTokens\":230,\"reasoningTokens\":0},\"totalTokens\":25228,\"raw\":{\"prompt_tokens\":24998,\"completion_tokens\":230,\"total_tokens\":25228}}",
2026-10-07T10:01:59.9759290Z   "rawProviderMetadata": "{\"formalai\":{}}",
2026-10-07T10:01:59.9759614Z   "rawFinishReason": "stop",
2026-10-07T10:01:59.9760194Z   "respondedModelID": "formal-ai",
2026-10-07T10:01:59.9760536Z   "message": "step-finish raw usage diagnostics"
2026-10-07T10:01:59.9760829Z }
2026-10-07T10:01:59.9775076Z {
2026-10-07T10:01:59.9775582Z   "type": "log",
2026-10-07T10:01:59.9776285Z   "level": "info",
2026-10-07T10:01:59.9777128Z   "timestamp": "2026-10-07T10:01:59.815Z",
2026-10-07T10:01:59.9777977Z   "service": "session.processor",
2026-10-07T10:01:59.9778529Z   "providerID": "formalai",
2026-10-07T10:01:59.9778931Z   "modelID": "formal-ai",
2026-10-07T10:01:59.9779299Z   "contextLimit": 60000,
2026-10-07T10:01:59.9779667Z   "outputLimit": 8192,
2026-10-07T10:01:59.9780026Z   "usableContext": 51808,
2026-10-07T10:01:59.9780385Z   "safeLimit": 38856,
2026-10-07T10:01:59.9780677Z   "safetyMargin": 0.75,
2026-10-07T10:01:59.9780917Z   "currentTokens": 25228,
2026-10-07T10:01:59.9781285Z   "headroom": 13628,
2026-10-07T10:01:59.9781916Z   "overflow": false,
2026-10-07T10:01:59.9782315Z   "message": "step-finish context diagnostics"
2026-10-07T10:01:59.9782735Z }
2026-10-07T10:01:59.9814626Z {
2026-10-07T10:01:59.9817629Z   "type": "log",
2026-10-07T10:01:59.9818008Z   "level": "info",
2026-10-07T10:01:59.9818418Z   "timestamp": "2026-10-07T10:01:59.884Z",
2026-10-07T10:01:59.9818871Z   "service": "snapshot",
2026-10-07T10:01:59.9819367Z   "hash": "06bcf026f7587474a1746660c9f4a6f694a3f5d7\n",
2026-10-07T10:01:59.9819945Z   "cwd": "/tmp/gh-issue-solver-1791367266830",
2026-10-07T10:01:59.9820874Z   "git": "/home/box/.local/share/link-assistant-agent/snapshot/017b0927f8cf9a4f9cf10a4ebc3e59cd51dec5d9",
2026-10-07T10:01:59.9822947Z   "message": "tracking"
2026-10-07T10:01:59.9823470Z }
2026-10-07T10:01:59.9832379Z {
2026-10-07T10:01:59.9832814Z   "type": "message.part.updated",
2026-10-07T10:01:59.9833282Z   "level": "info",
2026-10-07T10:01:59.9833709Z   "timestamp": "2026-10-07T10:01:59.885Z",
2026-10-07T10:01:59.9834162Z   "service": "bus",
2026-10-07T10:01:59.9834845Z   "message": "publishing"
2026-10-07T10:01:59.9835219Z }
2026-10-07T10:01:59.9854728Z {
2026-10-07T10:01:59.9855093Z   "type": "step_finish",
2026-10-07T10:01:59.9855520Z   "timestamp": 1791367319885,
2026-10-07T10:01:59.9856061Z   "sessionID": "ses_eea3021fcffePVnhYj3ovsUsl4",
2026-10-07T10:01:59.9856575Z   "part": {
2026-10-07T10:01:59.9856969Z     "id": "prt_115d01107001WZ5L7bXsLkp6Ix",
2026-10-07T10:01:59.9857551Z     "sessionID": "ses_eea3021fcffePVnhYj3ovsUsl4",
2026-10-07T10:01:59.9858156Z     "messageID": "msg_115d00257001YA41iGFY5a7N2B",
2026-10-07T10:01:59.9858710Z     "type": "step-finish",
2026-10-07T10:01:59.9859096Z     "reason": "stop",
2026-10-07T10:01:59.9859616Z     "snapshot": "06bcf026f7587474a1746660c9f4a6f694a3f5d7",
2026-10-07T10:01:59.9860137Z     "cost": 0,
2026-10-07T10:01:59.9860454Z     "tokens": {
2026-10-07T10:01:59.9860764Z       "input": 24998,
2026-10-07T10:01:59.9861098Z       "output": 230,
2026-10-07T10:01:59.9861662Z       "reasoning": 0,
2026-10-07T10:01:59.9862023Z       "cache": {
2026-10-07T10:01:59.9862364Z         "read": 0,
2026-10-07T10:01:59.9862697Z         "write": 0
2026-10-07T10:01:59.9863034Z       }
2026-10-07T10:01:59.9863328Z     },
2026-10-07T10:01:59.9863617Z     "model": {
2026-10-07T10:01:59.9863986Z       "providerID": "formalai",
2026-10-07T10:01:59.9864464Z       "requestedModelID": "formal-ai",
2026-10-07T10:01:59.9864978Z       "respondedModelID": "formal-ai"
2026-10-07T10:01:59.9865396Z     },
2026-10-07T10:01:59.9865694Z     "context": {
2026-10-07T10:01:59.9866032Z       "contextLimit": 60000,
2026-10-07T10:01:59.9866431Z       "outputLimit": 8192,
2026-10-07T10:01:59.9866828Z       "usableContext": 51808,
2026-10-07T10:01:59.9867228Z       "safeLimit": 38856,
2026-10-07T10:01:59.9867604Z       "safetyMargin": 0.75,
2026-10-07T10:01:59.9867993Z       "currentTokens": 25228,
2026-10-07T10:01:59.9868384Z       "headroom": 13628,
2026-10-07T10:01:59.9868735Z       "overflow": false
2026-10-07T10:01:59.9888970Z     }
2026-10-07T10:01:59.9889315Z   }
2026-10-07T10:01:59.9889616Z }
2026-10-07T10:01:59.9889918Z {
2026-10-07T10:01:59.9890568Z   "type": "message.updated",
2026-10-07T10:01:59.9891007Z   "level": "info",
2026-10-07T10:01:59.9891639Z   "timestamp": "2026-10-07T10:01:59.885Z",
2026-10-07T10:01:59.9892104Z   "service": "bus",
2026-10-07T10:01:59.9892490Z   "message": "publishing"
2026-10-07T10:01:59.9892863Z }
2026-10-07T10:01:59.9896497Z {
2026-10-07T10:01:59.9896849Z   "type": "message.updated",
2026-10-07T10:01:59.9897253Z   "level": "info",
2026-10-07T10:01:59.9897687Z   "timestamp": "2026-10-07T10:01:59.970Z",
2026-10-07T10:01:59.9898088Z   "service": "bus",
2026-10-07T10:01:59.9898426Z   "message": "publishing"
2026-10-07T10:01:59.9898788Z }
2026-10-07T10:02:00.0003481Z {
2026-10-07T10:02:00.0003777Z   "type": "message.updated",
2026-10-07T10:02:00.0004084Z   "level": "info",
2026-10-07T10:02:00.0004375Z   "timestamp": "2026-10-07T10:01:59.972Z",
2026-10-07T10:02:00.0004675Z   "service": "bus",
2026-10-07T10:02:00.0004945Z   "message": "publishing"
2026-10-07T10:02:00.0005180Z }
2026-10-07T10:02:00.0021578Z {
2026-10-07T10:02:00.0021937Z   "type": "log",
2026-10-07T10:02:00.0022286Z   "level": "info",
2026-10-07T10:02:00.0022699Z   "timestamp": "2026-10-07T10:01:59.972Z",
2026-10-07T10:02:00.0023208Z   "service": "session.prompt",
2026-10-07T10:02:00.0023595Z   "step": 2,
2026-10-07T10:02:00.0024014Z   "sessionID": "ses_eea3021fcffePVnhYj3ovsUsl4",
2026-10-07T10:02:00.0024502Z   "message": "loop"
2026-10-07T10:02:00.0024819Z }
2026-10-07T10:02:00.0040616Z {
2026-10-07T10:02:00.0040879Z   "type": "message.updated",
2026-10-07T10:02:00.0041182Z   "level": "info",
2026-10-07T10:02:00.0041682Z   "timestamp": "2026-10-07T10:01:59.977Z",
2026-10-07T10:02:00.0042284Z   "service": "bus",
2026-10-07T10:02:00.0042632Z   "message": "publishing"
2026-10-07T10:02:00.0042984Z }
2026-10-07T10:02:00.0059825Z {
2026-10-07T10:02:00.0060165Z   "type": "log",
2026-10-07T10:02:00.0060511Z   "level": "info",
2026-10-07T10:02:00.0061256Z   "timestamp": "2026-10-07T10:01:59.977Z",
2026-10-07T10:02:00.0061918Z   "service": "session.summary",
2026-10-07T10:02:00.0062496Z   "hint": "Enable with --summarize-session flag (enabled by default) or AGENT_SUMMARIZE_SESSION=true",
2026-10-07T10:02:00.0063122Z   "message": "session summarization disabled"
2026-10-07T10:02:00.0063572Z }
2026-10-07T10:02:00.0077807Z {
2026-10-07T10:02:00.0078157Z   "type": "session.updated",
2026-10-07T10:02:00.0078573Z   "level": "info",
2026-10-07T10:02:00.0078981Z   "timestamp": "2026-10-07T10:01:59.978Z",
2026-10-07T10:02:00.0079416Z   "service": "bus",
2026-10-07T10:02:00.0079761Z   "message": "publishing"
2026-10-07T10:02:00.0080117Z }
2026-10-07T10:02:00.0105259Z {
2026-10-07T10:02:00.0105629Z   "type": "session.diff",
2026-10-07T10:02:00.0106324Z   "level": "info",
2026-10-07T10:02:00.0106752Z   "timestamp": "2026-10-07T10:01:59.978Z",
2026-10-07T10:02:00.0107195Z   "service": "bus",
2026-10-07T10:02:00.0107537Z   "message": "publishing"
2026-10-07T10:02:00.0107907Z }
2026-10-07T10:02:00.0122840Z {
2026-10-07T10:02:00.0123074Z   "type": "log",
2026-10-07T10:02:00.0123333Z   "level": "info",
2026-10-07T10:02:00.0123619Z   "timestamp": "2026-10-07T10:01:59.979Z",
2026-10-07T10:02:00.0123951Z   "service": "session.prompt",
2026-10-07T10:02:00.0124279Z   "sessionID": "ses_eea3021fcffePVnhYj3ovsUsl4",
2026-10-07T10:02:00.0124596Z   "message": "exiting loop"
2026-10-07T10:02:00.0124833Z }
2026-10-07T10:02:00.0139485Z {
2026-10-07T10:02:00.0139816Z   "type": "log",
2026-10-07T10:02:00.0140170Z   "level": "info",
2026-10-07T10:02:00.0140534Z   "timestamp": "2026-10-07T10:01:59.979Z",
2026-10-07T10:02:00.0140916Z   "service": "session.compaction",
2026-10-07T10:02:00.0141191Z   "message": "pruning"
2026-10-07T10:02:00.0141934Z }
2026-10-07T10:02:00.0160573Z {
2026-10-07T10:02:00.0160903Z   "type": "log",
2026-10-07T10:02:00.0161234Z   "level": "info",
2026-10-07T10:02:00.0161742Z   "timestamp": "2026-10-07T10:01:59.980Z",
2026-10-07T10:02:00.0162071Z   "service": "session.prompt",
2026-10-07T10:02:00.0162426Z   "sessionID": "ses_eea3021fcffePVnhYj3ovsUsl4",
2026-10-07T10:02:00.0163052Z   "message": "cancel"
2026-10-07T10:02:00.0163287Z }
2026-10-07T10:02:00.0175031Z {
2026-10-07T10:02:00.0175393Z   "type": "session.status",
2026-10-07T10:02:00.0175797Z   "level": "info",
2026-10-07T10:02:00.0176190Z   "timestamp": "2026-10-07T10:01:59.980Z",
2026-10-07T10:02:00.0176505Z   "service": "bus",
2026-10-07T10:02:00.0176738Z   "message": "publishing"
2026-10-07T10:02:00.0176972Z }
2026-10-07T10:02:00.0189680Z {
2026-10-07T10:02:00.0190150Z   "type": "session.idle",
2026-10-07T10:02:00.0190446Z   "level": "info",
2026-10-07T10:02:00.0190710Z   "timestamp": "2026-10-07T10:01:59.980Z",
2026-10-07T10:02:00.0190999Z   "service": "bus",
2026-10-07T10:02:00.0191242Z   "message": "publishing"
2026-10-07T10:02:00.0191684Z }
2026-10-07T10:02:00.0204366Z {
2026-10-07T10:02:00.0204724Z   "type": "session_idle",
2026-10-07T10:02:00.0205009Z   "timestamp": 1791367319980,
2026-10-07T10:02:00.0205371Z   "sessionID": "ses_eea3021fcffePVnhYj3ovsUsl4"
2026-10-07T10:02:00.0205674Z }
2026-10-07T10:02:00.0218142Z {
2026-10-07T10:02:00.0218457Z   "type": "*",
2026-10-07T10:02:00.0218775Z   "level": "info",
2026-10-07T10:02:00.0219167Z   "timestamp": "2026-10-07T10:01:59.981Z",
2026-10-07T10:02:00.0219492Z   "service": "bus",
2026-10-07T10:02:00.0219722Z   "message": "unsubscribing"
2026-10-07T10:02:00.0219961Z }
2026-10-07T10:02:00.0235983Z {
2026-10-07T10:02:00.0236341Z   "type": "log",
2026-10-07T10:02:00.0236704Z   "level": "info",
2026-10-07T10:02:00.0237156Z   "timestamp": "2026-10-07T10:01:59.981Z",
2026-10-07T10:02:00.0237627Z   "service": "http",
2026-10-07T10:02:00.0237986Z   "caller": "global",
2026-10-07T10:02:00.0238339Z   "callNum": 5,
2026-10-07T10:02:00.0238700Z   "method": "POST",
2026-10-07T10:02:00.0239373Z   "url": "http://127.0.0.1:46237/session/ses_eea3021fcffePVnhYj3ovsUsl4/message",
2026-10-07T10:02:00.0240029Z   "status": 200,
2026-10-07T10:02:00.0240373Z   "statusText": "OK",
2026-10-07T10:02:00.0241089Z   "durationMs": 13222,
2026-10-07T10:02:00.0241622Z   "responseHeaders": {
2026-10-07T10:02:00.0242087Z     "access-control-allow-origin": "*",
2026-10-07T10:02:00.0242616Z     "content-type": "application/json",
2026-10-07T10:02:00.0243121Z     "date": "Wed, 07 Oct 2026 10:01:59 GMT",
2026-10-07T10:02:00.0243626Z     "transfer-encoding": "chunked"
2026-10-07T10:02:00.0244017Z   },
2026-10-07T10:02:00.0244336Z   "message": "HTTP response"
2026-10-07T10:02:00.0244718Z }
2026-10-07T10:02:00.0268457Z {
2026-10-07T10:02:00.0268811Z   "type": "log",
2026-10-07T10:02:00.0269169Z   "level": "info",
2026-10-07T10:02:00.0269624Z   "timestamp": "2026-10-07T10:01:59.981Z",
2026-10-07T10:02:00.0270107Z   "service": "http",
2026-10-07T10:02:00.0270462Z   "caller": "global",
2026-10-07T10:02:00.0270818Z   "callNum": 5,
2026-10-07T10:02:00.0271627Z   "url": "http://127.0.0.1:46237/session/ses_eea3021fcffePVnhYj3ovsUsl4/message",
2026-10-07T10:02:00.0284381Z   "bodyPreview": "{\"info\":{\"id\":\"msg_115d00257001YA41iGFY5a7N2B\",\"sessionID\":\"ses_eea3021fcffePVnhYj3ovsUsl4\",\"role\":\"assistant\",\"time\":{\"created\":1791367316055,\"completed\":1791367319971},\"parentID\":\"msg_115cfde10001sSSlm4YshCzmsz\",\"modelID\":\"formal-ai\",\"providerID\":\"formalai\",\"mode\":\"build\",\"path\":{\"cwd\":\"/tmp/gh-issue-solver-1791367266830\",\"root\":\"/tmp/gh-issue-solver-1791367266830\"},\"cost\":0,\"tokens\":{\"input\":24998,\"output\":230,\"reasoning\":0,\"cache\":{\"read\":0,\"write\":0}},\"finish\":\"stop\"},\"parts\":[{\"id\":\"prt_115d01105001aBvLvTK3u5uFq5\",\"sessionID\":\"ses_eea3021fcffePVnhYj3ovsUsl4\",\"messageID\":\"msg_115d00257001YA41iGFY5a7N2B\",\"type\":\"step-start\",\"snapshot\":\"06bcf026f7587474a1746660c9f4a6f694a3f5d7\"},{\"id\":\"prt_115d01105002FPiHs8uFhJ2lmr\",\"sessionID\":\"ses_eea3021fcffePVnhYj3ovsUsl4\",\"messageID\":\"msg_115d00257001YA41iGFY5a7N2B\",\"type\":\"text\",\"text\":\"The command failed: Error: File not found: /tmp/gh-issue-solver-1791367266830/e.g\\n\\nI detected a failure while working on this request. Would you like me to prepare an issue report with the diagnostic context? Reply `Report issue`.\",\"time\":{\"start\":1791367319814,\"end\":1791367319814}},{\"id\":\"prt_115d01107001WZ5L7bXsLkp6Ix\",\"sessionID\":\"ses_eea3021fcffePVnhYj3ovsUsl4\",\"messageID\":\"msg_115d00257001YA41iGFY5a7N2B\",\"type\":\"step-finish\",\"reason\":\"stop\",\"snapshot\":\"06bcf026f7587474a1746660c9f4a6f694a3f5d7\",\"cost\":0,\"tokens\":{\"input\":24998,\"output\":230,\"reasoning\":0,\"cache\":{\"read\":0,\"write\":0}},\"model\":{\"providerID\":\"formalai\",\"requestedModelID\":\"formal-ai\",\"respondedModelID\":\"formal-ai\"},\"context\":{\"contextLimit\":60000,\"outputLimit\":8192,\"usableContext\":51808,\"safeLimit\":38856,\"safetyMargin\":0.75,\"currentTokens\":25228,\"headroom\":13628,\"overflow\":false}}]}",
2026-10-07T10:02:00.0295141Z   "message": "HTTP response body"
2026-10-07T10:02:00.0295575Z }
2026-10-07T10:02:00.0295881Z {
2026-10-07T10:02:00.0296172Z   "type": "log",
2026-10-07T10:02:00.0296537Z   "level": "info",
2026-10-07T10:02:00.0296976Z   "timestamp": "2026-10-07T10:01:59.982Z",
2026-10-07T10:02:00.0297497Z   "service": "session.compaction",
2026-10-07T10:02:00.0297946Z   "pruned": 0,
2026-10-07T10:02:00.0298280Z   "total": 0,
2026-10-07T10:02:00.0298606Z   "message": "found"
2026-10-07T10:02:00.0298942Z }
2026-10-07T10:02:00.0306366Z {
2026-10-07T10:02:00.0306700Z   "type": "*",
2026-10-07T10:02:00.0307056Z   "level": "info",
2026-10-07T10:02:00.0307488Z   "timestamp": "2026-10-07T10:01:59.990Z",
2026-10-07T10:02:00.0307944Z   "service": "bus",
2026-10-07T10:02:00.0308307Z   "message": "unsubscribing"
2026-10-07T10:02:00.0308706Z }
2026-10-07T10:02:00.0321575Z {
2026-10-07T10:02:00.0321924Z   "type": "log",
2026-10-07T10:02:00.0322285Z   "level": "info",
2026-10-07T10:02:00.0322722Z   "timestamp": "2026-10-07T10:01:59.990Z",
2026-10-07T10:02:00.0323187Z   "service": "default",
2026-10-07T10:02:00.0323698Z   "directory": "/tmp/gh-issue-solver-1791367266830",
2026-10-07T10:02:00.0324603Z   "message": "disposing instance"
2026-10-07T10:02:00.0325011Z }
2026-10-07T10:02:00.0338836Z {
2026-10-07T10:02:00.0339186Z   "type": "log",
2026-10-07T10:02:00.0339538Z   "level": "info",
2026-10-07T10:02:00.0339970Z   "timestamp": "2026-10-07T10:01:59.990Z",
2026-10-07T10:02:00.0340440Z   "service": "state",
2026-10-07T10:02:00.0340921Z   "key": "/tmp/gh-issue-solver-1791367266830",
2026-10-07T10:02:00.0341760Z   "message": "waiting for state disposal to complete"
2026-10-07T10:02:00.0342258Z }
2026-10-07T10:02:00.0353342Z {
2026-10-07T10:02:00.0353673Z   "type": "log",
2026-10-07T10:02:00.0354029Z   "level": "info",
2026-10-07T10:02:00.0354461Z   "timestamp": "2026-10-07T10:01:59.991Z",
2026-10-07T10:02:00.0354922Z   "service": "state",
2026-10-07T10:02:00.0355387Z   "key": "/tmp/gh-issue-solver-1791367266830",
2026-10-07T10:02:00.0355949Z   "message": "state disposal completed"
2026-10-07T10:02:00.0356392Z }
2026-10-07T10:02:00.0368574Z {
2026-10-07T10:02:00.0368883Z   "type": "log",
2026-10-07T10:02:00.0369233Z   "level": "info",
2026-10-07T10:02:00.0369655Z   "timestamp": "2026-10-07T10:01:59.991Z",
2026-10-07T10:02:00.0370076Z   "service": "default",
2026-10-07T10:02:00.0370428Z   "hasError": false,
2026-10-07T10:02:00.0370769Z   "uptimeSeconds": 14,
2026-10-07T10:02:00.0371116Z   "message": "Agent exiting"
2026-10-07T10:02:00.0371688Z }
2026-10-07T10:02:00.0421095Z ℹ️  Agent recovered from earlier error and completed successfully
2026-10-07T10:02:00.0532655Z 
2026-10-07T10:02:00.0532899Z 
2026-10-07T10:02:00.0534301Z ❌ Agent reported error: Error: File not found: /tmp/gh-issue-solver-1791367266830/e.g
2026-10-07T10:02:00.0574046Z 
2026-10-07T10:02:00.0575058Z 📋 Error details (JSON):
2026-10-07T10:02:00.0606829Z {
2026-10-07T10:02:00.0607182Z   "type": "error",
2026-10-07T10:02:00.0607503Z   "exitCode": 0,
2026-10-07T10:02:00.0607784Z   "errorDetectedInOutput": true,
2026-10-07T10:02:00.0608095Z   "errorType": "AgentError",
2026-10-07T10:02:00.0608539Z   "errorMatch": "Error: File not found: /tmp/gh-issue-solver-1791367266830/e.g",
2026-10-07T10:02:00.0609900Z   "message": "Agent reported error: Error: File not found: /tmp/gh-issue-solver-1791367266830/e.g",
2026-10-07T10:02:00.0610461Z   "sessionId": "ses_eea3021fcffePVnhYj3ovsUsl4",
2026-10-07T10:02:00.0610788Z   "limitReached": false,
2026-10-07T10:02:00.0611036Z   "limitResetTime": null
2026-10-07T10:02:00.0611261Z }
2026-10-07T10:02:00.0808216Z 
2026-10-07T10:02:00.0809265Z 📈 System resources after execution:
2026-10-07T10:02:00.0823580Z    Memory: MemFree:          469476 kB
2026-10-07T10:02:00.0836221Z    Load: 1.41 1.67 0.89 1/290 1884
2026-10-07T10:02:26.4493812Z ℹ️  Formal AI attribution: no commit carried the evidence bundle (the model may not have committed anything)
2026-10-07T10:02:26.4515105Z ⚠️  1 process(es) still running in /tmp/gh-issue-solver-1791367266830 after the session ended:
2026-10-07T10:02:26.4527829Z    pid 1708: formal-ai serve --agent-mode --host 127.0.0.1 --port 45785
2026-10-07T10:02:26.5243321Z 
2026-10-07T10:02:26.5244734Z 📊 [DISK] phase=after_agent bytes=1924673002 deltaBytes=270426 path=/tmp/gh-issue-solver-1791367266830 size=1.8 GB delta=+264 KB
2026-10-07T10:02:26.5364106Z 📈 Resource usage (after AI execution):
2026-10-07T10:02:26.5364532Z    CPU load: 1.41 1.64 0.91 (4 CPUs)
2026-10-07T10:02:26.5364916Z    Memory: 14.2 GB available / 15.6 GB total (1.4 GB used)
2026-10-07T10:02:26.5365368Z    Process RSS: 189 MB, V8 heap: 45 MB used of 4.1 GB limit (1.1%)
2026-10-07T10:02:26.5365802Z    Disk (/): 79.5 GB available / 144.3 GB total (44.9% used)
2026-10-07T10:02:26.5366329Z    Agent snapshot stores (/home/box/.local/share/link-assistant-agent): 1 store(s), 1009 KB
2026-10-07T10:02:26.5367071Z    Container memory (cgroup v2): 2.2 GB used of no limit of its own, peak 2.4 GB; processes killed by the OOM killer so far: 0
2026-10-07T10:02:26.5373073Z 📈 [RESOURCES] phase=after_agent ts=2026-10-07T10%3A02%3A26.524Z load1=1.41 load5=1.64 load15=0.91 cpuCount=4 memTotalBytes=16766414848 memAvailableBytes=15274254336 memUsedBytes=1492160512 processRssBytes=198250496 processHeapUsedBytes=47677008 processHeapTotalBytes=104894464 processExternalBytes=5041600 processHeapLimitBytes=4395630592 processHeapUsedPercent=1.084645467860098 diskPath=%2F diskTotalBytes=154894188544 diskAvailableBytes=85388619776 diskUsedBytes=69488791552 diskUsedPercent=44.86210374010299 mem=14.2%20GB%20available%20%2F%2015.6%20GB%20total heap=45%20MB%20used%20of%204.1%20GB%20limit%20(1.1%25) disk=79.5%20GB%20available%20%2F%20144.3%20GB%20total agentStatePath=%2Fhome%2Fbox%2F.local%2Fshare%2Flink-assistant-agent agentStoreCount=1 agentStoreBytes=1033650 cgroupVersion=2 cgroupMemLimitBytes=null cgroupMemCurrentBytes=2395467776 cgroupMemPeakBytes=2530758656 cgroupOomEvents=0 cgroupOomKills=0
2026-10-07T10:02:26.9801224Z f77…2bc
2026-10-07T10:02:26.9802218Z {"isDraft":true,"state":"OPEN"}
2026-10-07T10:02:26.9837194Z    🔍 PR #2614 draft state: isDraft=true, state=OPEN
2026-10-07T10:02:26.9850628Z   ✅ PR status:              Already in draft mode
2026-10-07T10:02:26.9860708Z 
2026-10-07T10:02:26.9873759Z 💡 To continue this session:
2026-10-07T10:02:26.9882333Z 
2026-10-07T10:02:27.0437045Z    ℹ️ No uncommitted changes to preserve before recovery.
2026-10-07T10:02:27.0449240Z 
2026-10-07T10:02:27.0449827Z 📄 Attaching failure logs to Pull Request...
2026-10-07T10:02:27.0467745Z [use-m] use('fs') joined an in-flight load (alias fs-v-latest)
2026-10-07T10:02:27.0663717Z 📈 Resource usage (log upload start, 415KB log):
2026-10-07T10:02:27.0664362Z    CPU load: 1.38 1.63 0.91 (4 CPUs)
2026-10-07T10:02:27.0664939Z    Memory: 14.2 GB available / 15.6 GB total (1.4 GB used)
2026-10-07T10:02:27.0665612Z    Process RSS: 189 MB, V8 heap: 55 MB used of 4.1 GB limit (1.3%)
2026-10-07T10:02:27.0666336Z    Disk (/): 79.5 GB available / 144.3 GB total (44.9% used)
2026-10-07T10:02:27.0667215Z    Agent snapshot stores (/home/box/.local/share/link-assistant-agent): 1 store(s), 1009 KB
2026-10-07T10:02:27.0668439Z    Container memory (cgroup v2): 2.2 GB used of no limit of its own, peak 2.4 GB; processes killed by the OOM killer so far: 0
2026-10-07T10:02:27.0677929Z 📈 [RESOURCES] phase=log_upload_start ts=2026-10-07T10%3A02%3A27.054Z load1=1.38 load5=1.63 load15=0.91 cpuCount=4 memTotalBytes=16766414848 memAvailableBytes=15263596544 memUsedBytes=1502818304 processRssBytes=198381568 processHeapUsedBytes=57204032 processHeapTotalBytes=104894464 processExternalBytes=5119095 processHeapLimitBytes=4395630592 processHeapUsedPercent=1.3013839721679688 diskPath=%2F diskTotalBytes=154894188544 diskAvailableBytes=85388607488 diskUsedBytes=69488803840 diskUsedPercent=44.86211167326053 mem=14.2%20GB%20available%20%2F%2015.6%20GB%20total heap=55%20MB%20used%20of%204.1%20GB%20limit%20(1.3%25) disk=79.5%20GB%20available%20%2F%20144.3%20GB%20total agentStatePath=%2Fhome%2Fbox%2F.local%2Fshare%2Flink-assistant-agent agentStoreCount=1 agentStoreBytes=1033650 cgroupVersion=2 cgroupMemLimitBytes=null cgroupMemCurrentBytes=2396250112 cgroupMemPeakBytes=2530758656 cgroupOomEvents=0 cgroupOomKills=0
2026-10-07T10:02:27.0684768Z [use-m] use('https') loading (alias https-v-latest)
2026-10-07T10:02:27.0692848Z [use-m] use('https') loaded in 2ms
2026-10-07T10:02:27.2278888Z   📁 Log file too large for inline comment (415KB), using gh-upload-log
2026-10-07T10:02:27.2290266Z   📎 Uploading log using gh-upload-log...
2026-10-07T10:02:27.7323667Z   🔒 Sanitized 1 secrets using dual approach:
2026-10-07T10:02:27.7336002Z       • Known tokens: 0
2026-10-07T10:02:27.7351974Z       • Secretlint: [REDACTED] detections
2026-10-07T10:02:27.7365350Z       • Custom patterns: 0 detections
2026-10-07T10:02:27.7378843Z       • Hex tokens: 1
2026-10-07T10:02:27.8154531Z [use-m] use('child_process') loading (alias child_process-v-latest)
2026-10-07T10:02:27.8160929Z [use-m] use('child_process') loaded in 1ms
2026-10-07T10:02:28.5060047Z   ❌ gh-upload-log failed (log, attempt 1/3): ⏳ Uploading 416.88 KB (🌐 public)...
2026-10-07T10:02:28.5073351Z - Creating gist tmp-hive-mind-log-upload-jdCXCf-sanitized.log.txt
2026-10-07T10:02:28.5078250Z X Failed to create gist: HTTP 403: Resource not accessible by integration (https://api.github.com/gists)
2026-10-07T10:02:28.5079579Z ❌ Error: Failed to fetch authenticated GitHub username: gh: Resource not accessible by integration (HTTP 403)
2026-10-07T10:02:28.5080297Z 
2026-10-07T10:02:28.5080671Z   🔁 Retrying the log upload in 30s (attempt 2/3)...
2026-10-07T10:02:58.5137986Z [use-m] use('child_process') joined an in-flight load (alias child_process-v-latest)
2026-10-07T10:02:59.1377982Z   ❌ gh-upload-log failed (log, attempt 2/3): ⏳ Uploading 416.88 KB (🌐 public)...
2026-10-07T10:02:59.1379333Z - Creating gist tmp-hive-mind-log-upload-jdCXCf-sanitized.log.txt
2026-10-07T10:02:59.1380893Z X Failed to create gist: HTTP 403: Resource not accessible by integration (https://api.github.com/gists)
2026-10-07T10:02:59.1382884Z ❌ Error: Failed to fetch authenticated GitHub username: gh: Resource not accessible by integration (HTTP 403)
2026-10-07T10:02:59.1384001Z 
2026-10-07T10:02:59.1390491Z   🔁 Retrying the log upload in 2m (attempt 3/3)...
2026-10-07T10:04:59.1444404Z [use-m] use('child_process') joined an in-flight load (alias child_process-v-latest)
2026-10-07T10:04:59.8498914Z   ❌ gh-upload-log failed (log, attempt 3/3): ⏳ Uploading 416.88 KB (🌐 public)...
2026-10-07T10:04:59.8499589Z - Creating gist tmp-hive-mind-log-upload-jdCXCf-sanitized.log.txt
2026-10-07T10:04:59.8500320Z X Failed to create gist: HTTP 403: Resource not accessible by integration (https://api.github.com/gists)
2026-10-07T10:04:59.8501272Z ❌ Error: Failed to fetch authenticated GitHub username: gh: Resource not accessible by integration (HTTP 403)
2026-10-07T10:04:59.8503448Z 
2026-10-07T10:04:59.8537142Z   ❌ gh-upload-log failed
2026-10-07T10:04:59.8554196Z   ⚠️  Full log upload failed; not posting a truncated log because --attach-logs must preserve complete logs
2026-10-07T10:04:59.8573918Z   📁 Full log remains available inside this docker container at: /home/box/solve-2026-10-07T10-00-49-306Z.log
2026-10-07T10:04:59.8624814Z [use-m] use('fs') joined an in-flight load (alias fs-v-latest)
2026-10-07T10:05:00.8163538Z {"url":"https://api.github.com/repos/link-assistant/hive-mind/issues/comments/6035655582","html_url":"https://github.com/link-assistant/hive-mind/pull/2614#issuecomment-6035655582","issue_url":"https://api.github.com/repos/link-assistant/hive-mind/issues/2614","id":6035655582,"node_id":"IC_kwDOPUU0qc8AAAABZ8DLng","user":{"login":"github-actions[bot]","id":41898282,"node_id":"MDM6Qm90NDE4OTgyODI=","avatar_url":"https://avatars.githubusercontent.com/in/15368?v=4","gravatar_id":"","url":"https://api.github.com/users/github-actions%5Bbot%5D","html_url":"https://github.com/apps/github-actions","followers_url":"https://api.github.com/users/github-actions%5Bbot%5D/followers","following_url":"https://api.github.com/users/github-actions%5Bbot%5D/following{/other_user}","gists_url":"https://api.github.com/users/github-actions%5Bbot%5D/gists{/gist_id}","starred_url":"https://api.github.com/users/github-actions%5Bbot%5D/starred{/owner}{/repo}","subscriptions_url":"https://api.github.com/users/github-actions%5Bbot%5D/subscriptions","organizations_url":"https://api.github.com/users/github-actions%5Bbot%5D/orgs","repos_url":"https://api.github.com/users/github-actions%5Bbot%5D/repos","events_url":"https://api.github.com/users/github-actions%5Bbot%5D/events{/privacy}","received_events_url":"https://api.github.com/users/github-actions%5Bbot%5D/received_events","type":"Bot","user_view_type":"public","site_admin":false},"created_at":"2026-10-07T10:05:00Z","updated_at":"2026-10-07T10:05:00Z","author_association":"CONTRIBUTOR","body":"## 🚨 Solution Draft Failed\nThe automated solution draft encountered an error:\n```\nAGENT execution failed with Agent reported error: Error: File not found: /tmp/gh-issue-solver-1791367266830/e.g\n```\n\n### ⚠️ Log Upload Failed\nThe complete failure log (415 KB) could not be uploaded after 3 attempts, so it is not attached here. A partial log is not posted instead, because it could be mistaken for the complete trace.\n\nLast upload error:\n```\nX Failed to create gist: HTTP 403: Resource not accessible by integration (https://api.github.com/gists)\n❌ Error: Failed to fetch authenticated GitHub username: gh: Resource not accessible by integration (HTTP 403)\n```\n\nThe complete log is kept inside the docker container that ran this session (the path exists only while that container exists):\n```\n/home/box/solve-2026-10-07T10-00-49-306Z.log\n```\nTo publish it from there:\n```bash\ngh-upload-log \"/home/box/solve-2026-10-07T10-00-49-306Z.log\" --public\n```\n\n---\n*Now working session is ended, feel free to review and add any feedback on the solution draft.*","reactions":{"url":"https://api.github.com/repos/link-assistant/hive-mind/issues/comments/6035655582/reactions","total_count":0,"+1":0,"-1":0,"laugh":0,"hooray":0,"confused":0,"heart":0,"rocket":0,"eyes":0},"performed_via_github_app":{"id":15368,"slug":"github-actions","node_id":"MDM6QXBwMTUzNjg=","owner":{"login":"github","id":9919,"node_id":"MDEyOk9yZ2FuaXphdGlvbjk5MTk=","avatar_url":"https://avatars.githubusercontent.com/u/9919?v=4","gravatar_id":"","url":"https://api.github.com/users/github","html_url":"https://github.com/github","followers_url":"https://api.github.com/users/github/followers","following_url":"https://api.github.com/users/github/following{/other_user}","gists_url":"https://api.github.com/users/github/gists{/gist_id}","starred_url":"https://api.github.com/users/github/starred{/owner}{/repo}","subscriptions_url":"https://api.github.com/users/github/subscriptions","organizations_url":"https://api.github.com/users/github/orgs","repos_url":"https://api.github.com/users/github/repos","events_url":"https://api.github.com/users/github/events{/privacy}","received_events_url":"https://api.github.com/users/github/received_events","type":"Organization","user_view_type":"public","site_admin":false},"name":"GitHub Actions","description":"Automate your workflow from idea to production","external_url":"https://help.github.com/en/actions","html_url":"https://github.com/apps/github-actions","created_at":"2018-07-30T09:30:17Z","updated_at":"2026-06-18T16:17:48Z","permissions":{"actions":"write","administration":"read","artifact_metadata":"write","attestations":"write","checks":"write","code_quality":"write","contents":"write","copilot_requests":"write","deployments":"write","discussions":"write","drives":"write","issues":"write","merge_queues":"write","metadata":"read","models":"read","packages":"write","pages":"write","pull_requests":"write","repository_hooks":"write","repository_projects":"write","security_events":"write","statuses":"write","vulnerability_alerts":"read"},"events":["branch_protection_rule","check_run","check_suite","create","delete","deployment","deployment_status","discussion","discussion_comment","fork","gollum","issues","issue_comment","label","merge_group","milestone","page_build","public","pull_request","pull_request_review","pull_request_review_comment","push","registry_package","release","repository","repository_dispatch","status","watch","workflow_dispatch","workflow_run"]},"minimized":null,"pin":null}  📝 Posted a "Log Upload Failed" comment explaining why the log is not attached (comment id=6035655582)
2026-10-07T10:05:00.8260899Z 📈 Resource usage (log upload end):
2026-10-07T10:05:00.8261537Z    CPU load: 0.84 1.22 0.85 (4 CPUs)
2026-10-07T10:05:00.8262117Z    Memory: 14.3 GB available / 15.6 GB total (1.3 GB used)
2026-10-07T10:05:00.8262850Z    Process RSS: 132 MB, V8 heap: 42 MB used of 4.1 GB limit (1.0%)
2026-10-07T10:05:00.8263525Z    Disk (/): 79.5 GB available / 144.3 GB total (44.9% used)
2026-10-07T10:05:00.8264379Z    Agent snapshot stores (/home/box/.local/share/link-assistant-agent): 1 store(s), 1009 KB
2026-10-07T10:05:00.8265615Z    Container memory (cgroup v2): 2.2 GB used of no limit of its own, peak 2.4 GB; processes killed by the OOM killer so far: 0
2026-10-07T10:05:00.8272263Z 📈 [RESOURCES] phase=log_upload_end ts=2026-10-07T10%3A05%3A00.813Z load1=0.84 load5=1.22 load15=0.85 cpuCount=4 memTotalBytes=16766414848 memAvailableBytes=15404941312 memUsedBytes=1361473536 processRssBytes=138878976 processHeapUsedBytes=43814512 processHeapTotalBytes=47448064 processExternalBytes=5065531 processHeapLimitBytes=4395630592 processHeapUsedPercent=0.9967742075446907 diskPath=%2F diskTotalBytes=154894188544 diskAvailableBytes=85387763712 diskUsedBytes=69489647616 diskUsedPercent=44.862656416745054 mem=14.3%20GB%20available%20%2F%2015.6%20GB%20total heap=42%20MB%20used%20of%204.1%20GB%20limit%20(1.0%25) disk=79.5%20GB%20available%20%2F%20144.3%20GB%20total agentStatePath=%2Fhome%2Fbox%2F.local%2Fshare%2Flink-assistant-agent agentStoreCount=1 agentStoreBytes=1033650 cgroupVersion=2 cgroupMemLimitBytes=null cgroupMemCurrentBytes=2338746368 cgroupMemPeakBytes=2530758656 cgroupOomEvents=0 cgroupOomKills=0
2026-10-07T10:05:00.8283154Z   ⚠️  Failed to upload failure logs
2026-10-07T10:05:00.8402176Z 📈 Resource usage (solve exit 1):
2026-10-07T10:05:00.8402714Z    CPU load: 0.84 1.22 0.85 (4 CPUs)
2026-10-07T10:05:00.8403264Z    Memory: 14.3 GB available / 15.6 GB total (1.3 GB used)
2026-10-07T10:05:00.8403734Z    Process RSS: 132 MB, V8 heap: 42 MB used of 4.1 GB limit (1.0%)
2026-10-07T10:05:00.8404164Z    Disk (/): 79.5 GB available / 144.3 GB total (44.9% used)
2026-10-07T10:05:00.8404709Z    Agent snapshot stores (/home/box/.local/share/link-assistant-agent): 1 store(s), 1009 KB
2026-10-07T10:05:00.8405475Z    Container memory (cgroup v2): 2.2 GB used of no limit of its own, peak 2.4 GB; processes killed by the OOM killer so far: 0
2026-10-07T10:05:00.8410831Z 📈 [RESOURCES] phase=solve_exit ts=2026-10-07T10%3A05%3A00.828Z load1=0.84 load5=1.22 load15=0.85 cpuCount=4 memTotalBytes=16766414848 memAvailableBytes=15404937216 memUsedBytes=1361477632 processRssBytes=138878976 processHeapUsedBytes=43934328 processHeapTotalBytes=47448064 processExternalBytes=5065531 processHeapLimitBytes=4395630592 processHeapUsedPercent=0.9995000052998084 diskPath=%2F diskTotalBytes=154894188544 diskAvailableBytes=85387739136 diskUsedBytes=69489672192 diskUsedPercent=44.86267228306014 mem=14.3%20GB%20available%20%2F%2015.6%20GB%20total heap=42%20MB%20used%20of%204.1%20GB%20limit%20(1.0%25) disk=79.5%20GB%20available%20%2F%20144.3%20GB%20total agentStatePath=%2Fhome%2Fbox%2F.local%2Fshare%2Flink-assistant-agent agentStoreCount=1 agentStoreBytes=1033650 cgroupVersion=2 cgroupMemLimitBytes=null cgroupMemCurrentBytes=2338660352 cgroupMemPeakBytes=2530758656 cgroupOomEvents=0 cgroupOomKills=0
2026-10-07T10:05:00.8424681Z 🩹 PR #2614 was left in draft by a working session (AGENT execution failed with Agent reported error: Error: File not found: /tmp/gh-issue-solver-1791367266830/e.g); restoring its pre-run state at run end (AGENT execution failed with Agent reported error: Error: File not found: /tmp/gh-issue-solver-1791367266830/e.g)
2026-10-07T10:05:01.1867669Z {"isDraft":true,"state":"OPEN"}
2026-10-07T10:05:01.1914057Z    🔍 PR #2614 draft state: isDraft=true, state=OPEN
2026-10-07T10:05:01.1931051Z   📝 Converting PR:          To ready for review (run end (AGENT execution failed with Agent reported error: Error: File not found: /tmp/gh-issue-solver-1791367266830/e.g))...
2026-10-07T10:05:02.2689640Z ✓ Pull request link-assistant/hive-mind#2614 is marked as "ready for review"
2026-10-07T10:05:02.2727308Z   ✅ PR converted:           Now in ready for review
2026-10-07T10:05:02.2737077Z [use-m] use('path') joined an in-flight load (alias path-v-latest)
2026-10-07T10:05:02.2747056Z 
2026-10-07T10:05:02.2758355Z ❌ AGENT execution failed with Agent reported error: Error: File not found: /tmp/gh-issue-solver-1791367266830/e.g
2026-10-07T10:05:02.2773370Z 📁 Full log file: /home/box/solve-2026-10-07T10-00-49-306Z.log
2026-10-07T10:05:02.3826421Z   ℹ️  Failure already reported on pull request #2614 by an earlier tool comment; not posting another.
2026-10-07T10:05:06.6904238Z Draft pull request: https://github.com/link-assistant/hive-mind/pull/2614
2026-10-07T10:05:06.6906619Z head_branch=issue-2613-2efa14ce78a7
2026-10-07T10:05:06.6906958Z pull_request_number=2614
2026-10-07T10:05:08.6203612Z Could not finalize the draft's state (Command failed: gh pr edit 2614 --add-label formal-ai-draft --repo link-assistant/hive-mind
2026-10-07T10:05:08.6204661Z 'formal-ai-draft' not found
2026-10-07T10:05:08.6205222Z ); the pull request itself is unaffected.
2026-10-07T10:05:08.6264302Z ##[error]Process completed with exit code 1.
2026-10-07T10:05:08.6349542Z Prepare all required actions
2026-10-07T10:05:08.6389213Z ##[group]Run ./.github/actions/dispatch-checks
2026-10-07T10:05:08.6389519Z with:
2026-10-07T10:05:08.6389736Z   ref: issue-2613-2efa14ce78a7
2026-10-07T10:05:08.6392880Z   token: [REDACTED]
2026-10-07T10:05:08.6393210Z   triggers-workflows: false
2026-10-07T10:05:08.6393644Z   workflows: release.yml security.yml links.yml workflows.yml
2026-10-07T10:05:08.6393993Z ##[endgroup]
2026-10-07T10:05:08.6400014Z ##[start-action display=Run node "$ACTION_PATH/../../../scripts/dispatch-checks.mjs";id=__self.__run]
2026-10-07T10:05:08.6417015Z ##[group]Run node "$ACTION_PATH/../../../scripts/dispatch-checks.mjs"
2026-10-07T10:05:08.6417531Z [36;1mnode "$ACTION_PATH/../../../scripts/dispatch-checks.mjs"[0m
2026-10-07T10:05:08.6775182Z shell: /usr/bin/bash --noprofile --norc -e -o pipefail {0}
2026-10-07T10:05:08.6775554Z env:
2026-10-07T10:05:08.6775790Z   CHECKS_REF: issue-2613-2efa14ce78a7
2026-10-07T10:05:08.6776239Z   CHECKS_WORKFLOWS: release.yml security.yml links.yml workflows.yml
2026-10-07T10:05:08.6779119Z   GH_TOKEN: [REDACTED]
2026-10-07T10:05:08.6779366Z   TRIGGERS_WORKFLOWS: false
2026-10-07T10:05:08.6779786Z   ACTION_PATH: /home/runner/work/hive-mind/hive-mind/./.github/actions/dispatch-checks
2026-10-07T10:05:08.6780213Z ##[endgroup]
2026-10-07T10:05:11.2395417Z ℹ️ gh: error is not retryable [transient=no]; propagating to caller.
2026-10-07T10:05:11.2459585Z node:internal/errors:986
2026-10-07T10:05:11.2460157Z   const err = new Error(message);
2026-10-07T10:05:11.2460613Z               ^
2026-10-07T10:05:11.2460752Z 
2026-10-07T10:05:11.2461314Z Error: Command failed: gh workflow run release.yml --repo link-assistant/hive-mind --ref issue-2613-2efa14ce78a7 -f mode=checks
2026-10-07T10:05:11.2462892Z could not create workflow dispatch event: HTTP 422: Required input 'bump_type' not provided (https://api.github.com/repos/link-assistant/hive-mind/actions/workflows/215799203/dispatches)
2026-10-07T10:05:11.2463539Z 
2026-10-07T10:05:11.2463741Z     at genericNodeError (node:internal/errors:986:15)
2026-10-07T10:05:11.2464119Z     at wrappedFn (node:internal/errors:540:14)
2026-10-07T10:05:11.2464521Z     at ChildProcess.exithandler (node:child_process:417:12)
2026-10-07T10:05:11.2465008Z     at ChildProcess.emit (node:events:514:28)
2026-10-07T10:05:11.2465596Z     at maybeClose (node:internal/child_process:1141:16)
2026-10-07T10:05:11.2466148Z     at ChildProcess._handle.onexit (node:internal/child_process:306:5) {
2026-10-07T10:05:11.2466597Z   code: 1,
2026-10-07T10:05:11.2466916Z   killed: false,
2026-10-07T10:05:11.2467290Z   signal: null,
2026-10-07T10:05:11.2468703Z   cmd: 'gh workflow run release.yml --repo link-assistant/hive-mind --ref issue-2613-2efa14ce78a7 -f mode=checks',
2026-10-07T10:05:11.2469586Z   stdout: '',
2026-10-07T10:05:11.2470904Z   stderr: "could not create workflow dispatch event: HTTP 422: Required input 'bump_type' not provided (https://api.github.com/repos/link-assistant/hive-mind/actions/workflows/215799203/dispatches)\n"
2026-10-07T10:05:11.2472251Z }
2026-10-07T10:05:11.2472400Z 
2026-10-07T10:05:11.2472524Z Node.js v24.21.0
2026-10-07T10:05:11.2545827Z ##[error]Process completed with exit code 1.
2026-10-07T10:05:11.2553638Z ##[end-action id=__self.__run;outcome=failure;conclusion=failure;duration_ms=2615]
2026-10-07T10:05:11.2636856Z ##[group]Run actions/upload-artifact@v7
2026-10-07T10:05:11.2637325Z with:
2026-10-07T10:05:11.2637673Z   name: formal-ai-draft-session-2613
2026-10-07T10:05:11.2638198Z   path: /home/runner/work/_temp/formal-ai-draft-logs
2026-10-07T10:05:11.2638721Z   if-no-files-found: warn
2026-10-07T10:05:11.2639130Z   retention-days: 30
2026-10-07T10:05:11.2639491Z   compression-level: 6
2026-10-07T10:05:11.2639846Z   overwrite: false
2026-10-07T10:05:11.2640203Z   include-hidden-files: false
2026-10-07T10:05:11.2640596Z   archive: true
2026-10-07T10:05:11.2640916Z ##[endgroup]
2026-10-07T10:05:11.5060837Z ##[warning]No files were found with the provided path: /home/runner/work/_temp/formal-ai-draft-logs. No artifacts will be uploaded.
2026-10-07T10:05:11.5339152Z Post job cleanup.
2026-10-07T10:05:11.5437271Z Post job cleanup.
2026-10-07T10:05:11.6337500Z [command]/usr/bin/git version
2026-10-07T10:05:11.6392444Z git version 2.55.0
2026-10-07T10:05:11.6428865Z Temporarily overriding HOME='/home/runner/work/_temp/0c7cc7b2-2164-41c4-b26c-3a15c9dc4e0d' before making global git config changes
2026-10-07T10:05:11.6430461Z Adding repository directory to the temporary git global config as a safe directory
2026-10-07T10:05:11.6435072Z [command]/usr/bin/git config --global --add safe.directory /home/runner/work/hive-mind/hive-mind
2026-10-07T10:05:11.6472826Z Removing SSH command configuration
2026-10-07T10:05:11.6480110Z [command]/usr/bin/git config --local --name-only --get-regexp core\.sshCommand
2026-10-07T10:05:11.6517844Z [command]/usr/bin/git submodule foreach --recursive sh -c "git config --local --name-only --get-regexp 'core\.sshCommand' && git config --local --unset-all 'core.sshCommand' || :"
2026-10-07T10:05:11.6817007Z Removing HTTP extra header
2026-10-07T10:05:11.6823134Z [command]/usr/bin/git config --local --name-only --get-regexp http\.https\:\/\/github\.com\/\.extraheader
2026-10-07T10:05:11.6870056Z [command]/usr/bin/git submodule foreach --recursive sh -c "git config --local --name-only --get-regexp 'http\.https\:\/\/github\.com\/\.extraheader' && git config --local --unset-all 'http.https://github.com/.extraheader' || :"
2026-10-07T10:05:11.7179197Z Removing includeIf entries pointing to credentials config files
2026-10-07T10:05:11.7189580Z [command]/usr/bin/git config --local --name-only --get-regexp ^includeIf\.gitdir:
2026-10-07T10:05:11.7246201Z [command]/usr/bin/git submodule foreach --recursive git config --local --show-origin --name-only --get-regexp remote.origin.url
2026-10-07T10:05:11.7724960Z Cleaning up orphan processes
