Test on bun (macos-latest)	Set up job	﻿2026-07-30T06:31:51.9729690Z Current runner version: '2.336.0'
Test on bun (macos-latest)	Set up job	2026-07-30T06:31:51.9745600Z ##[group]Runner Image Provisioner
Test on bun (macos-latest)	Set up job	2026-07-30T06:31:51.9746140Z Hosted Compute Agent
Test on bun (macos-latest)	Set up job	2026-07-30T06:31:51.9746510Z Version: 20260707.563
Test on bun (macos-latest)	Set up job	2026-07-30T06:31:51.9746910Z Commit: 02667638d2b423fbc733a8e32a88b44996a3ba6e
Test on bun (macos-latest)	Set up job	2026-07-30T06:31:51.9747380Z Build Date: 2026-07-07T19:33:50Z
Test on bun (macos-latest)	Set up job	2026-07-30T06:31:51.9747970Z Worker ID: {d9bc9b6c-f9b1-4d8c-ba66-8b3c259b3d21}
Test on bun (macos-latest)	Set up job	2026-07-30T06:31:51.9748440Z Azure Region: westus
Test on bun (macos-latest)	Set up job	2026-07-30T06:31:51.9748820Z ##[endgroup]
Test on bun (macos-latest)	Set up job	2026-07-30T06:31:51.9749810Z ##[group]Operating System
Test on bun (macos-latest)	Set up job	2026-07-30T06:31:51.9750330Z macOS
Test on bun (macos-latest)	Set up job	2026-07-30T06:31:51.9750690Z 26.4
Test on bun (macos-latest)	Set up job	2026-07-30T06:31:51.9751010Z 25E246
Test on bun (macos-latest)	Set up job	2026-07-30T06:31:51.9751330Z ##[endgroup]
Test on bun (macos-latest)	Set up job	2026-07-30T06:31:51.9751740Z ##[group]Runner Image
Test on bun (macos-latest)	Set up job	2026-07-30T06:31:51.9752150Z Image: macos-26-arm64
Test on bun (macos-latest)	Set up job	2026-07-30T06:31:51.9752530Z Version: 20260720.0258.1
Test on bun (macos-latest)	Set up job	2026-07-30T06:31:51.9753340Z Included Software: https://github.com/actions/runner-images/blob/macos-26-arm64/20260720.0258/images/macos/macos-26-arm64-Readme.md
Test on bun (macos-latest)	Set up job	2026-07-30T06:31:51.9754740Z Image Release: https://github.com/actions/runner-images/releases/tag/macos-26-arm64%2F20260720.0258
Test on bun (macos-latest)	Set up job	2026-07-30T06:31:51.9755450Z ##[endgroup]
Test on bun (macos-latest)	Set up job	2026-07-30T06:31:51.9756210Z ##[group]GITHUB_TOKEN Permissions
Test on bun (macos-latest)	Set up job	2026-07-30T06:31:51.9757370Z Contents: read
Test on bun (macos-latest)	Set up job	2026-07-30T06:31:51.9757740Z Metadata: read
Test on bun (macos-latest)	Set up job	2026-07-30T06:31:51.9758090Z ##[endgroup]
Test on bun (macos-latest)	Set up job	2026-07-30T06:31:51.9759720Z Secret source: Actions
Test on bun (macos-latest)	Set up job	2026-07-30T06:31:51.9760520Z Prepare workflow directory
Test on bun (macos-latest)	Set up job	2026-07-30T06:31:52.0336220Z Prepare all required actions
Test on bun (macos-latest)	Set up job	2026-07-30T06:31:52.0375000Z Getting action download info
Test on bun (macos-latest)	Set up job	2026-07-30T06:31:52.4915630Z Download action repository 'actions/checkout@v6' (SHA:d23441a48e516b6c34aea4fa41551a30e30af803)
Test on bun (macos-latest)	Set up job	2026-07-30T06:31:53.1815220Z Download action repository 'actions/setup-node@v6' (SHA:249970729cb0ef3589644e2896645e5dc5ba9c38)
Test on bun (macos-latest)	Set up job	2026-07-30T06:31:53.6619270Z Download action repository 'oven-sh/setup-bun@v2' (SHA:0c5077e51419868618aeaa5fe8019c62421857d6)
Test on bun (macos-latest)	Set up job	2026-07-30T06:31:54.3438360Z Download action repository 'denoland/setup-deno@v2' (SHA:22d081ff2d3a40755e97629de92e3bcbfa7cf2ed)
Test on bun (macos-latest)	Set up job	2026-07-30T06:31:54.8640320Z Complete job name: Test on bun (macos-latest)
Test on bun (macos-latest)	Checkout code	﻿2026-07-30T06:31:54.9280290Z ##[group]Run actions/checkout@v6
Test on bun (macos-latest)	Checkout code	2026-07-30T06:31:54.9280780Z with:
Test on bun (macos-latest)	Checkout code	2026-07-30T06:31:54.9281060Z   repository: link-foundation/use-m
Test on bun (macos-latest)	Checkout code	2026-07-30T06:31:54.9283430Z   token: ***
Test on bun (macos-latest)	Checkout code	2026-07-30T06:31:54.9283680Z   ssh-strict: true
Test on bun (macos-latest)	Checkout code	2026-07-30T06:31:54.9284040Z   ssh-user: git
Test on bun (macos-latest)	Checkout code	2026-07-30T06:31:54.9284350Z   persist-credentials: true
Test on bun (macos-latest)	Checkout code	2026-07-30T06:31:54.9300430Z   clean: true
Test on bun (macos-latest)	Checkout code	2026-07-30T06:31:54.9300760Z   sparse-checkout-cone-mode: true
Test on bun (macos-latest)	Checkout code	2026-07-30T06:31:54.9301050Z   fetch-depth: 1
Test on bun (macos-latest)	Checkout code	2026-07-30T06:31:54.9301270Z   fetch-tags: false
Test on bun (macos-latest)	Checkout code	2026-07-30T06:31:54.9301510Z   show-progress: true
Test on bun (macos-latest)	Checkout code	2026-07-30T06:31:54.9301740Z   lfs: false
Test on bun (macos-latest)	Checkout code	2026-07-30T06:31:54.9301950Z   submodules: false
Test on bun (macos-latest)	Checkout code	2026-07-30T06:31:54.9302180Z   set-safe-directory: true
Test on bun (macos-latest)	Checkout code	2026-07-30T06:31:54.9302440Z   allow-unsafe-pr-checkout: false
Test on bun (macos-latest)	Checkout code	2026-07-30T06:31:54.9303240Z ##[endgroup]
Test on bun (macos-latest)	Checkout code	2026-07-30T06:31:55.4455460Z Syncing repository: link-foundation/use-m
Test on bun (macos-latest)	Checkout code	2026-07-30T06:31:55.4459110Z ##[group]Getting Git version info
Test on bun (macos-latest)	Checkout code	2026-07-30T06:31:55.4460120Z Working directory is '/Users/runner/work/use-m/use-m'
Test on bun (macos-latest)	Checkout code	2026-07-30T06:31:55.4461980Z [command]/opt/homebrew/bin/git version
Test on bun (macos-latest)	Checkout code	2026-07-30T06:31:55.4757770Z git version 2.55.0
Test on bun (macos-latest)	Checkout code	2026-07-30T06:31:55.4779130Z ##[endgroup]
Test on bun (macos-latest)	Checkout code	2026-07-30T06:31:55.4794790Z Copying '/Users/runner/.gitconfig' to '/Users/runner/work/_temp/06f0fef6-8fde-4a8f-9c33-5f1abee7629a/.gitconfig'
Test on bun (macos-latest)	Checkout code	2026-07-30T06:31:55.4799160Z Temporarily overriding HOME='/Users/runner/work/_temp/06f0fef6-8fde-4a8f-9c33-5f1abee7629a' before making global git config changes
Test on bun (macos-latest)	Checkout code	2026-07-30T06:31:55.4800370Z Adding repository directory to the temporary git global config as a safe directory
Test on bun (macos-latest)	Checkout code	2026-07-30T06:31:55.4807990Z [command]/opt/homebrew/bin/git config --global --add safe.directory /Users/runner/work/use-m/use-m
Test on bun (macos-latest)	Checkout code	2026-07-30T06:31:55.4944840Z Deleting the contents of '/Users/runner/work/use-m/use-m'
Test on bun (macos-latest)	Checkout code	2026-07-30T06:31:55.4953100Z ##[group]Determining repository object format
Test on bun (macos-latest)	Checkout code	2026-07-30T06:31:55.4956440Z ##[endgroup]
Test on bun (macos-latest)	Checkout code	2026-07-30T06:31:55.4957530Z ##[group]Initializing the repository
Test on bun (macos-latest)	Checkout code	2026-07-30T06:31:55.4966680Z [command]/opt/homebrew/bin/git init /Users/runner/work/use-m/use-m
Test on bun (macos-latest)	Checkout code	2026-07-30T06:31:55.5266680Z hint: Using 'master' as the name for the initial branch. This default branch name
Test on bun (macos-latest)	Checkout code	2026-07-30T06:31:55.5268070Z hint: will change to "main" in Git 3.0. To configure the initial branch name
Test on bun (macos-latest)	Checkout code	2026-07-30T06:31:55.5269080Z hint: to use in all of your new repositories, which will suppress this warning,
Test on bun (macos-latest)	Checkout code	2026-07-30T06:31:55.5269520Z hint: call:
Test on bun (macos-latest)	Checkout code	2026-07-30T06:31:55.5269740Z hint:
Test on bun (macos-latest)	Checkout code	2026-07-30T06:31:55.5270150Z hint: 	git config --global init.defaultBranch <name>
Test on bun (macos-latest)	Checkout code	2026-07-30T06:31:55.5270610Z hint:
Test on bun (macos-latest)	Checkout code	2026-07-30T06:31:55.5271020Z hint: Names commonly chosen instead of 'master' are 'main', 'trunk' and
Test on bun (macos-latest)	Checkout code	2026-07-30T06:31:55.5271610Z hint: 'development'. The just-created branch can be renamed via this command:
Test on bun (macos-latest)	Checkout code	2026-07-30T06:31:55.5272050Z hint:
Test on bun (macos-latest)	Checkout code	2026-07-30T06:31:55.5272330Z hint: 	git branch -m <name>
Test on bun (macos-latest)	Checkout code	2026-07-30T06:31:55.5272580Z hint:
Test on bun (macos-latest)	Checkout code	2026-07-30T06:31:55.5272940Z hint: Disable this message with "git config set advice.defaultBranchName false"
Test on bun (macos-latest)	Checkout code	2026-07-30T06:31:55.5339430Z Initialized empty Git repository in /Users/runner/work/use-m/use-m/.git/
Test on bun (macos-latest)	Checkout code	2026-07-30T06:31:55.5353850Z [command]/opt/homebrew/bin/git remote add origin https://github.com/link-foundation/use-m
Test on bun (macos-latest)	Checkout code	2026-07-30T06:31:55.5626090Z ##[endgroup]
Test on bun (macos-latest)	Checkout code	2026-07-30T06:31:55.5627720Z ##[group]Disabling automatic garbage collection
Test on bun (macos-latest)	Checkout code	2026-07-30T06:31:55.5629820Z [command]/opt/homebrew/bin/git config --local gc.auto 0
Test on bun (macos-latest)	Checkout code	2026-07-30T06:31:55.5686680Z ##[endgroup]
Test on bun (macos-latest)	Checkout code	2026-07-30T06:31:55.5687860Z ##[group]Setting up auth
Test on bun (macos-latest)	Checkout code	2026-07-30T06:31:55.5688700Z Removing SSH command configuration
Test on bun (macos-latest)	Checkout code	2026-07-30T06:31:55.5690420Z [command]/opt/homebrew/bin/git config --local --name-only --get-regexp core\.sshCommand
Test on bun (macos-latest)	Checkout code	2026-07-30T06:31:55.5759240Z [command]/opt/homebrew/bin/git submodule foreach --recursive sh -c "git config --local --name-only --get-regexp 'core\.sshCommand' && git config --local --unset-all 'core.sshCommand' || :"
Test on bun (macos-latest)	Checkout code	2026-07-30T06:31:55.6849910Z Removing HTTP extra header
Test on bun (macos-latest)	Checkout code	2026-07-30T06:31:55.6853810Z [command]/opt/homebrew/bin/git config --local --name-only --get-regexp http\.https\:\/\/github\.com\/\.extraheader
Test on bun (macos-latest)	Checkout code	2026-07-30T06:31:55.6930680Z [command]/opt/homebrew/bin/git submodule foreach --recursive sh -c "git config --local --name-only --get-regexp 'http\.https\:\/\/github\.com\/\.extraheader' && git config --local --unset-all 'http.https://github.com/.extraheader' || :"
Test on bun (macos-latest)	Checkout code	2026-07-30T06:31:55.7781670Z Removing includeIf entries pointing to credentials config files
Test on bun (macos-latest)	Checkout code	2026-07-30T06:31:55.7783570Z [command]/opt/homebrew/bin/git config --local --name-only --get-regexp ^includeIf\.gitdir:
Test on bun (macos-latest)	Checkout code	2026-07-30T06:31:55.7852180Z [command]/opt/homebrew/bin/git submodule foreach --recursive git config --local --show-origin --name-only --get-regexp remote.origin.url
Test on bun (macos-latest)	Checkout code	2026-07-30T06:31:55.9674050Z [command]/opt/homebrew/bin/git config --file /Users/runner/work/_temp/git-credentials-4c9f6c45-79cb-4d19-9f05-fbc0beab4a54.config http.https://github.com/.extraheader AUTHORIZATION: basic ***
Test on bun (macos-latest)	Checkout code	2026-07-30T06:31:55.9690530Z [command]/opt/homebrew/bin/git config --local includeIf.gitdir:/Users/runner/work/use-m/use-m/.git.path /Users/runner/work/_temp/git-credentials-4c9f6c45-79cb-4d19-9f05-fbc0beab4a54.config
Test on bun (macos-latest)	Checkout code	2026-07-30T06:31:55.9694560Z [command]/opt/homebrew/bin/git config --local includeIf.gitdir:/Users/runner/work/use-m/use-m/.git/worktrees/*.path /Users/runner/work/_temp/git-credentials-4c9f6c45-79cb-4d19-9f05-fbc0beab4a54.config
Test on bun (macos-latest)	Checkout code	2026-07-30T06:31:55.9822710Z [command]/opt/homebrew/bin/git config --local includeIf.gitdir:/github/workspace/.git.path /github/runner_temp/git-credentials-4c9f6c45-79cb-4d19-9f05-fbc0beab4a54.config
Test on bun (macos-latest)	Checkout code	2026-07-30T06:31:55.9919610Z [command]/opt/homebrew/bin/git config --local includeIf.gitdir:/github/workspace/.git/worktrees/*.path /github/runner_temp/git-credentials-4c9f6c45-79cb-4d19-9f05-fbc0beab4a54.config
Test on bun (macos-latest)	Checkout code	2026-07-30T06:31:55.9999910Z ##[endgroup]
Test on bun (macos-latest)	Checkout code	2026-07-30T06:31:56.0000700Z ##[group]Fetching the repository
Test on bun (macos-latest)	Checkout code	2026-07-30T06:31:56.0015160Z [command]/opt/homebrew/bin/git -c protocol.version=2 fetch --no-tags --prune --no-recurse-submodules --depth=1 origin +2b1700965d70be9d8be94cbf5bb5949263258a7a:refs/remotes/pull/69/merge
Test on bun (macos-latest)	Checkout code	2026-07-30T06:31:56.7616730Z From https://github.com/link-foundation/use-m
Test on bun (macos-latest)	Checkout code	2026-07-30T06:31:56.7617700Z  * [new ref]         2b1700965d70be9d8be94cbf5bb5949263258a7a -> pull/69/merge
Test on bun (macos-latest)	Checkout code	2026-07-30T06:31:56.7630690Z ##[endgroup]
Test on bun (macos-latest)	Checkout code	2026-07-30T06:31:56.7631020Z ##[group]Determining the checkout info
Test on bun (macos-latest)	Checkout code	2026-07-30T06:31:56.7632420Z ##[endgroup]
Test on bun (macos-latest)	Checkout code	2026-07-30T06:31:56.7641510Z [command]/opt/homebrew/bin/git sparse-checkout disable
Test on bun (macos-latest)	Checkout code	2026-07-30T06:31:56.7734660Z [command]/opt/homebrew/bin/git config --local --unset-all extensions.worktreeConfig
Test on bun (macos-latest)	Checkout code	2026-07-30T06:31:56.7829250Z ##[group]Checking out the ref
Test on bun (macos-latest)	Checkout code	2026-07-30T06:31:56.7832740Z [command]/opt/homebrew/bin/git checkout --progress --force refs/remotes/pull/69/merge
Test on bun (macos-latest)	Checkout code	2026-07-30T06:31:56.8591880Z HEAD is now at 2b17009 Merge dd7b0344f19540f58f1ea34bb5945a4ad312c3f6 into 8c5a55d144d8655efa805d02a3f234e8dfd6a9d4
Test on bun (macos-latest)	Checkout code	2026-07-30T06:31:56.8604770Z ##[endgroup]
Test on bun (macos-latest)	Checkout code	2026-07-30T06:31:56.8720990Z [command]/opt/homebrew/bin/git log -1 --format=%H
Test on bun (macos-latest)	Checkout code	2026-07-30T06:31:56.8865520Z 2b1700965d70be9d8be94cbf5bb5949263258a7a
Test on bun (macos-latest)	Setup Node.js	﻿2026-07-30T06:31:56.9178620Z ##[group]Run actions/setup-node@v6
Test on bun (macos-latest)	Setup Node.js	2026-07-30T06:31:56.9178860Z with:
Test on bun (macos-latest)	Setup Node.js	2026-07-30T06:31:56.9179010Z   node-version: 20.x
Test on bun (macos-latest)	Setup Node.js	2026-07-30T06:31:56.9179160Z   cache: npm
Test on bun (macos-latest)	Setup Node.js	2026-07-30T06:31:56.9179300Z   check-latest: false
Test on bun (macos-latest)	Setup Node.js	2026-07-30T06:31:56.9181280Z   token: ***
Test on bun (macos-latest)	Setup Node.js	2026-07-30T06:31:56.9181430Z   package-manager-cache: true
Test on bun (macos-latest)	Setup Node.js	2026-07-30T06:31:56.9181610Z ##[endgroup]
Test on bun (macos-latest)	Setup Node.js	2026-07-30T06:31:57.0955290Z Attempting to download 20.x...
Test on bun (macos-latest)	Setup Node.js	2026-07-30T06:31:57.8151390Z Acquiring 20.20.2 - arm64 from https://github.com/actions/node-versions/releases/download/20.20.2-23521894959/node-20.20.2-darwin-arm64.tar.gz
Test on bun (macos-latest)	Setup Node.js	2026-07-30T06:31:58.6901840Z Extracting ...
Test on bun (macos-latest)	Setup Node.js	2026-07-30T06:31:58.7112890Z [command]/usr/bin/tar xz --strip 1 -C /Users/runner/work/_temp/0d6fd3aa-e733-44c6-9d00-e44038c288ea -f /Users/runner/work/_temp/d145495c-2ae6-43a5-aa4e-1543cea1e045
Test on bun (macos-latest)	Setup Node.js	2026-07-30T06:31:59.9501360Z Adding to the cache ...
Test on bun (macos-latest)	Setup Node.js	2026-07-30T06:32:02.8564400Z ##[group]Environment details
Test on bun (macos-latest)	Setup Node.js	2026-07-30T06:32:03.2613920Z node: v20.20.2
Test on bun (macos-latest)	Setup Node.js	2026-07-30T06:32:03.2614710Z npm: 10.8.2
Test on bun (macos-latest)	Setup Node.js	2026-07-30T06:32:03.2616590Z yarn: 1.22.22
Test on bun (macos-latest)	Setup Node.js	2026-07-30T06:32:03.2618220Z ##[endgroup]
Test on bun (macos-latest)	Setup Node.js	2026-07-30T06:32:03.2638930Z [command]/Users/runner/hostedtoolcache/node/20.20.2/arm64/bin/npm config get cache
Test on bun (macos-latest)	Setup Node.js	2026-07-30T06:32:03.4115910Z /Users/runner/.npm
Test on bun (macos-latest)	Setup Node.js	2026-07-30T06:32:03.7050840Z npm cache is not found
Test on bun (macos-latest)	Setup Bun	﻿2026-07-30T06:32:03.7262990Z ##[group]Run oven-sh/setup-bun@v2
Test on bun (macos-latest)	Setup Bun	2026-07-30T06:32:03.7263320Z with:
Test on bun (macos-latest)	Setup Bun	2026-07-30T06:32:03.7263480Z   bun-version: latest
Test on bun (macos-latest)	Setup Bun	2026-07-30T06:32:03.7263660Z   no-cache: false
Test on bun (macos-latest)	Setup Bun	2026-07-30T06:32:03.7266200Z   token: ***
Test on bun (macos-latest)	Setup Bun	2026-07-30T06:32:03.7266470Z ##[endgroup]
Test on bun (macos-latest)	Setup Bun	2026-07-30T06:32:04.3329610Z Downloading a new version of Bun: https://github.com/oven-sh/bun/releases/download/bun-v1.3.14/bun-darwin-aarch64.zip
Test on bun (macos-latest)	Setup Bun	2026-07-30T06:32:04.5949070Z [command]/usr/bin/unzip -o -q /Users/runner/work/_temp/ca9f98f6-18c5-4518-8960-3408181e8bf9.zip
Test on bun (macos-latest)	Setup Bun	2026-07-30T06:32:05.1745180Z [command]/Users/runner/.bun/bin/bun --revision
Test on bun (macos-latest)	Setup Bun	2026-07-30T06:32:05.1963870Z 1.3.14+0d9b296af
Test on bun (macos-latest)	Install dependencies	﻿2026-07-30T06:32:05.2132400Z ##[group]Run npm ci --no-audit --no-fund
Test on bun (macos-latest)	Install dependencies	2026-07-30T06:32:05.2132710Z ^[[36;1mnpm ci --no-audit --no-fund^[[0m
Test on bun (macos-latest)	Install dependencies	2026-07-30T06:32:05.2173640Z shell: /bin/bash -e {0}
Test on bun (macos-latest)	Install dependencies	2026-07-30T06:32:05.2173890Z ##[endgroup]
Test on bun (macos-latest)	Install dependencies	2026-07-30T06:32:15.6005500Z 
Test on bun (macos-latest)	Install dependencies	2026-07-30T06:32:15.6006620Z added 477 packages in 10s
Test on bun (macos-latest)	Run Bun tests	﻿2026-07-30T06:32:15.6212890Z ##[group]Run bun test
Test on bun (macos-latest)	Run Bun tests	2026-07-30T06:32:15.6213170Z ^[[36;1mbun test^[[0m
Test on bun (macos-latest)	Run Bun tests	2026-07-30T06:32:15.6247220Z shell: /bin/bash -e {0}
Test on bun (macos-latest)	Run Bun tests	2026-07-30T06:32:15.6247410Z ##[endgroup]
Test on bun (macos-latest)	Run Bun tests	2026-07-30T06:32:15.6821130Z bun test v1.3.14 (0d9b296a)
Test on bun (macos-latest)	Run Bun tests	2026-07-30T06:32:15.8276720Z 
Test on bun (macos-latest)	Run Bun tests	2026-07-30T06:32:15.8278220Z ##[group]tests/builtin-universal.test.cjs:
Test on bun (macos-latest)	Run Bun tests	2026-07-30T06:32:15.9588840Z (pass) [cjs module] Universal built-in modules (work in all environments) > [cjs module] console module should work [37.80ms]
Test on bun (macos-latest)	Run Bun tests	2026-07-30T06:32:15.9725820Z (pass) [cjs module] Universal built-in modules (work in all environments) > [cjs module] crypto module should work [13.71ms]
Test on bun (macos-latest)	Run Bun tests	2026-07-30T06:32:15.9739550Z (pass) [cjs module] Universal built-in modules (work in all environments) > [cjs module] url module should work [1.20ms]
Test on bun (macos-latest)	Run Bun tests	2026-07-30T06:32:15.9754560Z (pass) [cjs module] Universal built-in modules (work in all environments) > [cjs module] performance module should work [1.55ms]
Test on bun (macos-latest)	Run Bun tests	2026-07-30T06:32:15.9761880Z (pass) [cjs module] Universal built-in modules (work in all environments) > [cjs module] modules should work with node: prefix [0.83ms]
Test on bun (macos-latest)	Run Bun tests	2026-07-30T06:32:15.9762430Z 
Test on bun (macos-latest)	Run Bun tests	2026-07-30T06:32:15.9762790Z ##[endgroup]
Test on bun (macos-latest)	Run Bun tests	2026-07-30T06:32:15.9768800Z 
Test on bun (macos-latest)	Run Bun tests	2026-07-30T06:32:15.9769350Z ##[group]tests/network-imports.test.mjs:
Test on bun (macos-latest)	Run Bun tests	2026-07-30T06:32:17.0253330Z (pass) [mjs module] imports using --experimental-network-imports > [mjs module] Import using --experimental-network-imports for CJS file [1041.55ms]
Test on bun (macos-latest)	Run Bun tests	2026-07-30T06:32:17.2142880Z (pass) [mjs module] imports using --experimental-network-imports > [mjs module] Import using --experimental-network-imports for MJS file [188.95ms]
Test on bun (macos-latest)	Run Bun tests	2026-07-30T06:32:17.2243740Z 
Test on bun (macos-latest)	Run Bun tests	2026-07-30T06:32:17.2305270Z ##[endgroup]
Test on bun (macos-latest)	Run Bun tests	2026-07-30T06:32:17.2305900Z /Users/runner/work/use-m/use-m/tests
Test on bun (macos-latest)	Run Bun tests	2026-07-30T06:32:17.2345180Z 
Test on bun (macos-latest)	Run Bun tests	2026-07-30T06:32:17.2363920Z ##[group]tests/relative-paths.integration.test.mjs:
Test on bun (macos-latest)	Run Bun tests	2026-07-30T06:32:17.2793320Z (pass) [mjs module] Relative Path Resolution (Integration) > [mjs module] relative paths should work when run directly with Node.js [50.84ms]
Test on bun (macos-latest)	Run Bun tests	2026-07-30T06:32:17.2795380Z Testing relative paths from tests directory...
Test on bun (macos-latest)	Run Bun tests	2026-07-30T06:32:17.2795870Z 
Test on bun (macos-latest)	Run Bun tests	2026-07-30T06:32:17.2795890Z 
Test on bun (macos-latest)	Run Bun tests	2026-07-30T06:32:17.2797020Z 1. Testing ./browser-server/test-helper.js
Test on bun (macos-latest)	Run Bun tests	2026-07-30T06:32:17.2799190Z    ✓ Message: Helper module loaded
Test on bun (macos-latest)	Run Bun tests	2026-07-30T06:32:17.2799610Z 
Test on bun (macos-latest)	Run Bun tests	2026-07-30T06:32:17.2800600Z 2. Testing ./browser-server/test-data.json
Test on bun (macos-latest)	Run Bun tests	2026-07-30T06:32:17.2802670Z    ✓ Value: 123
Test on bun (macos-latest)	Run Bun tests	2026-07-30T06:32:17.2803660Z    ✓ Test: data
Test on bun (macos-latest)	Run Bun tests	2026-07-30T06:32:17.2804030Z 
Test on bun (macos-latest)	Run Bun tests	2026-07-30T06:32:17.2804300Z 3. Testing ../src/use.mjs
Test on bun (macos-latest)	Run Bun tests	2026-07-30T06:32:17.2805150Z    ✓ use function exists: true
Test on bun (macos-latest)	Run Bun tests	2026-07-30T06:32:17.2805540Z 
Test on bun (macos-latest)	Run Bun tests	2026-07-30T06:32:17.2806050Z 4. Testing ./browser-server/subfolder/nested.js
Test on bun (macos-latest)	Run Bun tests	2026-07-30T06:32:17.2807420Z ##[endgroup]
Test on bun (macos-latest)	Run Bun tests	2026-07-30T06:32:17.2807650Z 
Test on bun (macos-latest)	Run Bun tests	2026-07-30T06:32:17.2808240Z ##[group]tests/builtin-universal.test.mjs:
Test on bun (macos-latest)	Run Bun tests	2026-07-30T06:32:17.2809180Z    ✓ Nested: true Level: subfolder
Test on bun (macos-latest)	Run Bun tests	2026-07-30T06:32:17.2809550Z 
Test on bun (macos-latest)	Run Bun tests	2026-07-30T06:32:17.2810050Z 5. Testing ./browser-server/subfolder/nested-data.json
Test on bun (macos-latest)	Run Bun tests	2026-07-30T06:32:17.2811040Z    ✓ Level: nested Depth: 1
Test on bun (macos-latest)	Run Bun tests	2026-07-30T06:32:17.2811360Z 
Test on bun (macos-latest)	Run Bun tests	2026-07-30T06:32:17.2811680Z 6. Testing ../package.json
Test on bun (macos-latest)	Run Bun tests	2026-07-30T06:32:17.2812290Z    ✓ Package name: use-m
Test on bun (macos-latest)	Run Bun tests	2026-07-30T06:32:17.2812640Z 
Test on bun (macos-latest)	Run Bun tests	2026-07-30T06:32:17.2813020Z ✅ All direct tests passed!
Test on bun (macos-latest)	Run Bun tests	2026-07-30T06:32:17.2813350Z 
Test on bun (macos-latest)	Run Bun tests	2026-07-30T06:32:17.2868680Z (pass) [mjs module] Universal built-in modules (work in all environments) > [mjs module] console module should work [0.71ms]
Test on bun (macos-latest)	Run Bun tests	2026-07-30T06:32:17.2871760Z (pass) [mjs module] Universal built-in modules (work in all environments) > [mjs module] crypto module should work [0.11ms]
Test on bun (macos-latest)	Run Bun tests	2026-07-30T06:32:17.2873920Z (pass) [mjs module] Universal built-in modules (work in all environments) > [mjs module] url module should work [0.10ms]
Test on bun (macos-latest)	Run Bun tests	2026-07-30T06:32:17.2876210Z (pass) [mjs module] Universal built-in modules (work in all environments) > [mjs module] performance module should work [0.07ms]
Test on bun (macos-latest)	Run Bun tests	2026-07-30T06:32:17.2878540Z (pass) [mjs module] Universal built-in modules (work in all environments) > [mjs module] modules should work with node: prefix [0.06ms]
Test on bun (macos-latest)	Run Bun tests	2026-07-30T06:32:17.2881090Z 
Test on bun (macos-latest)	Run Bun tests	2026-07-30T06:32:17.2881800Z ##[endgroup]
Test on bun (macos-latest)	Run Bun tests	2026-07-30T06:32:17.2882100Z 
Test on bun (macos-latest)	Run Bun tests	2026-07-30T06:32:17.2882680Z ##[group]tests/network-imports.test.cjs:
Test on bun (macos-latest)	Run Bun tests	2026-07-30T06:32:17.5150600Z (pass) [cjs module] imports using --experimental-network-imports > [cjs module] Import using --experimental-network-imports for CJS file [226.77ms]
Test on bun (macos-latest)	Run Bun tests	2026-07-30T06:32:17.6791170Z (pass) [cjs module] imports using --experimental-network-imports > [cjs module] Import using --experimental-network-imports for MJS file [155.94ms]
Test on bun (macos-latest)	Run Bun tests	2026-07-30T06:32:17.6833430Z 
Test on bun (macos-latest)	Run Bun tests	2026-07-30T06:32:17.6834390Z ##[endgroup]
Test on bun (macos-latest)	Run Bun tests	2026-07-30T06:32:17.6918930Z 
Test on bun (macos-latest)	Run Bun tests	2026-07-30T06:32:17.6920320Z ##[group]tests/release-workflow-policy.test.mjs:
Test on bun (macos-latest)	Run Bun tests	2026-07-30T06:32:17.6921210Z (pass) release workflow policy > uses npm package metadata that matches registry and trusted publishing expectations [1.84ms]
Test on bun (macos-latest)	Run Bun tests	2026-07-30T06:32:17.6922870Z (pass) release workflow policy > keeps CI and publishing in the trusted-publisher release workflow [1.06ms]
Test on bun (macos-latest)	Run Bun tests	2026-07-30T06:32:17.6923820Z (pass) release workflow policy > publishes with npm trusted publishing instead of token auth [0.57ms]
Test on bun (macos-latest)	Run Bun tests	2026-07-30T06:32:17.6924730Z (pass) release workflow policy > runs tests before publishing and preserves main-branch release runs [0.77ms]
Test on bun (macos-latest)	Run Bun tests	2026-07-30T06:32:17.6925600Z (pass) release workflow policy > fails release runs when the package, tag, and GitHub release already exist [0.37ms]
Test on bun (macos-latest)	Run Bun tests	2026-07-30T06:32:17.6926550Z (pass) release workflow policy > keeps dependency install logs quiet while auditing shipped dependencies [0.15ms]
Test on bun (macos-latest)	Run Bun tests	2026-07-30T06:32:17.6927410Z (pass) release workflow policy > uses current action versions and explicit job timeouts [0.49ms]
Test on bun (macos-latest)	Run Bun tests	2026-07-30T06:32:17.6928280Z (pass) release workflow policy > retries Deno network-import tests without hiding persistent failures [0.16ms]
Test on bun (macos-latest)	Run Bun tests	2026-07-30T06:32:17.6928720Z 
Test on bun (macos-latest)	Run Bun tests	2026-07-30T06:32:17.6928990Z ##[endgroup]
Test on bun (macos-latest)	Run Bun tests	2026-07-30T06:32:17.6929240Z 
Test on bun (macos-latest)	Run Bun tests	2026-07-30T06:32:17.6929530Z ##[group]tests/builtin-nodejs.test.cjs:
Test on bun (macos-latest)	Run Bun tests	2026-07-30T06:32:17.6930270Z (pass) [cjs module] Node.js/Bun-only built-in modules > [cjs module] fs module should work [0.54ms]
Test on bun (macos-latest)	Run Bun tests	2026-07-30T06:32:17.6931110Z (pass) [cjs module] Node.js/Bun-only built-in modules > [cjs module] path module should work [0.36ms]
Test on bun (macos-latest)	Run Bun tests	2026-07-30T06:32:17.6932000Z (pass) [cjs module] Node.js/Bun-only built-in modules > [cjs module] os module should work [0.68ms]
Test on bun (macos-latest)	Run Bun tests	2026-07-30T06:32:17.6932830Z (pass) [cjs module] Node.js/Bun-only built-in modules > [cjs module] util module should work [2.71ms]
Test on bun (macos-latest)	Run Bun tests	2026-07-30T06:32:17.6933660Z (pass) [cjs module] Node.js/Bun-only built-in modules > [cjs module] events module should work [0.56ms]
Test on bun (macos-latest)	Run Bun tests	2026-07-30T06:32:17.6934430Z (pass) [cjs module] Node.js/Bun-only built-in modules > [cjs module] stream module should work [0.32ms]
Test on bun (macos-latest)	Run Bun tests	2026-07-30T06:32:17.6935260Z (pass) [cjs module] Node.js/Bun-only built-in modules > [cjs module] buffer module should work [0.32ms]
Test on bun (macos-latest)	Run Bun tests	2026-07-30T06:32:17.6945100Z (pass) [cjs module] Node.js/Bun-only built-in modules > [cjs module] process module should work [1.42ms]
Test on bun (macos-latest)	Run Bun tests	2026-07-30T06:32:17.6949050Z (pass) [cjs module] Node.js/Bun-only built-in modules > [cjs module] child_process module should work [0.22ms]
Test on bun (macos-latest)	Run Bun tests	2026-07-30T06:32:17.7046110Z (pass) [cjs module] Node.js/Bun-only built-in modules > [cjs module] http module should work [9.87ms]
Test on bun (macos-latest)	Run Bun tests	2026-07-30T06:32:17.7058850Z (pass) [cjs module] Node.js/Bun-only built-in modules > [cjs module] https module should work [1.19ms]
Test on bun (macos-latest)	Run Bun tests	2026-07-30T06:32:17.7070890Z (pass) [cjs module] Node.js/Bun-only built-in modules > [cjs module] net module should work [1.25ms]
Test on bun (macos-latest)	Run Bun tests	2026-07-30T06:32:17.7088490Z (pass) [cjs module] Node.js/Bun-only built-in modules > [cjs module] dns module should work [1.77ms]
Test on bun (macos-latest)	Run Bun tests	2026-07-30T06:32:17.7129910Z (pass) [cjs module] Node.js/Bun-only built-in modules > [cjs module] zlib module should work [4.03ms]
Test on bun (macos-latest)	Run Bun tests	2026-07-30T06:32:17.7138290Z (pass) [cjs module] Node.js/Bun-only built-in modules > [cjs module] querystring module should work [0.88ms]
Test on bun (macos-latest)	Run Bun tests	2026-07-30T06:32:17.7155800Z (pass) [cjs module] Node.js/Bun-only built-in modules > [cjs module] assert module should work [1.67ms]
Test on bun (macos-latest)	Run Bun tests	2026-07-30T06:32:17.7158370Z (pass) [cjs module] Node.js/Bun-only built-in modules > [cjs module] all modules should work with node: prefix [0.20ms]
Test on bun (macos-latest)	Run Bun tests	2026-07-30T06:32:17.7163280Z 
Test on bun (macos-latest)	Run Bun tests	2026-07-30T06:32:17.7166920Z ##[endgroup]
Test on bun (macos-latest)	Run Bun tests	2026-07-30T06:32:17.7167520Z 
Test on bun (macos-latest)	Run Bun tests	2026-07-30T06:32:17.7168350Z ##[group]tests/builtin-errors.test.cjs:
Test on bun (macos-latest)	Run Bun tests	2026-07-30T06:32:17.7191430Z (pass) [cjs module] Built-in module error handling > [cjs module] should return null for non-builtin modules from builtin resolver [0.90ms]
Test on bun (macos-latest)	Run Bun tests	2026-07-30T06:32:17.7193890Z (pass) [cjs module] Built-in module error handling > [cjs module] should throw error for unsupported builtin modules [0.13ms]
Test on bun (macos-latest)	Run Bun tests	2026-07-30T06:32:17.7200990Z (pass) [cjs module] Built-in module error handling > [cjs module] should handle modules not available in browser environment [0.19ms]
Test on bun (macos-latest)	Run Bun tests	2026-07-30T06:32:17.8563170Z (pass) [cjs module] Built-in module error handling > [cjs module] should only work with exact lowercase module names [136.78ms]
Test on bun (macos-latest)	Run Bun tests	2026-07-30T06:32:17.8565780Z (pass) [cjs module] Built-in module error handling > [cjs module] should handle node: prefix removal correctly [0.33ms]
Test on bun (macos-latest)	Run Bun tests	2026-07-30T06:32:17.8568490Z (pass) [cjs module] Built-in module error handling > [cjs module] should throw meaningful errors for import failures [0.08ms]
Test on bun (macos-latest)	Run Bun tests	2026-07-30T06:32:17.8571060Z (pass) [cjs module] Built-in module error handling > [cjs module] builtin resolver should handle empty/invalid module specifiers gracefully [0.07ms]
Test on bun (macos-latest)	Run Bun tests	2026-07-30T06:32:17.8573540Z (pass) [cjs module] Built-in module error handling > [cjs module] should handle modules with special characters in names [0.05ms]
Test on bun (macos-latest)	Run Bun tests	2026-07-30T06:32:17.8574910Z 
Test on bun (macos-latest)	Run Bun tests	2026-07-30T06:32:17.8575350Z ##[endgroup]
Test on bun (macos-latest)	Run Bun tests	2026-07-30T06:32:17.8575450Z 
Test on bun (macos-latest)	Run Bun tests	2026-07-30T06:32:17.8575670Z ##[group]tests/builtin-errors.test.mjs:
Test on bun (macos-latest)	Run Bun tests	2026-07-30T06:32:17.8588350Z (pass) [mjs module] Built-in module error handling > [mjs module] should return null for non-builtin modules from builtin resolver [0.12ms]
Test on bun (macos-latest)	Run Bun tests	2026-07-30T06:32:17.8590890Z (pass) [mjs module] Built-in module error handling > [mjs module] should throw error for unsupported builtin modules [0.09ms]
Test on bun (macos-latest)	Run Bun tests	2026-07-30T06:32:17.8593610Z (pass) [mjs module] Built-in module error handling > [mjs module] should handle modules not available in browser environment [0.16ms]
Test on bun (macos-latest)	Run Bun tests	2026-07-30T06:32:17.9269210Z (pass) [mjs module] Built-in module error handling > [mjs module] should only work with exact lowercase module names [66.93ms]
Test on bun (macos-latest)	Run Bun tests	2026-07-30T06:32:17.9271120Z (pass) [mjs module] Built-in module error handling > [mjs module] should handle node: prefix removal correctly [0.35ms]
Test on bun (macos-latest)	Run Bun tests	2026-07-30T06:32:17.9272130Z (pass) [mjs module] Built-in module error handling > [mjs module] should throw meaningful errors for import failures [0.10ms]
Test on bun (macos-latest)	Run Bun tests	2026-07-30T06:32:17.9273920Z (pass) [mjs module] Built-in module error handling > [mjs module] builtin resolver should handle empty/invalid module specifiers gracefully [0.13ms]
Test on bun (macos-latest)	Run Bun tests	2026-07-30T06:32:17.9284270Z (pass) [mjs module] Built-in module error handling > [mjs module] should handle modules with special characters in names [0.06ms]
Test on bun (macos-latest)	Run Bun tests	2026-07-30T06:32:17.9285770Z 
Test on bun (macos-latest)	Run Bun tests	2026-07-30T06:32:17.9288820Z ##[endgroup]
Test on bun (macos-latest)	Run Bun tests	2026-07-30T06:32:17.9289780Z 
Test on bun (macos-latest)	Run Bun tests	2026-07-30T06:32:17.9290210Z ##[group]tests/builtin-browser.test.mjs:
Test on bun (macos-latest)	Run Bun tests	2026-07-30T06:32:22.5184540Z (pass) [mjs module] Universal built-in modules in browser > [mjs module] console module should work in browser [2.04ms]
Test on bun (macos-latest)	Run Bun tests	2026-07-30T06:32:22.5194220Z (pass) [mjs module] Universal built-in modules in browser > [mjs module] crypto module should work in browser [1.06ms]
Test on bun (macos-latest)	Run Bun tests	2026-07-30T06:32:22.5201100Z (pass) [mjs module] Universal built-in modules in browser > [mjs module] url module should work in browser [0.70ms]
Test on bun (macos-latest)	Run Bun tests	2026-07-30T06:32:22.5207090Z (pass) [mjs module] Universal built-in modules in browser > [mjs module] performance module should work in browser [0.60ms]
Test on bun (macos-latest)	Run Bun tests	2026-07-30T06:32:22.5211300Z (pass) [mjs module] Universal built-in modules in browser > [mjs module] fs module should fail in browser with correct error [0.51ms]
Test on bun (macos-latest)	Run Bun tests	2026-07-30T06:32:22.5222370Z (pass) [mjs module] Universal built-in modules in browser > [mjs module] node: prefix should work with universal modules [0.96ms]
Test on bun (macos-latest)	Run Bun tests	2026-07-30T06:32:22.5228700Z (pass) [mjs module] Universal built-in modules in browser > [mjs module] uppercase module names should fail (strict lowercase only) [0.62ms]
Test on bun (macos-latest)	Run Bun tests	2026-07-30T06:32:22.5238580Z (pass) [mjs module] Universal built-in modules in browser > [mjs module] all browser tests should pass [1.01ms]
Test on bun (macos-latest)	Run Bun tests	2026-07-30T06:32:22.9345670Z 
Test on bun (macos-latest)	Run Bun tests	2026-07-30T06:32:22.9347110Z ##[endgroup]
Test on bun (macos-latest)	Run Bun tests	2026-07-30T06:32:22.9347800Z 
Test on bun (macos-latest)	Run Bun tests	2026-07-30T06:32:22.9348850Z ##[group]tests/relative-paths-browser.test.mjs:
Test on bun (macos-latest)	Run Bun tests	2026-07-30T06:32:25.5534870Z (pass) [mjs module] Relative path resolution in browser > [mjs module] ./ path for JS file in same directory should work [1.65ms]
Test on bun (macos-latest)	Run Bun tests	2026-07-30T06:32:25.5573480Z (pass) [mjs module] Relative path resolution in browser > [mjs module] ./ path for JSON file in same directory should work [1.49ms]
Test on bun (macos-latest)	Run Bun tests	2026-07-30T06:32:25.5754590Z (pass) [mjs module] Relative path resolution in browser > [mjs module] ../../ path for JS file in parent directory should work [0.60ms]
Test on bun (macos-latest)	Run Bun tests	2026-07-30T06:32:25.6053520Z (pass) [mjs module] Relative path resolution in browser > [mjs module] ./subfolder/ path for nested JS file should work [1.27ms]
Test on bun (macos-latest)	Run Bun tests	2026-07-30T06:32:25.6157590Z (pass) [mjs module] Relative path resolution in browser > [mjs module] ./subfolder/ path for nested JSON file should work [0.45ms]
Test on bun (macos-latest)	Run Bun tests	2026-07-30T06:32:25.6258170Z (pass) [mjs module] Relative path resolution in browser > [mjs module] mixed relative and npm imports should work [0.45ms]
Test on bun (macos-latest)	Run Bun tests	2026-07-30T06:32:25.6360990Z (pass) [mjs module] Relative path resolution in browser > [mjs module] all relative path browser tests should pass [0.74ms]
Test on bun (macos-latest)	Run Bun tests	2026-07-30T06:32:25.7136390Z 
Test on bun (macos-latest)	Run Bun tests	2026-07-30T06:32:25.7139650Z ##[endgroup]
Test on bun (macos-latest)	Run Bun tests	2026-07-30T06:32:25.7140310Z 
Test on bun (macos-latest)	Run Bun tests	2026-07-30T06:32:25.7141240Z ##[group]tests/builtin-nodejs.test.mjs:
Test on bun (macos-latest)	Run Bun tests	2026-07-30T06:32:25.7194240Z (pass) [mjs module] Node.js/Bun-only built-in modules > [mjs module] fs module should work [0.74ms]
Test on bun (macos-latest)	Run Bun tests	2026-07-30T06:32:25.7228730Z (pass) [mjs module] Node.js/Bun-only built-in modules > [mjs module] path module should work [0.30ms]
Test on bun (macos-latest)	Run Bun tests	2026-07-30T06:32:25.7230470Z (pass) [mjs module] Node.js/Bun-only built-in modules > [mjs module] os module should work [0.73ms]
Test on bun (macos-latest)	Run Bun tests	2026-07-30T06:32:25.7231270Z (pass) [mjs module] Node.js/Bun-only built-in modules > [mjs module] util module should work [0.43ms]
Test on bun (macos-latest)	Run Bun tests	2026-07-30T06:32:25.7232120Z (pass) [mjs module] Node.js/Bun-only built-in modules > [mjs module] events module should work [0.32ms]
Test on bun (macos-latest)	Run Bun tests	2026-07-30T06:32:25.7232900Z (pass) [mjs module] Node.js/Bun-only built-in modules > [mjs module] stream module should work [0.30ms]
Test on bun (macos-latest)	Run Bun tests	2026-07-30T06:32:25.7234230Z (pass) [mjs module] Node.js/Bun-only built-in modules > [mjs module] buffer module should work [0.25ms]
Test on bun (macos-latest)	Run Bun tests	2026-07-30T06:32:25.7235010Z (pass) [mjs module] Node.js/Bun-only built-in modules > [mjs module] process module should work [0.27ms]
Test on bun (macos-latest)	Run Bun tests	2026-07-30T06:32:25.7235950Z (pass) [mjs module] Node.js/Bun-only built-in modules > [mjs module] child_process module should work [0.19ms]
Test on bun (macos-latest)	Run Bun tests	2026-07-30T06:32:25.7236880Z (pass) [mjs module] Node.js/Bun-only built-in modules > [mjs module] http module should work [0.17ms]
Test on bun (macos-latest)	Run Bun tests	2026-07-30T06:32:25.7237740Z (pass) [mjs module] Node.js/Bun-only built-in modules > [mjs module] https module should work [0.16ms]
Test on bun (macos-latest)	Run Bun tests	2026-07-30T06:32:25.7238430Z (pass) [mjs module] Node.js/Bun-only built-in modules > [mjs module] net module should work [0.17ms]
Test on bun (macos-latest)	Run Bun tests	2026-07-30T06:32:25.7239120Z (pass) [mjs module] Node.js/Bun-only built-in modules > [mjs module] dns module should work [0.46ms]
Test on bun (macos-latest)	Run Bun tests	2026-07-30T06:32:25.7239890Z (pass) [mjs module] Node.js/Bun-only built-in modules > [mjs module] zlib module should work [0.19ms]
Test on bun (macos-latest)	Run Bun tests	2026-07-30T06:32:25.7240650Z (pass) [mjs module] Node.js/Bun-only built-in modules > [mjs module] querystring module should work [0.13ms]
Test on bun (macos-latest)	Run Bun tests	2026-07-30T06:32:25.7241400Z (pass) [mjs module] Node.js/Bun-only built-in modules > [mjs module] assert module should work [0.17ms]
Test on bun (macos-latest)	Run Bun tests	2026-07-30T06:32:25.7242180Z (pass) [mjs module] Node.js/Bun-only built-in modules > [mjs module] all modules should work with node: prefix [0.14ms]
Test on bun (macos-latest)	Run Bun tests	2026-07-30T06:32:25.7292580Z 
Test on bun (macos-latest)	Run Bun tests	2026-07-30T06:32:25.7292890Z ##[endgroup]
Test on bun (macos-latest)	Run Bun tests	2026-07-30T06:32:25.7292980Z 
Test on bun (macos-latest)	Run Bun tests	2026-07-30T06:32:25.7293230Z ##[group]tests/resolvers.test.mjs:
Test on bun (macos-latest)	Run Bun tests	2026-07-30T06:32:25.8917390Z (pass) [mjs module] resolvers tests > [mjs module] npm resolver resolves package path [166.45ms]
Test on bun (macos-latest)	Run Bun tests	2026-07-30T06:32:27.0095720Z (pass) [mjs module] resolvers tests > [mjs module] npm resolver resolves scoped package path for @octokit/core@6.1.5 [1117.10ms]
Test on bun (macos-latest)	Run Bun tests	2026-07-30T06:32:29.7822190Z (pass) [mjs module] resolvers tests > [mjs module] npm resolver resolves package path with version [2771.30ms]
Test on bun (macos-latest)	Run Bun tests	2026-07-30T06:32:30.6346180Z (pass) [mjs module] resolvers tests > [mjs module] npm resolver resolves yargs/helpers [851.76ms]
Test on bun (macos-latest)	Run Bun tests	2026-07-30T06:32:31.4726750Z (pass) [mjs module] resolvers tests > [mjs module] npm resolver resolves yargs@18.0.0/helpers [837.90ms]
Test on bun (macos-latest)	Run Bun tests	2026-07-30T06:32:32.0507820Z (pass) [mjs module] resolvers tests > [mjs module] npm resolver resolves yargs@latest/helpers [577.48ms]
Test on bun (macos-latest)	Run Bun tests	2026-07-30T06:32:32.0520510Z (pass) [mjs module] resolvers tests > [mjs module] skypack resolver resolves URL [0.38ms]
Test on bun (macos-latest)	Run Bun tests	2026-07-30T06:32:32.0522400Z (pass) [mjs module] resolvers tests > [mjs module] skypack resolver resolves subpath [0.09ms]
Test on bun (macos-latest)	Run Bun tests	2026-07-30T06:32:32.0524530Z (pass) [mjs module] resolvers tests > [mjs module] jsdelivr resolver resolves URL [0.28ms]
Test on bun (macos-latest)	Run Bun tests	2026-07-30T06:32:32.0526320Z (pass) [mjs module] resolvers tests > [mjs module] jsdelivr resolver resolves subpath [0.15ms]
Test on bun (macos-latest)	Run Bun tests	2026-07-30T06:32:32.0527850Z (pass) [mjs module] resolvers tests > [mjs module] unpkg resolver resolves URL [0.16ms]
Test on bun (macos-latest)	Run Bun tests	2026-07-30T06:32:32.0529480Z (pass) [mjs module] resolvers tests > [mjs module] unpkg resolver resolves subpath [0.09ms]
Test on bun (macos-latest)	Run Bun tests	2026-07-30T06:32:32.0532630Z (pass) [mjs module] resolvers tests > [mjs module] esm resolver resolves URL [0.10ms]
Test on bun (macos-latest)	Run Bun tests	2026-07-30T06:32:32.0535200Z (pass) [mjs module] resolvers tests > [mjs module] esm resolver resolves subpath [0.08ms]
Test on bun (macos-latest)	Run Bun tests	2026-07-30T06:32:32.0537500Z (pass) [mjs module] resolvers tests > [mjs module] jspm resolver resolves URL [0.14ms]
Test on bun (macos-latest)	Run Bun tests	2026-07-30T06:32:32.0544550Z (pass) [mjs module] resolvers tests > [mjs module] jspm resolver resolves subpath [0.08ms]
Test on bun (macos-latest)	Run Bun tests	2026-07-30T06:32:32.5757380Z (pass) [mjs module] resolvers tests > [mjs module] bun resolver resolves package path [523.20ms]
Test on bun (macos-latest)	Run Bun tests	2026-07-30T06:32:32.8960070Z (pass) [mjs module] resolvers tests > [mjs module] bun resolver resolves scoped package path for @octokit/core@6.1.5 [320.24ms]
Test on bun (macos-latest)	Run Bun tests	2026-07-30T06:32:33.1869200Z (pass) [mjs module] resolvers tests > [mjs module] bun resolver resolves yargs/helpers [290.57ms]
Test on bun (macos-latest)	Run Bun tests	2026-07-30T06:32:33.5217070Z (pass) [mjs module] resolvers tests > [mjs module] bun resolver resolves yargs@latest/helpers [334.43ms]
Test on bun (macos-latest)	Run Bun tests	2026-07-30T06:32:33.5217690Z 
Test on bun (macos-latest)	Run Bun tests	2026-07-30T06:32:33.5221170Z ##[endgroup]
Test on bun (macos-latest)	Run Bun tests	2026-07-30T06:32:33.5221970Z 
Test on bun (macos-latest)	Run Bun tests	2026-07-30T06:32:33.5223480Z ##[group]tests/module-specifier.test.cjs:
Test on bun (macos-latest)	Run Bun tests	2026-07-30T06:32:33.5351900Z (pass) [cjs module] parseModuleSpecifier > [cjs module] parses package with name and version [5.60ms]
Test on bun (macos-latest)	Run Bun tests	2026-07-30T06:32:33.5360260Z (pass) [cjs module] parseModuleSpecifier > [cjs module] parses scoped package with name and version [0.26ms]
Test on bun (macos-latest)	Run Bun tests	2026-07-30T06:32:33.5364510Z (pass) [cjs module] parseModuleSpecifier > [cjs module] parses package with name, version, and inner path [0.06ms]
Test on bun (macos-latest)	Run Bun tests	2026-07-30T06:32:33.5367830Z (pass) [cjs module] parseModuleSpecifier > [cjs module] parses package with name, version, and inner path with latest [0.04ms]
Test on bun (macos-latest)	Run Bun tests	2026-07-30T06:32:33.5370630Z (pass) [cjs module] parseModuleSpecifier > [cjs module] parses scoped package with name, version, and inner path [0.03ms]
Test on bun (macos-latest)	Run Bun tests	2026-07-30T06:32:33.5373050Z (pass) [cjs module] parseModuleSpecifier > [cjs module] parses package with name only [0.03ms]
Test on bun (macos-latest)	Run Bun tests	2026-07-30T06:32:33.5375220Z (pass) [cjs module] parseModuleSpecifier > [cjs module] parses scoped package with name only [0.03ms]
Test on bun (macos-latest)	Run Bun tests	2026-07-30T06:32:33.5377330Z (pass) [cjs module] parseModuleSpecifier > [cjs module] parses yargs@17.7.2/helpers [0.04ms]
Test on bun (macos-latest)	Run Bun tests	2026-07-30T06:32:33.5380540Z (pass) [cjs module] parseModuleSpecifier > [cjs module] parses yargs@latest/helpers [0.05ms]
Test on bun (macos-latest)	Run Bun tests	2026-07-30T06:32:33.5382340Z (pass) [cjs module] parseModuleSpecifier > [cjs module] parses yargs/helpers [0.03ms]
Test on bun (macos-latest)	Run Bun tests	2026-07-30T06:32:33.5384530Z (pass) [cjs module] parseModuleSpecifier > [cjs module] throws error for invalid package identifier [0.11ms]
Test on bun (macos-latest)	Run Bun tests	2026-07-30T06:32:33.5385680Z 
Test on bun (macos-latest)	Run Bun tests	2026-07-30T06:32:33.5387300Z ##[endgroup]
Test on bun (macos-latest)	Run Bun tests	2026-07-30T06:32:33.5387750Z 
Test on bun (macos-latest)	Run Bun tests	2026-07-30T06:32:33.5388360Z ##[group]tests/load.test.cjs:
Test on bun (macos-latest)	Run Bun tests	2026-07-30T06:32:33.5582880Z (pass) [cjs module] looksLikeUseModule > [cjs module] accepts the real shipped use.js [5.07ms]
Test on bun (macos-latest)	Run Bun tests	2026-07-30T06:32:33.5584590Z (pass) [cjs module] looksLikeUseModule > [cjs module] accepts a long module-like body [0.21ms]
Test on bun (macos-latest)	Run Bun tests	2026-07-30T06:32:33.5585920Z (pass) [cjs module] looksLikeUseModule > [cjs module] rejects common CDN plain-text error bodies [0.16ms]
Test on bun (macos-latest)	Run Bun tests	2026-07-30T06:32:33.5586690Z (pass) [cjs module] looksLikeUseModule > [cjs module] rejects HTML error pages [0.04ms]
Test on bun (macos-latest)	Run Bun tests	2026-07-30T06:32:33.5587520Z (pass) [cjs module] looksLikeUseModule > [cjs module] rejects empty, whitespace, short, and non-string input [0.05ms]
Test on bun (macos-latest)	Run Bun tests	2026-07-30T06:32:33.5588850Z (pass) [cjs module] DEFAULT_SOURCES > [cjs module] lists unpkg, jsDelivr and esm.sh in priority order [0.03ms]
Test on bun (macos-latest)	Run Bun tests	2026-07-30T06:32:33.5726200Z (pass) [cjs module] loadUseM > [cjs module] resolves the use object from the first working source [13.72ms]
Test on bun (macos-latest)	Run Bun tests	2026-07-30T06:32:33.6422360Z (pass) [cjs module] loadUseM > [cjs module] evaluates the real shipped use.js into a working module [69.57ms]
Test on bun (macos-latest)	Run Bun tests	2026-07-30T06:32:33.6427380Z (pass) [cjs module] loadUseM > [cjs module] falls back to a later mirror when earlier ones fail [0.60ms]
Test on bun (macos-latest)	Run Bun tests	2026-07-30T06:32:33.6430470Z (pass) [cjs module] loadUseM > [cjs module] retries a flaky source before succeeding [0.33ms]
Test on bun (macos-latest)	Run Bun tests	2026-07-30T06:32:33.6669370Z (pass) [cjs module] loadUseM > [cjs module] throws a clear aggregated error (not SyntaxError) when every source fails [23.36ms]
Test on bun (macos-latest)	Run Bun tests	2026-07-30T06:32:33.6734320Z (pass) [cjs module] loadUseM > [cjs module] surfaces the HTTP status for non-ok responses [6.73ms]
Test on bun (macos-latest)	Run Bun tests	2026-07-30T06:32:33.6735950Z (pass) [cjs module] loadUseM > [cjs module] rejects when the evaluated module lacks a use function [0.30ms]
Test on bun (macos-latest)	Run Bun tests	2026-07-30T06:32:33.6739410Z (pass) [cjs module] loadUseM > [cjs module] does not let eval errors from a malformed body escape [0.20ms]
Test on bun (macos-latest)	Run Bun tests	2026-07-30T06:32:33.6740390Z (pass) [cjs module] loadUseM > [cjs module] reports a clear error when fetch is unavailable [0.08ms]
Test on bun (macos-latest)	Run Bun tests	2026-07-30T06:32:33.6742100Z (pass) [cjs module] loadUseM > [cjs module] honors a custom evaluate hook [0.12ms]
Test on bun (macos-latest)	Run Bun tests	2026-07-30T06:32:33.7275870Z (pass) [cjs module] loadUseM > [cjs module] times out a hanging request and reports it [53.31ms]
Test on bun (macos-latest)	Run Bun tests	2026-07-30T06:32:33.7276290Z 
Test on bun (macos-latest)	Run Bun tests	2026-07-30T06:32:33.7277690Z ##[endgroup]
Test on bun (macos-latest)	Run Bun tests	2026-07-30T06:32:33.7278210Z 
Test on bun (macos-latest)	Run Bun tests	2026-07-30T06:32:33.7279000Z ##[group]tests/esm-sh-polyfill-browser.test.mjs:
Test on bun (macos-latest)	Run Bun tests	2026-07-30T06:32:35.7583510Z (pass) [mjs module] esm.sh browser polyfill handling > [mjs module] process and filename browser shims still use CDN resolver [0.89ms]
Test on bun (macos-latest)	Run Bun tests	2026-07-30T06:32:35.8884280Z 
Test on bun (macos-latest)	Run Bun tests	2026-07-30T06:32:35.8887510Z ##[endgroup]
Test on bun (macos-latest)	Run Bun tests	2026-07-30T06:32:35.8887870Z 
Test on bun (macos-latest)	Run Bun tests	2026-07-30T06:32:35.8888570Z ##[group]tests/resolvers.test.cjs:
Test on bun (macos-latest)	Run Bun tests	2026-07-30T06:32:36.0685300Z (pass) [cjs module] resolvers tests > [cjs module] npm resolver resolves package path [177.48ms]
Test on bun (macos-latest)	Run Bun tests	2026-07-30T06:32:36.2620030Z (pass) [cjs module] resolvers tests > [cjs module] npm resolver resolves scoped package path for @octokit/core@6.1.5 [185.66ms]
Test on bun (macos-latest)	Run Bun tests	2026-07-30T06:32:38.2552290Z (pass) [cjs module] resolvers tests > [cjs module] npm resolver resolves package path with version [1996.20ms]
Test on bun (macos-latest)	Run Bun tests	2026-07-30T06:32:38.3814240Z (pass) [cjs module] resolvers tests > [cjs module] npm resolver resolves yargs/helpers [130.00ms]
Test on bun (macos-latest)	Run Bun tests	2026-07-30T06:32:38.5225040Z (pass) [cjs module] resolvers tests > [cjs module] npm resolver resolves yargs@18.0.0/helpers [141.01ms]
Test on bun (macos-latest)	Run Bun tests	2026-07-30T06:32:38.9994540Z (pass) [cjs module] resolvers tests > [cjs module] npm resolver resolves yargs@latest/helpers [473.82ms]
Test on bun (macos-latest)	Run Bun tests	2026-07-30T06:32:39.0041400Z (pass) [cjs module] resolvers tests > [cjs module] skypack resolver resolves URL [0.29ms]
Test on bun (macos-latest)	Run Bun tests	2026-07-30T06:32:39.0043550Z (pass) [cjs module] resolvers tests > [cjs module] skypack resolver resolves subpath [0.16ms]
Test on bun (macos-latest)	Run Bun tests	2026-07-30T06:32:39.0046240Z (pass) [cjs module] resolvers tests > [cjs module] jsdelivr resolver resolves URL [0.08ms]
Test on bun (macos-latest)	Run Bun tests	2026-07-30T06:32:39.0048910Z (pass) [cjs module] resolvers tests > [cjs module] jsdelivr resolver resolves subpath [0.04ms]
Test on bun (macos-latest)	Run Bun tests	2026-07-30T06:32:39.0056390Z (pass) [cjs module] resolvers tests > [cjs module] unpkg resolver resolves URL [0.05ms]
Test on bun (macos-latest)	Run Bun tests	2026-07-30T06:32:39.0057150Z (pass) [cjs module] resolvers tests > [cjs module] unpkg resolver resolves subpath [0.03ms]
Test on bun (macos-latest)	Run Bun tests	2026-07-30T06:32:39.0057930Z (pass) [cjs module] resolvers tests > [cjs module] esm resolver resolves URL [0.03ms]
Test on bun (macos-latest)	Run Bun tests	2026-07-30T06:32:39.0058590Z (pass) [cjs module] resolvers tests > [cjs module] esm resolver resolves subpath [0.02ms]
Test on bun (macos-latest)	Run Bun tests	2026-07-30T06:32:39.0059300Z (pass) [cjs module] resolvers tests > [cjs module] jspm resolver resolves URL [0.04ms]
Test on bun (macos-latest)	Run Bun tests	2026-07-30T06:32:39.0060010Z (pass) [cjs module] resolvers tests > [cjs module] jspm resolver resolves subpath [0.02ms]
Test on bun (macos-latest)	Run Bun tests	2026-07-30T06:32:39.0106970Z (pass) [cjs module] resolvers tests > [cjs module] bun resolver resolves package path [13.29ms]
Test on bun (macos-latest)	Run Bun tests	2026-07-30T06:32:39.0229000Z (pass) [cjs module] resolvers tests > [cjs module] bun resolver resolves yargs/helpers [12.15ms]
Test on bun (macos-latest)	Run Bun tests	2026-07-30T06:32:39.0501520Z (pass) [cjs module] resolvers tests > [cjs module] bun resolver resolves yargs@latest/helpers [27.19ms]
Test on bun (macos-latest)	Run Bun tests	2026-07-30T06:32:39.0501900Z 
Test on bun (macos-latest)	Run Bun tests	2026-07-30T06:32:39.0502230Z ##[endgroup]
Test on bun (macos-latest)	Run Bun tests	2026-07-30T06:32:39.0502330Z 
Test on bun (macos-latest)	Run Bun tests	2026-07-30T06:32:39.0502590Z ##[group]tests/loader.test.mjs:
Test on bun (macos-latest)	Run Bun tests	2026-07-30T06:32:39.0680750Z (pass) [mjs module] loader resolve hook > [mjs module] returns the default resolver's result when it succeeds [0.44ms]
Test on bun (macos-latest)	Run Bun tests	2026-07-30T06:32:39.1950360Z (pass) [mjs module] loader resolve hook > [mjs module] falls back to the npm resolver when the default resolver throws [126.75ms]
Test on bun (macos-latest)	Run Bun tests	2026-07-30T06:32:39.5082530Z (pass) [mjs module] loader resolve hook > [mjs module] surfaces a clear aggregated error when BOTH resolvers fail [313.18ms]
Test on bun (macos-latest)	Run Bun tests	2026-07-30T06:32:39.5091460Z 
Test on bun (macos-latest)	Run Bun tests	2026-07-30T06:32:39.5092980Z ##[endgroup]
Test on bun (macos-latest)	Run Bun tests	2026-07-30T06:32:39.5093110Z 
Test on bun (macos-latest)	Run Bun tests	2026-07-30T06:32:39.5093430Z ##[group]tests/module-specifier.test.mjs:
Test on bun (macos-latest)	Run Bun tests	2026-07-30T06:32:39.5100400Z (pass) [mjs module] parseModuleSpecifier > [mjs module] parses package with name and version [0.04ms]
Test on bun (macos-latest)	Run Bun tests	2026-07-30T06:32:39.5101420Z (pass) [mjs module] parseModuleSpecifier > [mjs module] parses scoped package with name and version [0.02ms]
Test on bun (macos-latest)	Run Bun tests	2026-07-30T06:32:39.5102440Z (pass) [mjs module] parseModuleSpecifier > [mjs module] parses package with name, version, and inner path [0.01ms]
Test on bun (macos-latest)	Run Bun tests	2026-07-30T06:32:39.5103240Z (pass) [mjs module] parseModuleSpecifier > [mjs module] parses package with name, version, and inner path with latest [0.01ms]
Test on bun (macos-latest)	Run Bun tests	2026-07-30T06:32:39.5104110Z (pass) [mjs module] parseModuleSpecifier > [mjs module] parses scoped package with name, version, and inner path [0.01ms]
Test on bun (macos-latest)	Run Bun tests	2026-07-30T06:32:39.5104890Z (pass) [mjs module] parseModuleSpecifier > [mjs module] parses package with name only [0.01ms]
Test on bun (macos-latest)	Run Bun tests	2026-07-30T06:32:39.5106360Z (pass) [mjs module] parseModuleSpecifier > [mjs module] parses scoped package with name only [0.01ms]
Test on bun (macos-latest)	Run Bun tests	2026-07-30T06:32:39.5107130Z (pass) [mjs module] parseModuleSpecifier > [mjs module] parses yargs@17.7.2/helpers [0.01ms]
Test on bun (macos-latest)	Run Bun tests	2026-07-30T06:32:39.5107810Z (pass) [mjs module] parseModuleSpecifier > [mjs module] parses yargs@latest/helpers [0.01ms]
Test on bun (macos-latest)	Run Bun tests	2026-07-30T06:32:39.5108450Z (pass) [mjs module] parseModuleSpecifier > [mjs module] parses yargs/helpers [0.01ms]
Test on bun (macos-latest)	Run Bun tests	2026-07-30T06:32:39.5109180Z (pass) [mjs module] parseModuleSpecifier > [mjs module] throws error for invalid package identifier [0.03ms]
Test on bun (macos-latest)	Run Bun tests	2026-07-30T06:32:39.5109520Z 
Test on bun (macos-latest)	Run Bun tests	2026-07-30T06:32:39.5109790Z ##[endgroup]
Test on bun (macos-latest)	Run Bun tests	2026-07-30T06:32:39.5109880Z 
Test on bun (macos-latest)	Run Bun tests	2026-07-30T06:32:39.5110120Z ##[group]tests/load.test.mjs:
Test on bun (macos-latest)	Run Bun tests	2026-07-30T06:32:39.5125450Z (pass) [mjs module] looksLikeUseModule > [mjs module] accepts the real shipped use.js [0.38ms]
Test on bun (macos-latest)	Run Bun tests	2026-07-30T06:32:39.5127120Z (pass) [mjs module] looksLikeUseModule > [mjs module] accepts a long module-like body [0.03ms]
Test on bun (macos-latest)	Run Bun tests	2026-07-30T06:32:39.5127900Z (pass) [mjs module] looksLikeUseModule > [mjs module] rejects common CDN plain-text error bodies [0.04ms]
Test on bun (macos-latest)	Run Bun tests	2026-07-30T06:32:39.5128610Z (pass) [mjs module] looksLikeUseModule > [mjs module] rejects HTML error pages [0.02ms]
Test on bun (macos-latest)	Run Bun tests	2026-07-30T06:32:39.5129600Z (pass) [mjs module] looksLikeUseModule > [mjs module] rejects empty, whitespace, short, and non-string input [0.03ms]
Test on bun (macos-latest)	Run Bun tests	2026-07-30T06:32:39.5130410Z (pass) [mjs module] DEFAULT_SOURCES > [mjs module] lists unpkg, jsDelivr and esm.sh in priority order [0.01ms]
Test on bun (macos-latest)	Run Bun tests	2026-07-30T06:32:39.5131270Z (pass) [mjs module] loadUseM > [mjs module] resolves the use object from the first working source [0.50ms]
Test on bun (macos-latest)	Run Bun tests	2026-07-30T06:32:39.5142810Z (pass) [mjs module] loadUseM > [mjs module] evaluates the real shipped use.js into a working module [1.04ms]
Test on bun (macos-latest)	Run Bun tests	2026-07-30T06:32:39.5144820Z (pass) [mjs module] loadUseM > [mjs module] falls back to a later mirror when earlier ones fail [0.17ms]
Test on bun (macos-latest)	Run Bun tests	2026-07-30T06:32:39.5146580Z (pass) [mjs module] loadUseM > [mjs module] retries a flaky source before succeeding [0.10ms]
Test on bun (macos-latest)	Run Bun tests	2026-07-30T06:32:39.5148660Z (pass) [mjs module] loadUseM > [mjs module] throws a clear aggregated error (not SyntaxError) when every source fails [0.21ms]
Test on bun (macos-latest)	Run Bun tests	2026-07-30T06:32:39.5150700Z (pass) [mjs module] loadUseM > [mjs module] surfaces the HTTP status for non-ok responses [0.08ms]
Test on bun (macos-latest)	Run Bun tests	2026-07-30T06:32:39.5152660Z (pass) [mjs module] loadUseM > [mjs module] rejects when the evaluated module lacks a use function [0.09ms]
Test on bun (macos-latest)	Run Bun tests	2026-07-30T06:32:39.5154560Z (pass) [mjs module] loadUseM > [mjs module] does not let eval errors from a malformed body escape [0.14ms]
Test on bun (macos-latest)	Run Bun tests	2026-07-30T06:32:39.5156380Z (pass) [mjs module] loadUseM > [mjs module] reports a clear error when fetch is unavailable [0.07ms]
Test on bun (macos-latest)	Run Bun tests	2026-07-30T06:32:39.5157940Z (pass) [mjs module] loadUseM > [mjs module] honors a custom evaluate hook [0.08ms]
Test on bun (macos-latest)	Run Bun tests	2026-07-30T06:32:39.5679580Z (pass) [mjs module] loadUseM > [mjs module] times out a hanging request and reports it [52.54ms]
Test on bun (macos-latest)	Run Bun tests	2026-07-30T06:32:39.5682370Z 
Test on bun (macos-latest)	Run Bun tests	2026-07-30T06:32:39.5685570Z ##[endgroup]
Test on bun (macos-latest)	Run Bun tests	2026-07-30T06:32:39.5686250Z 
Test on bun (macos-latest)	Run Bun tests	2026-07-30T06:32:39.5686890Z ##[group]tests/lodash.test.cjs:
Test on bun (macos-latest)	Run Bun tests	2026-07-30T06:32:39.7592010Z (pass) [cjs module] 'lodash' imports tests > [cjs module] npm: lodash [189.69ms]
Test on bun (macos-latest)	Run Bun tests	2026-07-30T06:32:39.7807550Z (pass) [cjs module] 'lodash' imports tests > [cjs module] npm: lodash@latest [21.63ms]
Test on bun (macos-latest)	Run Bun tests	2026-07-30T06:32:39.8076290Z (pass) [cjs module] 'lodash' imports tests > [cjs module] npm: lodash@ [26.75ms]
Test on bun (macos-latest)	Run Bun tests	2026-07-30T06:32:39.8443220Z (pass) [cjs module] 'lodash' imports tests > [cjs module] npm: lodash@4.17.21 [36.77ms]
Test on bun (macos-latest)	Run Bun tests	2026-07-30T06:32:39.8604390Z (pass) [cjs module] 'lodash' imports tests > [cjs module] npm: lodash@4.17.21/add [15.97ms]
Test on bun (macos-latest)	Run Bun tests	2026-07-30T06:32:39.8740480Z (pass) [cjs module] 'lodash' imports tests > [cjs module] npm: lodash@4.17.21/add.js [13.64ms]
Test on bun (macos-latest)	Run Bun tests	2026-07-30T06:32:39.8833840Z (pass) [cjs module] 'lodash' imports tests > [cjs module] npm: lodash@4.17.21/not-found.js [9.30ms]
Test on bun (macos-latest)	Run Bun tests	2026-07-30T06:32:39.8834230Z 
Test on bun (macos-latest)	Run Bun tests	2026-07-30T06:32:39.8834540Z ##[endgroup]
Test on bun (macos-latest)	Run Bun tests	2026-07-30T06:32:39.8834670Z 
Test on bun (macos-latest)	Run Bun tests	2026-07-30T06:32:39.8835000Z ##[group]tests/filename.test.cjs:
Test on bun (macos-latest)	Run Bun tests	2026-07-30T06:32:39.8859120Z (pass) [cjs module] scriptPath detection in CJS (functional) > [cjs module] default pathResolver resolves modules relative to this test file [0.19ms]
Test on bun (macos-latest)	Run Bun tests	2026-07-30T06:32:39.8866880Z (pass) [cjs module] scriptPath detection in CJS (functional) > [cjs module] override scriptPath does not change pathResolver behavior [0.72ms]
Test on bun (macos-latest)	Run Bun tests	2026-07-30T06:32:39.8869650Z (pass) [cjs module] scriptPath detection in CJS (fallback) > [cjs module] fallback default resolves modules relative to this test file [0.10ms]
Test on bun (macos-latest)	Run Bun tests	2026-07-30T06:32:39.8871520Z (pass) [cjs module] scriptPath detection in CJS (fallback) > [cjs module] fallback override scriptPath does not change pathResolver behavior [0.10ms]
Test on bun (macos-latest)	Run Bun tests	2026-07-30T06:32:39.8872820Z (pass) [cjs module] scriptPath detection in CJS (fallback) > [cjs module] fallback meta override does not change pathResolver behavior [0.10ms]
Test on bun (macos-latest)	Run Bun tests	2026-07-30T06:32:39.8874670Z (pass) [cjs module] scriptPath detection in CJS (meta URL) > [cjs module] meta override with use.js URL resolves relative to use.js [0.11ms]
Test on bun (macos-latest)	Run Bun tests	2026-07-30T06:32:39.8875080Z 
Test on bun (macos-latest)	Run Bun tests	2026-07-30T06:32:39.8875290Z ##[endgroup]
Test on bun (macos-latest)	Run Bun tests	2026-07-30T06:32:39.8875430Z 
Test on bun (macos-latest)	Run Bun tests	2026-07-30T06:32:39.8875650Z ##[group]tests/get-script-url.test.mjs:
Test on bun (macos-latest)	Run Bun tests	2026-07-30T06:32:39.8888450Z (pass) [mjs module] import.meta.url workaround > [mjs module] scriptUrl matches import.meta.url [0.47ms]
Test on bun (macos-latest)	Run Bun tests	2026-07-30T06:32:39.8889570Z (pass) [mjs module] import.meta.url workaround > [mjs module] scriptUrl matches import.meta.url in eval [0.10ms]
Test on bun (macos-latest)	Run Bun tests	2026-07-30T06:32:39.8889920Z 
Test on bun (macos-latest)	Run Bun tests	2026-07-30T06:32:39.8890210Z ##[endgroup]
Test on bun (macos-latest)	Run Bun tests	2026-07-30T06:32:39.8890350Z 
Test on bun (macos-latest)	Run Bun tests	2026-07-30T06:32:39.8890780Z ##[group]tests/use.test.cjs:
Test on bun (macos-latest)	Run Bun tests	2026-07-30T06:32:39.8994120Z (pass) [cjs module] 'use' import strategies > [cjs module] Direct CJS Require [9.11ms]
Test on bun (macos-latest)	Run Bun tests	2026-07-30T06:32:39.9102590Z (pass) [cjs module] 'use' import strategies > [cjs module] Dynamic Import with await import() of CJS [10.80ms]
Test on bun (macos-latest)	Run Bun tests	2026-07-30T06:32:39.9209570Z (pass) [cjs module] 'use' import strategies > [cjs module] Dynamic Import with await import() of MJS [10.61ms]
Test on bun (macos-latest)	Run Bun tests	2026-07-30T06:32:39.9211550Z (pass) [cjs module] 'use' import strategies > [cjs module] Universal (then style) [0.02ms]
Test on bun (macos-latest)	Run Bun tests	2026-07-30T06:32:39.9213810Z (pass) [cjs module] 'use' import strategies > [cjs module] Universal (then style, use inside) [0.02ms]
Test on bun (macos-latest)	Run Bun tests	2026-07-30T06:32:39.9214690Z (pass) [cjs module] 'use' import strategies > [cjs module] Universal (eval style)
Test on bun (macos-latest)	Run Bun tests	2026-07-30T06:32:39.9215430Z (pass) [cjs module] 'use' import strategies > [cjs module] Universal (single then style)
Test on bun (macos-latest)	Run Bun tests	2026-07-30T06:32:40.0538360Z (pass) [cjs module] 'use' import strategies > [cjs module] use.all [132.83ms]
Test on bun (macos-latest)	Run Bun tests	2026-07-30T06:32:40.0672610Z (pass) [cjs module] 'use' import strategies > [cjs module] use.all with dynamic import [13.37ms]
Test on bun (macos-latest)	Run Bun tests	2026-07-30T06:32:40.0674360Z (pass) [cjs module] 'use' import strategies > [cjs module] use.all (script) [0.04ms]
Test on bun (macos-latest)	Run Bun tests	2026-07-30T06:32:40.0676100Z (pass) [cjs module] 'use' import strategies > [cjs module] Universal (script) @octokit/core@6.1.5
Test on bun (macos-latest)	Run Bun tests	2026-07-30T06:32:40.0677820Z (pass) [cjs module] 'use' import strategies > [cjs module] Universal (script) @octokit/core@5
Test on bun (macos-latest)	Run Bun tests	2026-07-30T06:32:40.0678630Z (pass) [cjs module] 'use' import strategies > [cjs module] Universal (script) @octokit/core (latest)
Test on bun (macos-latest)	Run Bun tests	2026-07-30T06:32:40.1936000Z (pass) [cjs module] 'use' import strategies > [cjs module] @octokit/core (latest) [126.26ms]
Test on bun (macos-latest)	Run Bun tests	2026-07-30T06:32:40.1937230Z 
Test on bun (macos-latest)	Run Bun tests	2026-07-30T06:32:40.1938080Z ##[endgroup]
Test on bun (macos-latest)	Run Bun tests	2026-07-30T06:32:40.1938430Z 
Test on bun (macos-latest)	Run Bun tests	2026-07-30T06:32:40.1938990Z ##[group]tests/use.test.mjs:
Test on bun (macos-latest)	Run Bun tests	2026-07-30T06:32:40.2064510Z (pass) [mjs module] 'use' import strategies > [mjs module] Direct ESM Import lodash@4.17.21 [10.98ms]
Test on bun (macos-latest)	Run Bun tests	2026-07-30T06:32:40.2219840Z (pass) [mjs module] 'use' import strategies > [mjs module] Dynamic ESM Import of CSJ [15.50ms]
Test on bun (macos-latest)	Run Bun tests	2026-07-30T06:32:40.2384730Z (pass) [mjs module] 'use' import strategies > [mjs module] Dynamic ESM Import of MJS [16.64ms]
Test on bun (macos-latest)	Run Bun tests	2026-07-30T06:32:40.2385920Z (pass) [mjs module] 'use' import strategies > [mjs module] Universal (then style) [0.05ms]
Test on bun (macos-latest)	Run Bun tests	2026-07-30T06:32:40.2386690Z (pass) [mjs module] 'use' import strategies > [mjs module] Universal (then style, use inside)
Test on bun (macos-latest)	Run Bun tests	2026-07-30T06:32:40.2387380Z (pass) [mjs module] 'use' import strategies > [mjs module] Universal (eval style)
Test on bun (macos-latest)	Run Bun tests	2026-07-30T06:32:40.2388150Z (pass) [mjs module] 'use' import strategies > [mjs module] Universal (single then style)
Test on bun (macos-latest)	Run Bun tests	2026-07-30T06:32:40.2539240Z (pass) [mjs module] 'use' import strategies > [mjs module] use.all with require [14.89ms]
Test on bun (macos-latest)	Run Bun tests	2026-07-30T06:32:40.2701130Z (pass) [mjs module] 'use' import strategies > [mjs module] use.all [16.41ms]
Test on bun (macos-latest)	Run Bun tests	2026-07-30T06:32:40.2701900Z (pass) [mjs module] 'use' import strategies > [mjs module] use.all (script) [0.08ms]
Test on bun (macos-latest)	Run Bun tests	2026-07-30T06:32:40.2702850Z (pass) [mjs module] 'use' import strategies > [mjs module] Universal (script) @octokit/core@6.1.5 [0.02ms]
Test on bun (macos-latest)	Run Bun tests	2026-07-30T06:32:40.2704260Z (pass) [mjs module] 'use' import strategies > [mjs module] Universal (script) @octokit/core@5 [0.02ms]
Test on bun (macos-latest)	Run Bun tests	2026-07-30T06:32:40.2705050Z (pass) [mjs module] 'use' import strategies > [mjs module] Universal (script) @octokit/core (latest) [0.02ms]
Test on bun (macos-latest)	Run Bun tests	2026-07-30T06:32:40.2968190Z (pass) [mjs module] 'use' import strategies > [mjs module] @octokit/core (latest) [26.71ms]
Test on bun (macos-latest)	Run Bun tests	2026-07-30T06:32:40.2969130Z 
Test on bun (macos-latest)	Run Bun tests	2026-07-30T06:32:40.2969640Z ##[endgroup]
Test on bun (macos-latest)	Run Bun tests	2026-07-30T06:32:40.2969980Z 
Test on bun (macos-latest)	Run Bun tests	2026-07-30T06:32:40.2970380Z ##[group]tests/lodash.test.mjs:
Test on bun (macos-latest)	Run Bun tests	2026-07-30T06:32:40.3342410Z (pass) [mjs module] 'lodash' imports tests > [mjs module] npm: lodash [24.31ms]
Test on bun (macos-latest)	Run Bun tests	2026-07-30T06:32:40.3718430Z (pass) [mjs module] 'lodash' imports tests > [mjs module] npm: lodash@latest [37.46ms]
Test on bun (macos-latest)	Run Bun tests	2026-07-30T06:32:40.3988720Z (pass) [mjs module] 'lodash' imports tests > [mjs module] npm: lodash@ [26.98ms]
Test on bun (macos-latest)	Run Bun tests	2026-07-30T06:32:40.4089760Z (pass) [mjs module] 'lodash' imports tests > [mjs module] npm: lodash@4.17.21 [10.10ms]
Test on bun (macos-latest)	Run Bun tests	2026-07-30T06:32:40.4185470Z (pass) [mjs module] 'lodash' imports tests > [mjs module] npm: lodash@4.17.21/add [9.52ms]
Test on bun (macos-latest)	Run Bun tests	2026-07-30T06:32:40.4300650Z (pass) [mjs module] 'lodash' imports tests > [mjs module] npm: lodash@4.17.21/add.js [11.54ms]
Test on bun (macos-latest)	Run Bun tests	2026-07-30T06:32:40.4424560Z (pass) [mjs module] 'lodash' imports tests > [mjs module] npm: lodash@4.17.21/not-found.js [12.32ms]
Test on bun (macos-latest)	Run Bun tests	2026-07-30T06:32:40.4425460Z 
Test on bun (macos-latest)	Run Bun tests	2026-07-30T06:32:40.4426430Z ##[endgroup]
Test on bun (macos-latest)	Run Bun tests	2026-07-30T06:32:40.4427080Z 
Test on bun (macos-latest)	Run Bun tests	2026-07-30T06:32:40.4427800Z ##[group]tests/filename.test.mjs:
Test on bun (macos-latest)	Run Bun tests	2026-07-30T06:32:40.4451400Z (pass) [mjs module] scriptPath detection in ESM (functional) > [mjs module] default pathResolver resolves modules relative to use.mjs [0.20ms]
Test on bun (macos-latest)	Run Bun tests	2026-07-30T06:32:40.4454050Z (pass) [mjs module] scriptPath detection in ESM (functional) > [mjs module] override scriptPath resolves relative to provided path [0.17ms]
Test on bun (macos-latest)	Run Bun tests	2026-07-30T06:32:40.4456720Z (pass) [mjs module] scriptPath detection in ESM (createRequire fallback) > [mjs module] fallback default resolves modules relative to use.mjs [0.10ms]
Test on bun (macos-latest)	Run Bun tests	2026-07-30T06:32:40.4459640Z (pass) [mjs module] scriptPath detection in ESM (createRequire fallback) > [mjs module] fallback explicit scriptPath resolves relative to provided path [0.09ms]
Test on bun (macos-latest)	Run Bun tests	2026-07-30T06:32:40.4462390Z (pass) [mjs module] scriptPath detection in ESM (createRequire fallback) > [mjs module] fallback meta override changes pathResolver behavior in ESM [0.09ms]
Test on bun (macos-latest)	Run Bun tests	2026-07-30T06:32:40.4465040Z (pass) [mjs module] scriptPath detection in ESM (meta URL) > [mjs module] meta override resolves modules relative to provided meta URL (use.js) [0.08ms]
Test on bun (macos-latest)	Run Bun tests	2026-07-30T06:32:40.4466310Z 
Test on bun (macos-latest)	Run Bun tests	2026-07-30T06:32:40.4466930Z ##[endgroup]
Test on bun (macos-latest)	Run Bun tests	2026-07-30T06:32:40.4467210Z 
Test on bun (macos-latest)	Run Bun tests	2026-07-30T06:32:40.4467720Z ##[group]tests/get-script-url.test.cjs:
Test on bun (macos-latest)	Run Bun tests	2026-07-30T06:32:40.4469560Z (pass) [cjs module] __filename workaround > [cjs module] scriptUrl matches __filename as URL [0.13ms]
Test on bun (macos-latest)	Run Bun tests	2026-07-30T06:32:40.4471430Z (pass) [cjs module] __filename workaround > [cjs module] scriptUrl matches __filename as URL in eval [0.10ms]
Test on bun (macos-latest)	Run Bun tests	2026-07-30T06:32:40.4472310Z 
Test on bun (macos-latest)	Run Bun tests	2026-07-30T06:32:40.4472870Z ##[endgroup]
Test on bun (macos-latest)	Run Bun tests	2026-07-30T06:32:40.4473160Z 
Test on bun (macos-latest)	Run Bun tests	2026-07-30T06:32:40.4473780Z ##[group]tests/typescript.test.cjs:
Test on bun (macos-latest)	Run Bun tests	2026-07-30T06:32:40.8478890Z (pass) [cjs module] typescript > [cjs module] use typescript [398.33ms]
Test on bun (macos-latest)	Run Bun tests	2026-07-30T06:32:40.8479220Z 
Test on bun (macos-latest)	Run Bun tests	2026-07-30T06:32:40.8479500Z ##[endgroup]
Test on bun (macos-latest)	Run Bun tests	2026-07-30T06:32:40.8479640Z 
Test on bun (macos-latest)	Run Bun tests	2026-07-30T06:32:40.8479890Z ##[group]tests/import.test.cjs:
Test on bun (macos-latest)	Run Bun tests	2026-07-30T06:32:40.8598820Z (pass) [cjs module] dynamic import support > [cjs module] supportsDynamicImport returns true in .cjs file [4.79ms]
Test on bun (macos-latest)	Run Bun tests	2026-07-30T06:32:40.8600120Z 
Test on bun (macos-latest)	Run Bun tests	2026-07-30T06:32:40.8600880Z ##[endgroup]
Test on bun (macos-latest)	Run Bun tests	2026-07-30T06:32:40.8601330Z 
Test on bun (macos-latest)	Run Bun tests	2026-07-30T06:32:40.8602100Z ##[group]tests/npm-global-prefix.test.cjs:
Test on bun (macos-latest)	Run Bun tests	2026-07-30T06:32:40.8636860Z (pass) [cjs module] npm global prefix handling > [cjs module] redirects installs to use-m cache when npm global root is not writable [0.79ms]
Test on bun (macos-latest)	Run Bun tests	2026-07-30T06:32:40.8639250Z (pass) [cjs module] npm global prefix handling > [cjs module] keeps the configured npm root when it is writable [0.07ms]
Test on bun (macos-latest)	Run Bun tests	2026-07-30T06:32:40.8642460Z (pass) [cjs module] npm global prefix handling > [cjs module] respects an explicit npm_config_prefix override [0.07ms]
Test on bun (macos-latest)	Run Bun tests	2026-07-30T06:32:40.8644750Z (pass) [cjs module] npm global prefix handling > [cjs module] retries transient npm install failures and removes partial aliases [0.06ms]
Test on bun (macos-latest)	Run Bun tests	2026-07-30T06:32:40.8647290Z (pass) [cjs module] npm global prefix handling > [cjs module] reports captured npm output and cleans up after exhausted retries [0.09ms]
Test on bun (macos-latest)	Run Bun tests	2026-07-30T06:32:40.8650330Z (pass) [cjs module] npm global prefix handling > [cjs module] gives corrupt-alias cleanup a recursive rm retry budget [0.07ms]
Test on bun (macos-latest)	Run Bun tests	2026-07-30T06:32:40.8652760Z (pass) [cjs module] npm global prefix handling > [cjs module] repairs a truncated entry point and bypasses the cached syntax failure [0.06ms]
Test on bun (macos-latest)	Run Bun tests	2026-07-30T06:32:40.8655090Z (pass) [cjs module] npm global prefix handling > [cjs module] repairs an alias missing an internal ESM dependency [0.06ms]
Test on bun (macos-latest)	Run Bun tests	2026-07-30T06:32:40.8657190Z (pass) [cjs module] npm global prefix handling > [cjs module] repairs an alias with invalid package metadata [0.05ms]
Test on bun (macos-latest)	Run Bun tests	2026-07-30T06:32:40.8659280Z (pass) [cjs module] npm global prefix handling > [cjs module] repairs an alias whose declared entry point is missing [0.05ms]
Test on bun (macos-latest)	Run Bun tests	2026-07-30T06:32:40.8661570Z (pass) [cjs module] npm global prefix handling > [cjs module] does not reinstall for an unrelated unwrapped missing-module error [0.05ms]
Test on bun (macos-latest)	Run Bun tests	2026-07-30T06:32:40.8663070Z 
Test on bun (macos-latest)	Run Bun tests	2026-07-30T06:32:40.8663690Z ##[endgroup]
Test on bun (macos-latest)	Run Bun tests	2026-07-30T06:32:40.8663930Z 
Test on bun (macos-latest)	Run Bun tests	2026-07-30T06:32:40.8664430Z ##[group]tests/fs-promises.test.mjs:
Test on bun (macos-latest)	Run Bun tests	2026-07-30T06:32:40.8665960Z (pass) mjs module fs/promises support > mjs module fs/promises should return promise-based functions [0.56ms]
Test on bun (macos-latest)	Run Bun tests	2026-07-30T06:32:40.8685840Z (pass) mjs module fs/promises support > mjs module fs/promises should work functionally [2.33ms]
Test on bun (macos-latest)	Run Bun tests	2026-07-30T06:32:40.8687760Z (pass) mjs module fs/promises support > mjs module fs/promises should differ from regular fs [0.21ms]
Test on bun (macos-latest)	Run Bun tests	2026-07-30T06:32:40.8688610Z 
Test on bun (macos-latest)	Run Bun tests	2026-07-30T06:32:40.8689140Z ##[endgroup]
Test on bun (macos-latest)	Run Bun tests	2026-07-30T06:32:40.8689380Z 
Test on bun (macos-latest)	Run Bun tests	2026-07-30T06:32:40.8689960Z ##[group]tests/import.test.mjs:
Test on bun (macos-latest)	Run Bun tests	2026-07-30T06:32:40.8707580Z (pass) [mjs module] dynamic import support > [mjs module] supportsDynamicImport returns true in .mjs file [0.23ms]
Test on bun (macos-latest)	Run Bun tests	2026-07-30T06:32:40.8708610Z 
Test on bun (macos-latest)	Run Bun tests	2026-07-30T06:32:40.8709500Z ##[endgroup]
Test on bun (macos-latest)	Run Bun tests	2026-07-30T06:32:40.8709650Z 
Test on bun (macos-latest)	Run Bun tests	2026-07-30T06:32:40.8709970Z ##[group]tests/npm-global-prefix.test.mjs:
Test on bun (macos-latest)	Run Bun tests	2026-07-30T06:32:40.8729500Z (pass) [mjs module] npm global prefix handling > [mjs module] redirects installs to use-m cache when npm global root is not writable [0.13ms]
Test on bun (macos-latest)	Run Bun tests	2026-07-30T06:32:40.8732010Z (pass) [mjs module] npm global prefix handling > [mjs module] keeps the configured npm root when it is writable [0.07ms]
Test on bun (macos-latest)	Run Bun tests	2026-07-30T06:32:40.8734150Z (pass) [mjs module] npm global prefix handling > [mjs module] respects an explicit npm_config_prefix override [0.08ms]
Test on bun (macos-latest)	Run Bun tests	2026-07-30T06:32:40.8737030Z (pass) [mjs module] npm global prefix handling > [mjs module] retries transient npm install failures and removes partial aliases [0.06ms]
Test on bun (macos-latest)	Run Bun tests	2026-07-30T06:32:40.8739570Z (pass) [mjs module] npm global prefix handling > [mjs module] reports captured npm output and cleans up after exhausted retries [0.09ms]
Test on bun (macos-latest)	Run Bun tests	2026-07-30T06:32:40.8742230Z (pass) [mjs module] npm global prefix handling > [mjs module] gives corrupt-alias cleanup a recursive rm retry budget [0.07ms]
Test on bun (macos-latest)	Run Bun tests	2026-07-30T06:32:40.8744680Z (pass) [mjs module] npm global prefix handling > [mjs module] repairs a truncated entry point and bypasses the cached syntax failure [0.07ms]
Test on bun (macos-latest)	Run Bun tests	2026-07-30T06:32:40.8757340Z (pass) [mjs module] npm global prefix handling > [mjs module] repairs an alias missing an internal ESM dependency [0.05ms]
Test on bun (macos-latest)	Run Bun tests	2026-07-30T06:32:40.8758220Z (pass) [mjs module] npm global prefix handling > [mjs module] repairs an alias with invalid package metadata [0.05ms]
Test on bun (macos-latest)	Run Bun tests	2026-07-30T06:32:40.8759060Z (pass) [mjs module] npm global prefix handling > [mjs module] repairs an alias whose declared entry point is missing [0.05ms]
Test on bun (macos-latest)	Run Bun tests	2026-07-30T06:32:40.8760460Z (pass) [mjs module] npm global prefix handling > [mjs module] does not reinstall for an unrelated unwrapped missing-module error [0.05ms]
Test on bun (macos-latest)	Run Bun tests	2026-07-30T06:32:40.8760860Z 
Test on bun (macos-latest)	Run Bun tests	2026-07-30T06:32:40.8761090Z ##[endgroup]
Test on bun (macos-latest)	Run Bun tests	2026-07-30T06:32:40.8761180Z 
Test on bun (macos-latest)	Run Bun tests	2026-07-30T06:32:40.8761360Z ##[group]tests/typescript.test.mjs:
Test on bun (macos-latest)	Run Bun tests	2026-07-30T06:32:40.9061710Z (pass) [mjs module] typescript > [mjs module] use typescript [31.30ms]
Test on bun (macos-latest)	Run Bun tests	2026-07-30T06:32:40.9062380Z 
Test on bun (macos-latest)	Run Bun tests	2026-07-30T06:32:40.9062660Z ##[endgroup]
Test on bun (macos-latest)	Run Bun tests	2026-07-30T06:32:40.9062760Z 
Test on bun (macos-latest)	Run Bun tests	2026-07-30T06:32:40.9062950Z ##[group]tests/deno-support.test.cjs:
Test on bun (macos-latest)	Run Bun tests	2026-07-30T06:32:40.9183230Z (pass) [cjs module] Deno support > [cjs module] Deno resolver should resolve npm packages to esm.sh [0.10ms]
Test on bun (macos-latest)	Run Bun tests	2026-07-30T06:32:40.9185180Z (pass) [cjs module] Deno support > [cjs module] Deno resolver should handle scoped packages [0.04ms]
Test on bun (macos-latest)	Run Bun tests	2026-07-30T06:32:40.9185920Z (pass) [cjs module] Deno support > [cjs module] Deno resolver should handle module paths [0.02ms]
Test on bun (macos-latest)	Run Bun tests	2026-07-30T06:32:40.9186550Z (pass) [cjs module] Deno support > [cjs module] Deno resolver should handle latest version [0.04ms]
Test on bun (macos-latest)	Run Bun tests	2026-07-30T06:32:40.9187280Z (pass) [cjs module] Deno support > [cjs module] makeUse should detect Deno runtime when Deno global is present [0.09ms]
Test on bun (macos-latest)	Run Bun tests	2026-07-30T06:32:40.9188010Z (pass) [cjs module] Deno support > [cjs module] Deno resolver should work with complex package names [0.02ms]
Test on bun (macos-latest)	Run Bun tests	2026-07-30T06:32:40.9188780Z (pass) [cjs module] Deno support > [cjs module] Deno resolver should handle packages without versions [0.03ms]
Test on bun (macos-latest)	Run Bun tests	2026-07-30T06:32:40.9189440Z (pass) [cjs module] Deno support > [cjs module] makeUse with explicit deno resolver [0.04ms]
Test on bun (macos-latest)	Run Bun tests	2026-07-30T06:32:40.9189720Z 
Test on bun (macos-latest)	Run Bun tests	2026-07-30T06:32:40.9189960Z ##[endgroup]
Test on bun (macos-latest)	Run Bun tests	2026-07-30T06:32:40.9190040Z 
Test on bun (macos-latest)	Run Bun tests	2026-07-30T06:32:40.9190230Z ##[group]tests/relative-paths.test.mjs:
Test on bun (macos-latest)	Run Bun tests	2026-07-30T06:32:40.9325090Z (pass) Relative Path Resolution > should import JS file from same directory using ./ [0.78ms]
Test on bun (macos-latest)	Run Bun tests	2026-07-30T06:32:40.9327390Z (pass) Relative Path Resolution > should import JSON file from same directory using ./ [0.27ms]
Test on bun (macos-latest)	Run Bun tests	2026-07-30T06:32:40.9329120Z (pass) Relative Path Resolution > should import JS file from parent directory using ../ [0.07ms]
Test on bun (macos-latest)	Run Bun tests	2026-07-30T06:32:40.9332820Z (pass) Relative Path Resolution > should import from subdirectory using ./subfolder/ [0.52ms]
Test on bun (macos-latest)	Run Bun tests	2026-07-30T06:32:40.9334940Z (pass) Relative Path Resolution > should import JSON from subdirectory [0.23ms]
Test on bun (macos-latest)	Run Bun tests	2026-07-30T06:32:40.9336670Z (pass) Relative Path Resolution > should handle complex relative paths (../) [0.11ms]
Test on bun (macos-latest)	Run Bun tests	2026-07-30T06:32:40.9437230Z (pass) Relative Path Resolution > should work with mixed relative and npm imports [9.96ms]
Test on bun (macos-latest)	Run Bun tests	2026-07-30T06:32:40.9439230Z (pass) Relative Path Resolution > should maintain correct context for nested relative imports [0.26ms]
Test on bun (macos-latest)	Run Bun tests	2026-07-30T06:32:40.9440070Z 
Test on bun (macos-latest)	Run Bun tests	2026-07-30T06:32:40.9440640Z ##[endgroup]
Test on bun (macos-latest)	Run Bun tests	2026-07-30T06:32:40.9440880Z 
Test on bun (macos-latest)	Run Bun tests	2026-07-30T06:32:40.9441450Z ##[group]tests/deno-support.test.mjs:
Test on bun (macos-latest)	Run Bun tests	2026-07-30T06:32:40.9458970Z (pass) [mjs module] Deno support > [mjs module] Deno resolver should resolve npm packages to esm.sh [0.16ms]
Test on bun (macos-latest)	Run Bun tests	2026-07-30T06:32:40.9460870Z (pass) [mjs module] Deno support > [mjs module] Deno resolver should handle scoped packages [0.04ms]
Test on bun (macos-latest)	Run Bun tests	2026-07-30T06:32:40.9462700Z (pass) [mjs module] Deno support > [mjs module] Deno resolver should handle module paths [0.03ms]
Test on bun (macos-latest)	Run Bun tests	2026-07-30T06:32:40.9463520Z (pass) [mjs module] Deno support > [mjs module] Deno resolver should handle latest version [0.02ms]
Test on bun (macos-latest)	Run Bun tests	2026-07-30T06:32:40.9464320Z (pass) [mjs module] Deno support > [mjs module] makeUse should detect Deno runtime when Deno global is present [0.13ms]
Test on bun (macos-latest)	Run Bun tests	2026-07-30T06:32:40.9465060Z (pass) [mjs module] Deno support > [mjs module] Deno resolver should work with complex package names [0.03ms]
Test on bun (macos-latest)	Run Bun tests	2026-07-30T06:32:40.9465770Z (pass) [mjs module] Deno support > [mjs module] Deno resolver should handle packages without versions [0.02ms]
Test on bun (macos-latest)	Run Bun tests	2026-07-30T06:32:40.9466460Z (pass) [mjs module] Deno support > [mjs module] makeUse with explicit deno resolver [0.05ms]
Test on bun (macos-latest)	Run Bun tests	2026-07-30T06:32:40.9466740Z 
Test on bun (macos-latest)	Run Bun tests	2026-07-30T06:32:40.9467390Z ##[endgroup]
Test on bun (macos-latest)	Run Bun tests	2026-07-30T06:32:40.9467470Z 
Test on bun (macos-latest)	Run Bun tests	2026-07-30T06:32:40.9467660Z ##[group]tests/script-sync.test.mjs:
Test on bun (macos-latest)	Run Bun tests	2026-07-30T06:32:40.9484870Z (pass) [mjs module] distributed script synchronization > [mjs module] npm recovery stays synchronized across mjs, cjs, and universal builds [0.60ms]
Test on bun (macos-latest)	Run Bun tests	2026-07-30T06:32:40.9485340Z 
Test on bun (macos-latest)	Run Bun tests	2026-07-30T06:32:40.9485510Z ##[endgroup]
Test on bun (macos-latest)	Run Bun tests	2026-07-30T06:32:40.9485590Z 
Test on bun (macos-latest)	Run Bun tests	2026-07-30T06:32:40.9486230Z ##[group]tests/relative-paths.test.cjs:
Test on bun (macos-latest)	Run Bun tests	2026-07-30T06:32:40.9501290Z (pass) Relative Path Resolution (CommonJS) > should import JS file from same directory using ./ [0.13ms]
Test on bun (macos-latest)	Run Bun tests	2026-07-30T06:32:40.9503370Z (pass) Relative Path Resolution (CommonJS) > should import JSON file from same directory using ./ [0.10ms]
Test on bun (macos-latest)	Run Bun tests	2026-07-30T06:32:40.9505250Z (pass) Relative Path Resolution (CommonJS) > should import JS file from parent directory using ../ [0.06ms]
Test on bun (macos-latest)	Run Bun tests	2026-07-30T06:32:40.9507090Z (pass) Relative Path Resolution (CommonJS) > should import from subdirectory using ./subfolder/ [0.06ms]
Test on bun (macos-latest)	Run Bun tests	2026-07-30T06:32:40.9509310Z (pass) Relative Path Resolution (CommonJS) > should import JSON from subdirectory [0.06ms]
Test on bun (macos-latest)	Run Bun tests	2026-07-30T06:32:40.9510980Z (pass) Relative Path Resolution (CommonJS) > should handle complex relative paths (../) [0.06ms]
Test on bun (macos-latest)	Run Bun tests	2026-07-30T06:32:40.9599320Z (pass) Relative Path Resolution (CommonJS) > should work with mixed relative and npm imports [9.36ms]
Test on bun (macos-latest)	Run Bun tests	2026-07-30T06:32:40.9602230Z (pass) Relative Path Resolution (CommonJS) > should maintain correct context for nested relative imports [0.24ms]
Test on bun (macos-latest)	Run Bun tests	2026-07-30T06:32:40.9603270Z 
Test on bun (macos-latest)	Run Bun tests	2026-07-30T06:32:40.9604040Z ##[endgroup]
Test on bun (macos-latest)	Run Bun tests	2026-07-30T06:32:40.9606740Z 
Test on bun (macos-latest)	Run Bun tests	2026-07-30T06:32:40.9607360Z ##[group]tests/command-stream.test.mjs:
Test on bun (macos-latest)	Run Bun tests	2026-07-30T06:32:41.3015160Z (pass) [mjs module] command-stream module import > [mjs module] Direct ESM Import [339.42ms]
Test on bun (macos-latest)	Run Bun tests	2026-07-30T06:32:41.3265170Z (pass) [mjs module] command-stream module import > [mjs module] Dynamic ESM Import of CJS [24.93ms]
Test on bun (macos-latest)	Run Bun tests	2026-07-30T06:32:41.3545540Z (pass) [mjs module] command-stream module import > [mjs module] Dynamic ESM Import of MJS [27.99ms]
Test on bun (macos-latest)	Run Bun tests	2026-07-30T06:32:41.3546500Z 
Test on bun (macos-latest)	Run Bun tests	2026-07-30T06:32:41.3547060Z ##[endgroup]
Test on bun (macos-latest)	Run Bun tests	2026-07-30T06:32:41.3547300Z 
Test on bun (macos-latest)	Run Bun tests	2026-07-30T06:32:41.3547790Z ##[group]tests/root-entries.test.mjs:
Test on bun (macos-latest)	Run Bun tests	2026-07-30T06:32:41.3757840Z (pass) [mjs module] root entry mirrors > [mjs module] mirrors exactly src/use.js, src/use.cjs and src/use.mjs [0.06ms]
Test on bun (macos-latest)	Run Bun tests	2026-07-30T06:32:41.3767930Z (pass) [mjs module] root entry mirrors > [mjs module] use.js exists at the package root [0.08ms]
Test on bun (macos-latest)	Run Bun tests	2026-07-30T06:32:41.3805860Z (pass) [mjs module] root entry mirrors > [mjs module] root use.js is in sync with src/use.js [4.64ms]
Test on bun (macos-latest)	Run Bun tests	2026-07-30T06:32:41.3809120Z (pass) [mjs module] root entry mirrors > [mjs module] root use.js contains the full src/use.js body [0.35ms]
Test on bun (macos-latest)	Run Bun tests	2026-07-30T06:32:41.3810460Z (pass) [mjs module] root entry mirrors > [mjs module] use.cjs exists at the package root [0.01ms]
Test on bun (macos-latest)	Run Bun tests	2026-07-30T06:32:41.3816960Z (pass) [mjs module] root entry mirrors > [mjs module] root use.cjs is in sync with src/use.cjs [0.70ms]
Test on bun (macos-latest)	Run Bun tests	2026-07-30T06:32:41.3820420Z (pass) [mjs module] root entry mirrors > [mjs module] root use.cjs contains the full src/use.cjs body [0.28ms]
Test on bun (macos-latest)	Run Bun tests	2026-07-30T06:32:41.3821330Z (pass) [mjs module] root entry mirrors > [mjs module] use.mjs exists at the package root
Test on bun (macos-latest)	Run Bun tests	2026-07-30T06:32:41.3825950Z (pass) [mjs module] root entry mirrors > [mjs module] root use.mjs is in sync with src/use.mjs [0.57ms]
Test on bun (macos-latest)	Run Bun tests	2026-07-30T06:32:41.3828120Z (pass) [mjs module] root entry mirrors > [mjs module] root use.mjs contains the full src/use.mjs body [0.13ms]
Test on bun (macos-latest)	Run Bun tests	2026-07-30T06:32:41.3834000Z (pass) [mjs module] root entry mirrors > [mjs module] root use.js eval()s to a working use function [0.79ms]
Test on bun (macos-latest)	Run Bun tests	2026-07-30T06:32:41.3835890Z (pass) [mjs module] root entry mirrors > [mjs module] the 404 "Not found" body is not a valid module body [0.15ms]
Test on bun (macos-latest)	Run Bun tests	2026-07-30T06:32:41.3870180Z (pass) [mjs module] root entry mirrors > [mjs module] root use.mjs imports to a working use function [3.31ms]
Test on bun (macos-latest)	Run Bun tests	2026-07-30T06:32:41.3879740Z (pass) [mjs module] root entry mirrors > [mjs module] package.json ships the root mirrors and keeps src canonical [1.01ms]
Test on bun (macos-latest)	Run Bun tests	2026-07-30T06:32:41.3882110Z 
Test on bun (macos-latest)	Run Bun tests	2026-07-30T06:32:41.3882800Z ##[endgroup]
Test on bun (macos-latest)	Run Bun tests	2026-07-30T06:32:41.3887610Z 
Test on bun (macos-latest)	Run Bun tests	2026-07-30T06:32:41.3889010Z ##[group]tests/command-stream.test.cjs:
Test on bun (macos-latest)	Run Bun tests	2026-07-30T06:32:41.4189780Z (pass) [cjs module] command-stream module import > [cjs module] Direct CJS Require [28.32ms]
Test on bun (macos-latest)	Run Bun tests	2026-07-30T06:32:41.4459700Z (pass) [cjs module] command-stream module import > [cjs module] Dynamic Import with await import() of CJS [26.96ms]
Test on bun (macos-latest)	Run Bun tests	2026-07-30T06:32:41.4760390Z (pass) [cjs module] command-stream module import > [cjs module] Dynamic Import with await import() of MJS [29.99ms]
Test on bun (macos-latest)	Run Bun tests	2026-07-30T06:32:41.4761050Z 
Test on bun (macos-latest)	Run Bun tests	2026-07-30T06:32:41.4761610Z ##[endgroup]
Test on bun (macos-latest)	Run Bun tests	2026-07-30T06:32:41.4761960Z 
Test on bun (macos-latest)	Run Bun tests	2026-07-30T06:32:41.4762430Z ##[group]tests/fallback.test.cjs:
Test on bun (macos-latest)	Run Bun tests	2026-07-30T06:32:41.4829690Z (pass) [cjs module] loadWithFallback (shared engine) > [cjs module] returns the first source's result without trying later ones [0.29ms]
Test on bun (macos-latest)	Run Bun tests	2026-07-30T06:32:41.4833840Z (pass) [cjs module] loadWithFallback (shared engine) > [cjs module] falls back to a later source when earlier ones fail [0.26ms]
Test on bun (macos-latest)	Run Bun tests	2026-07-30T06:32:41.4834780Z (pass) [cjs module] loadWithFallback (shared engine) > [cjs module] retries a flaky source before succeeding [0.20ms]
Test on bun (macos-latest)	Run Bun tests	2026-07-30T06:32:41.4837800Z (pass) [cjs module] loadWithFallback (shared engine) > [cjs module] throws ONE aggregated error listing every attempt [0.42ms]
Test on bun (macos-latest)	Run Bun tests	2026-07-30T06:32:41.4840020Z (pass) [cjs module] loadWithFallback (shared engine) > [cjs module] rejects empty or non-array sources [0.21ms]
Test on bun (macos-latest)	Run Bun tests	2026-07-30T06:32:41.4841090Z (pass) [cjs module] loadWithFallback (shared engine) > [cjs module] rejects a missing load function [0.09ms]
Test on bun (macos-latest)	Run Bun tests	2026-07-30T06:32:41.4848550Z (pass) [cjs module] makeUse per-package CDN fallback > [cjs module] falls back to the next mirror when one import fails [0.59ms]
Test on bun (macos-latest)	Run Bun tests	2026-07-30T06:32:41.4852700Z (pass) [cjs module] makeUse per-package CDN fallback > [cjs module] throws a clear aggregated error when every mirror fails [0.44ms]
Test on bun (macos-latest)	Run Bun tests	2026-07-30T06:32:41.4857310Z (pass) [cjs module] makeUse per-package CDN fallback > [cjs module] a single explicit resolver imports directly with its raw error (no aggregation) [0.38ms]
Test on bun (macos-latest)	Run Bun tests	2026-07-30T06:32:41.4860550Z (pass) [cjs module] makeUse per-package CDN fallback > [cjs module] a single-entry specifierResolvers chain also imports directly [0.25ms]
Test on bun (macos-latest)	Run Bun tests	2026-07-30T06:32:41.4862940Z (pass) [cjs module] makeUse per-package CDN fallback > [cjs module] exposes the default mirror chains [0.04ms]
Test on bun (macos-latest)	Run Bun tests	2026-07-30T06:32:41.4864000Z 
Test on bun (macos-latest)	Run Bun tests	2026-07-30T06:32:41.4864560Z ##[endgroup]
Test on bun (macos-latest)	Run Bun tests	2026-07-30T06:32:41.4864800Z 
Test on bun (macos-latest)	Run Bun tests	2026-07-30T06:32:41.4865320Z ##[group]tests/fallback.test.mjs:
Test on bun (macos-latest)	Run Bun tests	2026-07-30T06:32:41.4900750Z (pass) [mjs module] loadWithFallback (shared engine) > [mjs module] returns the first source's result without trying later ones [0.17ms]
Test on bun (macos-latest)	Run Bun tests	2026-07-30T06:32:41.4901860Z (pass) [mjs module] loadWithFallback (shared engine) > [mjs module] falls back to a later source when earlier ones fail [0.11ms]
Test on bun (macos-latest)	Run Bun tests	2026-07-30T06:32:41.4902760Z (pass) [mjs module] loadWithFallback (shared engine) > [mjs module] retries a flaky source before succeeding [0.07ms]
Test on bun (macos-latest)	Run Bun tests	2026-07-30T06:32:41.4903690Z (pass) [mjs module] loadWithFallback (shared engine) > [mjs module] throws ONE aggregated error listing every attempt [0.13ms]
Test on bun (macos-latest)	Run Bun tests	2026-07-30T06:32:41.4904570Z (pass) [mjs module] loadWithFallback (shared engine) > [mjs module] rejects empty or non-array sources [0.07ms]
Test on bun (macos-latest)	Run Bun tests	2026-07-30T06:32:41.4905390Z (pass) [mjs module] loadWithFallback (shared engine) > [mjs module] rejects a missing load function [0.03ms]
Test on bun (macos-latest)	Run Bun tests	2026-07-30T06:32:41.4906940Z (pass) [mjs module] makeUse per-package CDN fallback > [mjs module] falls back to the next mirror when one import fails [0.25ms]
Test on bun (macos-latest)	Run Bun tests	2026-07-30T06:32:41.4908870Z (pass) [mjs module] makeUse per-package CDN fallback > [mjs module] throws a clear aggregated error when every mirror fails [0.18ms]
Test on bun (macos-latest)	Run Bun tests	2026-07-30T06:32:41.4911030Z (pass) [mjs module] makeUse per-package CDN fallback > [mjs module] a single explicit resolver imports directly with its raw error (no aggregation) [0.16ms]
Test on bun (macos-latest)	Run Bun tests	2026-07-30T06:32:41.4912520Z (pass) [mjs module] makeUse per-package CDN fallback > [mjs module] a single-entry specifierResolvers chain also imports directly [0.08ms]
Test on bun (macos-latest)	Run Bun tests	2026-07-30T06:32:41.4913340Z (pass) [mjs module] makeUse per-package CDN fallback > [mjs module] exposes the default mirror chains [0.01ms]
Test on bun (macos-latest)	Run Bun tests	2026-07-30T06:32:41.4913670Z 
Test on bun (macos-latest)	Run Bun tests	2026-07-30T06:32:41.4913910Z ##[endgroup]
Test on bun (macos-latest)	Run Bun tests	2026-07-30T06:32:41.5029890Z 
Test on bun (macos-latest)	Run Bun tests	2026-07-30T06:32:41.5034020Z  349 pass
Test on bun (macos-latest)	Run Bun tests	2026-07-30T06:32:41.5051260Z  0 fail
Test on bun (macos-latest)	Run Bun tests	2026-07-30T06:32:41.5067400Z  729 expect() calls
Test on bun (macos-latest)	Run Bun tests	2026-07-30T06:32:41.5071200Z Ran 349 tests across 45 files. [25.84s]
Test on bun (macos-latest)	Post Setup Bun	﻿2026-07-30T06:32:41.5211140Z Post job cleanup.
Test on bun (macos-latest)	Post Setup Node.js	﻿2026-07-30T06:32:42.0006180Z Post job cleanup.
Test on bun (macos-latest)	Post Setup Node.js	2026-07-30T06:32:42.1586520Z [command]/opt/homebrew/bin/gtar --posix -cf cache.tzst --exclude cache.tzst -P -C /Users/runner/work/use-m/use-m --files-from manifest.txt --delay-directory-restore --use-compress-program zstdmt
Test on bun (macos-latest)	Post Setup Node.js	2026-07-30T06:32:42.9299810Z Failed to save: Unable to reserve cache with key node-cache-macOS-arm64-npm-81dc12784190084ec33a0af20f1b75b6742be9b6cef5912c61bb9bf083a9dee5, another job may be creating this cache.
Test on bun (macos-latest)	Post Checkout code	﻿2026-07-30T06:32:42.9441850Z Post job cleanup.
Test on bun (macos-latest)	Post Checkout code	2026-07-30T06:32:43.0566760Z [command]/opt/homebrew/bin/git version
Test on bun (macos-latest)	Post Checkout code	2026-07-30T06:32:43.0794060Z git version 2.55.0
Test on bun (macos-latest)	Post Checkout code	2026-07-30T06:32:43.0816730Z Copying '/Users/runner/.gitconfig' to '/Users/runner/work/_temp/41b8c31b-2008-4727-b294-743bc64d4703/.gitconfig'
Test on bun (macos-latest)	Post Checkout code	2026-07-30T06:32:43.0825000Z Temporarily overriding HOME='/Users/runner/work/_temp/41b8c31b-2008-4727-b294-743bc64d4703' before making global git config changes
Test on bun (macos-latest)	Post Checkout code	2026-07-30T06:32:43.0828730Z Adding repository directory to the temporary git global config as a safe directory
Test on bun (macos-latest)	Post Checkout code	2026-07-30T06:32:43.0830850Z [command]/opt/homebrew/bin/git config --global --add safe.directory /Users/runner/work/use-m/use-m
Test on bun (macos-latest)	Post Checkout code	2026-07-30T06:32:43.0966750Z Removing SSH command configuration
Test on bun (macos-latest)	Post Checkout code	2026-07-30T06:32:43.0972200Z [command]/opt/homebrew/bin/git config --local --name-only --get-regexp core\.sshCommand
Test on bun (macos-latest)	Post Checkout code	2026-07-30T06:32:43.1053830Z [command]/opt/homebrew/bin/git submodule foreach --recursive sh -c "git config --local --name-only --get-regexp 'core\.sshCommand' && git config --local --unset-all 'core.sshCommand' || :"
Test on bun (macos-latest)	Post Checkout code	2026-07-30T06:32:43.2544090Z Removing HTTP extra header
Test on bun (macos-latest)	Post Checkout code	2026-07-30T06:32:43.2544950Z [command]/opt/homebrew/bin/git config --local --name-only --get-regexp http\.https\:\/\/github\.com\/\.extraheader
Test on bun (macos-latest)	Post Checkout code	2026-07-30T06:32:43.2626260Z [command]/opt/homebrew/bin/git submodule foreach --recursive sh -c "git config --local --name-only --get-regexp 'http\.https\:\/\/github\.com\/\.extraheader' && git config --local --unset-all 'http.https://github.com/.extraheader' || :"
Test on bun (macos-latest)	Post Checkout code	2026-07-30T06:32:43.4108020Z Removing includeIf entries pointing to credentials config files
Test on bun (macos-latest)	Post Checkout code	2026-07-30T06:32:43.4108790Z [command]/opt/homebrew/bin/git config --local --name-only --get-regexp ^includeIf\.gitdir:
Test on bun (macos-latest)	Post Checkout code	2026-07-30T06:32:43.4109850Z includeif.gitdir:/Users/runner/work/use-m/use-m/.git.path
Test on bun (macos-latest)	Post Checkout code	2026-07-30T06:32:43.4115180Z includeif.gitdir:/Users/runner/work/use-m/use-m/.git/worktrees/*.path
Test on bun (macos-latest)	Post Checkout code	2026-07-30T06:32:43.4116770Z includeif.gitdir:/github/workspace/.git.path
Test on bun (macos-latest)	Post Checkout code	2026-07-30T06:32:43.4118260Z includeif.gitdir:/github/workspace/.git/worktrees/*.path
Test on bun (macos-latest)	Post Checkout code	2026-07-30T06:32:43.4119570Z [command]/opt/homebrew/bin/git config --local --get-all includeif.gitdir:/Users/runner/work/use-m/use-m/.git.path
Test on bun (macos-latest)	Post Checkout code	2026-07-30T06:32:43.4230140Z /Users/runner/work/_temp/git-credentials-4c9f6c45-79cb-4d19-9f05-fbc0beab4a54.config
Test on bun (macos-latest)	Post Checkout code	2026-07-30T06:32:43.4247880Z [command]/opt/homebrew/bin/git config --local --unset includeif.gitdir:/Users/runner/work/use-m/use-m/.git.path /Users/runner/work/_temp/git-credentials-4c9f6c45-79cb-4d19-9f05-fbc0beab4a54.config
Test on bun (macos-latest)	Post Checkout code	2026-07-30T06:32:43.4341240Z [command]/opt/homebrew/bin/git config --local --get-all includeif.gitdir:/Users/runner/work/use-m/use-m/.git/worktrees/*.path
Test on bun (macos-latest)	Post Checkout code	2026-07-30T06:32:43.4400970Z /Users/runner/work/_temp/git-credentials-4c9f6c45-79cb-4d19-9f05-fbc0beab4a54.config
Test on bun (macos-latest)	Post Checkout code	2026-07-30T06:32:43.4412390Z [command]/opt/homebrew/bin/git config --local --unset includeif.gitdir:/Users/runner/work/use-m/use-m/.git/worktrees/*.path /Users/runner/work/_temp/git-credentials-4c9f6c45-79cb-4d19-9f05-fbc0beab4a54.config
Test on bun (macos-latest)	Post Checkout code	2026-07-30T06:32:43.4476810Z [command]/opt/homebrew/bin/git config --local --get-all includeif.gitdir:/github/workspace/.git.path
Test on bun (macos-latest)	Post Checkout code	2026-07-30T06:32:43.4535400Z /github/runner_temp/git-credentials-4c9f6c45-79cb-4d19-9f05-fbc0beab4a54.config
Test on bun (macos-latest)	Post Checkout code	2026-07-30T06:32:43.4547540Z [command]/opt/homebrew/bin/git config --local --unset includeif.gitdir:/github/workspace/.git.path /github/runner_temp/git-credentials-4c9f6c45-79cb-4d19-9f05-fbc0beab4a54.config
Test on bun (macos-latest)	Post Checkout code	2026-07-30T06:32:43.4681020Z [command]/opt/homebrew/bin/git config --local --get-all includeif.gitdir:/github/workspace/.git/worktrees/*.path
Test on bun (macos-latest)	Post Checkout code	2026-07-30T06:32:43.4748830Z /github/runner_temp/git-credentials-4c9f6c45-79cb-4d19-9f05-fbc0beab4a54.config
Test on bun (macos-latest)	Post Checkout code	2026-07-30T06:32:43.4763270Z [command]/opt/homebrew/bin/git config --local --unset includeif.gitdir:/github/workspace/.git/worktrees/*.path /github/runner_temp/git-credentials-4c9f6c45-79cb-4d19-9f05-fbc0beab4a54.config
Test on bun (macos-latest)	Post Checkout code	2026-07-30T06:32:43.4838230Z [command]/opt/homebrew/bin/git submodule foreach --recursive git config --local --show-origin --name-only --get-regexp remote.origin.url
Test on bun (macos-latest)	Post Checkout code	2026-07-30T06:32:43.5768400Z Removing credentials config '/Users/runner/work/_temp/git-credentials-4c9f6c45-79cb-4d19-9f05-fbc0beab4a54.config'
Test on bun (macos-latest)	Complete job	﻿2026-07-30T06:32:43.5865420Z Cleaning up orphan processes
Test on node (macos-latest)	Set up job	﻿2026-07-30T06:31:51.3037280Z Current runner version: '2.336.0'
Test on node (macos-latest)	Set up job	2026-07-30T06:31:51.3069260Z ##[group]Runner Image Provisioner
Test on node (macos-latest)	Set up job	2026-07-30T06:31:51.3071400Z Hosted Compute Agent
Test on node (macos-latest)	Set up job	2026-07-30T06:31:51.3072000Z Version: 20260707.563
Test on node (macos-latest)	Set up job	2026-07-30T06:31:51.3072700Z Commit: 02667638d2b423fbc733a8e32a88b44996a3ba6e
Test on node (macos-latest)	Set up job	2026-07-30T06:31:51.3073620Z Build Date: 2026-07-07T19:33:50Z
Test on node (macos-latest)	Set up job	2026-07-30T06:31:51.3074440Z Worker ID: {d49b6e72-adcc-42a7-bdd7-65e7c777b0f3}
Test on node (macos-latest)	Set up job	2026-07-30T06:31:51.3075440Z Azure Region: westus
Test on node (macos-latest)	Set up job	2026-07-30T06:31:51.3075990Z ##[endgroup]
Test on node (macos-latest)	Set up job	2026-07-30T06:31:51.3077530Z ##[group]Operating System
Test on node (macos-latest)	Set up job	2026-07-30T06:31:51.3077940Z macOS
Test on node (macos-latest)	Set up job	2026-07-30T06:31:51.3078350Z 26.4
Test on node (macos-latest)	Set up job	2026-07-30T06:31:51.3078910Z 25E246
Test on node (macos-latest)	Set up job	2026-07-30T06:31:51.3079390Z ##[endgroup]
Test on node (macos-latest)	Set up job	2026-07-30T06:31:51.3079760Z ##[group]Runner Image
Test on node (macos-latest)	Set up job	2026-07-30T06:31:51.3080500Z Image: macos-26-arm64
Test on node (macos-latest)	Set up job	2026-07-30T06:31:51.3081170Z Version: 20260720.0258.1
Test on node (macos-latest)	Set up job	2026-07-30T06:31:51.3081960Z Included Software: https://github.com/actions/runner-images/blob/macos-26-arm64/20260720.0258/images/macos/macos-26-arm64-Readme.md
Test on node (macos-latest)	Set up job	2026-07-30T06:31:51.3084720Z Image Release: https://github.com/actions/runner-images/releases/tag/macos-26-arm64%2F20260720.0258
Test on node (macos-latest)	Set up job	2026-07-30T06:31:51.3086500Z ##[endgroup]
Test on node (macos-latest)	Set up job	2026-07-30T06:31:51.3088250Z ##[group]GITHUB_TOKEN Permissions
Test on node (macos-latest)	Set up job	2026-07-30T06:31:51.3091840Z Contents: read
Test on node (macos-latest)	Set up job	2026-07-30T06:31:51.3093150Z Metadata: read
Test on node (macos-latest)	Set up job	2026-07-30T06:31:51.3094400Z ##[endgroup]
Test on node (macos-latest)	Set up job	2026-07-30T06:31:51.3097360Z Secret source: Actions
Test on node (macos-latest)	Set up job	2026-07-30T06:31:51.3098320Z Prepare workflow directory
Test on node (macos-latest)	Set up job	2026-07-30T06:31:51.3374140Z Prepare all required actions
Test on node (macos-latest)	Set up job	2026-07-30T06:31:51.3416850Z Getting action download info
Test on node (macos-latest)	Set up job	2026-07-30T06:31:51.8819230Z Download action repository 'actions/checkout@v6' (SHA:d23441a48e516b6c34aea4fa41551a30e30af803)
Test on node (macos-latest)	Set up job	2026-07-30T06:31:52.5163960Z Download action repository 'actions/setup-node@v6' (SHA:249970729cb0ef3589644e2896645e5dc5ba9c38)
Test on node (macos-latest)	Set up job	2026-07-30T06:31:52.9518810Z Download action repository 'oven-sh/setup-bun@v2' (SHA:0c5077e51419868618aeaa5fe8019c62421857d6)
Test on node (macos-latest)	Set up job	2026-07-30T06:31:53.3081470Z Download action repository 'denoland/setup-deno@v2' (SHA:22d081ff2d3a40755e97629de92e3bcbfa7cf2ed)
Test on node (macos-latest)	Set up job	2026-07-30T06:31:53.7782900Z Complete job name: Test on node (macos-latest)
Test on node (macos-latest)	Checkout code	﻿2026-07-30T06:31:53.8409430Z ##[group]Run actions/checkout@v6
Test on node (macos-latest)	Checkout code	2026-07-30T06:31:53.8410090Z with:
Test on node (macos-latest)	Checkout code	2026-07-30T06:31:53.8410480Z   repository: link-foundation/use-m
Test on node (macos-latest)	Checkout code	2026-07-30T06:31:53.8415450Z   token: ***
Test on node (macos-latest)	Checkout code	2026-07-30T06:31:53.8431440Z   ssh-strict: true
Test on node (macos-latest)	Checkout code	2026-07-30T06:31:53.8431860Z   ssh-user: git
Test on node (macos-latest)	Checkout code	2026-07-30T06:31:53.8432260Z   persist-credentials: true
Test on node (macos-latest)	Checkout code	2026-07-30T06:31:53.8432650Z   clean: true
Test on node (macos-latest)	Checkout code	2026-07-30T06:31:53.8432980Z   sparse-checkout-cone-mode: true
Test on node (macos-latest)	Checkout code	2026-07-30T06:31:53.8433400Z   fetch-depth: 1
Test on node (macos-latest)	Checkout code	2026-07-30T06:31:53.8433720Z   fetch-tags: false
Test on node (macos-latest)	Checkout code	2026-07-30T06:31:53.8434050Z   show-progress: true
Test on node (macos-latest)	Checkout code	2026-07-30T06:31:53.8434390Z   lfs: false
Test on node (macos-latest)	Checkout code	2026-07-30T06:31:53.8434690Z   submodules: false
Test on node (macos-latest)	Checkout code	2026-07-30T06:31:53.8435030Z   set-safe-directory: true
Test on node (macos-latest)	Checkout code	2026-07-30T06:31:53.8435430Z   allow-unsafe-pr-checkout: false
Test on node (macos-latest)	Checkout code	2026-07-30T06:31:53.8436310Z ##[endgroup]
Test on node (macos-latest)	Checkout code	2026-07-30T06:31:54.2814070Z Syncing repository: link-foundation/use-m
Test on node (macos-latest)	Checkout code	2026-07-30T06:31:54.2816600Z ##[group]Getting Git version info
Test on node (macos-latest)	Checkout code	2026-07-30T06:31:54.2817490Z Working directory is '/Users/runner/work/use-m/use-m'
Test on node (macos-latest)	Checkout code	2026-07-30T06:31:54.2818810Z [command]/opt/homebrew/bin/git version
Test on node (macos-latest)	Checkout code	2026-07-30T06:31:54.3123710Z git version 2.55.0
Test on node (macos-latest)	Checkout code	2026-07-30T06:31:54.3140520Z ##[endgroup]
Test on node (macos-latest)	Checkout code	2026-07-30T06:31:54.3148090Z Copying '/Users/runner/.gitconfig' to '/Users/runner/work/_temp/2fd8cfb5-e306-4b76-8cbf-70a20a5d2be2/.gitconfig'
Test on node (macos-latest)	Checkout code	2026-07-30T06:31:54.3156010Z Temporarily overriding HOME='/Users/runner/work/_temp/2fd8cfb5-e306-4b76-8cbf-70a20a5d2be2' before making global git config changes
Test on node (macos-latest)	Checkout code	2026-07-30T06:31:54.3158020Z Adding repository directory to the temporary git global config as a safe directory
Test on node (macos-latest)	Checkout code	2026-07-30T06:31:54.3161020Z [command]/opt/homebrew/bin/git config --global --add safe.directory /Users/runner/work/use-m/use-m
Test on node (macos-latest)	Checkout code	2026-07-30T06:31:54.3301120Z Deleting the contents of '/Users/runner/work/use-m/use-m'
Test on node (macos-latest)	Checkout code	2026-07-30T06:31:54.3304520Z ##[group]Determining repository object format
Test on node (macos-latest)	Checkout code	2026-07-30T06:31:54.3306810Z ##[endgroup]
Test on node (macos-latest)	Checkout code	2026-07-30T06:31:54.3309950Z ##[group]Initializing the repository
Test on node (macos-latest)	Checkout code	2026-07-30T06:31:54.3312010Z [command]/opt/homebrew/bin/git init /Users/runner/work/use-m/use-m
Test on node (macos-latest)	Checkout code	2026-07-30T06:31:54.3563940Z hint: Using 'master' as the name for the initial branch. This default branch name
Test on node (macos-latest)	Checkout code	2026-07-30T06:31:54.3567930Z hint: will change to "main" in Git 3.0. To configure the initial branch name
Test on node (macos-latest)	Checkout code	2026-07-30T06:31:54.3569610Z hint: to use in all of your new repositories, which will suppress this warning,
Test on node (macos-latest)	Checkout code	2026-07-30T06:31:54.3570930Z hint: call:
Test on node (macos-latest)	Checkout code	2026-07-30T06:31:54.3571620Z hint:
Test on node (macos-latest)	Checkout code	2026-07-30T06:31:54.3572530Z hint: 	git config --global init.defaultBranch <name>
Test on node (macos-latest)	Checkout code	2026-07-30T06:31:54.3574340Z hint:
Test on node (macos-latest)	Checkout code	2026-07-30T06:31:54.3575780Z hint: Names commonly chosen instead of 'master' are 'main', 'trunk' and
Test on node (macos-latest)	Checkout code	2026-07-30T06:31:54.3577410Z hint: 'development'. The just-created branch can be renamed via this command:
Test on node (macos-latest)	Checkout code	2026-07-30T06:31:54.3579800Z hint:
Test on node (macos-latest)	Checkout code	2026-07-30T06:31:54.3580830Z hint: 	git branch -m <name>
Test on node (macos-latest)	Checkout code	2026-07-30T06:31:54.3582790Z hint:
Test on node (macos-latest)	Checkout code	2026-07-30T06:31:54.3585510Z hint: Disable this message with "git config set advice.defaultBranchName false"
Test on node (macos-latest)	Checkout code	2026-07-30T06:31:54.3588040Z Initialized empty Git repository in /Users/runner/work/use-m/use-m/.git/
Test on node (macos-latest)	Checkout code	2026-07-30T06:31:54.3591100Z [command]/opt/homebrew/bin/git remote add origin https://github.com/link-foundation/use-m
Test on node (macos-latest)	Checkout code	2026-07-30T06:31:54.3667970Z ##[endgroup]
Test on node (macos-latest)	Checkout code	2026-07-30T06:31:54.3669330Z ##[group]Disabling automatic garbage collection
Test on node (macos-latest)	Checkout code	2026-07-30T06:31:54.3670560Z [command]/opt/homebrew/bin/git config --local gc.auto 0
Test on node (macos-latest)	Checkout code	2026-07-30T06:31:54.3749700Z ##[endgroup]
Test on node (macos-latest)	Checkout code	2026-07-30T06:31:54.3750860Z ##[group]Setting up auth
Test on node (macos-latest)	Checkout code	2026-07-30T06:31:54.3751690Z Removing SSH command configuration
Test on node (macos-latest)	Checkout code	2026-07-30T06:31:54.3756570Z [command]/opt/homebrew/bin/git config --local --name-only --get-regexp core\.sshCommand
Test on node (macos-latest)	Checkout code	2026-07-30T06:31:54.3838340Z [command]/opt/homebrew/bin/git submodule foreach --recursive sh -c "git config --local --name-only --get-regexp 'core\.sshCommand' && git config --local --unset-all 'core.sshCommand' || :"
Test on node (macos-latest)	Checkout code	2026-07-30T06:31:54.5123340Z Removing HTTP extra header
Test on node (macos-latest)	Checkout code	2026-07-30T06:31:54.5126460Z [command]/opt/homebrew/bin/git config --local --name-only --get-regexp http\.https\:\/\/github\.com\/\.extraheader
Test on node (macos-latest)	Checkout code	2026-07-30T06:31:54.5214570Z [command]/opt/homebrew/bin/git submodule foreach --recursive sh -c "git config --local --name-only --get-regexp 'http\.https\:\/\/github\.com\/\.extraheader' && git config --local --unset-all 'http.https://github.com/.extraheader' || :"
Test on node (macos-latest)	Checkout code	2026-07-30T06:31:54.6115050Z Removing includeIf entries pointing to credentials config files
Test on node (macos-latest)	Checkout code	2026-07-30T06:31:54.6119720Z [command]/opt/homebrew/bin/git config --local --name-only --get-regexp ^includeIf\.gitdir:
Test on node (macos-latest)	Checkout code	2026-07-30T06:31:54.6186290Z [command]/opt/homebrew/bin/git submodule foreach --recursive git config --local --show-origin --name-only --get-regexp remote.origin.url
Test on node (macos-latest)	Checkout code	2026-07-30T06:31:54.7119990Z [command]/opt/homebrew/bin/git config --file /Users/runner/work/_temp/git-credentials-e8ba4e7a-7db5-4e3e-8eb3-8e2bd210959b.config http.https://github.com/.extraheader AUTHORIZATION: basic ***
Test on node (macos-latest)	Checkout code	2026-07-30T06:31:54.7202940Z [command]/opt/homebrew/bin/git config --local includeIf.gitdir:/Users/runner/work/use-m/use-m/.git.path /Users/runner/work/_temp/git-credentials-e8ba4e7a-7db5-4e3e-8eb3-8e2bd210959b.config
Test on node (macos-latest)	Checkout code	2026-07-30T06:31:54.7348680Z [command]/opt/homebrew/bin/git config --local includeIf.gitdir:/Users/runner/work/use-m/use-m/.git/worktrees/*.path /Users/runner/work/_temp/git-credentials-e8ba4e7a-7db5-4e3e-8eb3-8e2bd210959b.config
Test on node (macos-latest)	Checkout code	2026-07-30T06:31:54.7650760Z [command]/opt/homebrew/bin/git config --local includeIf.gitdir:/github/workspace/.git.path /github/runner_temp/git-credentials-e8ba4e7a-7db5-4e3e-8eb3-8e2bd210959b.config
Test on node (macos-latest)	Checkout code	2026-07-30T06:31:54.7680720Z [command]/opt/homebrew/bin/git config --local includeIf.gitdir:/github/workspace/.git/worktrees/*.path /github/runner_temp/git-credentials-e8ba4e7a-7db5-4e3e-8eb3-8e2bd210959b.config
Test on node (macos-latest)	Checkout code	2026-07-30T06:31:54.7748020Z ##[endgroup]
Test on node (macos-latest)	Checkout code	2026-07-30T06:31:54.7751720Z ##[group]Fetching the repository
Test on node (macos-latest)	Checkout code	2026-07-30T06:31:54.7756890Z [command]/opt/homebrew/bin/git -c protocol.version=2 fetch --no-tags --prune --no-recurse-submodules --depth=1 origin +2b1700965d70be9d8be94cbf5bb5949263258a7a:refs/remotes/pull/69/merge
Test on node (macos-latest)	Checkout code	2026-07-30T06:31:55.4604920Z From https://github.com/link-foundation/use-m
Test on node (macos-latest)	Checkout code	2026-07-30T06:31:55.4704380Z  * [new ref]         2b1700965d70be9d8be94cbf5bb5949263258a7a -> pull/69/merge
Test on node (macos-latest)	Checkout code	2026-07-30T06:31:55.4879060Z ##[endgroup]
Test on node (macos-latest)	Checkout code	2026-07-30T06:31:55.4882510Z ##[group]Determining the checkout info
Test on node (macos-latest)	Checkout code	2026-07-30T06:31:55.4883970Z ##[endgroup]
Test on node (macos-latest)	Checkout code	2026-07-30T06:31:55.4884880Z [command]/opt/homebrew/bin/git sparse-checkout disable
Test on node (macos-latest)	Checkout code	2026-07-30T06:31:55.4892620Z [command]/opt/homebrew/bin/git config --local --unset-all extensions.worktreeConfig
Test on node (macos-latest)	Checkout code	2026-07-30T06:31:55.4896970Z ##[group]Checking out the ref
Test on node (macos-latest)	Checkout code	2026-07-30T06:31:55.4898150Z [command]/opt/homebrew/bin/git checkout --progress --force refs/remotes/pull/69/merge
Test on node (macos-latest)	Checkout code	2026-07-30T06:31:55.5499340Z HEAD is now at 2b17009 Merge dd7b0344f19540f58f1ea34bb5945a4ad312c3f6 into 8c5a55d144d8655efa805d02a3f234e8dfd6a9d4
Test on node (macos-latest)	Checkout code	2026-07-30T06:31:55.5506030Z ##[endgroup]
Test on node (macos-latest)	Checkout code	2026-07-30T06:31:55.5651720Z [command]/opt/homebrew/bin/git log -1 --format=%H
Test on node (macos-latest)	Checkout code	2026-07-30T06:31:55.5735970Z 2b1700965d70be9d8be94cbf5bb5949263258a7a
Test on node (macos-latest)	Setup Node.js	﻿2026-07-30T06:31:55.6016500Z ##[group]Run actions/setup-node@v6
Test on node (macos-latest)	Setup Node.js	2026-07-30T06:31:55.6017220Z with:
Test on node (macos-latest)	Setup Node.js	2026-07-30T06:31:55.6017750Z   node-version: 20.x
Test on node (macos-latest)	Setup Node.js	2026-07-30T06:31:55.6018390Z   cache: npm
Test on node (macos-latest)	Setup Node.js	2026-07-30T06:31:55.6018990Z   check-latest: false
Test on node (macos-latest)	Setup Node.js	2026-07-30T06:31:55.6024860Z   token: ***
Test on node (macos-latest)	Setup Node.js	2026-07-30T06:31:55.6025520Z   package-manager-cache: true
Test on node (macos-latest)	Setup Node.js	2026-07-30T06:31:55.6026210Z ##[endgroup]
Test on node (macos-latest)	Setup Node.js	2026-07-30T06:31:55.7720140Z Attempting to download 20.x...
Test on node (macos-latest)	Setup Node.js	2026-07-30T06:31:56.5688790Z Acquiring 20.20.2 - arm64 from https://github.com/actions/node-versions/releases/download/20.20.2-23521894959/node-20.20.2-darwin-arm64.tar.gz
Test on node (macos-latest)	Setup Node.js	2026-07-30T06:31:57.2098540Z Extracting ...
Test on node (macos-latest)	Setup Node.js	2026-07-30T06:31:57.2348410Z [command]/usr/bin/tar xz --strip 1 -C /Users/runner/work/_temp/e7098e8d-aeb7-4c77-98e5-db745ac4f2dd -f /Users/runner/work/_temp/d5778388-c48e-4800-a703-dd4576ab9158
Test on node (macos-latest)	Setup Node.js	2026-07-30T06:31:58.3619370Z Adding to the cache ...
Test on node (macos-latest)	Setup Node.js	2026-07-30T06:32:00.4660620Z ##[group]Environment details
Test on node (macos-latest)	Setup Node.js	2026-07-30T06:32:00.8623850Z node: v20.20.2
Test on node (macos-latest)	Setup Node.js	2026-07-30T06:32:00.8630230Z npm: 10.8.2
Test on node (macos-latest)	Setup Node.js	2026-07-30T06:32:00.8634510Z yarn: 1.22.22
Test on node (macos-latest)	Setup Node.js	2026-07-30T06:32:00.8636430Z ##[endgroup]
Test on node (macos-latest)	Setup Node.js	2026-07-30T06:32:00.8655450Z [command]/Users/runner/hostedtoolcache/node/20.20.2/arm64/bin/npm config get cache
Test on node (macos-latest)	Setup Node.js	2026-07-30T06:32:01.0501810Z /Users/runner/.npm
Test on node (macos-latest)	Setup Node.js	2026-07-30T06:32:01.3227460Z npm cache is not found
Test on node (macos-latest)	Install dependencies	﻿2026-07-30T06:32:01.3502220Z ##[group]Run npm ci --no-audit --no-fund
Test on node (macos-latest)	Install dependencies	2026-07-30T06:32:01.3502750Z ^[[36;1mnpm ci --no-audit --no-fund^[[0m
Test on node (macos-latest)	Install dependencies	2026-07-30T06:32:01.3565860Z shell: /bin/bash -e {0}
Test on node (macos-latest)	Install dependencies	2026-07-30T06:32:01.3566300Z ##[endgroup]
Test on node (macos-latest)	Install dependencies	2026-07-30T06:32:13.3145200Z 
Test on node (macos-latest)	Install dependencies	2026-07-30T06:32:13.3239140Z added 477 packages in 12s
Test on node (macos-latest)	Run Node.js tests	﻿2026-07-30T06:32:13.3591280Z ##[group]Run npm test -- --runInBand
Test on node (macos-latest)	Run Node.js tests	2026-07-30T06:32:13.3592030Z ^[[36;1mnpm test -- --runInBand^[[0m
Test on node (macos-latest)	Run Node.js tests	2026-07-30T06:32:13.3661920Z shell: /bin/bash -e {0}
Test on node (macos-latest)	Run Node.js tests	2026-07-30T06:32:13.3662230Z ##[endgroup]
Test on node (macos-latest)	Run Node.js tests	2026-07-30T06:32:13.7700090Z 
Test on node (macos-latest)	Run Node.js tests	2026-07-30T06:32:13.7749610Z > use-m@8.14.4 test
Test on node (macos-latest)	Run Node.js tests	2026-07-30T06:32:13.7751910Z > NODE_OPTIONS="--experimental-vm-modules" jest --runInBand
Test on node (macos-latest)	Run Node.js tests	2026-07-30T06:32:13.7754890Z 
Test on node (macos-latest)	Run Node.js tests	2026-07-30T06:32:14.6927050Z (node:1919) ExperimentalWarning: VM Modules is an experimental feature and might change at any time
Test on node (macos-latest)	Run Node.js tests	2026-07-30T06:32:14.6934780Z (Use `node --trace-warnings ...` to show where the warning was created)
Test on node (macos-latest)	Run Node.js tests	2026-07-30T06:32:16.8025760Z PASS tests/npm-global-prefix.test.cjs
Test on node (macos-latest)	Run Node.js tests	2026-07-30T06:32:18.8032530Z PASS tests/npm-global-prefix.test.mjs
Test on node (macos-latest)	Run Node.js tests	2026-07-30T06:32:18.9200950Z PASS tests/load.test.mjs
Test on node (macos-latest)	Run Node.js tests	2026-07-30T06:32:19.0462100Z PASS tests/load.test.cjs
Test on node (macos-latest)	Run Node.js tests	2026-07-30T06:32:19.1482740Z PASS tests/builtin-nodejs.test.cjs
Test on node (macos-latest)	Run Node.js tests	2026-07-30T06:32:19.2243650Z PASS tests/builtin-nodejs.test.mjs
Test on node (macos-latest)	Run Node.js tests	2026-07-30T06:32:19.2841750Z PASS tests/fallback.test.cjs
Test on node (macos-latest)	Run Node.js tests	2026-07-30T06:32:19.3425240Z PASS tests/fallback.test.mjs
Test on node (macos-latest)	Run Node.js tests	2026-07-30T06:32:26.5007980Z PASS tests/resolvers.test.mjs (7.154 s)
Test on node (macos-latest)	Run Node.js tests	2026-07-30T06:32:33.3082290Z PASS tests/builtin-browser.test.mjs (6.793 s)
Test on node (macos-latest)	Run Node.js tests	2026-07-30T06:32:37.2798480Z PASS tests/relative-paths-browser.test.mjs
Test on node (macos-latest)	Run Node.js tests	2026-07-30T06:32:41.6934530Z PASS tests/resolvers.test.cjs
Test on node (macos-latest)	Run Node.js tests	2026-07-30T06:32:41.8208520Z PASS tests/release-workflow-policy.test.mjs
Test on node (macos-latest)	Run Node.js tests	2026-07-30T06:32:46.0637820Z PASS tests/use.test.cjs
Test on node (macos-latest)	Run Node.js tests	2026-07-30T06:32:46.1405850Z PASS tests/filename.test.mjs
Test on node (macos-latest)	Run Node.js tests	2026-07-30T06:32:46.2562220Z PASS tests/root-entries.test.mjs
Test on node (macos-latest)	Run Node.js tests	2026-07-30T06:32:47.8272380Z PASS tests/use.test.mjs
Test on node (macos-latest)	Run Node.js tests	2026-07-30T06:32:47.9070780Z PASS tests/filename.test.cjs
Test on node (macos-latest)	Run Node.js tests	2026-07-30T06:32:50.8101590Z PASS tests/esm-sh-polyfill-browser.test.mjs
Test on node (macos-latest)	Run Node.js tests	2026-07-30T06:32:51.4771140Z PASS tests/builtin-errors.test.mjs
Test on node (macos-latest)	Run Node.js tests	2026-07-30T06:32:51.9701620Z PASS tests/builtin-errors.test.cjs
Test on node (macos-latest)	Run Node.js tests	2026-07-30T06:32:52.8398030Z PASS tests/relative-paths.test.cjs
Test on node (macos-latest)	Run Node.js tests	2026-07-30T06:32:53.1694390Z PASS tests/relative-paths.test.mjs
Test on node (macos-latest)	Run Node.js tests	2026-07-30T06:32:53.2434640Z PASS tests/module-specifier.test.cjs
Test on node (macos-latest)	Run Node.js tests	2026-07-30T06:32:53.3255970Z PASS tests/module-specifier.test.mjs
Test on node (macos-latest)	Run Node.js tests	2026-07-30T06:32:53.4049990Z PASS tests/deno-support.test.cjs
Test on node (macos-latest)	Run Node.js tests	2026-07-30T06:32:53.4873880Z PASS tests/deno-support.test.mjs
Test on node (macos-latest)	Run Node.js tests	2026-07-30T06:32:54.0618750Z PASS tests/relative-paths.integration.test.mjs
Test on node (macos-latest)	Run Node.js tests	2026-07-30T06:32:54.0763070Z   ● Console
Test on node (macos-latest)	Run Node.js tests	2026-07-30T06:32:54.0764110Z 
Test on node (macos-latest)	Run Node.js tests	2026-07-30T06:32:54.0765150Z     console.log
Test on node (macos-latest)	Run Node.js tests	2026-07-30T06:32:54.0766810Z       /Users/runner/work/use-m/use-m/tests
Test on node (macos-latest)	Run Node.js tests	2026-07-30T06:32:54.0767630Z 
Test on node (macos-latest)	Run Node.js tests	2026-07-30T06:32:54.0769510Z       at Object.<anonymous> (tests/relative-paths.integration.test.mjs:29:15)
Test on node (macos-latest)	Run Node.js tests	2026-07-30T06:32:54.0770970Z 
Test on node (macos-latest)	Run Node.js tests	2026-07-30T06:32:54.0780440Z     console.log
Test on node (macos-latest)	Run Node.js tests	2026-07-30T06:32:54.0781160Z       Testing relative paths from tests directory...
Test on node (macos-latest)	Run Node.js tests	2026-07-30T06:32:54.0781740Z       
Test on node (macos-latest)	Run Node.js tests	2026-07-30T06:32:54.0782320Z       1. Testing ./browser-server/test-helper.js
Test on node (macos-latest)	Run Node.js tests	2026-07-30T06:32:54.0783150Z          ✓ Message: Helper module loaded
Test on node (macos-latest)	Run Node.js tests	2026-07-30T06:32:54.0783740Z       
Test on node (macos-latest)	Run Node.js tests	2026-07-30T06:32:54.0785690Z       2. Testing ./browser-server/test-data.json
Test on node (macos-latest)	Run Node.js tests	2026-07-30T06:32:54.0791080Z          ✓ Value: 123
Test on node (macos-latest)	Run Node.js tests	2026-07-30T06:32:54.0791820Z          ✓ Test: data
Test on node (macos-latest)	Run Node.js tests	2026-07-30T06:32:54.0792410Z       
Test on node (macos-latest)	Run Node.js tests	2026-07-30T06:32:54.0792780Z       3. Testing ../src/use.mjs
Test on node (macos-latest)	Run Node.js tests	2026-07-30T06:32:54.0793460Z          ✓ use function exists: true
Test on node (macos-latest)	Run Node.js tests	2026-07-30T06:32:54.0794660Z       
Test on node (macos-latest)	Run Node.js tests	2026-07-30T06:32:54.0795020Z       4. Testing ./browser-server/subfolder/nested.js
Test on node (macos-latest)	Run Node.js tests	2026-07-30T06:32:54.0872540Z          ✓ Nested: true Level: subfolder
Test on node (macos-latest)	Run Node.js tests	2026-07-30T06:32:54.0891040Z       
Test on node (macos-latest)	Run Node.js tests	2026-07-30T06:32:54.0891750Z       5. Testing ./browser-server/subfolder/nested-data.json
Test on node (macos-latest)	Run Node.js tests	2026-07-30T06:32:54.0892340Z          ✓ Level: nested Depth: 1
Test on node (macos-latest)	Run Node.js tests	2026-07-30T06:32:54.0892660Z       
Test on node (macos-latest)	Run Node.js tests	2026-07-30T06:32:54.0892960Z       6. Testing ../package.json
Test on node (macos-latest)	Run Node.js tests	2026-07-30T06:32:54.0893280Z          ✓ Package name: use-m
Test on node (macos-latest)	Run Node.js tests	2026-07-30T06:32:54.0893470Z       
Test on node (macos-latest)	Run Node.js tests	2026-07-30T06:32:54.0894000Z       ✅ All direct tests passed!
Test on node (macos-latest)	Run Node.js tests	2026-07-30T06:32:54.0896310Z 
Test on node (macos-latest)	Run Node.js tests	2026-07-30T06:32:54.0897220Z       at Object.<anonymous> (tests/relative-paths.integration.test.mjs:39:15)
Test on node (macos-latest)	Run Node.js tests	2026-07-30T06:32:54.0899680Z 
Test on node (macos-latest)	Run Node.js tests	2026-07-30T06:32:54.1962580Z PASS tests/builtin-universal.test.cjs
Test on node (macos-latest)	Run Node.js tests	2026-07-30T06:32:54.2671550Z PASS tests/builtin-universal.test.mjs
Test on node (macos-latest)	Run Node.js tests	2026-07-30T06:32:54.3363460Z PASS tests/fs-promises.test.mjs
Test on node (macos-latest)	Run Node.js tests	2026-07-30T06:32:55.1096300Z PASS tests/loader.test.mjs
Test on node (macos-latest)	Run Node.js tests	2026-07-30T06:32:55.1766800Z PASS tests/script-sync.test.mjs
Test on node (macos-latest)	Run Node.js tests	2026-07-30T06:32:58.4300960Z PASS tests/lodash.test.mjs
Test on node (macos-latest)	Run Node.js tests	2026-07-30T06:32:58.4960690Z PASS tests/get-script-url.test.cjs
Test on node (macos-latest)	Run Node.js tests	2026-07-30T06:32:59.0475110Z PASS tests/network-imports.test.mjs
Test on node (macos-latest)	Run Node.js tests	2026-07-30T06:33:01.5614840Z PASS tests/lodash.test.cjs
Test on node (macos-latest)	Run Node.js tests	2026-07-30T06:33:02.1028300Z PASS tests/network-imports.test.cjs
Test on node (macos-latest)	Run Node.js tests	2026-07-30T06:33:02.1838890Z PASS tests/get-script-url.test.mjs
Test on node (macos-latest)	Run Node.js tests	2026-07-30T06:33:05.9424920Z PASS tests/command-stream.test.cjs
Test on node (macos-latest)	Run Node.js tests	2026-07-30T06:33:07.8098850Z PASS tests/command-stream.test.mjs
Test on node (macos-latest)	Run Node.js tests	2026-07-30T06:33:07.8919240Z PASS tests/import.test.mjs
Test on node (macos-latest)	Run Node.js tests	2026-07-30T06:33:07.9550310Z PASS tests/import.test.cjs
Test on node (macos-latest)	Run Node.js tests	2026-07-30T06:33:10.2406730Z PASS tests/typescript.test.cjs
Test on node (macos-latest)	Run Node.js tests	2026-07-30T06:33:10.9950310Z PASS tests/typescript.test.mjs
Test on node (macos-latest)	Run Node.js tests	2026-07-30T06:33:10.9977310Z 
Test on node (macos-latest)	Run Node.js tests	2026-07-30T06:33:10.9978140Z Test Suites: 45 passed, 45 total
Test on node (macos-latest)	Run Node.js tests	2026-07-30T06:33:10.9978630Z Tests:       349 passed, 349 total
Test on node (macos-latest)	Run Node.js tests	2026-07-30T06:33:10.9979140Z Snapshots:   0 total
Test on node (macos-latest)	Run Node.js tests	2026-07-30T06:33:10.9979500Z Time:        56.537 s
Test on node (macos-latest)	Run Node.js tests	2026-07-30T06:33:10.9980390Z Ran all test suites.
Test on node (macos-latest)	Post Setup Node.js	﻿2026-07-30T06:33:11.1699830Z Post job cleanup.
Test on node (macos-latest)	Post Setup Node.js	2026-07-30T06:33:11.6293210Z [command]/opt/homebrew/bin/gtar --posix -cf cache.tzst --exclude cache.tzst -P -C /Users/runner/work/use-m/use-m --files-from manifest.txt --delay-directory-restore --use-compress-program zstdmt
Test on node (macos-latest)	Post Setup Node.js	2026-07-30T06:33:12.5794800Z Failed to save: Unable to reserve cache with key node-cache-macOS-arm64-npm-81dc12784190084ec33a0af20f1b75b6742be9b6cef5912c61bb9bf083a9dee5, another job may be creating this cache.
Test on node (macos-latest)	Post Checkout code	﻿2026-07-30T06:33:12.5978360Z Post job cleanup.
Test on node (macos-latest)	Post Checkout code	2026-07-30T06:33:12.7880840Z [command]/opt/homebrew/bin/git version
Test on node (macos-latest)	Post Checkout code	2026-07-30T06:33:12.8174910Z git version 2.55.0
Test on node (macos-latest)	Post Checkout code	2026-07-30T06:33:12.8201760Z Copying '/Users/runner/.gitconfig' to '/Users/runner/work/_temp/baf95a63-2281-44b6-ac8b-4ca53faf7939/.gitconfig'
Test on node (macos-latest)	Post Checkout code	2026-07-30T06:33:12.8246850Z Temporarily overriding HOME='/Users/runner/work/_temp/baf95a63-2281-44b6-ac8b-4ca53faf7939' before making global git config changes
Test on node (macos-latest)	Post Checkout code	2026-07-30T06:33:12.8249020Z Adding repository directory to the temporary git global config as a safe directory
Test on node (macos-latest)	Post Checkout code	2026-07-30T06:33:12.8250750Z [command]/opt/homebrew/bin/git config --global --add safe.directory /Users/runner/work/use-m/use-m
Test on node (macos-latest)	Post Checkout code	2026-07-30T06:33:12.8417510Z Removing SSH command configuration
Test on node (macos-latest)	Post Checkout code	2026-07-30T06:33:12.8430110Z [command]/opt/homebrew/bin/git config --local --name-only --get-regexp core\.sshCommand
Test on node (macos-latest)	Post Checkout code	2026-07-30T06:33:12.8519120Z [command]/opt/homebrew/bin/git submodule foreach --recursive sh -c "git config --local --name-only --get-regexp 'core\.sshCommand' && git config --local --unset-all 'core.sshCommand' || :"
Test on node (macos-latest)	Post Checkout code	2026-07-30T06:33:12.9856750Z Removing HTTP extra header
Test on node (macos-latest)	Post Checkout code	2026-07-30T06:33:12.9861410Z [command]/opt/homebrew/bin/git config --local --name-only --get-regexp http\.https\:\/\/github\.com\/\.extraheader
Test on node (macos-latest)	Post Checkout code	2026-07-30T06:33:12.9968670Z [command]/opt/homebrew/bin/git submodule foreach --recursive sh -c "git config --local --name-only --get-regexp 'http\.https\:\/\/github\.com\/\.extraheader' && git config --local --unset-all 'http.https://github.com/.extraheader' || :"
Test on node (macos-latest)	Post Checkout code	2026-07-30T06:33:13.1083000Z Removing includeIf entries pointing to credentials config files
Test on node (macos-latest)	Post Checkout code	2026-07-30T06:33:13.1089240Z [command]/opt/homebrew/bin/git config --local --name-only --get-regexp ^includeIf\.gitdir:
Test on node (macos-latest)	Post Checkout code	2026-07-30T06:33:13.1202030Z includeif.gitdir:/Users/runner/work/use-m/use-m/.git.path
Test on node (macos-latest)	Post Checkout code	2026-07-30T06:33:13.1304090Z includeif.gitdir:/Users/runner/work/use-m/use-m/.git/worktrees/*.path
Test on node (macos-latest)	Post Checkout code	2026-07-30T06:33:13.1406160Z includeif.gitdir:/github/workspace/.git.path
Test on node (macos-latest)	Post Checkout code	2026-07-30T06:33:13.1508370Z includeif.gitdir:/github/workspace/.git/worktrees/*.path
Test on node (macos-latest)	Post Checkout code	2026-07-30T06:33:13.1812670Z [command]/opt/homebrew/bin/git config --local --get-all includeif.gitdir:/Users/runner/work/use-m/use-m/.git.path
Test on node (macos-latest)	Post Checkout code	2026-07-30T06:33:13.1914640Z /Users/runner/work/_temp/git-credentials-e8ba4e7a-7db5-4e3e-8eb3-8e2bd210959b.config
Test on node (macos-latest)	Post Checkout code	2026-07-30T06:33:13.1939080Z [command]/opt/homebrew/bin/git config --local --unset includeif.gitdir:/Users/runner/work/use-m/use-m/.git.path /Users/runner/work/_temp/git-credentials-e8ba4e7a-7db5-4e3e-8eb3-8e2bd210959b.config
Test on node (macos-latest)	Post Checkout code	2026-07-30T06:33:13.1940780Z [command]/opt/homebrew/bin/git config --local --get-all includeif.gitdir:/Users/runner/work/use-m/use-m/.git/worktrees/*.path
Test on node (macos-latest)	Post Checkout code	2026-07-30T06:33:13.1941600Z /Users/runner/work/_temp/git-credentials-e8ba4e7a-7db5-4e3e-8eb3-8e2bd210959b.config
Test on node (macos-latest)	Post Checkout code	2026-07-30T06:33:13.1943240Z [command]/opt/homebrew/bin/git config --local --unset includeif.gitdir:/Users/runner/work/use-m/use-m/.git/worktrees/*.path /Users/runner/work/_temp/git-credentials-e8ba4e7a-7db5-4e3e-8eb3-8e2bd210959b.config
Test on node (macos-latest)	Post Checkout code	2026-07-30T06:33:13.1945030Z [command]/opt/homebrew/bin/git config --local --get-all includeif.gitdir:/github/workspace/.git.path
Test on node (macos-latest)	Post Checkout code	2026-07-30T06:33:13.1946350Z /github/runner_temp/git-credentials-e8ba4e7a-7db5-4e3e-8eb3-8e2bd210959b.config
Test on node (macos-latest)	Post Checkout code	2026-07-30T06:33:13.1947920Z [command]/opt/homebrew/bin/git config --local --unset includeif.gitdir:/github/workspace/.git.path /github/runner_temp/git-credentials-e8ba4e7a-7db5-4e3e-8eb3-8e2bd210959b.config
Test on node (macos-latest)	Post Checkout code	2026-07-30T06:33:13.1956340Z [command]/opt/homebrew/bin/git config --local --get-all includeif.gitdir:/github/workspace/.git/worktrees/*.path
Test on node (macos-latest)	Post Checkout code	2026-07-30T06:33:13.1975530Z /github/runner_temp/git-credentials-e8ba4e7a-7db5-4e3e-8eb3-8e2bd210959b.config
Test on node (macos-latest)	Post Checkout code	2026-07-30T06:33:13.1983870Z [command]/opt/homebrew/bin/git config --local --unset includeif.gitdir:/github/workspace/.git/worktrees/*.path /github/runner_temp/git-credentials-e8ba4e7a-7db5-4e3e-8eb3-8e2bd210959b.config
Test on node (macos-latest)	Post Checkout code	2026-07-30T06:33:13.2062180Z [command]/opt/homebrew/bin/git submodule foreach --recursive git config --local --show-origin --name-only --get-regexp remote.origin.url
Test on node (macos-latest)	Post Checkout code	2026-07-30T06:33:13.3300540Z Removing credentials config '/Users/runner/work/_temp/git-credentials-e8ba4e7a-7db5-4e3e-8eb3-8e2bd210959b.config'
Test on node (macos-latest)	Complete job	﻿2026-07-30T06:33:13.3464300Z Cleaning up orphan processes
Test on bun (ubuntu-latest)	Set up job	﻿2026-07-30T06:31:58.9711425Z Current runner version: '2.336.0'
Test on bun (ubuntu-latest)	Set up job	2026-07-30T06:31:58.9741617Z ##[group]Runner Image Provisioner
Test on bun (ubuntu-latest)	Set up job	2026-07-30T06:31:58.9742556Z Hosted Compute Agent
Test on bun (ubuntu-latest)	Set up job	2026-07-30T06:31:58.9743571Z Version: 20260707.563
Test on bun (ubuntu-latest)	Set up job	2026-07-30T06:31:58.9744298Z Commit: 02667638d2b423fbc733a8e32a88b44996a3ba6e
Test on bun (ubuntu-latest)	Set up job	2026-07-30T06:31:58.9745080Z Build Date: 2026-07-07T19:33:50Z
Test on bun (ubuntu-latest)	Set up job	2026-07-30T06:31:58.9745789Z Worker ID: {5dc444ba-22e2-4571-88bc-8e012f3da1f4}
Test on bun (ubuntu-latest)	Set up job	2026-07-30T06:31:58.9746526Z Azure Region: westus
Test on bun (ubuntu-latest)	Set up job	2026-07-30T06:31:58.9747149Z ##[endgroup]
Test on bun (ubuntu-latest)	Set up job	2026-07-30T06:31:58.9748800Z ##[group]Operating System
Test on bun (ubuntu-latest)	Set up job	2026-07-30T06:31:58.9749554Z Ubuntu
Test on bun (ubuntu-latest)	Set up job	2026-07-30T06:31:58.9750056Z 24.04.4
Test on bun (ubuntu-latest)	Set up job	2026-07-30T06:31:58.9750601Z LTS
Test on bun (ubuntu-latest)	Set up job	2026-07-30T06:31:58.9751145Z ##[endgroup]
Test on bun (ubuntu-latest)	Set up job	2026-07-30T06:31:58.9751707Z ##[group]Runner Image
Test on bun (ubuntu-latest)	Set up job	2026-07-30T06:31:58.9752342Z Image: ubuntu-24.04
Test on bun (ubuntu-latest)	Set up job	2026-07-30T06:31:58.9752966Z Version: 20260720.247.2
Test on bun (ubuntu-latest)	Set up job	2026-07-30T06:31:58.9754443Z Included Software: https://github.com/actions/runner-images/blob/ubuntu24/20260720.247/images/ubuntu/Ubuntu2404-Readme.md
Test on bun (ubuntu-latest)	Set up job	2026-07-30T06:31:58.9756309Z Image Release: https://github.com/actions/runner-images/releases/tag/ubuntu24%2F20260720.247
Test on bun (ubuntu-latest)	Set up job	2026-07-30T06:31:58.9757262Z ##[endgroup]
Test on bun (ubuntu-latest)	Set up job	2026-07-30T06:31:58.9758447Z ##[group]GITHUB_TOKEN Permissions
Test on bun (ubuntu-latest)	Set up job	2026-07-30T06:31:58.9760627Z Contents: read
Test on bun (ubuntu-latest)	Set up job	2026-07-30T06:31:58.9761354Z Metadata: read
Test on bun (ubuntu-latest)	Set up job	2026-07-30T06:31:58.9761914Z ##[endgroup]
Test on bun (ubuntu-latest)	Set up job	2026-07-30T06:31:58.9764410Z Secret source: Actions
Test on bun (ubuntu-latest)	Set up job	2026-07-30T06:31:58.9765671Z Prepare workflow directory
Test on bun (ubuntu-latest)	Set up job	2026-07-30T06:31:59.0133652Z Prepare all required actions
Test on bun (ubuntu-latest)	Set up job	2026-07-30T06:31:59.0186482Z Getting action download info
Test on bun (ubuntu-latest)	Set up job	2026-07-30T06:31:59.4132804Z Download action repository 'actions/checkout@v6' (SHA:d23441a48e516b6c34aea4fa41551a30e30af803)
Test on bun (ubuntu-latest)	Set up job	2026-07-30T06:32:00.0179990Z Download action repository 'actions/setup-node@v6' (SHA:249970729cb0ef3589644e2896645e5dc5ba9c38)
Test on bun (ubuntu-latest)	Set up job	2026-07-30T06:32:00.5499490Z Download action repository 'oven-sh/setup-bun@v2' (SHA:0c5077e51419868618aeaa5fe8019c62421857d6)
Test on bun (ubuntu-latest)	Set up job	2026-07-30T06:32:00.9130598Z Download action repository 'denoland/setup-deno@v2' (SHA:22d081ff2d3a40755e97629de92e3bcbfa7cf2ed)
Test on bun (ubuntu-latest)	Set up job	2026-07-30T06:32:01.3826999Z Complete job name: Test on bun (ubuntu-latest)
Test on bun (ubuntu-latest)	Checkout code	﻿2026-07-30T06:32:01.4611853Z ##[group]Run actions/checkout@v6
Test on bun (ubuntu-latest)	Checkout code	2026-07-30T06:32:01.4613056Z with:
Test on bun (ubuntu-latest)	Checkout code	2026-07-30T06:32:01.4613732Z   repository: link-foundation/use-m
Test on bun (ubuntu-latest)	Checkout code	2026-07-30T06:32:01.4616451Z   token: ***
Test on bun (ubuntu-latest)	Checkout code	2026-07-30T06:32:01.4616793Z   ssh-strict: true
Test on bun (ubuntu-latest)	Checkout code	2026-07-30T06:32:01.4617092Z   ssh-user: git
Test on bun (ubuntu-latest)	Checkout code	2026-07-30T06:32:01.4617445Z   persist-credentials: true
Test on bun (ubuntu-latest)	Checkout code	2026-07-30T06:32:01.4617812Z   clean: true
Test on bun (ubuntu-latest)	Checkout code	2026-07-30T06:32:01.4618107Z   sparse-checkout-cone-mode: true
Test on bun (ubuntu-latest)	Checkout code	2026-07-30T06:32:01.4618525Z   fetch-depth: 1
Test on bun (ubuntu-latest)	Checkout code	2026-07-30T06:32:01.4618817Z   fetch-tags: false
Test on bun (ubuntu-latest)	Checkout code	2026-07-30T06:32:01.4619278Z   show-progress: true
Test on bun (ubuntu-latest)	Checkout code	2026-07-30T06:32:01.4619639Z   lfs: false
Test on bun (ubuntu-latest)	Checkout code	2026-07-30T06:32:01.4619925Z   submodules: false
Test on bun (ubuntu-latest)	Checkout code	2026-07-30T06:32:01.4620272Z   set-safe-directory: true
Test on bun (ubuntu-latest)	Checkout code	2026-07-30T06:32:01.4620614Z   allow-unsafe-pr-checkout: false
Test on bun (ubuntu-latest)	Checkout code	2026-07-30T06:32:01.4621282Z ##[endgroup]
Test on bun (ubuntu-latest)	Checkout code	2026-07-30T06:32:01.5686346Z Syncing repository: link-foundation/use-m
Test on bun (ubuntu-latest)	Checkout code	2026-07-30T06:32:01.5688692Z ##[group]Getting Git version info
Test on bun (ubuntu-latest)	Checkout code	2026-07-30T06:32:01.5689526Z Working directory is '/home/runner/work/use-m/use-m'
Test on bun (ubuntu-latest)	Checkout code	2026-07-30T06:32:01.5690771Z [command]/usr/bin/git version
Test on bun (ubuntu-latest)	Checkout code	2026-07-30T06:32:01.5733369Z git version 2.54.0
Test on bun (ubuntu-latest)	Checkout code	2026-07-30T06:32:01.5758416Z ##[endgroup]
Test on bun (ubuntu-latest)	Checkout code	2026-07-30T06:32:01.5773990Z Temporarily overriding HOME='/home/runner/work/_temp/1fd84cf5-39dd-4557-8e3b-e400d7b8614f' before making global git config changes
Test on bun (ubuntu-latest)	Checkout code	2026-07-30T06:32:01.5775625Z Adding repository directory to the temporary git global config as a safe directory
Test on bun (ubuntu-latest)	Checkout code	2026-07-30T06:32:01.5780187Z [command]/usr/bin/git config --global --add safe.directory /home/runner/work/use-m/use-m
Test on bun (ubuntu-latest)	Checkout code	2026-07-30T06:32:01.5854131Z Deleting the contents of '/home/runner/work/use-m/use-m'
Test on bun (ubuntu-latest)	Checkout code	2026-07-30T06:32:01.5855825Z ##[group]Determining repository object format
Test on bun (ubuntu-latest)	Checkout code	2026-07-30T06:32:01.5856996Z ##[endgroup]
Test on bun (ubuntu-latest)	Checkout code	2026-07-30T06:32:01.5858194Z ##[group]Initializing the repository
Test on bun (ubuntu-latest)	Checkout code	2026-07-30T06:32:01.5859310Z [command]/usr/bin/git init /home/runner/work/use-m/use-m
Test on bun (ubuntu-latest)	Checkout code	2026-07-30T06:32:01.5956481Z hint: Using 'master' as the name for the initial branch. This default branch name
Test on bun (ubuntu-latest)	Checkout code	2026-07-30T06:32:01.5957949Z hint: will change to "main" in Git 3.0. To configure the initial branch name
Test on bun (ubuntu-latest)	Checkout code	2026-07-30T06:32:01.5959475Z hint: to use in all of your new repositories, which will suppress this warning,
Test on bun (ubuntu-latest)	Checkout code	2026-07-30T06:32:01.5960803Z hint: call:
Test on bun (ubuntu-latest)	Checkout code	2026-07-30T06:32:01.5961431Z hint:
Test on bun (ubuntu-latest)	Checkout code	2026-07-30T06:32:01.5962040Z hint: 	git config --global init.defaultBranch <name>
Test on bun (ubuntu-latest)	Checkout code	2026-07-30T06:32:01.5962525Z hint:
Test on bun (ubuntu-latest)	Checkout code	2026-07-30T06:32:01.5962990Z hint: Names commonly chosen instead of 'master' are 'main', 'trunk' and
Test on bun (ubuntu-latest)	Checkout code	2026-07-30T06:32:01.5976783Z hint: 'development'. The just-created branch can be renamed via this command:
Test on bun (ubuntu-latest)	Checkout code	2026-07-30T06:32:01.5977422Z hint:
Test on bun (ubuntu-latest)	Checkout code	2026-07-30T06:32:01.5977937Z hint: 	git branch -m <name>
Test on bun (ubuntu-latest)	Checkout code	2026-07-30T06:32:01.5978308Z hint:
Test on bun (ubuntu-latest)	Checkout code	2026-07-30T06:32:01.5978985Z hint: Disable this message with "git config set advice.defaultBranchName false"
Test on bun (ubuntu-latest)	Checkout code	2026-07-30T06:32:01.5979751Z Initialized empty Git repository in /home/runner/work/use-m/use-m/.git/
Test on bun (ubuntu-latest)	Checkout code	2026-07-30T06:32:01.5981517Z [command]/usr/bin/git remote add origin https://github.com/link-foundation/use-m
Test on bun (ubuntu-latest)	Checkout code	2026-07-30T06:32:01.6031930Z ##[endgroup]
Test on bun (ubuntu-latest)	Checkout code	2026-07-30T06:32:01.6032811Z ##[group]Disabling automatic garbage collection
Test on bun (ubuntu-latest)	Checkout code	2026-07-30T06:32:01.6036097Z [command]/usr/bin/git config --local gc.auto 0
Test on bun (ubuntu-latest)	Checkout code	2026-07-30T06:32:01.6071076Z ##[endgroup]
Test on bun (ubuntu-latest)	Checkout code	2026-07-30T06:32:01.6072572Z ##[group]Setting up auth
Test on bun (ubuntu-latest)	Checkout code	2026-07-30T06:32:01.6073666Z Removing SSH command configuration
Test on bun (ubuntu-latest)	Checkout code	2026-07-30T06:32:01.6081515Z [command]/usr/bin/git config --local --name-only --get-regexp core\.sshCommand
Test on bun (ubuntu-latest)	Checkout code	2026-07-30T06:32:01.6123917Z [command]/usr/bin/git submodule foreach --recursive sh -c "git config --local --name-only --get-regexp 'core\.sshCommand' && git config --local --unset-all 'core.sshCommand' || :"
Test on bun (ubuntu-latest)	Checkout code	2026-07-30T06:32:01.6514575Z Removing HTTP extra header
Test on bun (ubuntu-latest)	Checkout code	2026-07-30T06:32:01.6523479Z [command]/usr/bin/git config --local --name-only --get-regexp http\.https\:\/\/github\.com\/\.extraheader
Test on bun (ubuntu-latest)	Checkout code	2026-07-30T06:32:01.6564686Z [command]/usr/bin/git submodule foreach --recursive sh -c "git config --local --name-only --get-regexp 'http\.https\:\/\/github\.com\/\.extraheader' && git config --local --unset-all 'http.https://github.com/.extraheader' || :"
Test on bun (ubuntu-latest)	Checkout code	2026-07-30T06:32:01.6800870Z Removing includeIf entries pointing to credentials config files
Test on bun (ubuntu-latest)	Checkout code	2026-07-30T06:32:01.6807252Z [command]/usr/bin/git config --local --name-only --get-regexp ^includeIf\.gitdir:
Test on bun (ubuntu-latest)	Checkout code	2026-07-30T06:32:01.6848207Z [command]/usr/bin/git submodule foreach --recursive git config --local --show-origin --name-only --get-regexp remote.origin.url
Test on bun (ubuntu-latest)	Checkout code	2026-07-30T06:32:01.7170895Z [command]/usr/bin/git config --file /home/runner/work/_temp/git-credentials-cecd0bb8-1708-4ff8-af61-8b82abffa174.config http.https://github.com/.extraheader AUTHORIZATION: basic ***
Test on bun (ubuntu-latest)	Checkout code	2026-07-30T06:32:01.7175626Z [command]/usr/bin/git config --local includeIf.gitdir:/home/runner/work/use-m/use-m/.git.path /home/runner/work/_temp/git-credentials-cecd0bb8-1708-4ff8-af61-8b82abffa174.config
Test on bun (ubuntu-latest)	Checkout code	2026-07-30T06:32:01.7185833Z [command]/usr/bin/git config --local includeIf.gitdir:/home/runner/work/use-m/use-m/.git/worktrees/*.path /home/runner/work/_temp/git-credentials-cecd0bb8-1708-4ff8-af61-8b82abffa174.config
Test on bun (ubuntu-latest)	Checkout code	2026-07-30T06:32:01.7232111Z [command]/usr/bin/git config --local includeIf.gitdir:/github/workspace/.git.path /github/runner_temp/git-credentials-cecd0bb8-1708-4ff8-af61-8b82abffa174.config
Test on bun (ubuntu-latest)	Checkout code	2026-07-30T06:32:01.7267573Z [command]/usr/bin/git config --local includeIf.gitdir:/github/workspace/.git/worktrees/*.path /github/runner_temp/git-credentials-cecd0bb8-1708-4ff8-af61-8b82abffa174.config
Test on bun (ubuntu-latest)	Checkout code	2026-07-30T06:32:01.7297997Z ##[endgroup]
Test on bun (ubuntu-latest)	Checkout code	2026-07-30T06:32:01.7298574Z ##[group]Fetching the repository
Test on bun (ubuntu-latest)	Checkout code	2026-07-30T06:32:01.7307651Z [command]/usr/bin/git -c protocol.version=2 fetch --no-tags --prune --no-recurse-submodules --depth=1 origin +2b1700965d70be9d8be94cbf5bb5949263258a7a:refs/remotes/pull/69/merge
Test on bun (ubuntu-latest)	Checkout code	2026-07-30T06:32:02.4425776Z From https://github.com/link-foundation/use-m
Test on bun (ubuntu-latest)	Checkout code	2026-07-30T06:32:02.4427664Z  * [new ref]         2b1700965d70be9d8be94cbf5bb5949263258a7a -> pull/69/merge
Test on bun (ubuntu-latest)	Checkout code	2026-07-30T06:32:02.4467675Z ##[endgroup]
Test on bun (ubuntu-latest)	Checkout code	2026-07-30T06:32:02.4468293Z ##[group]Determining the checkout info
Test on bun (ubuntu-latest)	Checkout code	2026-07-30T06:32:02.4469065Z ##[endgroup]
Test on bun (ubuntu-latest)	Checkout code	2026-07-30T06:32:02.4474685Z [command]/usr/bin/git sparse-checkout disable
Test on bun (ubuntu-latest)	Checkout code	2026-07-30T06:32:02.4531583Z [command]/usr/bin/git config --local --unset-all extensions.worktreeConfig
Test on bun (ubuntu-latest)	Checkout code	2026-07-30T06:32:02.4567350Z ##[group]Checking out the ref
Test on bun (ubuntu-latest)	Checkout code	2026-07-30T06:32:02.4571518Z [command]/usr/bin/git checkout --progress --force refs/remotes/pull/69/merge
Test on bun (ubuntu-latest)	Checkout code	2026-07-30T06:32:02.4904142Z Note: switching to 'refs/remotes/pull/69/merge'.
Test on bun (ubuntu-latest)	Checkout code	2026-07-30T06:32:02.4904846Z 
Test on bun (ubuntu-latest)	Checkout code	2026-07-30T06:32:02.4905195Z You are in 'detached HEAD' state. You can look around, make experimental
Test on bun (ubuntu-latest)	Checkout code	2026-07-30T06:32:02.4906076Z changes and commit them, and you can discard any commits you make in this
Test on bun (ubuntu-latest)	Checkout code	2026-07-30T06:32:02.4906920Z state without impacting any branches by switching back to a branch.
Test on bun (ubuntu-latest)	Checkout code	2026-07-30T06:32:02.4907443Z 
Test on bun (ubuntu-latest)	Checkout code	2026-07-30T06:32:02.4907743Z If you want to create a new branch to retain commits you create, you may
Test on bun (ubuntu-latest)	Checkout code	2026-07-30T06:32:02.4908519Z do so (now or later) by using -c with the switch command. Example:
Test on bun (ubuntu-latest)	Checkout code	2026-07-30T06:32:02.4908966Z 
Test on bun (ubuntu-latest)	Checkout code	2026-07-30T06:32:02.4909138Z   git switch -c <new-branch-name>
Test on bun (ubuntu-latest)	Checkout code	2026-07-30T06:32:02.4909437Z 
Test on bun (ubuntu-latest)	Checkout code	2026-07-30T06:32:02.4909596Z Or undo this operation with:
Test on bun (ubuntu-latest)	Checkout code	2026-07-30T06:32:02.4909878Z 
Test on bun (ubuntu-latest)	Checkout code	2026-07-30T06:32:02.4909986Z   git switch -
Test on bun (ubuntu-latest)	Checkout code	2026-07-30T06:32:02.4910143Z 
Test on bun (ubuntu-latest)	Checkout code	2026-07-30T06:32:02.4910367Z Turn off this advice by setting config variable advice.detachedHead to false
Test on bun (ubuntu-latest)	Checkout code	2026-07-30T06:32:02.4910699Z 
Test on bun (ubuntu-latest)	Checkout code	2026-07-30T06:32:02.4911051Z HEAD is now at 2b17009 Merge dd7b0344f19540f58f1ea34bb5945a4ad312c3f6 into 8c5a55d144d8655efa805d02a3f234e8dfd6a9d4
Test on bun (ubuntu-latest)	Checkout code	2026-07-30T06:32:02.4914472Z ##[endgroup]
Test on bun (ubuntu-latest)	Checkout code	2026-07-30T06:32:02.4964603Z [command]/usr/bin/git log -1 --format=%H
Test on bun (ubuntu-latest)	Checkout code	2026-07-30T06:32:02.4994375Z 2b1700965d70be9d8be94cbf5bb5949263258a7a
Test on bun (ubuntu-latest)	Setup Node.js	﻿2026-07-30T06:32:02.5279730Z ##[group]Run actions/setup-node@v6
Test on bun (ubuntu-latest)	Setup Node.js	2026-07-30T06:32:02.5280124Z with:
Test on bun (ubuntu-latest)	Setup Node.js	2026-07-30T06:32:02.5280326Z   node-version: 20.x
Test on bun (ubuntu-latest)	Setup Node.js	2026-07-30T06:32:02.5280546Z   cache: npm
Test on bun (ubuntu-latest)	Setup Node.js	2026-07-30T06:32:02.5280748Z   check-latest: false
Test on bun (ubuntu-latest)	Setup Node.js	2026-07-30T06:32:02.5283046Z   token: ***
Test on bun (ubuntu-latest)	Setup Node.js	2026-07-30T06:32:02.5283477Z   package-manager-cache: true
Test on bun (ubuntu-latest)	Setup Node.js	2026-07-30T06:32:02.5283734Z ##[endgroup]
Test on bun (ubuntu-latest)	Setup Node.js	2026-07-30T06:32:02.6741948Z Attempting to download 20.x...
Test on bun (ubuntu-latest)	Setup Node.js	2026-07-30T06:32:03.4668381Z Acquiring 20.20.2 - x64 from https://github.com/actions/node-versions/releases/download/20.20.2-23521894959/node-20.20.2-linux-x64.tar.gz
Test on bun (ubuntu-latest)	Setup Node.js	2026-07-30T06:32:03.9070020Z Extracting ...
Test on bun (ubuntu-latest)	Setup Node.js	2026-07-30T06:32:03.9192173Z [command]/usr/bin/tar xz --strip 1 --warning=no-unknown-keyword --overwrite -C /home/runner/work/_temp/71c4b9f3-871e-4210-bd4f-ae34706b51b9 -f /home/runner/work/_temp/88d14d49-98ae-4808-84cd-38267d75942e
Test on bun (ubuntu-latest)	Setup Node.js	2026-07-30T06:32:04.9487141Z Adding to the cache ...
Test on bun (ubuntu-latest)	Setup Node.js	2026-07-30T06:32:06.8244364Z ##[group]Environment details
Test on bun (ubuntu-latest)	Setup Node.js	2026-07-30T06:32:07.0548475Z node: v20.20.2
Test on bun (ubuntu-latest)	Setup Node.js	2026-07-30T06:32:07.0549177Z npm: 10.8.2
Test on bun (ubuntu-latest)	Setup Node.js	2026-07-30T06:32:07.0549565Z yarn: 1.22.22
Test on bun (ubuntu-latest)	Setup Node.js	2026-07-30T06:32:07.0550392Z ##[endgroup]
Test on bun (ubuntu-latest)	Setup Node.js	2026-07-30T06:32:07.0571106Z [command]/opt/hostedtoolcache/node/20.20.2/x64/bin/npm config get cache
Test on bun (ubuntu-latest)	Setup Node.js	2026-07-30T06:32:07.1632577Z /home/runner/.npm
Test on bun (ubuntu-latest)	Setup Node.js	2026-07-30T06:32:07.4218817Z npm cache is not found
Test on bun (ubuntu-latest)	Setup Bun	﻿2026-07-30T06:32:07.4418894Z ##[group]Run oven-sh/setup-bun@v2
Test on bun (ubuntu-latest)	Setup Bun	2026-07-30T06:32:07.4419226Z with:
Test on bun (ubuntu-latest)	Setup Bun	2026-07-30T06:32:07.4419427Z   bun-version: latest
Test on bun (ubuntu-latest)	Setup Bun	2026-07-30T06:32:07.4419689Z   no-cache: false
Test on bun (ubuntu-latest)	Setup Bun	2026-07-30T06:32:07.4421956Z   token: ***
Test on bun (ubuntu-latest)	Setup Bun	2026-07-30T06:32:07.4422161Z ##[endgroup]
Test on bun (ubuntu-latest)	Setup Bun	2026-07-30T06:32:08.0722758Z Downloading a new version of Bun: https://github.com/oven-sh/bun/releases/download/bun-v1.3.14/bun-linux-x64.zip
Test on bun (ubuntu-latest)	Setup Bun	2026-07-30T06:32:08.3718055Z [command]/usr/bin/unzip -o -q /home/runner/work/_temp/09ea75d1-314f-46a8-a79f-534e36a2ab27.zip
Test on bun (ubuntu-latest)	Setup Bun	2026-07-30T06:32:09.0438165Z [command]/home/runner/.bun/bin/bun --revision
Test on bun (ubuntu-latest)	Setup Bun	2026-07-30T06:32:09.0498692Z 1.3.14+0d9b296af
Test on bun (ubuntu-latest)	Install dependencies	﻿2026-07-30T06:32:09.0655869Z ##[group]Run npm ci --no-audit --no-fund
Test on bun (ubuntu-latest)	Install dependencies	2026-07-30T06:32:09.0656497Z ^[[36;1mnpm ci --no-audit --no-fund^[[0m
Test on bun (ubuntu-latest)	Install dependencies	2026-07-30T06:32:09.0705687Z shell: /usr/bin/bash -e {0}
Test on bun (ubuntu-latest)	Install dependencies	2026-07-30T06:32:09.0705993Z ##[endgroup]
Test on bun (ubuntu-latest)	Install dependencies	2026-07-30T06:32:19.1090967Z 
Test on bun (ubuntu-latest)	Install dependencies	2026-07-30T06:32:19.1091785Z added 476 packages in 10s
Test on bun (ubuntu-latest)	Run Bun tests	﻿2026-07-30T06:32:19.1367330Z ##[group]Run bun test
Test on bun (ubuntu-latest)	Run Bun tests	2026-07-30T06:32:19.1367828Z ^[[36;1mbun test^[[0m
Test on bun (ubuntu-latest)	Run Bun tests	2026-07-30T06:32:19.1427338Z shell: /usr/bin/bash -e {0}
Test on bun (ubuntu-latest)	Run Bun tests	2026-07-30T06:32:19.1427815Z ##[endgroup]
Test on bun (ubuntu-latest)	Run Bun tests	2026-07-30T06:32:19.1554223Z bun test v1.3.14 (0d9b296a)
Test on bun (ubuntu-latest)	Run Bun tests	2026-07-30T06:32:19.1721849Z 
Test on bun (ubuntu-latest)	Run Bun tests	2026-07-30T06:32:19.1726703Z ##[group]tests/command-stream.test.cjs:
Test on bun (ubuntu-latest)	Run Bun tests	2026-07-30T06:32:19.5477763Z (pass) [cjs module] command-stream module import > [cjs module] Direct CJS Require [373.13ms]
Test on bun (ubuntu-latest)	Run Bun tests	2026-07-30T06:32:19.5704862Z (pass) [cjs module] command-stream module import > [cjs module] Dynamic Import with await import() of CJS [21.03ms]
Test on bun (ubuntu-latest)	Run Bun tests	2026-07-30T06:32:19.5942133Z (pass) [cjs module] command-stream module import > [cjs module] Dynamic Import with await import() of MJS [24.82ms]
Test on bun (ubuntu-latest)	Run Bun tests	2026-07-30T06:32:19.5943034Z 
Test on bun (ubuntu-latest)	Run Bun tests	2026-07-30T06:32:19.5943755Z ##[endgroup]
Test on bun (ubuntu-latest)	Run Bun tests	2026-07-30T06:32:19.5943967Z 
Test on bun (ubuntu-latest)	Run Bun tests	2026-07-30T06:32:19.5944379Z ##[group]tests/filename.test.mjs:
Test on bun (ubuntu-latest)	Run Bun tests	2026-07-30T06:32:19.5985187Z (pass) [mjs module] scriptPath detection in ESM (functional) > [mjs module] default pathResolver resolves modules relative to use.mjs [0.41ms]
Test on bun (ubuntu-latest)	Run Bun tests	2026-07-30T06:32:19.5987358Z (pass) [mjs module] scriptPath detection in ESM (functional) > [mjs module] override scriptPath resolves relative to provided path [0.39ms]
Test on bun (ubuntu-latest)	Run Bun tests	2026-07-30T06:32:19.5989356Z (pass) [mjs module] scriptPath detection in ESM (createRequire fallback) > [mjs module] fallback default resolves modules relative to use.mjs [0.24ms]
Test on bun (ubuntu-latest)	Run Bun tests	2026-07-30T06:32:19.5998403Z (pass) [mjs module] scriptPath detection in ESM (createRequire fallback) > [mjs module] fallback explicit scriptPath resolves relative to provided path [0.96ms]
Test on bun (ubuntu-latest)	Run Bun tests	2026-07-30T06:32:19.6000686Z (pass) [mjs module] scriptPath detection in ESM (createRequire fallback) > [mjs module] fallback meta override changes pathResolver behavior in ESM [0.32ms]
Test on bun (ubuntu-latest)	Run Bun tests	2026-07-30T06:32:19.6003919Z (pass) [mjs module] scriptPath detection in ESM (meta URL) > [mjs module] meta override resolves modules relative to provided meta URL (use.js) [0.79ms]
Test on bun (ubuntu-latest)	Run Bun tests	2026-07-30T06:32:19.6011812Z 
Test on bun (ubuntu-latest)	Run Bun tests	2026-07-30T06:32:19.6015977Z ##[endgroup]
Test on bun (ubuntu-latest)	Run Bun tests	2026-07-30T06:32:19.6018414Z 
Test on bun (ubuntu-latest)	Run Bun tests	2026-07-30T06:32:19.6020614Z ##[group]tests/load.test.mjs:
Test on bun (ubuntu-latest)	Run Bun tests	2026-07-30T06:32:19.6051758Z (pass) [mjs module] looksLikeUseModule > [mjs module] accepts the real shipped use.js [0.44ms]
Test on bun (ubuntu-latest)	Run Bun tests	2026-07-30T06:32:19.6064395Z (pass) [mjs module] looksLikeUseModule > [mjs module] accepts a long module-like body [0.13ms]
Test on bun (ubuntu-latest)	Run Bun tests	2026-07-30T06:32:19.6091757Z (pass) [mjs module] looksLikeUseModule > [mjs module] rejects common CDN plain-text error bodies [0.08ms]
Test on bun (ubuntu-latest)	Run Bun tests	2026-07-30T06:32:19.6102652Z (pass) [mjs module] looksLikeUseModule > [mjs module] rejects HTML error pages [0.03ms]
Test on bun (ubuntu-latest)	Run Bun tests	2026-07-30T06:32:19.6104010Z (pass) [mjs module] looksLikeUseModule > [mjs module] rejects empty, whitespace, short, and non-string input [0.04ms]
Test on bun (ubuntu-latest)	Run Bun tests	2026-07-30T06:32:19.6104947Z (pass) [mjs module] DEFAULT_SOURCES > [mjs module] lists unpkg, jsDelivr and esm.sh in priority order [0.03ms]
Test on bun (ubuntu-latest)	Run Bun tests	2026-07-30T06:32:19.6105763Z (pass) [mjs module] loadUseM > [mjs module] resolves the use object from the first working source [1.37ms]
Test on bun (ubuntu-latest)	Run Bun tests	2026-07-30T06:32:19.6106598Z (pass) [mjs module] loadUseM > [mjs module] evaluates the real shipped use.js into a working module [2.09ms]
Test on bun (ubuntu-latest)	Run Bun tests	2026-07-30T06:32:19.6107452Z (pass) [mjs module] loadUseM > [mjs module] falls back to a later mirror when earlier ones fail [0.55ms]
Test on bun (ubuntu-latest)	Run Bun tests	2026-07-30T06:32:19.6108194Z (pass) [mjs module] loadUseM > [mjs module] retries a flaky source before succeeding [0.25ms]
Test on bun (ubuntu-latest)	Run Bun tests	2026-07-30T06:32:19.6109064Z (pass) [mjs module] loadUseM > [mjs module] throws a clear aggregated error (not SyntaxError) when every source fails [0.48ms]
Test on bun (ubuntu-latest)	Run Bun tests	2026-07-30T06:32:19.6109911Z (pass) [mjs module] loadUseM > [mjs module] surfaces the HTTP status for non-ok responses [0.23ms]
Test on bun (ubuntu-latest)	Run Bun tests	2026-07-30T06:32:19.6110680Z (pass) [mjs module] loadUseM > [mjs module] rejects when the evaluated module lacks a use function [0.21ms]
Test on bun (ubuntu-latest)	Run Bun tests	2026-07-30T06:32:19.6111731Z (pass) [mjs module] loadUseM > [mjs module] does not let eval errors from a malformed body escape [0.64ms]
Test on bun (ubuntu-latest)	Run Bun tests	2026-07-30T06:32:19.6112490Z (pass) [mjs module] loadUseM > [mjs module] reports a clear error when fetch is unavailable [0.16ms]
Test on bun (ubuntu-latest)	Run Bun tests	2026-07-30T06:32:19.6113742Z (pass) [mjs module] loadUseM > [mjs module] honors a custom evaluate hook [0.24ms]
Test on bun (ubuntu-latest)	Run Bun tests	2026-07-30T06:32:19.6612695Z (pass) [mjs module] loadUseM > [mjs module] times out a hanging request and reports it [51.15ms]
Test on bun (ubuntu-latest)	Run Bun tests	2026-07-30T06:32:19.6614018Z 
Test on bun (ubuntu-latest)	Run Bun tests	2026-07-30T06:32:19.6614684Z ##[endgroup]
Test on bun (ubuntu-latest)	Run Bun tests	2026-07-30T06:32:19.6614938Z 
Test on bun (ubuntu-latest)	Run Bun tests	2026-07-30T06:32:19.6615535Z ##[group]tests/import.test.mjs:
Test on bun (ubuntu-latest)	Run Bun tests	2026-07-30T06:32:19.6626781Z (pass) [mjs module] dynamic import support > [mjs module] supportsDynamicImport returns true in .mjs file [0.24ms]
Test on bun (ubuntu-latest)	Run Bun tests	2026-07-30T06:32:19.6627910Z 
Test on bun (ubuntu-latest)	Run Bun tests	2026-07-30T06:32:19.6628449Z ##[endgroup]
Test on bun (ubuntu-latest)	Run Bun tests	2026-07-30T06:32:19.6628708Z 
Test on bun (ubuntu-latest)	Run Bun tests	2026-07-30T06:32:19.6629258Z ##[group]tests/npm-global-prefix.test.cjs:
Test on bun (ubuntu-latest)	Run Bun tests	2026-07-30T06:32:19.6646974Z (pass) [cjs module] npm global prefix handling > [cjs module] redirects installs to use-m cache when npm global root is not writable [0.23ms]
Test on bun (ubuntu-latest)	Run Bun tests	2026-07-30T06:32:19.6649469Z (pass) [cjs module] npm global prefix handling > [cjs module] keeps the configured npm root when it is writable [0.14ms]
Test on bun (ubuntu-latest)	Run Bun tests	2026-07-30T06:32:19.6651693Z (pass) [cjs module] npm global prefix handling > [cjs module] respects an explicit npm_config_prefix override [0.19ms]
Test on bun (ubuntu-latest)	Run Bun tests	2026-07-30T06:32:19.6654196Z (pass) [cjs module] npm global prefix handling > [cjs module] retries transient npm install failures and removes partial aliases [0.16ms]
Test on bun (ubuntu-latest)	Run Bun tests	2026-07-30T06:32:19.6656641Z (pass) [cjs module] npm global prefix handling > [cjs module] reports captured npm output and cleans up after exhausted retries [0.22ms]
Test on bun (ubuntu-latest)	Run Bun tests	2026-07-30T06:32:19.6658930Z (pass) [cjs module] npm global prefix handling > [cjs module] gives corrupt-alias cleanup a recursive rm retry budget [0.18ms]
Test on bun (ubuntu-latest)	Run Bun tests	2026-07-30T06:32:19.6661368Z (pass) [cjs module] npm global prefix handling > [cjs module] repairs a truncated entry point and bypasses the cached syntax failure [0.15ms]
Test on bun (ubuntu-latest)	Run Bun tests	2026-07-30T06:32:19.6663840Z (pass) [cjs module] npm global prefix handling > [cjs module] repairs an alias missing an internal ESM dependency [0.15ms]
Test on bun (ubuntu-latest)	Run Bun tests	2026-07-30T06:32:19.6666505Z (pass) [cjs module] npm global prefix handling > [cjs module] repairs an alias with invalid package metadata [0.14ms]
Test on bun (ubuntu-latest)	Run Bun tests	2026-07-30T06:32:19.6668472Z (pass) [cjs module] npm global prefix handling > [cjs module] repairs an alias whose declared entry point is missing [0.15ms]
Test on bun (ubuntu-latest)	Run Bun tests	2026-07-30T06:32:19.6670495Z (pass) [cjs module] npm global prefix handling > [cjs module] does not reinstall for an unrelated unwrapped missing-module error [0.13ms]
Test on bun (ubuntu-latest)	Run Bun tests	2026-07-30T06:32:19.6671505Z 
Test on bun (ubuntu-latest)	Run Bun tests	2026-07-30T06:32:19.6671975Z ##[endgroup]
Test on bun (ubuntu-latest)	Run Bun tests	2026-07-30T06:32:19.6672197Z 
Test on bun (ubuntu-latest)	Run Bun tests	2026-07-30T06:32:19.6672653Z ##[group]tests/deno-support.test.cjs:
Test on bun (ubuntu-latest)	Run Bun tests	2026-07-30T06:32:19.6677019Z (pass) [cjs module] Deno support > [cjs module] Deno resolver should resolve npm packages to esm.sh [0.16ms]
Test on bun (ubuntu-latest)	Run Bun tests	2026-07-30T06:32:19.6678752Z (pass) [cjs module] Deno support > [cjs module] Deno resolver should handle scoped packages [0.09ms]
Test on bun (ubuntu-latest)	Run Bun tests	2026-07-30T06:32:19.6680374Z (pass) [cjs module] Deno support > [cjs module] Deno resolver should handle module paths [0.09ms]
Test on bun (ubuntu-latest)	Run Bun tests	2026-07-30T06:32:19.6682058Z (pass) [cjs module] Deno support > [cjs module] Deno resolver should handle latest version [0.07ms]
Test on bun (ubuntu-latest)	Run Bun tests	2026-07-30T06:32:19.6684102Z (pass) [cjs module] Deno support > [cjs module] makeUse should detect Deno runtime when Deno global is present [0.17ms]
Test on bun (ubuntu-latest)	Run Bun tests	2026-07-30T06:32:19.6685934Z (pass) [cjs module] Deno support > [cjs module] Deno resolver should work with complex package names [0.09ms]
Test on bun (ubuntu-latest)	Run Bun tests	2026-07-30T06:32:19.6688916Z (pass) [cjs module] Deno support > [cjs module] Deno resolver should handle packages without versions [0.09ms]
Test on bun (ubuntu-latest)	Run Bun tests	2026-07-30T06:32:19.6690605Z (pass) [cjs module] Deno support > [cjs module] makeUse with explicit deno resolver [0.09ms]
Test on bun (ubuntu-latest)	Run Bun tests	2026-07-30T06:32:19.6691888Z 
Test on bun (ubuntu-latest)	Run Bun tests	2026-07-30T06:32:19.6692558Z ##[endgroup]
Test on bun (ubuntu-latest)	Run Bun tests	2026-07-30T06:32:19.6692792Z 
Test on bun (ubuntu-latest)	Run Bun tests	2026-07-30T06:32:19.6693513Z ##[group]tests/fallback.test.cjs:
Test on bun (ubuntu-latest)	Run Bun tests	2026-07-30T06:32:19.6705615Z (pass) [cjs module] loadWithFallback (shared engine) > [cjs module] returns the first source's result without trying later ones [0.47ms]
Test on bun (ubuntu-latest)	Run Bun tests	2026-07-30T06:32:19.6708423Z (pass) [cjs module] loadWithFallback (shared engine) > [cjs module] falls back to a later source when earlier ones fail [0.32ms]
Test on bun (ubuntu-latest)	Run Bun tests	2026-07-30T06:32:19.6710373Z (pass) [cjs module] loadWithFallback (shared engine) > [cjs module] retries a flaky source before succeeding [0.15ms]
Test on bun (ubuntu-latest)	Run Bun tests	2026-07-30T06:32:19.6713442Z (pass) [cjs module] loadWithFallback (shared engine) > [cjs module] throws ONE aggregated error listing every attempt [0.31ms]
Test on bun (ubuntu-latest)	Run Bun tests	2026-07-30T06:32:19.6715234Z (pass) [cjs module] loadWithFallback (shared engine) > [cjs module] rejects empty or non-array sources [0.19ms]
Test on bun (ubuntu-latest)	Run Bun tests	2026-07-30T06:32:19.6717095Z (pass) [cjs module] loadWithFallback (shared engine) > [cjs module] rejects a missing load function [0.10ms]
Test on bun (ubuntu-latest)	Run Bun tests	2026-07-30T06:32:19.6720622Z (pass) [cjs module] makeUse per-package CDN fallback > [cjs module] falls back to the next mirror when one import fails [0.41ms]
Test on bun (ubuntu-latest)	Run Bun tests	2026-07-30T06:32:19.6727838Z (pass) [cjs module] makeUse per-package CDN fallback > [cjs module] throws a clear aggregated error when every mirror fails [0.53ms]
Test on bun (ubuntu-latest)	Run Bun tests	2026-07-30T06:32:19.6729816Z (pass) [cjs module] makeUse per-package CDN fallback > [cjs module] a single explicit resolver imports directly with its raw error (no aggregation) [0.35ms]
Test on bun (ubuntu-latest)	Run Bun tests	2026-07-30T06:32:19.6755114Z (pass) [cjs module] makeUse per-package CDN fallback > [cjs module] a single-entry specifierResolvers chain also imports directly [0.22ms]
Test on bun (ubuntu-latest)	Run Bun tests	2026-07-30T06:32:19.6770978Z (pass) [cjs module] makeUse per-package CDN fallback > [cjs module] exposes the default mirror chains [0.05ms]
Test on bun (ubuntu-latest)	Run Bun tests	2026-07-30T06:32:19.6774263Z 
Test on bun (ubuntu-latest)	Run Bun tests	2026-07-30T06:32:19.6775641Z ##[endgroup]
Test on bun (ubuntu-latest)	Run Bun tests	2026-07-30T06:32:19.6775814Z 
Test on bun (ubuntu-latest)	Run Bun tests	2026-07-30T06:32:19.6776146Z ##[group]tests/get-script-url.test.mjs:
Test on bun (ubuntu-latest)	Run Bun tests	2026-07-30T06:32:19.6776838Z (pass) [mjs module] import.meta.url workaround > [mjs module] scriptUrl matches import.meta.url [0.37ms]
Test on bun (ubuntu-latest)	Run Bun tests	2026-07-30T06:32:19.6777678Z (pass) [mjs module] import.meta.url workaround > [mjs module] scriptUrl matches import.meta.url in eval [0.18ms]
Test on bun (ubuntu-latest)	Run Bun tests	2026-07-30T06:32:19.6778101Z 
Test on bun (ubuntu-latest)	Run Bun tests	2026-07-30T06:32:19.6778357Z ##[endgroup]
Test on bun (ubuntu-latest)	Run Bun tests	2026-07-30T06:32:19.6778475Z 
Test on bun (ubuntu-latest)	Run Bun tests	2026-07-30T06:32:19.6778726Z ##[group]tests/builtin-nodejs.test.cjs:
Test on bun (ubuntu-latest)	Run Bun tests	2026-07-30T06:32:19.6779484Z (pass) [cjs module] Node.js/Bun-only built-in modules > [cjs module] fs module should work [0.52ms]
Test on bun (ubuntu-latest)	Run Bun tests	2026-07-30T06:32:19.6780420Z (pass) [cjs module] Node.js/Bun-only built-in modules > [cjs module] path module should work [0.43ms]
Test on bun (ubuntu-latest)	Run Bun tests	2026-07-30T06:32:19.6781278Z (pass) [cjs module] Node.js/Bun-only built-in modules > [cjs module] os module should work [0.52ms]
Test on bun (ubuntu-latest)	Run Bun tests	2026-07-30T06:32:19.6801239Z (pass) [cjs module] Node.js/Bun-only built-in modules > [cjs module] util module should work [2.09ms]
Test on bun (ubuntu-latest)	Run Bun tests	2026-07-30T06:32:19.6805554Z (pass) [cjs module] Node.js/Bun-only built-in modules > [cjs module] events module should work [0.43ms]
Test on bun (ubuntu-latest)	Run Bun tests	2026-07-30T06:32:19.6808239Z (pass) [cjs module] Node.js/Bun-only built-in modules > [cjs module] stream module should work [0.26ms]
Test on bun (ubuntu-latest)	Run Bun tests	2026-07-30T06:32:19.6812114Z (pass) [cjs module] Node.js/Bun-only built-in modules > [cjs module] buffer module should work [0.38ms]
Test on bun (ubuntu-latest)	Run Bun tests	2026-07-30T06:32:19.6826681Z (pass) [cjs module] Node.js/Bun-only built-in modules > [cjs module] process module should work [1.44ms]
Test on bun (ubuntu-latest)	Run Bun tests	2026-07-30T06:32:19.6828562Z (pass) [cjs module] Node.js/Bun-only built-in modules > [cjs module] child_process module should work [0.19ms]
Test on bun (ubuntu-latest)	Run Bun tests	2026-07-30T06:32:19.6880024Z (pass) [cjs module] Node.js/Bun-only built-in modules > [cjs module] http module should work [5.08ms]
Test on bun (ubuntu-latest)	Run Bun tests	2026-07-30T06:32:19.6885290Z (pass) [cjs module] Node.js/Bun-only built-in modules > [cjs module] https module should work [0.52ms]
Test on bun (ubuntu-latest)	Run Bun tests	2026-07-30T06:32:19.6902012Z (pass) [cjs module] Node.js/Bun-only built-in modules > [cjs module] net module should work [1.68ms]
Test on bun (ubuntu-latest)	Run Bun tests	2026-07-30T06:32:19.6913134Z (pass) [cjs module] Node.js/Bun-only built-in modules > [cjs module] dns module should work [1.10ms]
Test on bun (ubuntu-latest)	Run Bun tests	2026-07-30T06:32:19.6932553Z (pass) [cjs module] Node.js/Bun-only built-in modules > [cjs module] zlib module should work [1.91ms]
Test on bun (ubuntu-latest)	Run Bun tests	2026-07-30T06:32:19.6945232Z (pass) [cjs module] Node.js/Bun-only built-in modules > [cjs module] querystring module should work [1.26ms]
Test on bun (ubuntu-latest)	Run Bun tests	2026-07-30T06:32:19.6968066Z (pass) [cjs module] Node.js/Bun-only built-in modules > [cjs module] assert module should work [2.24ms]
Test on bun (ubuntu-latest)	Run Bun tests	2026-07-30T06:32:19.6971880Z (pass) [cjs module] Node.js/Bun-only built-in modules > [cjs module] all modules should work with node: prefix [0.35ms]
Test on bun (ubuntu-latest)	Run Bun tests	2026-07-30T06:32:19.6972851Z 
Test on bun (ubuntu-latest)	Run Bun tests	2026-07-30T06:32:19.6973708Z ##[endgroup]
Test on bun (ubuntu-latest)	Run Bun tests	2026-07-30T06:32:19.6973961Z 
Test on bun (ubuntu-latest)	Run Bun tests	2026-07-30T06:32:19.6974472Z ##[group]tests/loader.test.mjs:
Test on bun (ubuntu-latest)	Run Bun tests	2026-07-30T06:32:19.6998452Z (pass) [mjs module] loader resolve hook > [mjs module] returns the default resolver's result when it succeeds [0.29ms]
Test on bun (ubuntu-latest)	Run Bun tests	2026-07-30T06:32:20.5721942Z (pass) [mjs module] loader resolve hook > [mjs module] falls back to the npm resolver when the default resolver throws [872.28ms]
Test on bun (ubuntu-latest)	Run Bun tests	2026-07-30T06:32:20.8931727Z (pass) [mjs module] loader resolve hook > [mjs module] surfaces a clear aggregated error when BOTH resolvers fail [320.85ms]
Test on bun (ubuntu-latest)	Run Bun tests	2026-07-30T06:32:20.8932545Z 
Test on bun (ubuntu-latest)	Run Bun tests	2026-07-30T06:32:20.8933438Z ##[endgroup]
Test on bun (ubuntu-latest)	Run Bun tests	2026-07-30T06:32:20.8935588Z 
Test on bun (ubuntu-latest)	Run Bun tests	2026-07-30T06:32:20.8936157Z ##[group]tests/module-specifier.test.mjs:
Test on bun (ubuntu-latest)	Run Bun tests	2026-07-30T06:32:20.8948675Z (pass) [mjs module] parseModuleSpecifier > [mjs module] parses package with name and version [0.06ms]
Test on bun (ubuntu-latest)	Run Bun tests	2026-07-30T06:32:20.8950273Z (pass) [mjs module] parseModuleSpecifier > [mjs module] parses scoped package with name and version [0.05ms]
Test on bun (ubuntu-latest)	Run Bun tests	2026-07-30T06:32:20.8951897Z (pass) [mjs module] parseModuleSpecifier > [mjs module] parses package with name, version, and inner path [0.04ms]
Test on bun (ubuntu-latest)	Run Bun tests	2026-07-30T06:32:20.8953856Z (pass) [mjs module] parseModuleSpecifier > [mjs module] parses package with name, version, and inner path with latest [0.04ms]
Test on bun (ubuntu-latest)	Run Bun tests	2026-07-30T06:32:20.8955712Z (pass) [mjs module] parseModuleSpecifier > [mjs module] parses scoped package with name, version, and inner path [0.03ms]
Test on bun (ubuntu-latest)	Run Bun tests	2026-07-30T06:32:20.8957303Z (pass) [mjs module] parseModuleSpecifier > [mjs module] parses package with name only [0.05ms]
Test on bun (ubuntu-latest)	Run Bun tests	2026-07-30T06:32:20.8958601Z (pass) [mjs module] parseModuleSpecifier > [mjs module] parses scoped package with name only [0.04ms]
Test on bun (ubuntu-latest)	Run Bun tests	2026-07-30T06:32:20.8959579Z (pass) [mjs module] parseModuleSpecifier > [mjs module] parses yargs@17.7.2/helpers [0.04ms]
Test on bun (ubuntu-latest)	Run Bun tests	2026-07-30T06:32:20.8960458Z (pass) [mjs module] parseModuleSpecifier > [mjs module] parses yargs@latest/helpers [0.03ms]
Test on bun (ubuntu-latest)	Run Bun tests	2026-07-30T06:32:20.8961309Z (pass) [mjs module] parseModuleSpecifier > [mjs module] parses yargs/helpers [0.03ms]
Test on bun (ubuntu-latest)	Run Bun tests	2026-07-30T06:32:20.8962244Z (pass) [mjs module] parseModuleSpecifier > [mjs module] throws error for invalid package identifier [0.06ms]
Test on bun (ubuntu-latest)	Run Bun tests	2026-07-30T06:32:20.8962762Z 
Test on bun (ubuntu-latest)	Run Bun tests	2026-07-30T06:32:20.8963412Z ##[endgroup]
Test on bun (ubuntu-latest)	Run Bun tests	2026-07-30T06:32:20.8963636Z 
Test on bun (ubuntu-latest)	Run Bun tests	2026-07-30T06:32:20.8964143Z ##[group]tests/builtin-errors.test.cjs:
Test on bun (ubuntu-latest)	Run Bun tests	2026-07-30T06:32:20.8965563Z (pass) [cjs module] Built-in module error handling > [cjs module] should return null for non-builtin modules from builtin resolver [0.10ms]
Test on bun (ubuntu-latest)	Run Bun tests	2026-07-30T06:32:20.8967477Z (pass) [cjs module] Built-in module error handling > [cjs module] should throw error for unsupported builtin modules [0.16ms]
Test on bun (ubuntu-latest)	Run Bun tests	2026-07-30T06:32:20.8969439Z (pass) [cjs module] Built-in module error handling > [cjs module] should handle modules not available in browser environment [0.24ms]
Test on bun (ubuntu-latest)	Run Bun tests	2026-07-30T06:32:20.9302556Z (pass) [cjs module] Built-in module error handling > [cjs module] should only work with exact lowercase module names [33.15ms]
Test on bun (ubuntu-latest)	Run Bun tests	2026-07-30T06:32:20.9319450Z (pass) [cjs module] Built-in module error handling > [cjs module] should handle node: prefix removal correctly [1.93ms]
Test on bun (ubuntu-latest)	Run Bun tests	2026-07-30T06:32:20.9321092Z (pass) [cjs module] Built-in module error handling > [cjs module] should throw meaningful errors for import failures [0.17ms]
Test on bun (ubuntu-latest)	Run Bun tests	2026-07-30T06:32:20.9323050Z (pass) [cjs module] Built-in module error handling > [cjs module] builtin resolver should handle empty/invalid module specifiers gracefully [0.13ms]
Test on bun (ubuntu-latest)	Run Bun tests	2026-07-30T06:32:20.9325549Z (pass) [cjs module] Built-in module error handling > [cjs module] should handle modules with special characters in names [0.11ms]
Test on bun (ubuntu-latest)	Run Bun tests	2026-07-30T06:32:20.9326437Z 
Test on bun (ubuntu-latest)	Run Bun tests	2026-07-30T06:32:20.9328364Z ##[endgroup]
Test on bun (ubuntu-latest)	Run Bun tests	2026-07-30T06:32:20.9328564Z 
Test on bun (ubuntu-latest)	Run Bun tests	2026-07-30T06:32:20.9328979Z ##[group]tests/module-specifier.test.cjs:
Test on bun (ubuntu-latest)	Run Bun tests	2026-07-30T06:32:20.9352781Z (pass) [cjs module] parseModuleSpecifier > [cjs module] parses package with name and version [0.04ms]
Test on bun (ubuntu-latest)	Run Bun tests	2026-07-30T06:32:20.9354218Z (pass) [cjs module] parseModuleSpecifier > [cjs module] parses scoped package with name and version [0.04ms]
Test on bun (ubuntu-latest)	Run Bun tests	2026-07-30T06:32:20.9355627Z (pass) [cjs module] parseModuleSpecifier > [cjs module] parses package with name, version, and inner path [0.03ms]
Test on bun (ubuntu-latest)	Run Bun tests	2026-07-30T06:32:20.9357001Z (pass) [cjs module] parseModuleSpecifier > [cjs module] parses package with name, version, and inner path with latest [0.02ms]
Test on bun (ubuntu-latest)	Run Bun tests	2026-07-30T06:32:20.9357975Z (pass) [cjs module] parseModuleSpecifier > [cjs module] parses scoped package with name, version, and inner path [0.02ms]
Test on bun (ubuntu-latest)	Run Bun tests	2026-07-30T06:32:20.9358850Z (pass) [cjs module] parseModuleSpecifier > [cjs module] parses package with name only [0.01ms]
Test on bun (ubuntu-latest)	Run Bun tests	2026-07-30T06:32:20.9359651Z (pass) [cjs module] parseModuleSpecifier > [cjs module] parses scoped package with name only [0.01ms]
Test on bun (ubuntu-latest)	Run Bun tests	2026-07-30T06:32:20.9360984Z (pass) [cjs module] parseModuleSpecifier > [cjs module] parses yargs@17.7.2/helpers [0.01ms]
Test on bun (ubuntu-latest)	Run Bun tests	2026-07-30T06:32:20.9361979Z (pass) [cjs module] parseModuleSpecifier > [cjs module] parses yargs@latest/helpers [0.01ms]
Test on bun (ubuntu-latest)	Run Bun tests	2026-07-30T06:32:20.9362939Z (pass) [cjs module] parseModuleSpecifier > [cjs module] parses yargs/helpers [0.01ms]
Test on bun (ubuntu-latest)	Run Bun tests	2026-07-30T06:32:20.9364410Z (pass) [cjs module] parseModuleSpecifier > [cjs module] throws error for invalid package identifier [0.04ms]
Test on bun (ubuntu-latest)	Run Bun tests	2026-07-30T06:32:20.9365149Z 
Test on bun (ubuntu-latest)	Run Bun tests	2026-07-30T06:32:20.9365604Z ##[endgroup]
Test on bun (ubuntu-latest)	Run Bun tests	2026-07-30T06:32:20.9365810Z 
Test on bun (ubuntu-latest)	Run Bun tests	2026-07-30T06:32:20.9366239Z ##[group]tests/builtin-browser.test.mjs:
Test on bun (ubuntu-latest)	Run Bun tests	2026-07-30T06:32:24.1888263Z (pass) [mjs module] Universal built-in modules in browser > [mjs module] console module should work in browser [1.21ms]
Test on bun (ubuntu-latest)	Run Bun tests	2026-07-30T06:32:24.1895777Z (pass) [mjs module] Universal built-in modules in browser > [mjs module] crypto module should work in browser [0.77ms]
Test on bun (ubuntu-latest)	Run Bun tests	2026-07-30T06:32:24.1901444Z (pass) [mjs module] Universal built-in modules in browser > [mjs module] url module should work in browser [0.56ms]
Test on bun (ubuntu-latest)	Run Bun tests	2026-07-30T06:32:24.1907766Z (pass) [mjs module] Universal built-in modules in browser > [mjs module] performance module should work in browser [0.61ms]
Test on bun (ubuntu-latest)	Run Bun tests	2026-07-30T06:32:24.1913687Z (pass) [mjs module] Universal built-in modules in browser > [mjs module] fs module should fail in browser with correct error [0.55ms]
Test on bun (ubuntu-latest)	Run Bun tests	2026-07-30T06:32:24.1919758Z (pass) [mjs module] Universal built-in modules in browser > [mjs module] node: prefix should work with universal modules [0.62ms]
Test on bun (ubuntu-latest)	Run Bun tests	2026-07-30T06:32:24.1925914Z (pass) [mjs module] Universal built-in modules in browser > [mjs module] uppercase module names should fail (strict lowercase only) [0.60ms]
Test on bun (ubuntu-latest)	Run Bun tests	2026-07-30T06:32:24.1931624Z (pass) [mjs module] Universal built-in modules in browser > [mjs module] all browser tests should pass [0.58ms]
Test on bun (ubuntu-latest)	Run Bun tests	2026-07-30T06:32:24.2665455Z 
Test on bun (ubuntu-latest)	Run Bun tests	2026-07-30T06:32:24.2666419Z ##[endgroup]
Test on bun (ubuntu-latest)	Run Bun tests	2026-07-30T06:32:24.2666571Z 
Test on bun (ubuntu-latest)	Run Bun tests	2026-07-30T06:32:24.2666847Z ##[group]tests/root-entries.test.mjs:
Test on bun (ubuntu-latest)	Run Bun tests	2026-07-30T06:32:24.2797067Z (pass) [mjs module] root entry mirrors > [mjs module] mirrors exactly src/use.js, src/use.cjs and src/use.mjs [0.04ms]
Test on bun (ubuntu-latest)	Run Bun tests	2026-07-30T06:32:24.2798900Z (pass) [mjs module] root entry mirrors > [mjs module] use.js exists at the package root [0.06ms]
Test on bun (ubuntu-latest)	Run Bun tests	2026-07-30T06:32:24.2802644Z (pass) [mjs module] root entry mirrors > [mjs module] root use.js is in sync with src/use.js [0.53ms]
Test on bun (ubuntu-latest)	Run Bun tests	2026-07-30T06:32:24.2807244Z (pass) [mjs module] root entry mirrors > [mjs module] root use.js contains the full src/use.js body [0.46ms]
Test on bun (ubuntu-latest)	Run Bun tests	2026-07-30T06:32:24.2808575Z (pass) [mjs module] root entry mirrors > [mjs module] use.cjs exists at the package root [0.01ms]
Test on bun (ubuntu-latest)	Run Bun tests	2026-07-30T06:32:24.2810161Z (pass) [mjs module] root entry mirrors > [mjs module] root use.cjs is in sync with src/use.cjs [0.21ms]
Test on bun (ubuntu-latest)	Run Bun tests	2026-07-30T06:32:24.2811833Z (pass) [mjs module] root entry mirrors > [mjs module] root use.cjs contains the full src/use.cjs body [0.22ms]
Test on bun (ubuntu-latest)	Run Bun tests	2026-07-30T06:32:24.2813078Z (pass) [mjs module] root entry mirrors > [mjs module] use.mjs exists at the package root [0.01ms]
Test on bun (ubuntu-latest)	Run Bun tests	2026-07-30T06:32:24.2814742Z (pass) [mjs module] root entry mirrors > [mjs module] root use.mjs is in sync with src/use.mjs [0.27ms]
Test on bun (ubuntu-latest)	Run Bun tests	2026-07-30T06:32:24.2816830Z (pass) [mjs module] root entry mirrors > [mjs module] root use.mjs contains the full src/use.mjs body [0.20ms]
Test on bun (ubuntu-latest)	Run Bun tests	2026-07-30T06:32:24.2829490Z (pass) [mjs module] root entry mirrors > [mjs module] root use.js eval()s to a working use function [1.23ms]
Test on bun (ubuntu-latest)	Run Bun tests	2026-07-30T06:32:24.2832254Z (pass) [mjs module] root entry mirrors > [mjs module] the 404 "Not found" body is not a valid module body [0.27ms]
Test on bun (ubuntu-latest)	Run Bun tests	2026-07-30T06:32:24.2859357Z (pass) [mjs module] root entry mirrors > [mjs module] root use.mjs imports to a working use function [2.69ms]
Test on bun (ubuntu-latest)	Run Bun tests	2026-07-30T06:32:24.2862405Z (pass) [mjs module] root entry mirrors > [mjs module] package.json ships the root mirrors and keeps src canonical [0.29ms]
Test on bun (ubuntu-latest)	Run Bun tests	2026-07-30T06:32:24.2863034Z 
Test on bun (ubuntu-latest)	Run Bun tests	2026-07-30T06:32:24.2863561Z ##[endgroup]
Test on bun (ubuntu-latest)	Run Bun tests	2026-07-30T06:32:24.2863697Z 
Test on bun (ubuntu-latest)	Run Bun tests	2026-07-30T06:32:24.2864056Z ##[group]tests/builtin-universal.test.mjs:
Test on bun (ubuntu-latest)	Run Bun tests	2026-07-30T06:32:24.2881835Z (pass) [mjs module] Universal built-in modules (work in all environments) > [mjs module] console module should work [0.95ms]
Test on bun (ubuntu-latest)	Run Bun tests	2026-07-30T06:32:24.2884798Z (pass) [mjs module] Universal built-in modules (work in all environments) > [mjs module] crypto module should work [0.29ms]
Test on bun (ubuntu-latest)	Run Bun tests	2026-07-30T06:32:24.2886885Z (pass) [mjs module] Universal built-in modules (work in all environments) > [mjs module] url module should work [0.21ms]
Test on bun (ubuntu-latest)	Run Bun tests	2026-07-30T06:32:24.2892253Z (pass) [mjs module] Universal built-in modules (work in all environments) > [mjs module] performance module should work [0.51ms]
Test on bun (ubuntu-latest)	Run Bun tests	2026-07-30T06:32:24.2894194Z (pass) [mjs module] Universal built-in modules (work in all environments) > [mjs module] modules should work with node: prefix [0.15ms]
Test on bun (ubuntu-latest)	Run Bun tests	2026-07-30T06:32:24.2894835Z 
Test on bun (ubuntu-latest)	Run Bun tests	2026-07-30T06:32:24.2895141Z ##[endgroup]
Test on bun (ubuntu-latest)	Run Bun tests	2026-07-30T06:32:24.2895283Z 
Test on bun (ubuntu-latest)	Run Bun tests	2026-07-30T06:32:24.2895540Z ##[group]tests/use.test.mjs:
Test on bun (ubuntu-latest)	Run Bun tests	2026-07-30T06:32:24.4229215Z (pass) [mjs module] 'use' import strategies > [mjs module] Direct ESM Import lodash@4.17.21 [132.44ms]
Test on bun (ubuntu-latest)	Run Bun tests	2026-07-30T06:32:24.4286693Z (pass) [mjs module] 'use' import strategies > [mjs module] Dynamic ESM Import of CSJ [5.26ms]
Test on bun (ubuntu-latest)	Run Bun tests	2026-07-30T06:32:24.4328148Z (pass) [mjs module] 'use' import strategies > [mjs module] Dynamic ESM Import of MJS [4.63ms]
Test on bun (ubuntu-latest)	Run Bun tests	2026-07-30T06:32:24.4329480Z (pass) [mjs module] 'use' import strategies > [mjs module] Universal (then style) [0.03ms]
Test on bun (ubuntu-latest)	Run Bun tests	2026-07-30T06:32:24.4330759Z (pass) [mjs module] 'use' import strategies > [mjs module] Universal (then style, use inside) [0.02ms]
Test on bun (ubuntu-latest)	Run Bun tests	2026-07-30T06:32:24.4332071Z (pass) [mjs module] 'use' import strategies > [mjs module] Universal (eval style) [0.01ms]
Test on bun (ubuntu-latest)	Run Bun tests	2026-07-30T06:32:24.4333527Z (pass) [mjs module] 'use' import strategies > [mjs module] Universal (single then style) [0.01ms]
Test on bun (ubuntu-latest)	Run Bun tests	2026-07-30T06:32:24.5094314Z (pass) [mjs module] 'use' import strategies > [mjs module] use.all with require [76.34ms]
Test on bun (ubuntu-latest)	Run Bun tests	2026-07-30T06:32:24.5180415Z (pass) [mjs module] 'use' import strategies > [mjs module] use.all [8.63ms]
Test on bun (ubuntu-latest)	Run Bun tests	2026-07-30T06:32:24.5182163Z (pass) [mjs module] 'use' import strategies > [mjs module] use.all (script) [0.08ms]
Test on bun (ubuntu-latest)	Run Bun tests	2026-07-30T06:32:24.5184254Z (pass) [mjs module] 'use' import strategies > [mjs module] Universal (script) @octokit/core@6.1.5 [0.02ms]
Test on bun (ubuntu-latest)	Run Bun tests	2026-07-30T06:32:24.5186293Z (pass) [mjs module] 'use' import strategies > [mjs module] Universal (script) @octokit/core@5 [0.01ms]
Test on bun (ubuntu-latest)	Run Bun tests	2026-07-30T06:32:24.5188093Z (pass) [mjs module] 'use' import strategies > [mjs module] Universal (script) @octokit/core (latest) [0.01ms]
Test on bun (ubuntu-latest)	Run Bun tests	2026-07-30T06:32:24.6684960Z (pass) [mjs module] 'use' import strategies > [mjs module] @octokit/core (latest) [150.34ms]
Test on bun (ubuntu-latest)	Run Bun tests	2026-07-30T06:32:24.6685750Z 
Test on bun (ubuntu-latest)	Run Bun tests	2026-07-30T06:32:24.6686119Z ##[endgroup]
Test on bun (ubuntu-latest)	Run Bun tests	2026-07-30T06:32:24.6686267Z 
Test on bun (ubuntu-latest)	Run Bun tests	2026-07-30T06:32:24.6686558Z ##[group]tests/typescript.test.mjs:
Test on bun (ubuntu-latest)	Run Bun tests	2026-07-30T06:32:25.1588951Z (pass) [mjs module] typescript > [mjs module] use typescript [488.87ms]
Test on bun (ubuntu-latest)	Run Bun tests	2026-07-30T06:32:25.1589675Z 
Test on bun (ubuntu-latest)	Run Bun tests	2026-07-30T06:32:25.1590022Z ##[endgroup]
Test on bun (ubuntu-latest)	Run Bun tests	2026-07-30T06:32:25.1590151Z 
Test on bun (ubuntu-latest)	Run Bun tests	2026-07-30T06:32:25.1590397Z ##[group]tests/load.test.cjs:
Test on bun (ubuntu-latest)	Run Bun tests	2026-07-30T06:32:25.1623827Z (pass) [cjs module] looksLikeUseModule > [cjs module] accepts the real shipped use.js [0.24ms]
Test on bun (ubuntu-latest)	Run Bun tests	2026-07-30T06:32:25.1625055Z (pass) [cjs module] looksLikeUseModule > [cjs module] accepts a long module-like body [0.03ms]
Test on bun (ubuntu-latest)	Run Bun tests	2026-07-30T06:32:25.1626084Z (pass) [cjs module] looksLikeUseModule > [cjs module] rejects common CDN plain-text error bodies [0.12ms]
Test on bun (ubuntu-latest)	Run Bun tests	2026-07-30T06:32:25.1626925Z (pass) [cjs module] looksLikeUseModule > [cjs module] rejects HTML error pages [0.03ms]
Test on bun (ubuntu-latest)	Run Bun tests	2026-07-30T06:32:25.1627864Z (pass) [cjs module] looksLikeUseModule > [cjs module] rejects empty, whitespace, short, and non-string input [0.05ms]
Test on bun (ubuntu-latest)	Run Bun tests	2026-07-30T06:32:25.1628848Z (pass) [cjs module] DEFAULT_SOURCES > [cjs module] lists unpkg, jsDelivr and esm.sh in priority order [0.03ms]
Test on bun (ubuntu-latest)	Run Bun tests	2026-07-30T06:32:25.1635252Z (pass) [cjs module] loadUseM > [cjs module] resolves the use object from the first working source [0.90ms]
Test on bun (ubuntu-latest)	Run Bun tests	2026-07-30T06:32:25.1648152Z (pass) [cjs module] loadUseM > [cjs module] evaluates the real shipped use.js into a working module [1.27ms]
Test on bun (ubuntu-latest)	Run Bun tests	2026-07-30T06:32:25.1651795Z (pass) [cjs module] loadUseM > [cjs module] falls back to a later mirror when earlier ones fail [0.30ms]
Test on bun (ubuntu-latest)	Run Bun tests	2026-07-30T06:32:25.1654458Z (pass) [cjs module] loadUseM > [cjs module] retries a flaky source before succeeding [0.31ms]
Test on bun (ubuntu-latest)	Run Bun tests	2026-07-30T06:32:25.1659605Z (pass) [cjs module] loadUseM > [cjs module] throws a clear aggregated error (not SyntaxError) when every source fails [0.48ms]
Test on bun (ubuntu-latest)	Run Bun tests	2026-07-30T06:32:25.1661341Z (pass) [cjs module] loadUseM > [cjs module] surfaces the HTTP status for non-ok responses [0.18ms]
Test on bun (ubuntu-latest)	Run Bun tests	2026-07-30T06:32:25.1664200Z (pass) [cjs module] loadUseM > [cjs module] rejects when the evaluated module lacks a use function [0.24ms]
Test on bun (ubuntu-latest)	Run Bun tests	2026-07-30T06:32:25.1667479Z (pass) [cjs module] loadUseM > [cjs module] does not let eval errors from a malformed body escape [0.34ms]
Test on bun (ubuntu-latest)	Run Bun tests	2026-07-30T06:32:25.1669227Z (pass) [cjs module] loadUseM > [cjs module] reports a clear error when fetch is unavailable [0.17ms]
Test on bun (ubuntu-latest)	Run Bun tests	2026-07-30T06:32:25.1671664Z (pass) [cjs module] loadUseM > [cjs module] honors a custom evaluate hook [0.25ms]
Test on bun (ubuntu-latest)	Run Bun tests	2026-07-30T06:32:25.2188549Z (pass) [cjs module] loadUseM > [cjs module] times out a hanging request and reports it [51.50ms]
Test on bun (ubuntu-latest)	Run Bun tests	2026-07-30T06:32:25.2189479Z 
Test on bun (ubuntu-latest)	Run Bun tests	2026-07-30T06:32:25.2190101Z ##[endgroup]
Test on bun (ubuntu-latest)	Run Bun tests	2026-07-30T06:32:25.2190338Z 
Test on bun (ubuntu-latest)	Run Bun tests	2026-07-30T06:32:25.2190935Z ##[group]tests/relative-paths.test.cjs:
Test on bun (ubuntu-latest)	Run Bun tests	2026-07-30T06:32:25.2208549Z (pass) Relative Path Resolution (CommonJS) > should import JS file from same directory using ./ [0.51ms]
Test on bun (ubuntu-latest)	Run Bun tests	2026-07-30T06:32:25.2210745Z (pass) Relative Path Resolution (CommonJS) > should import JSON file from same directory using ./ [0.27ms]
Test on bun (ubuntu-latest)	Run Bun tests	2026-07-30T06:32:25.2212504Z (pass) Relative Path Resolution (CommonJS) > should import JS file from parent directory using ../ [0.16ms]
Test on bun (ubuntu-latest)	Run Bun tests	2026-07-30T06:32:25.2216629Z (pass) Relative Path Resolution (CommonJS) > should import from subdirectory using ./subfolder/ [0.36ms]
Test on bun (ubuntu-latest)	Run Bun tests	2026-07-30T06:32:25.2218222Z (pass) Relative Path Resolution (CommonJS) > should import JSON from subdirectory [0.21ms]
Test on bun (ubuntu-latest)	Run Bun tests	2026-07-30T06:32:25.2221114Z (pass) Relative Path Resolution (CommonJS) > should handle complex relative paths (../) [0.26ms]
Test on bun (ubuntu-latest)	Run Bun tests	2026-07-30T06:32:25.2284978Z (pass) Relative Path Resolution (CommonJS) > should work with mixed relative and npm imports [6.24ms]
Test on bun (ubuntu-latest)	Run Bun tests	2026-07-30T06:32:25.2289229Z (pass) Relative Path Resolution (CommonJS) > should maintain correct context for nested relative imports [0.50ms]
Test on bun (ubuntu-latest)	Run Bun tests	2026-07-30T06:32:25.2290020Z 
Test on bun (ubuntu-latest)	Run Bun tests	2026-07-30T06:32:25.2290545Z ##[endgroup]
Test on bun (ubuntu-latest)	Run Bun tests	2026-07-30T06:32:25.2290751Z 
Test on bun (ubuntu-latest)	Run Bun tests	2026-07-30T06:32:25.2291781Z ##[group]tests/script-sync.test.mjs:
Test on bun (ubuntu-latest)	Run Bun tests	2026-07-30T06:32:25.2317136Z (pass) [mjs module] distributed script synchronization > [mjs module] npm recovery stays synchronized across mjs, cjs, and universal builds [0.79ms]
Test on bun (ubuntu-latest)	Run Bun tests	2026-07-30T06:32:25.2317903Z 
Test on bun (ubuntu-latest)	Run Bun tests	2026-07-30T06:32:25.2318205Z ##[endgroup]
Test on bun (ubuntu-latest)	Run Bun tests	2026-07-30T06:32:25.2319056Z 
Test on bun (ubuntu-latest)	Run Bun tests	2026-07-30T06:32:25.2319352Z ##[group]tests/deno-support.test.mjs:
Test on bun (ubuntu-latest)	Run Bun tests	2026-07-30T06:32:25.2329845Z (pass) [mjs module] Deno support > [mjs module] Deno resolver should resolve npm packages to esm.sh [0.11ms]
Test on bun (ubuntu-latest)	Run Bun tests	2026-07-30T06:32:25.2331182Z (pass) [mjs module] Deno support > [mjs module] Deno resolver should handle scoped packages [0.09ms]
Test on bun (ubuntu-latest)	Run Bun tests	2026-07-30T06:32:25.2332186Z (pass) [mjs module] Deno support > [mjs module] Deno resolver should handle module paths [0.08ms]
Test on bun (ubuntu-latest)	Run Bun tests	2026-07-30T06:32:25.2333221Z (pass) [mjs module] Deno support > [mjs module] Deno resolver should handle latest version [0.07ms]
Test on bun (ubuntu-latest)	Run Bun tests	2026-07-30T06:32:25.2335127Z (pass) [mjs module] Deno support > [mjs module] makeUse should detect Deno runtime when Deno global is present [0.27ms]
Test on bun (ubuntu-latest)	Run Bun tests	2026-07-30T06:32:25.2336276Z (pass) [mjs module] Deno support > [mjs module] Deno resolver should work with complex package names [0.09ms]
Test on bun (ubuntu-latest)	Run Bun tests	2026-07-30T06:32:25.2337327Z (pass) [mjs module] Deno support > [mjs module] Deno resolver should handle packages without versions [0.08ms]
Test on bun (ubuntu-latest)	Run Bun tests	2026-07-30T06:32:25.2338467Z (pass) [mjs module] Deno support > [mjs module] makeUse with explicit deno resolver [0.12ms]
Test on bun (ubuntu-latest)	Run Bun tests	2026-07-30T06:32:25.2338824Z 
Test on bun (ubuntu-latest)	Run Bun tests	2026-07-30T06:32:25.2339252Z ##[endgroup]
Test on bun (ubuntu-latest)	Run Bun tests	2026-07-30T06:32:25.2339379Z 
Test on bun (ubuntu-latest)	Run Bun tests	2026-07-30T06:32:25.2339636Z ##[group]tests/command-stream.test.mjs:
Test on bun (ubuntu-latest)	Run Bun tests	2026-07-30T06:32:25.2492377Z (pass) [mjs module] command-stream module import > [mjs module] Direct ESM Import [12.92ms]
Test on bun (ubuntu-latest)	Run Bun tests	2026-07-30T06:32:25.2606841Z (pass) [mjs module] command-stream module import > [mjs module] Dynamic ESM Import of CJS [12.08ms]
Test on bun (ubuntu-latest)	Run Bun tests	2026-07-30T06:32:25.2744216Z (pass) [mjs module] command-stream module import > [mjs module] Dynamic ESM Import of MJS [13.14ms]
Test on bun (ubuntu-latest)	Run Bun tests	2026-07-30T06:32:25.2745085Z 
Test on bun (ubuntu-latest)	Run Bun tests	2026-07-30T06:32:25.2745603Z ##[endgroup]
Test on bun (ubuntu-latest)	Run Bun tests	2026-07-30T06:32:25.2745796Z 
Test on bun (ubuntu-latest)	Run Bun tests	2026-07-30T06:32:25.2746227Z ##[group]tests/fs-promises.test.mjs:
Test on bun (ubuntu-latest)	Run Bun tests	2026-07-30T06:32:25.2774234Z (pass) mjs module fs/promises support > mjs module fs/promises should return promise-based functions [1.15ms]
Test on bun (ubuntu-latest)	Run Bun tests	2026-07-30T06:32:25.2792873Z (pass) mjs module fs/promises support > mjs module fs/promises should work functionally [1.90ms]
Test on bun (ubuntu-latest)	Run Bun tests	2026-07-30T06:32:25.2802253Z (pass) mjs module fs/promises support > mjs module fs/promises should differ from regular fs [0.76ms]
Test on bun (ubuntu-latest)	Run Bun tests	2026-07-30T06:32:25.2802724Z 
Test on bun (ubuntu-latest)	Run Bun tests	2026-07-30T06:32:25.2803475Z ##[endgroup]
Test on bun (ubuntu-latest)	Run Bun tests	2026-07-30T06:32:25.2803678Z 
Test on bun (ubuntu-latest)	Run Bun tests	2026-07-30T06:32:25.2804086Z ##[group]tests/typescript.test.cjs:
Test on bun (ubuntu-latest)	Run Bun tests	2026-07-30T06:32:25.2948658Z (pass) [cjs module] typescript > [cjs module] use typescript [13.18ms]
Test on bun (ubuntu-latest)	Run Bun tests	2026-07-30T06:32:25.2949640Z 
Test on bun (ubuntu-latest)	Run Bun tests	2026-07-30T06:32:25.2950387Z ##[endgroup]
Test on bun (ubuntu-latest)	Run Bun tests	2026-07-30T06:32:25.2950617Z 
Test on bun (ubuntu-latest)	Run Bun tests	2026-07-30T06:32:25.2951107Z ##[group]tests/network-imports.test.cjs:
Test on bun (ubuntu-latest)	Run Bun tests	2026-07-30T06:32:25.5028752Z (pass) [cjs module] imports using --experimental-network-imports > [cjs module] Import using --experimental-network-imports for CJS file [206.05ms]
Test on bun (ubuntu-latest)	Run Bun tests	2026-07-30T06:32:25.6857849Z (pass) [cjs module] imports using --experimental-network-imports > [cjs module] Import using --experimental-network-imports for MJS file [182.90ms]
Test on bun (ubuntu-latest)	Run Bun tests	2026-07-30T06:32:25.6859055Z 
Test on bun (ubuntu-latest)	Run Bun tests	2026-07-30T06:32:25.6859616Z ##[endgroup]
Test on bun (ubuntu-latest)	Run Bun tests	2026-07-30T06:32:25.6859823Z 
Test on bun (ubuntu-latest)	Run Bun tests	2026-07-30T06:32:25.6860408Z ##[group]tests/use.test.cjs:
Test on bun (ubuntu-latest)	Run Bun tests	2026-07-30T06:32:25.6929062Z (pass) [cjs module] 'use' import strategies > [cjs module] Direct CJS Require [4.77ms]
Test on bun (ubuntu-latest)	Run Bun tests	2026-07-30T06:32:25.6983806Z (pass) [cjs module] 'use' import strategies > [cjs module] Dynamic Import with await import() of CJS [5.76ms]
Test on bun (ubuntu-latest)	Run Bun tests	2026-07-30T06:32:25.7037264Z (pass) [cjs module] 'use' import strategies > [cjs module] Dynamic Import with await import() of MJS [5.32ms]
Test on bun (ubuntu-latest)	Run Bun tests	2026-07-30T06:32:25.7039063Z (pass) [cjs module] 'use' import strategies > [cjs module] Universal (then style) [0.06ms]
Test on bun (ubuntu-latest)	Run Bun tests	2026-07-30T06:32:25.7040585Z (pass) [cjs module] 'use' import strategies > [cjs module] Universal (then style, use inside) [0.02ms]
Test on bun (ubuntu-latest)	Run Bun tests	2026-07-30T06:32:25.7042534Z (pass) [cjs module] 'use' import strategies > [cjs module] Universal (eval style) [0.02ms]
Test on bun (ubuntu-latest)	Run Bun tests	2026-07-30T06:32:25.7044232Z (pass) [cjs module] 'use' import strategies > [cjs module] Universal (single then style) [0.02ms]
Test on bun (ubuntu-latest)	Run Bun tests	2026-07-30T06:32:25.7112836Z (pass) [cjs module] 'use' import strategies > [cjs module] use.all [7.46ms]
Test on bun (ubuntu-latest)	Run Bun tests	2026-07-30T06:32:25.7189056Z (pass) [cjs module] 'use' import strategies > [cjs module] use.all with dynamic import [7.58ms]
Test on bun (ubuntu-latest)	Run Bun tests	2026-07-30T06:32:25.7190403Z (pass) [cjs module] 'use' import strategies > [cjs module] use.all (script) [0.07ms]
Test on bun (ubuntu-latest)	Run Bun tests	2026-07-30T06:32:25.7191734Z (pass) [cjs module] 'use' import strategies > [cjs module] Universal (script) @octokit/core@6.1.5 [0.02ms]
Test on bun (ubuntu-latest)	Run Bun tests	2026-07-30T06:32:25.7193393Z (pass) [cjs module] 'use' import strategies > [cjs module] Universal (script) @octokit/core@5 [0.01ms]
Test on bun (ubuntu-latest)	Run Bun tests	2026-07-30T06:32:25.7194771Z (pass) [cjs module] 'use' import strategies > [cjs module] Universal (script) @octokit/core (latest) [0.03ms]
Test on bun (ubuntu-latest)	Run Bun tests	2026-07-30T06:32:25.7542718Z (pass) [cjs module] 'use' import strategies > [cjs module] @octokit/core (latest) [35.22ms]
Test on bun (ubuntu-latest)	Run Bun tests	2026-07-30T06:32:25.7543854Z 
Test on bun (ubuntu-latest)	Run Bun tests	2026-07-30T06:32:25.7544801Z ##[endgroup]
Test on bun (ubuntu-latest)	Run Bun tests	2026-07-30T06:32:25.7545279Z 
Test on bun (ubuntu-latest)	Run Bun tests	2026-07-30T06:32:25.7545947Z ##[group]tests/resolvers.test.mjs:
Test on bun (ubuntu-latest)	Run Bun tests	2026-07-30T06:32:25.8682896Z (pass) [mjs module] resolvers tests > [mjs module] npm resolver resolves package path [110.44ms]
Test on bun (ubuntu-latest)	Run Bun tests	2026-07-30T06:32:26.8606915Z (pass) [mjs module] resolvers tests > [mjs module] npm resolver resolves scoped package path for @octokit/core@6.1.5 [992.87ms]
Test on bun (ubuntu-latest)	Run Bun tests	2026-07-30T06:32:29.4418811Z (pass) [mjs module] resolvers tests > [mjs module] npm resolver resolves package path with version [2581.28ms]
Test on bun (ubuntu-latest)	Run Bun tests	2026-07-30T06:32:30.1796624Z (pass) [mjs module] resolvers tests > [mjs module] npm resolver resolves yargs/helpers [737.76ms]
Test on bun (ubuntu-latest)	Run Bun tests	2026-07-30T06:32:30.8429795Z (pass) [mjs module] resolvers tests > [mjs module] npm resolver resolves yargs@18.0.0/helpers [663.27ms]
Test on bun (ubuntu-latest)	Run Bun tests	2026-07-30T06:32:31.2946446Z (pass) [mjs module] resolvers tests > [mjs module] npm resolver resolves yargs@latest/helpers [451.68ms]
Test on bun (ubuntu-latest)	Run Bun tests	2026-07-30T06:32:31.2948388Z (pass) [mjs module] resolvers tests > [mjs module] skypack resolver resolves URL [0.28ms]
Test on bun (ubuntu-latest)	Run Bun tests	2026-07-30T06:32:31.2949315Z (pass) [mjs module] resolvers tests > [mjs module] skypack resolver resolves subpath [0.10ms]
Test on bun (ubuntu-latest)	Run Bun tests	2026-07-30T06:32:31.2951467Z (pass) [mjs module] resolvers tests > [mjs module] jsdelivr resolver resolves URL [0.18ms]
Test on bun (ubuntu-latest)	Run Bun tests	2026-07-30T06:32:31.2952317Z (pass) [mjs module] resolvers tests > [mjs module] jsdelivr resolver resolves subpath [0.09ms]
Test on bun (ubuntu-latest)	Run Bun tests	2026-07-30T06:32:31.2954232Z (pass) [mjs module] resolvers tests > [mjs module] unpkg resolver resolves URL [0.17ms]
Test on bun (ubuntu-latest)	Run Bun tests	2026-07-30T06:32:31.2955494Z (pass) [mjs module] resolvers tests > [mjs module] unpkg resolver resolves subpath [0.09ms]
Test on bun (ubuntu-latest)	Run Bun tests	2026-07-30T06:32:31.2956844Z (pass) [mjs module] resolvers tests > [mjs module] esm resolver resolves URL [0.11ms]
Test on bun (ubuntu-latest)	Run Bun tests	2026-07-30T06:32:31.2958181Z (pass) [mjs module] resolvers tests > [mjs module] esm resolver resolves subpath [0.08ms]
Test on bun (ubuntu-latest)	Run Bun tests	2026-07-30T06:32:31.2959563Z (pass) [mjs module] resolvers tests > [mjs module] jspm resolver resolves URL [0.13ms]
Test on bun (ubuntu-latest)	Run Bun tests	2026-07-30T06:32:31.2960784Z (pass) [mjs module] resolvers tests > [mjs module] jspm resolver resolves subpath [0.09ms]
Test on bun (ubuntu-latest)	Run Bun tests	2026-07-30T06:32:31.3011617Z (pass) [mjs module] resolvers tests > [mjs module] bun resolver resolves package path [5.04ms]
Test on bun (ubuntu-latest)	Run Bun tests	2026-07-30T06:32:31.3863970Z (pass) [mjs module] resolvers tests > [mjs module] bun resolver resolves scoped package path for @octokit/core@6.1.5 [85.17ms]
Test on bun (ubuntu-latest)	Run Bun tests	2026-07-30T06:32:31.5276836Z (pass) [mjs module] resolvers tests > [mjs module] bun resolver resolves yargs/helpers [141.35ms]
Test on bun (ubuntu-latest)	Run Bun tests	2026-07-30T06:32:31.6006696Z (pass) [mjs module] resolvers tests > [mjs module] bun resolver resolves yargs@latest/helpers [72.96ms]
Test on bun (ubuntu-latest)	Run Bun tests	2026-07-30T06:32:31.6007222Z 
Test on bun (ubuntu-latest)	Run Bun tests	2026-07-30T06:32:31.6007555Z ##[endgroup]
Test on bun (ubuntu-latest)	Run Bun tests	2026-07-30T06:32:31.6007685Z 
Test on bun (ubuntu-latest)	Run Bun tests	2026-07-30T06:32:31.6007984Z ##[group]tests/relative-paths.integration.test.mjs:
Test on bun (ubuntu-latest)	Run Bun tests	2026-07-30T06:32:31.6079541Z /home/runner/work/use-m/use-m/tests
Test on bun (ubuntu-latest)	Run Bun tests	2026-07-30T06:32:31.6471159Z Testing relative paths from tests directory...
Test on bun (ubuntu-latest)	Run Bun tests	2026-07-30T06:32:31.6471614Z 
Test on bun (ubuntu-latest)	Run Bun tests	2026-07-30T06:32:31.6471824Z 1. Testing ./browser-server/test-helper.js
Test on bun (ubuntu-latest)	Run Bun tests	2026-07-30T06:32:31.6472476Z    ✓ Message: Helper module loaded
Test on bun (ubuntu-latest)	Run Bun tests	2026-07-30T06:32:31.6473413Z 
Test on bun (ubuntu-latest)	Run Bun tests	2026-07-30T06:32:31.6473642Z 2. Testing ./browser-server/test-data.json
Test on bun (ubuntu-latest)	Run Bun tests	2026-07-30T06:32:31.6474003Z    ✓ Value: 123
Test on bun (ubuntu-latest)	Run Bun tests	2026-07-30T06:32:31.6474242Z    ✓ Test: data
Test on bun (ubuntu-latest)	Run Bun tests	2026-07-30T06:32:31.6474366Z 
Test on bun (ubuntu-latest)	Run Bun tests	2026-07-30T06:32:31.6474584Z 3. Testing ../src/use.mjs
Test on bun (ubuntu-latest)	Run Bun tests	2026-07-30T06:32:31.6474938Z    ✓ use function exists: true
Test on bun (ubuntu-latest)	Run Bun tests	2026-07-30T06:32:31.6475108Z 
Test on bun (ubuntu-latest)	Run Bun tests	2026-07-30T06:32:31.6475290Z 4. Testing ./browser-server/subfolder/nested.js
Test on bun (ubuntu-latest)	Run Bun tests	2026-07-30T06:32:31.6475673Z    ✓ Nested: true Level: subfolder
Test on bun (ubuntu-latest)	Run Bun tests	2026-07-30T06:32:31.6475854Z 
Test on bun (ubuntu-latest)	Run Bun tests	2026-07-30T06:32:31.6476075Z 5. Testing ./browser-server/subfolder/nested-data.json
Test on bun (ubuntu-latest)	Run Bun tests	2026-07-30T06:32:31.6476958Z    ✓ Level: nested Depth: 1
Test on bun (ubuntu-latest)	Run Bun tests	2026-07-30T06:32:31.6477249Z 
Test on bun (ubuntu-latest)	Run Bun tests	2026-07-30T06:32:31.6477444Z 6. Testing ../package.json
Test on bun (ubuntu-latest)	Run Bun tests	2026-07-30T06:32:31.6477907Z    ✓ Package name: use-m
Test on bun (ubuntu-latest)	Run Bun tests	2026-07-30T06:32:31.6478140Z 
Test on bun (ubuntu-latest)	Run Bun tests	2026-07-30T06:32:31.6478438Z ✅ All direct tests passed!
Test on bun (ubuntu-latest)	Run Bun tests	2026-07-30T06:32:31.6478766Z 
Test on bun (ubuntu-latest)	Run Bun tests	2026-07-30T06:32:31.6480348Z (pass) [mjs module] Relative Path Resolution (Integration) > [mjs module] relative paths should work when run directly with Node.js [39.47ms]
Test on bun (ubuntu-latest)	Run Bun tests	2026-07-30T06:32:31.6481689Z 
Test on bun (ubuntu-latest)	Run Bun tests	2026-07-30T06:32:31.6482296Z ##[endgroup]
Test on bun (ubuntu-latest)	Run Bun tests	2026-07-30T06:32:31.6482518Z 
Test on bun (ubuntu-latest)	Run Bun tests	2026-07-30T06:32:31.6482919Z ##[group]tests/esm-sh-polyfill-browser.test.mjs:
Test on bun (ubuntu-latest)	Run Bun tests	2026-07-30T06:32:40.8749980Z (pass) [mjs module] esm.sh browser polyfill handling > [mjs module] process and filename browser shims still use CDN resolver [0.99ms]
Test on bun (ubuntu-latest)	Run Bun tests	2026-07-30T06:32:41.0205202Z 
Test on bun (ubuntu-latest)	Run Bun tests	2026-07-30T06:32:41.0206417Z ##[endgroup]
Test on bun (ubuntu-latest)	Run Bun tests	2026-07-30T06:32:41.0209828Z 
Test on bun (ubuntu-latest)	Run Bun tests	2026-07-30T06:32:41.0210595Z ##[group]tests/network-imports.test.mjs:
Test on bun (ubuntu-latest)	Run Bun tests	2026-07-30T06:32:41.2200579Z (pass) [mjs module] imports using --experimental-network-imports > [mjs module] Import using --experimental-network-imports for CJS file [197.07ms]
Test on bun (ubuntu-latest)	Run Bun tests	2026-07-30T06:32:41.3824177Z (pass) [mjs module] imports using --experimental-network-imports > [mjs module] Import using --experimental-network-imports for MJS file [162.25ms]
Test on bun (ubuntu-latest)	Run Bun tests	2026-07-30T06:32:41.3825582Z 
Test on bun (ubuntu-latest)	Run Bun tests	2026-07-30T06:32:41.3826151Z ##[endgroup]
Test on bun (ubuntu-latest)	Run Bun tests	2026-07-30T06:32:41.3826442Z 
Test on bun (ubuntu-latest)	Run Bun tests	2026-07-30T06:32:41.3826990Z ##[group]tests/relative-paths-browser.test.mjs:
Test on bun (ubuntu-latest)	Run Bun tests	2026-07-30T06:32:43.0206930Z (pass) [mjs module] Relative path resolution in browser > [mjs module] ./ path for JS file in same directory should work [0.96ms]
Test on bun (ubuntu-latest)	Run Bun tests	2026-07-30T06:32:43.0211757Z (pass) [mjs module] Relative path resolution in browser > [mjs module] ./ path for JSON file in same directory should work [0.61ms]
Test on bun (ubuntu-latest)	Run Bun tests	2026-07-30T06:32:43.0217899Z (pass) [mjs module] Relative path resolution in browser > [mjs module] ../../ path for JS file in parent directory should work [0.60ms]
Test on bun (ubuntu-latest)	Run Bun tests	2026-07-30T06:32:43.0224638Z (pass) [mjs module] Relative path resolution in browser > [mjs module] ./subfolder/ path for nested JS file should work [0.66ms]
Test on bun (ubuntu-latest)	Run Bun tests	2026-07-30T06:32:43.0230505Z (pass) [mjs module] Relative path resolution in browser > [mjs module] ./subfolder/ path for nested JSON file should work [0.58ms]
Test on bun (ubuntu-latest)	Run Bun tests	2026-07-30T06:32:43.0236708Z (pass) [mjs module] Relative path resolution in browser > [mjs module] mixed relative and npm imports should work [0.61ms]
Test on bun (ubuntu-latest)	Run Bun tests	2026-07-30T06:32:43.0242754Z (pass) [mjs module] Relative path resolution in browser > [mjs module] all relative path browser tests should pass [0.60ms]
Test on bun (ubuntu-latest)	Run Bun tests	2026-07-30T06:32:43.1069630Z 
Test on bun (ubuntu-latest)	Run Bun tests	2026-07-30T06:32:43.1070796Z ##[endgroup]
Test on bun (ubuntu-latest)	Run Bun tests	2026-07-30T06:32:43.1071199Z 
Test on bun (ubuntu-latest)	Run Bun tests	2026-07-30T06:32:43.1071749Z ##[group]tests/fallback.test.mjs:
Test on bun (ubuntu-latest)	Run Bun tests	2026-07-30T06:32:43.1097777Z (pass) [mjs module] loadWithFallback (shared engine) > [mjs module] returns the first source's result without trying later ones [0.29ms]
Test on bun (ubuntu-latest)	Run Bun tests	2026-07-30T06:32:43.1099840Z (pass) [mjs module] loadWithFallback (shared engine) > [mjs module] falls back to a later source when earlier ones fail [0.27ms]
Test on bun (ubuntu-latest)	Run Bun tests	2026-07-30T06:32:43.1102243Z (pass) [mjs module] loadWithFallback (shared engine) > [mjs module] retries a flaky source before succeeding [0.22ms]
Test on bun (ubuntu-latest)	Run Bun tests	2026-07-30T06:32:43.1106429Z (pass) [mjs module] loadWithFallback (shared engine) > [mjs module] throws ONE aggregated error listing every attempt [0.40ms]
Test on bun (ubuntu-latest)	Run Bun tests	2026-07-30T06:32:43.1108210Z (pass) [mjs module] loadWithFallback (shared engine) > [mjs module] rejects empty or non-array sources [0.17ms]
Test on bun (ubuntu-latest)	Run Bun tests	2026-07-30T06:32:43.1110114Z (pass) [mjs module] loadWithFallback (shared engine) > [mjs module] rejects a missing load function [0.08ms]
Test on bun (ubuntu-latest)	Run Bun tests	2026-07-30T06:32:43.1114730Z (pass) [mjs module] makeUse per-package CDN fallback > [mjs module] falls back to the next mirror when one import fails [0.54ms]
Test on bun (ubuntu-latest)	Run Bun tests	2026-07-30T06:32:43.1119129Z (pass) [mjs module] makeUse per-package CDN fallback > [mjs module] throws a clear aggregated error when every mirror fails [0.41ms]
Test on bun (ubuntu-latest)	Run Bun tests	2026-07-30T06:32:43.1123774Z (pass) [mjs module] makeUse per-package CDN fallback > [mjs module] a single explicit resolver imports directly with its raw error (no aggregation) [0.41ms]
Test on bun (ubuntu-latest)	Run Bun tests	2026-07-30T06:32:43.1126161Z (pass) [mjs module] makeUse per-package CDN fallback > [mjs module] a single-entry specifierResolvers chain also imports directly [0.30ms]
Test on bun (ubuntu-latest)	Run Bun tests	2026-07-30T06:32:43.1127811Z (pass) [mjs module] makeUse per-package CDN fallback > [mjs module] exposes the default mirror chains [0.04ms]
Test on bun (ubuntu-latest)	Run Bun tests	2026-07-30T06:32:43.1128548Z 
Test on bun (ubuntu-latest)	Run Bun tests	2026-07-30T06:32:43.1129038Z ##[endgroup]
Test on bun (ubuntu-latest)	Run Bun tests	2026-07-30T06:32:43.1129247Z 
Test on bun (ubuntu-latest)	Run Bun tests	2026-07-30T06:32:43.1129680Z ##[group]tests/resolvers.test.cjs:
Test on bun (ubuntu-latest)	Run Bun tests	2026-07-30T06:32:43.2250340Z (pass) [cjs module] resolvers tests > [cjs module] npm resolver resolves package path [110.19ms]
Test on bun (ubuntu-latest)	Run Bun tests	2026-07-30T06:32:43.3351665Z (pass) [cjs module] resolvers tests > [cjs module] npm resolver resolves scoped package path for @octokit/core@6.1.5 [110.13ms]
Test on bun (ubuntu-latest)	Run Bun tests	2026-07-30T06:32:45.2080140Z (pass) [cjs module] resolvers tests > [cjs module] npm resolver resolves package path with version [1872.81ms]
Test on bun (ubuntu-latest)	Run Bun tests	2026-07-30T06:32:45.3105386Z (pass) [cjs module] resolvers tests > [cjs module] npm resolver resolves yargs/helpers [102.57ms]
Test on bun (ubuntu-latest)	Run Bun tests	2026-07-30T06:32:45.4127197Z (pass) [cjs module] resolvers tests > [cjs module] npm resolver resolves yargs@18.0.0/helpers [102.12ms]
Test on bun (ubuntu-latest)	Run Bun tests	2026-07-30T06:32:45.8992929Z (pass) [cjs module] resolvers tests > [cjs module] npm resolver resolves yargs@latest/helpers [486.56ms]
Test on bun (ubuntu-latest)	Run Bun tests	2026-07-30T06:32:45.8994682Z (pass) [cjs module] resolvers tests > [cjs module] skypack resolver resolves URL [0.27ms]
Test on bun (ubuntu-latest)	Run Bun tests	2026-07-30T06:32:45.8996102Z (pass) [cjs module] resolvers tests > [cjs module] skypack resolver resolves subpath [0.10ms]
Test on bun (ubuntu-latest)	Run Bun tests	2026-07-30T06:32:45.8997783Z (pass) [cjs module] resolvers tests > [cjs module] jsdelivr resolver resolves URL [0.19ms]
Test on bun (ubuntu-latest)	Run Bun tests	2026-07-30T06:32:45.8998994Z (pass) [cjs module] resolvers tests > [cjs module] jsdelivr resolver resolves subpath [0.08ms]
Test on bun (ubuntu-latest)	Run Bun tests	2026-07-30T06:32:45.9000252Z (pass) [cjs module] resolvers tests > [cjs module] unpkg resolver resolves URL [0.15ms]
Test on bun (ubuntu-latest)	Run Bun tests	2026-07-30T06:32:45.9001415Z (pass) [cjs module] resolvers tests > [cjs module] unpkg resolver resolves subpath [0.08ms]
Test on bun (ubuntu-latest)	Run Bun tests	2026-07-30T06:32:45.9002588Z (pass) [cjs module] resolvers tests > [cjs module] esm resolver resolves URL [0.08ms]
Test on bun (ubuntu-latest)	Run Bun tests	2026-07-30T06:32:45.9004010Z (pass) [cjs module] resolvers tests > [cjs module] esm resolver resolves subpath [0.07ms]
Test on bun (ubuntu-latest)	Run Bun tests	2026-07-30T06:32:45.9005153Z (pass) [cjs module] resolvers tests > [cjs module] jspm resolver resolves URL [0.08ms]
Test on bun (ubuntu-latest)	Run Bun tests	2026-07-30T06:32:45.9006313Z (pass) [cjs module] resolvers tests > [cjs module] jspm resolver resolves subpath [0.09ms]
Test on bun (ubuntu-latest)	Run Bun tests	2026-07-30T06:32:45.9051741Z (pass) [cjs module] resolvers tests > [cjs module] bun resolver resolves package path [4.50ms]
Test on bun (ubuntu-latest)	Run Bun tests	2026-07-30T06:32:45.9118211Z (pass) [cjs module] resolvers tests > [cjs module] bun resolver resolves yargs/helpers [6.63ms]
Test on bun (ubuntu-latest)	Run Bun tests	2026-07-30T06:32:45.9276586Z (pass) [cjs module] resolvers tests > [cjs module] bun resolver resolves yargs@latest/helpers [15.84ms]
Test on bun (ubuntu-latest)	Run Bun tests	2026-07-30T06:32:45.9277365Z 
Test on bun (ubuntu-latest)	Run Bun tests	2026-07-30T06:32:45.9277864Z ##[endgroup]
Test on bun (ubuntu-latest)	Run Bun tests	2026-07-30T06:32:45.9278065Z 
Test on bun (ubuntu-latest)	Run Bun tests	2026-07-30T06:32:45.9278499Z ##[group]tests/get-script-url.test.cjs:
Test on bun (ubuntu-latest)	Run Bun tests	2026-07-30T06:32:45.9315359Z (pass) [cjs module] __filename workaround > [cjs module] scriptUrl matches __filename as URL [0.36ms]
Test on bun (ubuntu-latest)	Run Bun tests	2026-07-30T06:32:45.9316927Z (pass) [cjs module] __filename workaround > [cjs module] scriptUrl matches __filename as URL in eval [0.25ms]
Test on bun (ubuntu-latest)	Run Bun tests	2026-07-30T06:32:45.9317612Z 
Test on bun (ubuntu-latest)	Run Bun tests	2026-07-30T06:32:45.9318931Z ##[endgroup]
Test on bun (ubuntu-latest)	Run Bun tests	2026-07-30T06:32:45.9319306Z 
Test on bun (ubuntu-latest)	Run Bun tests	2026-07-30T06:32:45.9319880Z ##[group]tests/builtin-nodejs.test.mjs:
Test on bun (ubuntu-latest)	Run Bun tests	2026-07-30T06:32:45.9338424Z (pass) [mjs module] Node.js/Bun-only built-in modules > [mjs module] fs module should work [0.30ms]
Test on bun (ubuntu-latest)	Run Bun tests	2026-07-30T06:32:45.9341480Z (pass) [mjs module] Node.js/Bun-only built-in modules > [mjs module] path module should work [0.32ms]
Test on bun (ubuntu-latest)	Run Bun tests	2026-07-30T06:32:45.9345083Z (pass) [mjs module] Node.js/Bun-only built-in modules > [mjs module] os module should work [0.35ms]
Test on bun (ubuntu-latest)	Run Bun tests	2026-07-30T06:32:45.9348973Z (pass) [mjs module] Node.js/Bun-only built-in modules > [mjs module] util module should work [0.37ms]
Test on bun (ubuntu-latest)	Run Bun tests	2026-07-30T06:32:45.9352418Z (pass) [mjs module] Node.js/Bun-only built-in modules > [mjs module] events module should work [0.34ms]
Test on bun (ubuntu-latest)	Run Bun tests	2026-07-30T06:32:45.9355071Z (pass) [mjs module] Node.js/Bun-only built-in modules > [mjs module] stream module should work [0.29ms]
Test on bun (ubuntu-latest)	Run Bun tests	2026-07-30T06:32:45.9357537Z (pass) [mjs module] Node.js/Bun-only built-in modules > [mjs module] buffer module should work [0.24ms]
Test on bun (ubuntu-latest)	Run Bun tests	2026-07-30T06:32:45.9361061Z (pass) [mjs module] Node.js/Bun-only built-in modules > [mjs module] process module should work [0.30ms]
Test on bun (ubuntu-latest)	Run Bun tests	2026-07-30T06:32:45.9363047Z (pass) [mjs module] Node.js/Bun-only built-in modules > [mjs module] child_process module should work [0.23ms]
Test on bun (ubuntu-latest)	Run Bun tests	2026-07-30T06:32:45.9365645Z (pass) [mjs module] Node.js/Bun-only built-in modules > [mjs module] http module should work [0.25ms]
Test on bun (ubuntu-latest)	Run Bun tests	2026-07-30T06:32:45.9367649Z (pass) [mjs module] Node.js/Bun-only built-in modules > [mjs module] https module should work [0.19ms]
Test on bun (ubuntu-latest)	Run Bun tests	2026-07-30T06:32:45.9369654Z (pass) [mjs module] Node.js/Bun-only built-in modules > [mjs module] net module should work [0.19ms]
Test on bun (ubuntu-latest)	Run Bun tests	2026-07-30T06:32:45.9372703Z (pass) [mjs module] Node.js/Bun-only built-in modules > [mjs module] dns module should work [0.24ms]
Test on bun (ubuntu-latest)	Run Bun tests	2026-07-30T06:32:45.9375332Z (pass) [mjs module] Node.js/Bun-only built-in modules > [mjs module] zlib module should work [0.30ms]
Test on bun (ubuntu-latest)	Run Bun tests	2026-07-30T06:32:45.9378334Z (pass) [mjs module] Node.js/Bun-only built-in modules > [mjs module] querystring module should work [0.25ms]
Test on bun (ubuntu-latest)	Run Bun tests	2026-07-30T06:32:45.9382944Z (pass) [mjs module] Node.js/Bun-only built-in modules > [mjs module] assert module should work [0.44ms]
Test on bun (ubuntu-latest)	Run Bun tests	2026-07-30T06:32:45.9387291Z (pass) [mjs module] Node.js/Bun-only built-in modules > [mjs module] all modules should work with node: prefix [0.42ms]
Test on bun (ubuntu-latest)	Run Bun tests	2026-07-30T06:32:45.9387926Z 
Test on bun (ubuntu-latest)	Run Bun tests	2026-07-30T06:32:45.9388264Z ##[endgroup]
Test on bun (ubuntu-latest)	Run Bun tests	2026-07-30T06:32:45.9388394Z 
Test on bun (ubuntu-latest)	Run Bun tests	2026-07-30T06:32:45.9388659Z ##[group]tests/lodash.test.cjs:
Test on bun (ubuntu-latest)	Run Bun tests	2026-07-30T06:32:46.0603703Z (pass) [cjs module] 'lodash' imports tests > [cjs module] npm: lodash [119.86ms]
Test on bun (ubuntu-latest)	Run Bun tests	2026-07-30T06:32:46.0742551Z (pass) [cjs module] 'lodash' imports tests > [cjs module] npm: lodash@latest [13.90ms]
Test on bun (ubuntu-latest)	Run Bun tests	2026-07-30T06:32:46.0923538Z (pass) [cjs module] 'lodash' imports tests > [cjs module] npm: lodash@ [18.04ms]
Test on bun (ubuntu-latest)	Run Bun tests	2026-07-30T06:32:46.0977787Z (pass) [cjs module] 'lodash' imports tests > [cjs module] npm: lodash@4.17.21 [5.40ms]
Test on bun (ubuntu-latest)	Run Bun tests	2026-07-30T06:32:46.1051749Z (pass) [cjs module] 'lodash' imports tests > [cjs module] npm: lodash@4.17.21/add [7.45ms]
Test on bun (ubuntu-latest)	Run Bun tests	2026-07-30T06:32:46.1122980Z (pass) [cjs module] 'lodash' imports tests > [cjs module] npm: lodash@4.17.21/add.js [7.09ms]
Test on bun (ubuntu-latest)	Run Bun tests	2026-07-30T06:32:46.1182365Z (pass) [cjs module] 'lodash' imports tests > [cjs module] npm: lodash@4.17.21/not-found.js [5.90ms]
Test on bun (ubuntu-latest)	Run Bun tests	2026-07-30T06:32:46.1182955Z 
Test on bun (ubuntu-latest)	Run Bun tests	2026-07-30T06:32:46.1184021Z ##[endgroup]
Test on bun (ubuntu-latest)	Run Bun tests	2026-07-30T06:32:46.1184214Z 
Test on bun (ubuntu-latest)	Run Bun tests	2026-07-30T06:32:46.1184533Z ##[group]tests/import.test.cjs:
Test on bun (ubuntu-latest)	Run Bun tests	2026-07-30T06:32:46.1212555Z (pass) [cjs module] dynamic import support > [cjs module] supportsDynamicImport returns true in .cjs file [0.26ms]
Test on bun (ubuntu-latest)	Run Bun tests	2026-07-30T06:32:46.1213788Z 
Test on bun (ubuntu-latest)	Run Bun tests	2026-07-30T06:32:46.1214160Z ##[endgroup]
Test on bun (ubuntu-latest)	Run Bun tests	2026-07-30T06:32:46.1214805Z 
Test on bun (ubuntu-latest)	Run Bun tests	2026-07-30T06:32:46.1215256Z ##[group]tests/filename.test.cjs:
Test on bun (ubuntu-latest)	Run Bun tests	2026-07-30T06:32:46.1237811Z (pass) [cjs module] scriptPath detection in CJS (functional) > [cjs module] default pathResolver resolves modules relative to this test file [0.41ms]
Test on bun (ubuntu-latest)	Run Bun tests	2026-07-30T06:32:46.1241506Z (pass) [cjs module] scriptPath detection in CJS (functional) > [cjs module] override scriptPath does not change pathResolver behavior [0.40ms]
Test on bun (ubuntu-latest)	Run Bun tests	2026-07-30T06:32:46.1244315Z (pass) [cjs module] scriptPath detection in CJS (fallback) > [cjs module] fallback default resolves modules relative to this test file [0.23ms]
Test on bun (ubuntu-latest)	Run Bun tests	2026-07-30T06:32:46.1247727Z (pass) [cjs module] scriptPath detection in CJS (fallback) > [cjs module] fallback override scriptPath does not change pathResolver behavior [0.32ms]
Test on bun (ubuntu-latest)	Run Bun tests	2026-07-30T06:32:46.1250360Z (pass) [cjs module] scriptPath detection in CJS (fallback) > [cjs module] fallback meta override does not change pathResolver behavior [0.27ms]
Test on bun (ubuntu-latest)	Run Bun tests	2026-07-30T06:32:46.1253675Z (pass) [cjs module] scriptPath detection in CJS (meta URL) > [cjs module] meta override with use.js URL resolves relative to use.js [0.30ms]
Test on bun (ubuntu-latest)	Run Bun tests	2026-07-30T06:32:46.1254872Z 
Test on bun (ubuntu-latest)	Run Bun tests	2026-07-30T06:32:46.1255534Z ##[endgroup]
Test on bun (ubuntu-latest)	Run Bun tests	2026-07-30T06:32:46.1255889Z 
Test on bun (ubuntu-latest)	Run Bun tests	2026-07-30T06:32:46.1256475Z ##[group]tests/npm-global-prefix.test.mjs:
Test on bun (ubuntu-latest)	Run Bun tests	2026-07-30T06:32:46.1305368Z (pass) [mjs module] npm global prefix handling > [mjs module] redirects installs to use-m cache when npm global root is not writable [1.41ms]
Test on bun (ubuntu-latest)	Run Bun tests	2026-07-30T06:32:46.1306959Z (pass) [mjs module] npm global prefix handling > [mjs module] keeps the configured npm root when it is writable [0.20ms]
Test on bun (ubuntu-latest)	Run Bun tests	2026-07-30T06:32:46.1308480Z (pass) [mjs module] npm global prefix handling > [mjs module] respects an explicit npm_config_prefix override [0.22ms]
Test on bun (ubuntu-latest)	Run Bun tests	2026-07-30T06:32:46.1310555Z (pass) [mjs module] npm global prefix handling > [mjs module] retries transient npm install failures and removes partial aliases [0.18ms]
Test on bun (ubuntu-latest)	Run Bun tests	2026-07-30T06:32:46.1313684Z (pass) [mjs module] npm global prefix handling > [mjs module] reports captured npm output and cleans up after exhausted retries [0.26ms]
Test on bun (ubuntu-latest)	Run Bun tests	2026-07-30T06:32:46.1315231Z (pass) [mjs module] npm global prefix handling > [mjs module] gives corrupt-alias cleanup a recursive rm retry budget [0.20ms]
Test on bun (ubuntu-latest)	Run Bun tests	2026-07-30T06:32:46.1317076Z (pass) [mjs module] npm global prefix handling > [mjs module] repairs a truncated entry point and bypasses the cached syntax failure [0.16ms]
Test on bun (ubuntu-latest)	Run Bun tests	2026-07-30T06:32:46.1318670Z (pass) [mjs module] npm global prefix handling > [mjs module] repairs an alias missing an internal ESM dependency [0.17ms]
Test on bun (ubuntu-latest)	Run Bun tests	2026-07-30T06:32:46.1320069Z (pass) [mjs module] npm global prefix handling > [mjs module] repairs an alias with invalid package metadata [0.14ms]
Test on bun (ubuntu-latest)	Run Bun tests	2026-07-30T06:32:46.1321861Z (pass) [mjs module] npm global prefix handling > [mjs module] repairs an alias whose declared entry point is missing [0.16ms]
Test on bun (ubuntu-latest)	Run Bun tests	2026-07-30T06:32:46.1323542Z (pass) [mjs module] npm global prefix handling > [mjs module] does not reinstall for an unrelated unwrapped missing-module error [0.13ms]
Test on bun (ubuntu-latest)	Run Bun tests	2026-07-30T06:32:46.1324087Z 
Test on bun (ubuntu-latest)	Run Bun tests	2026-07-30T06:32:46.1324413Z ##[endgroup]
Test on bun (ubuntu-latest)	Run Bun tests	2026-07-30T06:32:46.1324542Z 
Test on bun (ubuntu-latest)	Run Bun tests	2026-07-30T06:32:46.1324905Z ##[group]tests/relative-paths.test.mjs:
Test on bun (ubuntu-latest)	Run Bun tests	2026-07-30T06:32:46.1340096Z (pass) Relative Path Resolution > should import JS file from same directory using ./ [0.23ms]
Test on bun (ubuntu-latest)	Run Bun tests	2026-07-30T06:32:46.1342355Z (pass) Relative Path Resolution > should import JSON file from same directory using ./ [0.22ms]
Test on bun (ubuntu-latest)	Run Bun tests	2026-07-30T06:32:46.1343779Z (pass) Relative Path Resolution > should import JS file from parent directory using ../ [0.14ms]
Test on bun (ubuntu-latest)	Run Bun tests	2026-07-30T06:32:46.1345389Z (pass) Relative Path Resolution > should import from subdirectory using ./subfolder/ [0.17ms]
Test on bun (ubuntu-latest)	Run Bun tests	2026-07-30T06:32:46.1347324Z (pass) Relative Path Resolution > should import JSON from subdirectory [0.15ms]
Test on bun (ubuntu-latest)	Run Bun tests	2026-07-30T06:32:46.1349718Z (pass) Relative Path Resolution > should handle complex relative paths (../) [0.18ms]
Test on bun (ubuntu-latest)	Run Bun tests	2026-07-30T06:32:46.1409787Z (pass) Relative Path Resolution > should work with mixed relative and npm imports [5.91ms]
Test on bun (ubuntu-latest)	Run Bun tests	2026-07-30T06:32:46.1415644Z (pass) Relative Path Resolution > should maintain correct context for nested relative imports [0.64ms]
Test on bun (ubuntu-latest)	Run Bun tests	2026-07-30T06:32:46.1416786Z 
Test on bun (ubuntu-latest)	Run Bun tests	2026-07-30T06:32:46.1417275Z ##[endgroup]
Test on bun (ubuntu-latest)	Run Bun tests	2026-07-30T06:32:46.1417477Z 
Test on bun (ubuntu-latest)	Run Bun tests	2026-07-30T06:32:46.1417904Z ##[group]tests/builtin-universal.test.cjs:
Test on bun (ubuntu-latest)	Run Bun tests	2026-07-30T06:32:46.1472676Z (pass) [cjs module] Universal built-in modules (work in all environments) > [cjs module] console module should work [0.32ms]
Test on bun (ubuntu-latest)	Run Bun tests	2026-07-30T06:32:46.1475405Z (pass) [cjs module] Universal built-in modules (work in all environments) > [cjs module] crypto module should work [0.21ms]
Test on bun (ubuntu-latest)	Run Bun tests	2026-07-30T06:32:46.1477238Z (pass) [cjs module] Universal built-in modules (work in all environments) > [cjs module] url module should work [0.27ms]
Test on bun (ubuntu-latest)	Run Bun tests	2026-07-30T06:32:46.1479173Z (pass) [cjs module] Universal built-in modules (work in all environments) > [cjs module] performance module should work [0.23ms]
Test on bun (ubuntu-latest)	Run Bun tests	2026-07-30T06:32:46.1480975Z (pass) [cjs module] Universal built-in modules (work in all environments) > [cjs module] modules should work with node: prefix [0.15ms]
Test on bun (ubuntu-latest)	Run Bun tests	2026-07-30T06:32:46.1481851Z 
Test on bun (ubuntu-latest)	Run Bun tests	2026-07-30T06:32:46.1482325Z ##[endgroup]
Test on bun (ubuntu-latest)	Run Bun tests	2026-07-30T06:32:46.1482525Z 
Test on bun (ubuntu-latest)	Run Bun tests	2026-07-30T06:32:46.1482962Z ##[group]tests/builtin-errors.test.mjs:
Test on bun (ubuntu-latest)	Run Bun tests	2026-07-30T06:32:46.1497588Z (pass) [mjs module] Built-in module error handling > [mjs module] should return null for non-builtin modules from builtin resolver [0.12ms]
Test on bun (ubuntu-latest)	Run Bun tests	2026-07-30T06:32:46.1499538Z (pass) [mjs module] Built-in module error handling > [mjs module] should throw error for unsupported builtin modules [0.19ms]
Test on bun (ubuntu-latest)	Run Bun tests	2026-07-30T06:32:46.1501695Z (pass) [mjs module] Built-in module error handling > [mjs module] should handle modules not available in browser environment [0.26ms]
Test on bun (ubuntu-latest)	Run Bun tests	2026-07-30T06:32:46.1891010Z (pass) [mjs module] Built-in module error handling > [mjs module] should only work with exact lowercase module names [38.82ms]
Test on bun (ubuntu-latest)	Run Bun tests	2026-07-30T06:32:46.1895318Z (pass) [mjs module] Built-in module error handling > [mjs module] should handle node: prefix removal correctly [0.50ms]
Test on bun (ubuntu-latest)	Run Bun tests	2026-07-30T06:32:46.1898225Z (pass) [mjs module] Built-in module error handling > [mjs module] should throw meaningful errors for import failures [0.17ms]
Test on bun (ubuntu-latest)	Run Bun tests	2026-07-30T06:32:46.1900699Z (pass) [mjs module] Built-in module error handling > [mjs module] builtin resolver should handle empty/invalid module specifiers gracefully [0.23ms]
Test on bun (ubuntu-latest)	Run Bun tests	2026-07-30T06:32:46.1902816Z (pass) [mjs module] Built-in module error handling > [mjs module] should handle modules with special characters in names [0.14ms]
Test on bun (ubuntu-latest)	Run Bun tests	2026-07-30T06:32:46.1904152Z 
Test on bun (ubuntu-latest)	Run Bun tests	2026-07-30T06:32:46.1904774Z ##[endgroup]
Test on bun (ubuntu-latest)	Run Bun tests	2026-07-30T06:32:46.1905236Z 
Test on bun (ubuntu-latest)	Run Bun tests	2026-07-30T06:32:46.1905855Z ##[group]tests/lodash.test.mjs:
Test on bun (ubuntu-latest)	Run Bun tests	2026-07-30T06:32:46.2054124Z (pass) [mjs module] 'lodash' imports tests > [mjs module] npm: lodash [13.45ms]
Test on bun (ubuntu-latest)	Run Bun tests	2026-07-30T06:32:46.2210359Z (pass) [mjs module] 'lodash' imports tests > [mjs module] npm: lodash@latest [15.62ms]
Test on bun (ubuntu-latest)	Run Bun tests	2026-07-30T06:32:46.2342096Z (pass) [mjs module] 'lodash' imports tests > [mjs module] npm: lodash@ [13.13ms]
Test on bun (ubuntu-latest)	Run Bun tests	2026-07-30T06:32:46.2406307Z (pass) [mjs module] 'lodash' imports tests > [mjs module] npm: lodash@4.17.21 [6.47ms]
Test on bun (ubuntu-latest)	Run Bun tests	2026-07-30T06:32:46.2448543Z (pass) [mjs module] 'lodash' imports tests > [mjs module] npm: lodash@4.17.21/add [4.24ms]
Test on bun (ubuntu-latest)	Run Bun tests	2026-07-30T06:32:46.2496254Z (pass) [mjs module] 'lodash' imports tests > [mjs module] npm: lodash@4.17.21/add.js [4.72ms]
Test on bun (ubuntu-latest)	Run Bun tests	2026-07-30T06:32:46.2552360Z (pass) [mjs module] 'lodash' imports tests > [mjs module] npm: lodash@4.17.21/not-found.js [5.56ms]
Test on bun (ubuntu-latest)	Run Bun tests	2026-07-30T06:32:46.2553558Z 
Test on bun (ubuntu-latest)	Run Bun tests	2026-07-30T06:32:46.2554043Z ##[endgroup]
Test on bun (ubuntu-latest)	Run Bun tests	2026-07-30T06:32:46.2554239Z 
Test on bun (ubuntu-latest)	Run Bun tests	2026-07-30T06:32:46.2554695Z ##[group]tests/release-workflow-policy.test.mjs:
Test on bun (ubuntu-latest)	Run Bun tests	2026-07-30T06:32:46.2581841Z (pass) release workflow policy > uses npm package metadata that matches registry and trusted publishing expectations [0.26ms]
Test on bun (ubuntu-latest)	Run Bun tests	2026-07-30T06:32:46.2584555Z (pass) release workflow policy > keeps CI and publishing in the trusted-publisher release workflow [0.21ms]
Test on bun (ubuntu-latest)	Run Bun tests	2026-07-30T06:32:46.2586075Z (pass) release workflow policy > publishes with npm trusted publishing instead of token auth [0.16ms]
Test on bun (ubuntu-latest)	Run Bun tests	2026-07-30T06:32:46.2588198Z (pass) release workflow policy > runs tests before publishing and preserves main-branch release runs [0.42ms]
Test on bun (ubuntu-latest)	Run Bun tests	2026-07-30T06:32:46.2590599Z (pass) release workflow policy > fails release runs when the package, tag, and GitHub release already exist [0.18ms]
Test on bun (ubuntu-latest)	Run Bun tests	2026-07-30T06:32:46.2592821Z (pass) release workflow policy > keeps dependency install logs quiet while auditing shipped dependencies [0.11ms]
Test on bun (ubuntu-latest)	Run Bun tests	2026-07-30T06:32:46.2594709Z (pass) release workflow policy > uses current action versions and explicit job timeouts [0.38ms]
Test on bun (ubuntu-latest)	Run Bun tests	2026-07-30T06:32:46.2604521Z (pass) release workflow policy > retries Deno network-import tests without hiding persistent failures [0.08ms]
Test on bun (ubuntu-latest)	Run Bun tests	2026-07-30T06:32:46.2604994Z 
Test on bun (ubuntu-latest)	Run Bun tests	2026-07-30T06:32:46.2605307Z ##[endgroup]
Test on bun (ubuntu-latest)	Run Bun tests	2026-07-30T06:32:46.2605428Z 
Test on bun (ubuntu-latest)	Run Bun tests	2026-07-30T06:32:46.2605520Z  349 pass
Test on bun (ubuntu-latest)	Run Bun tests	2026-07-30T06:32:46.2605712Z  0 fail
Test on bun (ubuntu-latest)	Run Bun tests	2026-07-30T06:32:46.2605914Z  729 expect() calls
Test on bun (ubuntu-latest)	Run Bun tests	2026-07-30T06:32:46.2606196Z Ran 349 tests across 45 files. [27.10s]
Test on bun (ubuntu-latest)	Post Setup Bun	﻿2026-07-30T06:32:46.2804166Z Post job cleanup.
Test on bun (ubuntu-latest)	Post Setup Node.js	﻿2026-07-30T06:32:46.4694201Z Post job cleanup.
Test on bun (ubuntu-latest)	Post Setup Node.js	2026-07-30T06:32:46.6246002Z [command]/usr/bin/tar --posix -cf cache.tzst --exclude cache.tzst -P -C /home/runner/work/use-m/use-m --files-from manifest.txt --use-compress-program zstdmt
Test on bun (ubuntu-latest)	Post Setup Node.js	2026-07-30T06:32:46.9727705Z Failed to save: Unable to reserve cache with key node-cache-Linux-x64-npm-81dc12784190084ec33a0af20f1b75b6742be9b6cef5912c61bb9bf083a9dee5, another job may be creating this cache.
Test on bun (ubuntu-latest)	Post Checkout code	﻿2026-07-30T06:32:46.9875558Z Post job cleanup.
Test on bun (ubuntu-latest)	Post Checkout code	2026-07-30T06:32:47.0845399Z [command]/usr/bin/git version
Test on bun (ubuntu-latest)	Post Checkout code	2026-07-30T06:32:47.0897294Z git version 2.54.0
Test on bun (ubuntu-latest)	Post Checkout code	2026-07-30T06:32:47.0948456Z Temporarily overriding HOME='/home/runner/work/_temp/5474b6b5-cf69-43c8-b9b9-62a22a3598e0' before making global git config changes
Test on bun (ubuntu-latest)	Post Checkout code	2026-07-30T06:32:47.0950249Z Adding repository directory to the temporary git global config as a safe directory
Test on bun (ubuntu-latest)	Post Checkout code	2026-07-30T06:32:47.0955358Z [command]/usr/bin/git config --global --add safe.directory /home/runner/work/use-m/use-m
Test on bun (ubuntu-latest)	Post Checkout code	2026-07-30T06:32:47.0993523Z Removing SSH command configuration
Test on bun (ubuntu-latest)	Post Checkout code	2026-07-30T06:32:47.1002079Z [command]/usr/bin/git config --local --name-only --get-regexp core\.sshCommand
Test on bun (ubuntu-latest)	Post Checkout code	2026-07-30T06:32:47.1046467Z [command]/usr/bin/git submodule foreach --recursive sh -c "git config --local --name-only --get-regexp 'core\.sshCommand' && git config --local --unset-all 'core.sshCommand' || :"
Test on bun (ubuntu-latest)	Post Checkout code	2026-07-30T06:32:47.1323399Z Removing HTTP extra header
Test on bun (ubuntu-latest)	Post Checkout code	2026-07-30T06:32:47.1332094Z [command]/usr/bin/git config --local --name-only --get-regexp http\.https\:\/\/github\.com\/\.extraheader
Test on bun (ubuntu-latest)	Post Checkout code	2026-07-30T06:32:47.1371272Z [command]/usr/bin/git submodule foreach --recursive sh -c "git config --local --name-only --get-regexp 'http\.https\:\/\/github\.com\/\.extraheader' && git config --local --unset-all 'http.https://github.com/.extraheader' || :"
Test on bun (ubuntu-latest)	Post Checkout code	2026-07-30T06:32:47.1629322Z Removing includeIf entries pointing to credentials config files
Test on bun (ubuntu-latest)	Post Checkout code	2026-07-30T06:32:47.1638877Z [command]/usr/bin/git config --local --name-only --get-regexp ^includeIf\.gitdir:
Test on bun (ubuntu-latest)	Post Checkout code	2026-07-30T06:32:47.1674875Z includeif.gitdir:/home/runner/work/use-m/use-m/.git.path
Test on bun (ubuntu-latest)	Post Checkout code	2026-07-30T06:32:47.1676072Z includeif.gitdir:/home/runner/work/use-m/use-m/.git/worktrees/*.path
Test on bun (ubuntu-latest)	Post Checkout code	2026-07-30T06:32:47.1677238Z includeif.gitdir:/github/workspace/.git.path
Test on bun (ubuntu-latest)	Post Checkout code	2026-07-30T06:32:47.1678147Z includeif.gitdir:/github/workspace/.git/worktrees/*.path
Test on bun (ubuntu-latest)	Post Checkout code	2026-07-30T06:32:47.1687024Z [command]/usr/bin/git config --local --get-all includeif.gitdir:/home/runner/work/use-m/use-m/.git.path
Test on bun (ubuntu-latest)	Post Checkout code	2026-07-30T06:32:47.1715147Z /home/runner/work/_temp/git-credentials-cecd0bb8-1708-4ff8-af61-8b82abffa174.config
Test on bun (ubuntu-latest)	Post Checkout code	2026-07-30T06:32:47.1732067Z [command]/usr/bin/git config --local --unset includeif.gitdir:/home/runner/work/use-m/use-m/.git.path /home/runner/work/_temp/git-credentials-cecd0bb8-1708-4ff8-af61-8b82abffa174.config
Test on bun (ubuntu-latest)	Post Checkout code	2026-07-30T06:32:47.1776976Z [command]/usr/bin/git config --local --get-all includeif.gitdir:/home/runner/work/use-m/use-m/.git/worktrees/*.path
Test on bun (ubuntu-latest)	Post Checkout code	2026-07-30T06:32:47.1806944Z /home/runner/work/_temp/git-credentials-cecd0bb8-1708-4ff8-af61-8b82abffa174.config
Test on bun (ubuntu-latest)	Post Checkout code	2026-07-30T06:32:47.1819735Z [command]/usr/bin/git config --local --unset includeif.gitdir:/home/runner/work/use-m/use-m/.git/worktrees/*.path /home/runner/work/_temp/git-credentials-cecd0bb8-1708-4ff8-af61-8b82abffa174.config
Test on bun (ubuntu-latest)	Post Checkout code	2026-07-30T06:32:47.1861131Z [command]/usr/bin/git config --local --get-all includeif.gitdir:/github/workspace/.git.path
Test on bun (ubuntu-latest)	Post Checkout code	2026-07-30T06:32:47.1897176Z /github/runner_temp/git-credentials-cecd0bb8-1708-4ff8-af61-8b82abffa174.config
Test on bun (ubuntu-latest)	Post Checkout code	2026-07-30T06:32:47.1908207Z [command]/usr/bin/git config --local --unset includeif.gitdir:/github/workspace/.git.path /github/runner_temp/git-credentials-cecd0bb8-1708-4ff8-af61-8b82abffa174.config
Test on bun (ubuntu-latest)	Post Checkout code	2026-07-30T06:32:47.1950540Z [command]/usr/bin/git config --local --get-all includeif.gitdir:/github/workspace/.git/worktrees/*.path
Test on bun (ubuntu-latest)	Post Checkout code	2026-07-30T06:32:47.1976813Z /github/runner_temp/git-credentials-cecd0bb8-1708-4ff8-af61-8b82abffa174.config
Test on bun (ubuntu-latest)	Post Checkout code	2026-07-30T06:32:47.1987960Z [command]/usr/bin/git config --local --unset includeif.gitdir:/github/workspace/.git/worktrees/*.path /github/runner_temp/git-credentials-cecd0bb8-1708-4ff8-af61-8b82abffa174.config
Test on bun (ubuntu-latest)	Post Checkout code	2026-07-30T06:32:47.2030267Z [command]/usr/bin/git submodule foreach --recursive git config --local --show-origin --name-only --get-regexp remote.origin.url
Test on bun (ubuntu-latest)	Post Checkout code	2026-07-30T06:32:47.2264107Z Removing credentials config '/home/runner/work/_temp/git-credentials-cecd0bb8-1708-4ff8-af61-8b82abffa174.config'
Test on bun (ubuntu-latest)	Complete job	﻿2026-07-30T06:32:47.2418488Z Cleaning up orphan processes
Test on deno (macos-latest)	Set up job	﻿2026-07-30T06:31:50.3465230Z Current runner version: '2.336.0'
Test on deno (macos-latest)	Set up job	2026-07-30T06:31:50.3489790Z ##[group]Runner Image Provisioner
Test on deno (macos-latest)	Set up job	2026-07-30T06:31:50.3490300Z Hosted Compute Agent
Test on deno (macos-latest)	Set up job	2026-07-30T06:31:50.3490650Z Version: 20260707.563
Test on deno (macos-latest)	Set up job	2026-07-30T06:31:50.3491050Z Commit: 02667638d2b423fbc733a8e32a88b44996a3ba6e
Test on deno (macos-latest)	Set up job	2026-07-30T06:31:50.3493120Z Build Date: 2026-07-07T19:33:50Z
Test on deno (macos-latest)	Set up job	2026-07-30T06:31:50.3494720Z Worker ID: {5fe21fc2-f932-4b20-8a11-8464d6dd36b9}
Test on deno (macos-latest)	Set up job	2026-07-30T06:31:50.3495220Z Azure Region: westus
Test on deno (macos-latest)	Set up job	2026-07-30T06:31:50.3495590Z ##[endgroup]
Test on deno (macos-latest)	Set up job	2026-07-30T06:31:50.3496460Z ##[group]Operating System
Test on deno (macos-latest)	Set up job	2026-07-30T06:31:50.3496850Z macOS
Test on deno (macos-latest)	Set up job	2026-07-30T06:31:50.3497160Z 26.4
Test on deno (macos-latest)	Set up job	2026-07-30T06:31:50.3497500Z 25E246
Test on deno (macos-latest)	Set up job	2026-07-30T06:31:50.3497910Z ##[endgroup]
Test on deno (macos-latest)	Set up job	2026-07-30T06:31:50.3499860Z ##[group]Runner Image
Test on deno (macos-latest)	Set up job	2026-07-30T06:31:50.3500310Z Image: macos-26-arm64
Test on deno (macos-latest)	Set up job	2026-07-30T06:31:50.3501570Z Version: 20260720.0258.1
Test on deno (macos-latest)	Set up job	2026-07-30T06:31:50.3502340Z Included Software: https://github.com/actions/runner-images/blob/macos-26-arm64/20260720.0258/images/macos/macos-26-arm64-Readme.md
Test on deno (macos-latest)	Set up job	2026-07-30T06:31:50.3503520Z Image Release: https://github.com/actions/runner-images/releases/tag/macos-26-arm64%2F20260720.0258
Test on deno (macos-latest)	Set up job	2026-07-30T06:31:50.3506660Z ##[endgroup]
Test on deno (macos-latest)	Set up job	2026-07-30T06:31:50.3507400Z ##[group]GITHUB_TOKEN Permissions
Test on deno (macos-latest)	Set up job	2026-07-30T06:31:50.3509190Z Contents: read
Test on deno (macos-latest)	Set up job	2026-07-30T06:31:50.3510170Z Metadata: read
Test on deno (macos-latest)	Set up job	2026-07-30T06:31:50.3511720Z ##[endgroup]
Test on deno (macos-latest)	Set up job	2026-07-30T06:31:50.3513000Z Secret source: Actions
Test on deno (macos-latest)	Set up job	2026-07-30T06:31:50.3515010Z Prepare workflow directory
Test on deno (macos-latest)	Set up job	2026-07-30T06:31:50.3755240Z Prepare all required actions
Test on deno (macos-latest)	Set up job	2026-07-30T06:31:50.3791050Z Getting action download info
Test on deno (macos-latest)	Set up job	2026-07-30T06:31:50.5265870Z Download action repository 'actions/checkout@v6' (SHA:d23441a48e516b6c34aea4fa41551a30e30af803)
Test on deno (macos-latest)	Set up job	2026-07-30T06:31:51.6134850Z Download action repository 'actions/setup-node@v6' (SHA:249970729cb0ef3589644e2896645e5dc5ba9c38)
Test on deno (macos-latest)	Set up job	2026-07-30T06:31:52.6239070Z Download action repository 'oven-sh/setup-bun@v2' (SHA:0c5077e51419868618aeaa5fe8019c62421857d6)
Test on deno (macos-latest)	Set up job	2026-07-30T06:31:53.5355000Z Download action repository 'denoland/setup-deno@v2' (SHA:22d081ff2d3a40755e97629de92e3bcbfa7cf2ed)
Test on deno (macos-latest)	Set up job	2026-07-30T06:31:54.4421530Z Complete job name: Test on deno (macos-latest)
Test on deno (macos-latest)	Checkout code	﻿2026-07-30T06:31:54.4873680Z ##[group]Run actions/checkout@v6
Test on deno (macos-latest)	Checkout code	2026-07-30T06:31:54.4874100Z with:
Test on deno (macos-latest)	Checkout code	2026-07-30T06:31:54.4874260Z   repository: link-foundation/use-m
Test on deno (macos-latest)	Checkout code	2026-07-30T06:31:54.4876380Z   token: ***
Test on deno (macos-latest)	Checkout code	2026-07-30T06:31:54.4876520Z   ssh-strict: true
Test on deno (macos-latest)	Checkout code	2026-07-30T06:31:54.4876670Z   ssh-user: git
Test on deno (macos-latest)	Checkout code	2026-07-30T06:31:54.4876840Z   persist-credentials: true
Test on deno (macos-latest)	Checkout code	2026-07-30T06:31:54.4877040Z   clean: true
Test on deno (macos-latest)	Checkout code	2026-07-30T06:31:54.4877190Z   sparse-checkout-cone-mode: true
Test on deno (macos-latest)	Checkout code	2026-07-30T06:31:54.4877380Z   fetch-depth: 1
Test on deno (macos-latest)	Checkout code	2026-07-30T06:31:54.4877530Z   fetch-tags: false
Test on deno (macos-latest)	Checkout code	2026-07-30T06:31:54.4877680Z   show-progress: true
Test on deno (macos-latest)	Checkout code	2026-07-30T06:31:54.4877840Z   lfs: false
Test on deno (macos-latest)	Checkout code	2026-07-30T06:31:54.4877960Z   submodules: false
Test on deno (macos-latest)	Checkout code	2026-07-30T06:31:54.4878160Z   set-safe-directory: true
Test on deno (macos-latest)	Checkout code	2026-07-30T06:31:54.4878340Z   allow-unsafe-pr-checkout: false
Test on deno (macos-latest)	Checkout code	2026-07-30T06:31:54.4878700Z ##[endgroup]
Test on deno (macos-latest)	Checkout code	2026-07-30T06:31:54.8769650Z Syncing repository: link-foundation/use-m
Test on deno (macos-latest)	Checkout code	2026-07-30T06:31:54.8770660Z ##[group]Getting Git version info
Test on deno (macos-latest)	Checkout code	2026-07-30T06:31:54.8770970Z Working directory is '/Users/runner/work/use-m/use-m'
Test on deno (macos-latest)	Checkout code	2026-07-30T06:31:54.8771470Z [command]/opt/homebrew/bin/git version
Test on deno (macos-latest)	Checkout code	2026-07-30T06:31:54.9019720Z git version 2.55.0
Test on deno (macos-latest)	Checkout code	2026-07-30T06:31:54.9035170Z ##[endgroup]
Test on deno (macos-latest)	Checkout code	2026-07-30T06:31:54.9041020Z Copying '/Users/runner/.gitconfig' to '/Users/runner/work/_temp/edad0199-134a-4d50-9978-68bc0eaa7ea4/.gitconfig'
Test on deno (macos-latest)	Checkout code	2026-07-30T06:31:54.9047040Z Temporarily overriding HOME='/Users/runner/work/_temp/edad0199-134a-4d50-9978-68bc0eaa7ea4' before making global git config changes
Test on deno (macos-latest)	Checkout code	2026-07-30T06:31:54.9047690Z Adding repository directory to the temporary git global config as a safe directory
Test on deno (macos-latest)	Checkout code	2026-07-30T06:31:54.9050500Z [command]/opt/homebrew/bin/git config --global --add safe.directory /Users/runner/work/use-m/use-m
Test on deno (macos-latest)	Checkout code	2026-07-30T06:31:54.9152930Z Deleting the contents of '/Users/runner/work/use-m/use-m'
Test on deno (macos-latest)	Checkout code	2026-07-30T06:31:54.9155690Z ##[group]Determining repository object format
Test on deno (macos-latest)	Checkout code	2026-07-30T06:31:54.9156850Z ##[endgroup]
Test on deno (macos-latest)	Checkout code	2026-07-30T06:31:54.9157180Z ##[group]Initializing the repository
Test on deno (macos-latest)	Checkout code	2026-07-30T06:31:54.9160930Z [command]/opt/homebrew/bin/git init /Users/runner/work/use-m/use-m
Test on deno (macos-latest)	Checkout code	2026-07-30T06:31:54.9366040Z hint: Using 'master' as the name for the initial branch. This default branch name
Test on deno (macos-latest)	Checkout code	2026-07-30T06:31:54.9366920Z hint: will change to "main" in Git 3.0. To configure the initial branch name
Test on deno (macos-latest)	Checkout code	2026-07-30T06:31:54.9367560Z hint: to use in all of your new repositories, which will suppress this warning,
Test on deno (macos-latest)	Checkout code	2026-07-30T06:31:54.9368230Z hint: call:
Test on deno (macos-latest)	Checkout code	2026-07-30T06:31:54.9368420Z hint:
Test on deno (macos-latest)	Checkout code	2026-07-30T06:31:54.9368680Z hint: 	git config --global init.defaultBranch <name>
Test on deno (macos-latest)	Checkout code	2026-07-30T06:31:54.9368930Z hint:
Test on deno (macos-latest)	Checkout code	2026-07-30T06:31:54.9369170Z hint: Names commonly chosen instead of 'master' are 'main', 'trunk' and
Test on deno (macos-latest)	Checkout code	2026-07-30T06:31:54.9369610Z hint: 'development'. The just-created branch can be renamed via this command:
Test on deno (macos-latest)	Checkout code	2026-07-30T06:31:54.9369980Z hint:
Test on deno (macos-latest)	Checkout code	2026-07-30T06:31:54.9370190Z hint: 	git branch -m <name>
Test on deno (macos-latest)	Checkout code	2026-07-30T06:31:54.9370460Z hint:
Test on deno (macos-latest)	Checkout code	2026-07-30T06:31:54.9370720Z hint: Disable this message with "git config set advice.defaultBranchName false"
Test on deno (macos-latest)	Checkout code	2026-07-30T06:31:54.9371170Z Initialized empty Git repository in /Users/runner/work/use-m/use-m/.git/
Test on deno (macos-latest)	Checkout code	2026-07-30T06:31:54.9375240Z [command]/opt/homebrew/bin/git remote add origin https://github.com/link-foundation/use-m
Test on deno (macos-latest)	Checkout code	2026-07-30T06:31:54.9441200Z ##[endgroup]
Test on deno (macos-latest)	Checkout code	2026-07-30T06:31:54.9441560Z ##[group]Disabling automatic garbage collection
Test on deno (macos-latest)	Checkout code	2026-07-30T06:31:54.9443980Z [command]/opt/homebrew/bin/git config --local gc.auto 0
Test on deno (macos-latest)	Checkout code	2026-07-30T06:31:54.9501840Z ##[endgroup]
Test on deno (macos-latest)	Checkout code	2026-07-30T06:31:54.9502340Z ##[group]Setting up auth
Test on deno (macos-latest)	Checkout code	2026-07-30T06:31:54.9505200Z Removing SSH command configuration
Test on deno (macos-latest)	Checkout code	2026-07-30T06:31:54.9510530Z [command]/opt/homebrew/bin/git config --local --name-only --get-regexp core\.sshCommand
Test on deno (macos-latest)	Checkout code	2026-07-30T06:31:54.9617280Z [command]/opt/homebrew/bin/git submodule foreach --recursive sh -c "git config --local --name-only --get-regexp 'core\.sshCommand' && git config --local --unset-all 'core.sshCommand' || :"
Test on deno (macos-latest)	Checkout code	2026-07-30T06:31:55.0946770Z Removing HTTP extra header
Test on deno (macos-latest)	Checkout code	2026-07-30T06:31:55.0950110Z [command]/opt/homebrew/bin/git config --local --name-only --get-regexp http\.https\:\/\/github\.com\/\.extraheader
Test on deno (macos-latest)	Checkout code	2026-07-30T06:31:55.1014500Z [command]/opt/homebrew/bin/git submodule foreach --recursive sh -c "git config --local --name-only --get-regexp 'http\.https\:\/\/github\.com\/\.extraheader' && git config --local --unset-all 'http.https://github.com/.extraheader' || :"
Test on deno (macos-latest)	Checkout code	2026-07-30T06:31:55.1736040Z Removing includeIf entries pointing to credentials config files
Test on deno (macos-latest)	Checkout code	2026-07-30T06:31:55.1739650Z [command]/opt/homebrew/bin/git config --local --name-only --get-regexp ^includeIf\.gitdir:
Test on deno (macos-latest)	Checkout code	2026-07-30T06:31:55.1809780Z [command]/opt/homebrew/bin/git submodule foreach --recursive git config --local --show-origin --name-only --get-regexp remote.origin.url
Test on deno (macos-latest)	Checkout code	2026-07-30T06:31:55.2632580Z [command]/opt/homebrew/bin/git config --file /Users/runner/work/_temp/git-credentials-6c0cb2f0-3bb5-40f9-a3f4-835aae7e681b.config http.https://github.com/.extraheader AUTHORIZATION: basic ***
Test on deno (macos-latest)	Checkout code	2026-07-30T06:31:55.2711140Z [command]/opt/homebrew/bin/git config --local includeIf.gitdir:/Users/runner/work/use-m/use-m/.git.path /Users/runner/work/_temp/git-credentials-6c0cb2f0-3bb5-40f9-a3f4-835aae7e681b.config
Test on deno (macos-latest)	Checkout code	2026-07-30T06:31:55.2779910Z [command]/opt/homebrew/bin/git config --local includeIf.gitdir:/Users/runner/work/use-m/use-m/.git/worktrees/*.path /Users/runner/work/_temp/git-credentials-6c0cb2f0-3bb5-40f9-a3f4-835aae7e681b.config
Test on deno (macos-latest)	Checkout code	2026-07-30T06:31:55.2874550Z [command]/opt/homebrew/bin/git config --local includeIf.gitdir:/github/workspace/.git.path /github/runner_temp/git-credentials-6c0cb2f0-3bb5-40f9-a3f4-835aae7e681b.config
Test on deno (macos-latest)	Checkout code	2026-07-30T06:31:55.2932940Z [command]/opt/homebrew/bin/git config --local includeIf.gitdir:/github/workspace/.git/worktrees/*.path /github/runner_temp/git-credentials-6c0cb2f0-3bb5-40f9-a3f4-835aae7e681b.config
Test on deno (macos-latest)	Checkout code	2026-07-30T06:31:55.3007090Z ##[endgroup]
Test on deno (macos-latest)	Checkout code	2026-07-30T06:31:55.3008020Z ##[group]Fetching the repository
Test on deno (macos-latest)	Checkout code	2026-07-30T06:31:55.3011860Z [command]/opt/homebrew/bin/git -c protocol.version=2 fetch --no-tags --prune --no-recurse-submodules --depth=1 origin +2b1700965d70be9d8be94cbf5bb5949263258a7a:refs/remotes/pull/69/merge
Test on deno (macos-latest)	Checkout code	2026-07-30T06:31:56.6227370Z From https://github.com/link-foundation/use-m
Test on deno (macos-latest)	Checkout code	2026-07-30T06:31:56.6228550Z  * [new ref]         2b1700965d70be9d8be94cbf5bb5949263258a7a -> pull/69/merge
Test on deno (macos-latest)	Checkout code	2026-07-30T06:31:56.6230450Z ##[endgroup]
Test on deno (macos-latest)	Checkout code	2026-07-30T06:31:56.6230850Z ##[group]Determining the checkout info
Test on deno (macos-latest)	Checkout code	2026-07-30T06:31:56.6231370Z ##[endgroup]
Test on deno (macos-latest)	Checkout code	2026-07-30T06:31:56.6235490Z [command]/opt/homebrew/bin/git sparse-checkout disable
Test on deno (macos-latest)	Checkout code	2026-07-30T06:31:56.6332970Z [command]/opt/homebrew/bin/git config --local --unset-all extensions.worktreeConfig
Test on deno (macos-latest)	Checkout code	2026-07-30T06:31:56.6401010Z ##[group]Checking out the ref
Test on deno (macos-latest)	Checkout code	2026-07-30T06:31:56.6404590Z [command]/opt/homebrew/bin/git checkout --progress --force refs/remotes/pull/69/merge
Test on deno (macos-latest)	Checkout code	2026-07-30T06:31:56.6950140Z HEAD is now at 2b17009 Merge dd7b0344f19540f58f1ea34bb5945a4ad312c3f6 into 8c5a55d144d8655efa805d02a3f234e8dfd6a9d4
Test on deno (macos-latest)	Checkout code	2026-07-30T06:31:56.7257520Z ##[endgroup]
Test on deno (macos-latest)	Checkout code	2026-07-30T06:31:56.7561560Z [command]/opt/homebrew/bin/git log -1 --format=%H
Test on deno (macos-latest)	Checkout code	2026-07-30T06:31:56.7661970Z 2b1700965d70be9d8be94cbf5bb5949263258a7a
Test on deno (macos-latest)	Setup Node.js	﻿2026-07-30T06:31:56.7987310Z ##[group]Run actions/setup-node@v6
Test on deno (macos-latest)	Setup Node.js	2026-07-30T06:31:56.7987560Z with:
Test on deno (macos-latest)	Setup Node.js	2026-07-30T06:31:56.7987730Z   node-version: 20.x
Test on deno (macos-latest)	Setup Node.js	2026-07-30T06:31:56.7987880Z   cache: npm
Test on deno (macos-latest)	Setup Node.js	2026-07-30T06:31:56.7988010Z   check-latest: false
Test on deno (macos-latest)	Setup Node.js	2026-07-30T06:31:56.7991010Z   token: ***
Test on deno (macos-latest)	Setup Node.js	2026-07-30T06:31:56.7991250Z   package-manager-cache: true
Test on deno (macos-latest)	Setup Node.js	2026-07-30T06:31:56.7991480Z ##[endgroup]
Test on deno (macos-latest)	Setup Node.js	2026-07-30T06:31:56.9295620Z Attempting to download 20.x...
Test on deno (macos-latest)	Setup Node.js	2026-07-30T06:31:58.3377440Z Acquiring 20.20.2 - arm64 from https://github.com/actions/node-versions/releases/download/20.20.2-23521894959/node-20.20.2-darwin-arm64.tar.gz
Test on deno (macos-latest)	Setup Node.js	2026-07-30T06:31:58.9954880Z Extracting ...
Test on deno (macos-latest)	Setup Node.js	2026-07-30T06:31:59.0066370Z [command]/usr/bin/tar xz --strip 1 -C /Users/runner/work/_temp/c3bea748-ea90-45d4-a384-36a757d034de -f /Users/runner/work/_temp/11641806-ae83-4d1c-9450-7cc1b014fdaa
Test on deno (macos-latest)	Setup Node.js	2026-07-30T06:31:59.9418720Z Adding to the cache ...
Test on deno (macos-latest)	Setup Node.js	2026-07-30T06:32:01.6436320Z ##[group]Environment details
Test on deno (macos-latest)	Setup Node.js	2026-07-30T06:32:01.9363450Z node: v20.20.2
Test on deno (macos-latest)	Setup Node.js	2026-07-30T06:32:01.9363770Z npm: 10.8.2
Test on deno (macos-latest)	Setup Node.js	2026-07-30T06:32:01.9364200Z yarn: 1.22.22
Test on deno (macos-latest)	Setup Node.js	2026-07-30T06:32:01.9364630Z ##[endgroup]
Test on deno (macos-latest)	Setup Node.js	2026-07-30T06:32:01.9378470Z [command]/Users/runner/hostedtoolcache/node/20.20.2/arm64/bin/npm config get cache
Test on deno (macos-latest)	Setup Node.js	2026-07-30T06:32:02.0653850Z /Users/runner/.npm
Test on deno (macos-latest)	Setup Node.js	2026-07-30T06:32:02.1441060Z npm cache is not found
Test on deno (macos-latest)	Setup Deno	﻿2026-07-30T06:32:02.1605290Z ##[group]Run denoland/setup-deno@v2
Test on deno (macos-latest)	Setup Deno	2026-07-30T06:32:02.1605570Z with:
Test on deno (macos-latest)	Setup Deno	2026-07-30T06:32:02.1605750Z   deno-version: v2.x
Test on deno (macos-latest)	Setup Deno	2026-07-30T06:32:02.1605950Z   deno-binary-name: deno
Test on deno (macos-latest)	Setup Deno	2026-07-30T06:32:02.1606130Z   cache: false
Test on deno (macos-latest)	Setup Deno	2026-07-30T06:32:02.1606320Z ##[endgroup]
Test on deno (macos-latest)	Setup Deno	2026-07-30T06:32:02.3417720Z Going to install stable version 2.9.4.
Test on deno (macos-latest)	Setup Deno	2026-07-30T06:32:02.3419040Z Downloading Deno from https://github.com/denoland/deno/releases/download/v2.9.4/deno-aarch64-apple-darwin.zip.
Test on deno (macos-latest)	Setup Deno	2026-07-30T06:32:02.9049880Z [command]/usr/bin/unzip -o -q /Users/runner/work/_temp/80f9da90-b80c-437c-aede-1ec8cd9b1b5a
Test on deno (macos-latest)	Setup Deno	2026-07-30T06:32:03.5982710Z Cached Deno to /Users/runner/hostedtoolcache/deno/2.9.4/arm64.
Test on deno (macos-latest)	Setup Deno	2026-07-30T06:32:03.6025240Z Installation complete.
Test on deno (macos-latest)	Install dependencies	﻿2026-07-30T06:32:03.6111800Z ##[group]Run npm ci --no-audit --no-fund
Test on deno (macos-latest)	Install dependencies	2026-07-30T06:32:03.6112200Z ^[[36;1mnpm ci --no-audit --no-fund^[[0m
Test on deno (macos-latest)	Install dependencies	2026-07-30T06:32:03.6162260Z shell: /bin/bash -e {0}
Test on deno (macos-latest)	Install dependencies	2026-07-30T06:32:03.6162510Z ##[endgroup]
Test on deno (macos-latest)	Install dependencies	2026-07-30T06:32:13.5102280Z 
Test on deno (macos-latest)	Install dependencies	2026-07-30T06:32:13.5139130Z added 477 packages in 10s
Test on deno (macos-latest)	Run Deno tests	﻿2026-07-30T06:32:13.5298150Z ##[group]Run for attempt in 1 2 3; do
Test on deno (macos-latest)	Run Deno tests	2026-07-30T06:32:13.5298480Z ^[[36;1mfor attempt in 1 2 3; do^[[0m
Test on deno (macos-latest)	Run Deno tests	2026-07-30T06:32:13.5298910Z ^[[36;1m  deno test --allow-net --allow-env --allow-run --allow-read --allow-write --allow-sys && exit 0^[[0m
Test on deno (macos-latest)	Run Deno tests	2026-07-30T06:32:13.5299390Z ^[[36;1m  status=$?^[[0m
Test on deno (macos-latest)	Run Deno tests	2026-07-30T06:32:13.5306250Z ^[[36;1m^[[0m
Test on deno (macos-latest)	Run Deno tests	2026-07-30T06:32:13.5306460Z ^[[36;1m  if [ "$attempt" = "3" ]; then^[[0m
Test on deno (macos-latest)	Run Deno tests	2026-07-30T06:32:13.5306690Z ^[[36;1m    exit "$status"^[[0m
Test on deno (macos-latest)	Run Deno tests	2026-07-30T06:32:13.5306860Z ^[[36;1m  fi^[[0m
Test on deno (macos-latest)	Run Deno tests	2026-07-30T06:32:13.5307040Z ^[[36;1m^[[0m
Test on deno (macos-latest)	Run Deno tests	2026-07-30T06:32:13.5307330Z ^[[36;1m  echo "Deno tests failed on attempt ${attempt}/3; retrying after a short delay."^[[0m
Test on deno (macos-latest)	Run Deno tests	2026-07-30T06:32:13.5307690Z ^[[36;1m  sleep $((attempt * 15))^[[0m
Test on deno (macos-latest)	Run Deno tests	2026-07-30T06:32:13.5307910Z ^[[36;1mdone^[[0m
Test on deno (macos-latest)	Run Deno tests	2026-07-30T06:32:13.5348200Z shell: /bin/bash -e {0}
Test on deno (macos-latest)	Run Deno tests	2026-07-30T06:32:13.5348480Z ##[endgroup]
Test on deno (macos-latest)	Run Deno tests	2026-07-30T06:32:13.7480680Z ^[[0m^[[32mDownload^[[0m https://deno.land/std@0.224.0/expect/mod.ts
Test on deno (macos-latest)	Run Deno tests	2026-07-30T06:32:13.7583000Z ^[[0m^[[32mDownload^[[0m https://deno.land/std@0.224.0/testing/bdd.ts
Test on deno (macos-latest)	Run Deno tests	2026-07-30T06:32:13.9237640Z ^[[0m^[[32mDownload^[[0m https://deno.land/std@0.224.0/expect/expect.ts
Test on deno (macos-latest)	Run Deno tests	2026-07-30T06:32:13.9238380Z ^[[0m^[[32mDownload^[[0m https://deno.land/std@0.224.0/expect/fn.ts
Test on deno (macos-latest)	Run Deno tests	2026-07-30T06:32:13.9408150Z ^[[0m^[[32mDownload^[[0m https://deno.land/std@0.224.0/testing/_test_suite.ts
Test on deno (macos-latest)	Run Deno tests	2026-07-30T06:32:13.9597170Z ^[[0m^[[32mDownload^[[0m https://deno.land/std@0.224.0/expect/_types.ts
Test on deno (macos-latest)	Run Deno tests	2026-07-30T06:32:13.9598000Z ^[[0m^[[32mDownload^[[0m https://deno.land/std@0.224.0/assert/assertion_error.ts
Test on deno (macos-latest)	Run Deno tests	2026-07-30T06:32:13.9598870Z ^[[0m^[[32mDownload^[[0m https://deno.land/std@0.224.0/expect/_custom_equality_tester.ts
Test on deno (macos-latest)	Run Deno tests	2026-07-30T06:32:13.9599580Z ^[[0m^[[32mDownload^[[0m https://deno.land/std@0.224.0/expect/_equal.ts
Test on deno (macos-latest)	Run Deno tests	2026-07-30T06:32:13.9600330Z ^[[0m^[[32mDownload^[[0m https://deno.land/std@0.224.0/expect/_extend.ts
Test on deno (macos-latest)	Run Deno tests	2026-07-30T06:32:13.9600850Z ^[[0m^[[32mDownload^[[0m https://deno.land/std@0.224.0/expect/_matchers.ts
Test on deno (macos-latest)	Run Deno tests	2026-07-30T06:32:13.9601410Z ^[[0m^[[32mDownload^[[0m https://deno.land/std@0.224.0/expect/_snapshot_serializer.ts
Test on deno (macos-latest)	Run Deno tests	2026-07-30T06:32:13.9601960Z ^[[0m^[[32mDownload^[[0m https://deno.land/std@0.224.0/expect/_utils.ts
Test on deno (macos-latest)	Run Deno tests	2026-07-30T06:32:13.9602510Z ^[[0m^[[32mDownload^[[0m https://deno.land/std@0.224.0/expect/_asymmetric_matchers.ts
Test on deno (macos-latest)	Run Deno tests	2026-07-30T06:32:13.9603050Z ^[[0m^[[32mDownload^[[0m https://deno.land/std@0.224.0/expect/_mock_util.ts
Test on deno (macos-latest)	Run Deno tests	2026-07-30T06:32:13.9957120Z ^[[0m^[[32mDownload^[[0m https://deno.land/std@0.224.0/assert/assert_not_strict_equals.ts
Test on deno (macos-latest)	Run Deno tests	2026-07-30T06:32:13.9958180Z ^[[0m^[[32mDownload^[[0m https://deno.land/std@0.224.0/assert/assert_strict_equals.ts
Test on deno (macos-latest)	Run Deno tests	2026-07-30T06:32:13.9958890Z ^[[0m^[[32mDownload^[[0m https://deno.land/std@0.224.0/assert/assert_instance_of.ts
Test on deno (macos-latest)	Run Deno tests	2026-07-30T06:32:13.9959570Z ^[[0m^[[32mDownload^[[0m https://deno.land/std@0.224.0/assert/assert_is_error.ts
Test on deno (macos-latest)	Run Deno tests	2026-07-30T06:32:13.9960380Z ^[[0m^[[32mDownload^[[0m https://deno.land/std@0.224.0/assert/assert_not_instance_of.ts
Test on deno (macos-latest)	Run Deno tests	2026-07-30T06:32:13.9961020Z ^[[0m^[[32mDownload^[[0m https://deno.land/std@0.224.0/assert/assert_match.ts
Test on deno (macos-latest)	Run Deno tests	2026-07-30T06:32:13.9961720Z ^[[0m^[[32mDownload^[[0m https://deno.land/std@0.224.0/assert/assert_object_match.ts
Test on deno (macos-latest)	Run Deno tests	2026-07-30T06:32:13.9962360Z ^[[0m^[[32mDownload^[[0m https://deno.land/std@0.224.0/assert/assert_not_match.ts
Test on deno (macos-latest)	Run Deno tests	2026-07-30T06:32:13.9962960Z ^[[0m^[[32mDownload^[[0m https://deno.land/std@0.224.0/expect/_assert_equals.ts
Test on deno (macos-latest)	Run Deno tests	2026-07-30T06:32:13.9963520Z ^[[0m^[[32mDownload^[[0m https://deno.land/std@0.224.0/expect/_assert_not_equals.ts
Test on deno (macos-latest)	Run Deno tests	2026-07-30T06:32:13.9964070Z ^[[0m^[[32mDownload^[[0m https://deno.land/std@0.224.0/internal/format.ts
Test on deno (macos-latest)	Run Deno tests	2026-07-30T06:32:13.9964600Z ^[[0m^[[32mDownload^[[0m https://deno.land/std@0.224.0/expect/_inspect_args.ts
Test on deno (macos-latest)	Run Deno tests	2026-07-30T06:32:14.0302610Z ^[[0m^[[32mDownload^[[0m https://deno.land/std@0.224.0/internal/mod.ts
Test on deno (macos-latest)	Run Deno tests	2026-07-30T06:32:14.0324410Z ^[[0m^[[32mDownload^[[0m https://deno.land/std@0.224.0/assert/_constants.ts
Test on deno (macos-latest)	Run Deno tests	2026-07-30T06:32:14.0325170Z ^[[0m^[[32mDownload^[[0m https://deno.land/std@0.224.0/fmt/colors.ts
Test on deno (macos-latest)	Run Deno tests	2026-07-30T06:32:14.0325930Z ^[[0m^[[32mDownload^[[0m https://deno.land/std@0.224.0/assert/assert_false.ts
Test on deno (macos-latest)	Run Deno tests	2026-07-30T06:32:14.0327070Z ^[[0m^[[32mDownload^[[0m https://deno.land/std@0.224.0/assert/assert_equals.ts
Test on deno (macos-latest)	Run Deno tests	2026-07-30T06:32:14.0327720Z ^[[0m^[[32mDownload^[[0m https://deno.land/std@0.224.0/expect/_build_message.ts
Test on deno (macos-latest)	Run Deno tests	2026-07-30T06:32:14.0506830Z ^[[0m^[[32mDownload^[[0m https://deno.land/std@0.224.0/internal/diff.ts
Test on deno (macos-latest)	Run Deno tests	2026-07-30T06:32:14.0508010Z ^[[0m^[[32mDownload^[[0m https://deno.land/std@0.224.0/assert/equal.ts
Test on deno (macos-latest)	Run Deno tests	2026-07-30T06:32:14.0663520Z ^[[0m^[[32mDownload^[[0m https://deno.land/std@0.224.0/expect/_constants.ts
Test on deno (macos-latest)	Run Deno tests	2026-07-30T06:32:14.1162470Z ^[[0m^[[32mCheck^[[0m tests/builtin-browser.test.mjs
Test on deno (macos-latest)	Run Deno tests	2026-07-30T06:32:14.1177760Z ^[[0m^[[32mCheck^[[0m tests/builtin-errors.test.mjs
Test on deno (macos-latest)	Run Deno tests	2026-07-30T06:32:14.1194360Z ^[[0m^[[32mCheck^[[0m tests/builtin-nodejs.test.mjs
Test on deno (macos-latest)	Run Deno tests	2026-07-30T06:32:14.1195520Z ^[[0m^[[32mCheck^[[0m tests/builtin-universal.test.mjs
Test on deno (macos-latest)	Run Deno tests	2026-07-30T06:32:14.1196010Z ^[[0m^[[32mCheck^[[0m tests/command-stream.test.mjs
Test on deno (macos-latest)	Run Deno tests	2026-07-30T06:32:14.1196460Z ^[[0m^[[32mCheck^[[0m tests/deno-support.test.mjs
Test on deno (macos-latest)	Run Deno tests	2026-07-30T06:32:14.1197070Z ^[[0m^[[32mCheck^[[0m tests/esm-sh-polyfill-browser.test.mjs
Test on deno (macos-latest)	Run Deno tests	2026-07-30T06:32:14.1198300Z ^[[0m^[[32mCheck^[[0m tests/fallback.test.mjs
Test on deno (macos-latest)	Run Deno tests	2026-07-30T06:32:14.1199110Z ^[[0m^[[32mCheck^[[0m tests/filename.test.mjs
Test on deno (macos-latest)	Run Deno tests	2026-07-30T06:32:14.1199650Z ^[[0m^[[32mCheck^[[0m tests/fs-promises.test.mjs
Test on deno (macos-latest)	Run Deno tests	2026-07-30T06:32:14.1200140Z ^[[0m^[[32mCheck^[[0m tests/get-script-url.test.mjs
Test on deno (macos-latest)	Run Deno tests	2026-07-30T06:32:14.1202030Z ^[[0m^[[32mCheck^[[0m tests/import.test.mjs
Test on deno (macos-latest)	Run Deno tests	2026-07-30T06:32:14.1202510Z ^[[0m^[[32mCheck^[[0m tests/load.test.mjs
Test on deno (macos-latest)	Run Deno tests	2026-07-30T06:32:14.1202970Z ^[[0m^[[32mCheck^[[0m tests/loader.test.mjs
Test on deno (macos-latest)	Run Deno tests	2026-07-30T06:32:14.1203370Z ^[[0m^[[32mCheck^[[0m tests/lodash.test.mjs
Test on deno (macos-latest)	Run Deno tests	2026-07-30T06:32:14.1203870Z ^[[0m^[[32mCheck^[[0m tests/module-specifier.test.mjs
Test on deno (macos-latest)	Run Deno tests	2026-07-30T06:32:14.1205170Z ^[[0m^[[32mCheck^[[0m tests/network-imports.test.mjs
Test on deno (macos-latest)	Run Deno tests	2026-07-30T06:32:14.1206540Z ^[[0m^[[32mCheck^[[0m tests/npm-global-prefix.test.mjs
Test on deno (macos-latest)	Run Deno tests	2026-07-30T06:32:14.1207130Z ^[[0m^[[32mCheck^[[0m tests/relative-paths-browser.test.mjs
Test on deno (macos-latest)	Run Deno tests	2026-07-30T06:32:14.1207650Z ^[[0m^[[32mCheck^[[0m tests/relative-paths.integration.test.mjs
Test on deno (macos-latest)	Run Deno tests	2026-07-30T06:32:14.1208240Z ^[[0m^[[32mCheck^[[0m tests/relative-paths.test.mjs
Test on deno (macos-latest)	Run Deno tests	2026-07-30T06:32:14.1208810Z ^[[0m^[[32mCheck^[[0m tests/release-workflow-policy.test.mjs
Test on deno (macos-latest)	Run Deno tests	2026-07-30T06:32:14.1211210Z ^[[0m^[[32mCheck^[[0m tests/resolvers.test.mjs
Test on deno (macos-latest)	Run Deno tests	2026-07-30T06:32:14.1211920Z ^[[0m^[[32mCheck^[[0m tests/root-entries.test.mjs
Test on deno (macos-latest)	Run Deno tests	2026-07-30T06:32:14.1212410Z ^[[0m^[[32mCheck^[[0m tests/script-sync.test.mjs
Test on deno (macos-latest)	Run Deno tests	2026-07-30T06:32:14.1212900Z ^[[0m^[[32mCheck^[[0m tests/typescript.test.mjs
Test on deno (macos-latest)	Run Deno tests	2026-07-30T06:32:14.1213330Z ^[[0m^[[32mCheck^[[0m tests/use.test.mjs
Test on deno (macos-latest)	Run Deno tests	2026-07-30T06:32:15.0219890Z ^[[0m^[[38;5;245mrunning 1 test from ./tests/builtin-browser.test.mjs^[[0m
Test on deno (macos-latest)	Run Deno tests	2026-07-30T06:32:15.0225590Z [mjs module] Universal built-in modules in browser ...
Test on deno (macos-latest)	Run Deno tests	2026-07-30T06:32:15.0227270Z   Browser tests are skipped in Deno environment ... ^[[0m^[[33mignored^[[0m ^[[0m^[[38;5;245m(0ms)^[[0m
Test on deno (macos-latest)	Run Deno tests	2026-07-30T06:32:15.0229150Z [mjs module] Universal built-in modules in browser ... ^[[0m^[[32mok^[[0m ^[[0m^[[38;5;245m(865µs)^[[0m
Test on deno (macos-latest)	Run Deno tests	2026-07-30T06:32:15.0532710Z ^[[0m^[[38;5;245mrunning 1 test from ./tests/builtin-errors.test.mjs^[[0m
Test on deno (macos-latest)	Run Deno tests	2026-07-30T06:32:15.0538510Z [mjs module] Built-in module error handling ...
Test on deno (macos-latest)	Run Deno tests	2026-07-30T06:32:15.0544170Z   [mjs module] should return null for non-builtin modules from builtin resolver ... ^[[0m^[[32mok^[[0m ^[[0m^[[38;5;245m(1ms)^[[0m
Test on deno (macos-latest)	Run Deno tests	2026-07-30T06:32:15.0552410Z   [mjs module] should throw error for unsupported builtin modules ... ^[[0m^[[32mok^[[0m ^[[0m^[[38;5;245m(1ms)^[[0m
Test on deno (macos-latest)	Run Deno tests	2026-07-30T06:32:15.0791590Z   [mjs module] should handle modules not available in browser environment ... ^[[0m^[[32mok^[[0m ^[[0m^[[38;5;245m(23ms)^[[0m
Test on deno (macos-latest)	Run Deno tests	2026-07-30T06:32:15.0799590Z ^[[0m^[[32mDownload^[[0m https://esm.sh/URL@latest
Test on deno (macos-latest)	Run Deno tests	2026-07-30T06:32:15.1189520Z   [mjs module] should only work with exact lowercase module names ... ^[[0m^[[32mok^[[0m ^[[0m^[[38;5;245m(39ms)^[[0m
Test on deno (macos-latest)	Run Deno tests	2026-07-30T06:32:15.1227270Z   [mjs module] should handle node: prefix removal correctly ... ^[[0m^[[32mok^[[0m ^[[0m^[[38;5;245m(4ms)^[[0m
Test on deno (macos-latest)	Run Deno tests	2026-07-30T06:32:15.1228480Z   [mjs module] should throw meaningful errors for import failures ... ^[[0m^[[32mok^[[0m ^[[0m^[[38;5;245m(0ms)^[[0m
Test on deno (macos-latest)	Run Deno tests	2026-07-30T06:32:15.1231930Z   [mjs module] builtin resolver should handle empty/invalid module specifiers gracefully ... ^[[0m^[[32mok^[[0m ^[[0m^[[38;5;245m(1ms)^[[0m
Test on deno (macos-latest)	Run Deno tests	2026-07-30T06:32:15.1233010Z   [mjs module] should handle modules with special characters in names ... ^[[0m^[[32mok^[[0m ^[[0m^[[38;5;245m(0ms)^[[0m
Test on deno (macos-latest)	Run Deno tests	2026-07-30T06:32:15.1294130Z [mjs module] Built-in module error handling ... ^[[0m^[[32mok^[[0m ^[[0m^[[38;5;245m(76ms)^[[0m
Test on deno (macos-latest)	Run Deno tests	2026-07-30T06:32:15.1586610Z ^[[0m^[[38;5;245mrunning 1 test from ./tests/builtin-nodejs.test.mjs^[[0m
Test on deno (macos-latest)	Run Deno tests	2026-07-30T06:32:15.1592490Z [mjs module] Node.js/Bun-only built-in modules ...
Test on deno (macos-latest)	Run Deno tests	2026-07-30T06:32:15.1857980Z   [mjs module] fs module should work ... ^[[0m^[[32mok^[[0m ^[[0m^[[38;5;245m(26ms)^[[0m
Test on deno (macos-latest)	Run Deno tests	2026-07-30T06:32:15.1864780Z   [mjs module] path module should work ... ^[[0m^[[32mok^[[0m ^[[0m^[[38;5;245m(1ms)^[[0m
Test on deno (macos-latest)	Run Deno tests	2026-07-30T06:32:15.1877860Z   [mjs module] os module should work ... ^[[0m^[[32mok^[[0m ^[[0m^[[38;5;245m(1ms)^[[0m
Test on deno (macos-latest)	Run Deno tests	2026-07-30T06:32:15.1897750Z   [mjs module] util module should work ... ^[[0m^[[32mok^[[0m ^[[0m^[[38;5;245m(2ms)^[[0m
Test on deno (macos-latest)	Run Deno tests	2026-07-30T06:32:15.1903360Z   [mjs module] events module should work ... ^[[0m^[[32mok^[[0m ^[[0m^[[38;5;245m(1ms)^[[0m
Test on deno (macos-latest)	Run Deno tests	2026-07-30T06:32:15.1907300Z   [mjs module] stream module should work ... ^[[0m^[[32mok^[[0m ^[[0m^[[38;5;245m(0ms)^[[0m
Test on deno (macos-latest)	Run Deno tests	2026-07-30T06:32:15.1911580Z   [mjs module] buffer module should work ... ^[[0m^[[32mok^[[0m ^[[0m^[[38;5;245m(1ms)^[[0m
Test on deno (macos-latest)	Run Deno tests	2026-07-30T06:32:15.1921980Z   [mjs module] process module should work ... ^[[0m^[[32mok^[[0m ^[[0m^[[38;5;245m(1ms)^[[0m
Test on deno (macos-latest)	Run Deno tests	2026-07-30T06:32:15.1948730Z   [mjs module] child_process module should work ... ^[[0m^[[32mok^[[0m ^[[0m^[[38;5;245m(2ms)^[[0m
Test on deno (macos-latest)	Run Deno tests	2026-07-30T06:32:15.1987340Z   [mjs module] http module should work ... ^[[0m^[[32mok^[[0m ^[[0m^[[38;5;245m(4ms)^[[0m
Test on deno (macos-latest)	Run Deno tests	2026-07-30T06:32:15.2003320Z   [mjs module] https module should work ... ^[[0m^[[32mok^[[0m ^[[0m^[[38;5;245m(2ms)^[[0m
Test on deno (macos-latest)	Run Deno tests	2026-07-30T06:32:15.2006430Z   [mjs module] net module should work ... ^[[0m^[[32mok^[[0m ^[[0m^[[38;5;245m(0ms)^[[0m
Test on deno (macos-latest)	Run Deno tests	2026-07-30T06:32:15.2009520Z   [mjs module] dns module should work ... ^[[0m^[[32mok^[[0m ^[[0m^[[38;5;245m(0ms)^[[0m
Test on deno (macos-latest)	Run Deno tests	2026-07-30T06:32:15.2023070Z   [mjs module] zlib module should work ... ^[[0m^[[32mok^[[0m ^[[0m^[[38;5;245m(2ms)^[[0m
Test on deno (macos-latest)	Run Deno tests	2026-07-30T06:32:15.2028940Z   [mjs module] querystring module should work ... ^[[0m^[[32mok^[[0m ^[[0m^[[38;5;245m(0ms)^[[0m
Test on deno (macos-latest)	Run Deno tests	2026-07-30T06:32:15.2044030Z   [mjs module] assert module should work ... ^[[0m^[[32mok^[[0m ^[[0m^[[38;5;245m(2ms)^[[0m
Test on deno (macos-latest)	Run Deno tests	2026-07-30T06:32:15.2049910Z   [mjs module] all modules should work with node: prefix ... ^[[0m^[[32mok^[[0m ^[[0m^[[38;5;245m(0ms)^[[0m
Test on deno (macos-latest)	Run Deno tests	2026-07-30T06:32:15.2055010Z [mjs module] Node.js/Bun-only built-in modules ... ^[[0m^[[32mok^[[0m ^[[0m^[[38;5;245m(46ms)^[[0m
Test on deno (macos-latest)	Run Deno tests	2026-07-30T06:32:15.2344970Z ^[[0m^[[38;5;245mrunning 1 test from ./tests/builtin-universal.test.mjs^[[0m
Test on deno (macos-latest)	Run Deno tests	2026-07-30T06:32:15.2350860Z [mjs module] Universal built-in modules (work in all environments) ...
Test on deno (macos-latest)	Run Deno tests	2026-07-30T06:32:15.2573600Z   [mjs module] console module should work ... ^[[0m^[[32mok^[[0m ^[[0m^[[38;5;245m(22ms)^[[0m
Test on deno (macos-latest)	Run Deno tests	2026-07-30T06:32:15.2609250Z   [mjs module] crypto module should work ... ^[[0m^[[32mok^[[0m ^[[0m^[[38;5;245m(3ms)^[[0m
Test on deno (macos-latest)	Run Deno tests	2026-07-30T06:32:15.2615490Z   [mjs module] url module should work ... ^[[0m^[[32mok^[[0m ^[[0m^[[38;5;245m(1ms)^[[0m
Test on deno (macos-latest)	Run Deno tests	2026-07-30T06:32:15.2622300Z   [mjs module] performance module should work ... ^[[0m^[[32mok^[[0m ^[[0m^[[38;5;245m(1ms)^[[0m
Test on deno (macos-latest)	Run Deno tests	2026-07-30T06:32:15.2626180Z   [mjs module] modules should work with node: prefix ... ^[[0m^[[32mok^[[0m ^[[0m^[[38;5;245m(0ms)^[[0m
Test on deno (macos-latest)	Run Deno tests	2026-07-30T06:32:15.2679580Z [mjs module] Universal built-in modules (work in all environments) ... ^[[0m^[[32mok^[[0m ^[[0m^[[38;5;245m(33ms)^[[0m
Test on deno (macos-latest)	Run Deno tests	2026-07-30T06:32:15.2887740Z ^[[0m^[[38;5;245mrunning 1 test from ./tests/command-stream.test.mjs^[[0m
Test on deno (macos-latest)	Run Deno tests	2026-07-30T06:32:15.2893290Z [mjs module] command-stream module import ...
Test on deno (macos-latest)	Run Deno tests	2026-07-30T06:32:15.3183620Z ^[[0m^[[32mDownload^[[0m https://esm.sh/command-stream@latest
Test on deno (macos-latest)	Run Deno tests	2026-07-30T06:32:15.3408860Z ^[[0m^[[32mDownload^[[0m https://esm.sh/command-stream@0.17.2
Test on deno (macos-latest)	Run Deno tests	2026-07-30T06:32:15.3559340Z ^[[0m^[[32mDownload^[[0m https://esm.sh/command-stream@0.17.2/denonext/command-stream.mjs
Test on deno (macos-latest)	Run Deno tests	2026-07-30T06:32:15.3826450Z ^[[0m^[[32mDownload^[[0m https://esm.sh/command-stream@0.17.2/denonext/src/commands/index.mjs
Test on deno (macos-latest)	Run Deno tests	2026-07-30T06:32:15.3827500Z ^[[0m^[[32mDownload^[[0m https://esm.sh/command-stream@0.17.2/denonext/src/$.stream-utils.mjs
Test on deno (macos-latest)	Run Deno tests	2026-07-30T06:32:15.3828280Z ^[[0m^[[32mDownload^[[0m https://esm.sh/@resvg/resvg-js@^2.6.2?target=denonext
Test on deno (macos-latest)	Run Deno tests	2026-07-30T06:32:15.3829060Z ^[[0m^[[32mDownload^[[0m https://esm.sh/gifenc@^1.0.3?target=denonext
Test on deno (macos-latest)	Run Deno tests	2026-07-30T06:32:15.3829570Z ^[[0m^[[32mDownload^[[0m https://esm.sh/@xterm/headless@^6.0.0?target=denonext
Test on deno (macos-latest)	Run Deno tests	2026-07-30T06:32:15.4019060Z ^[[0m^[[32mDownload^[[0m https://esm.sh/@resvg/resvg-js@2.6.2?target=denonext
Test on deno (macos-latest)	Run Deno tests	2026-07-30T06:32:15.4019660Z ^[[0m^[[32mDownload^[[0m https://esm.sh/gifenc@1.0.3?target=denonext
Test on deno (macos-latest)	Run Deno tests	2026-07-30T06:32:15.4020180Z ^[[0m^[[32mDownload^[[0m https://esm.sh/@xterm/headless@6.0.0?target=denonext
Test on deno (macos-latest)	Run Deno tests	2026-07-30T06:32:15.4643870Z ^[[0m^[[32mDownload^[[0m https://esm.sh/@resvg/resvg-js-android-arm-eabi?target=denonext
Test on deno (macos-latest)	Run Deno tests	2026-07-30T06:32:15.4645050Z ^[[0m^[[32mDownload^[[0m https://esm.sh/@resvg/resvg-js-android-arm64?target=denonext
Test on deno (macos-latest)	Run Deno tests	2026-07-30T06:32:15.4658300Z ^[[0m^[[32mDownload^[[0m https://esm.sh/@resvg/resvg-js-darwin-arm64?target=denonext
Test on deno (macos-latest)	Run Deno tests	2026-07-30T06:32:15.4659200Z ^[[0m^[[32mDownload^[[0m https://esm.sh/@resvg/resvg-js-darwin-universal?target=denonext
Test on deno (macos-latest)	Run Deno tests	2026-07-30T06:32:15.4660090Z ^[[0m^[[32mDownload^[[0m https://esm.sh/@resvg/resvg-js-darwin-x64?target=denonext
Test on deno (macos-latest)	Run Deno tests	2026-07-30T06:32:15.4660990Z ^[[0m^[[32mDownload^[[0m https://esm.sh/@resvg/resvg-js-freebsd-x64?target=denonext
Test on deno (macos-latest)	Run Deno tests	2026-07-30T06:32:15.4662030Z ^[[0m^[[32mDownload^[[0m https://esm.sh/@resvg/resvg-js-linux-arm-gnueabihf?target=denonext
Test on deno (macos-latest)	Run Deno tests	2026-07-30T06:32:15.4663040Z ^[[0m^[[32mDownload^[[0m https://esm.sh/@resvg/resvg-js-linux-arm64-gnu?target=denonext
Test on deno (macos-latest)	Run Deno tests	2026-07-30T06:32:15.4663950Z ^[[0m^[[32mDownload^[[0m https://esm.sh/@resvg/resvg-js-linux-arm64-musl?target=denonext
Test on deno (macos-latest)	Run Deno tests	2026-07-30T06:32:15.4664890Z ^[[0m^[[32mDownload^[[0m https://esm.sh/@resvg/resvg-js-linux-riscv64-gnu?target=denonext
Test on deno (macos-latest)	Run Deno tests	2026-07-30T06:32:15.4665900Z ^[[0m^[[32mDownload^[[0m https://esm.sh/@resvg/resvg-js-linux-riscv64-musl?target=denonext
Test on deno (macos-latest)	Run Deno tests	2026-07-30T06:32:15.4666880Z ^[[0m^[[32mDownload^[[0m https://esm.sh/@resvg/resvg-js-linux-s390x-gnu?target=denonext
Test on deno (macos-latest)	Run Deno tests	2026-07-30T06:32:15.4667770Z ^[[0m^[[32mDownload^[[0m https://esm.sh/@resvg/resvg-js-linux-x64-gnu?target=denonext
Test on deno (macos-latest)	Run Deno tests	2026-07-30T06:32:15.4668660Z ^[[0m^[[32mDownload^[[0m https://esm.sh/@resvg/resvg-js-linux-x64-musl?target=denonext
Test on deno (macos-latest)	Run Deno tests	2026-07-30T06:32:15.4669560Z ^[[0m^[[32mDownload^[[0m https://esm.sh/@resvg/resvg-js-win32-arm64-msvc?target=denonext
Test on deno (macos-latest)	Run Deno tests	2026-07-30T06:32:15.4670570Z ^[[0m^[[32mDownload^[[0m https://esm.sh/@resvg/resvg-js-win32-ia32-msvc?target=denonext
Test on deno (macos-latest)	Run Deno tests	2026-07-30T06:32:15.4671450Z ^[[0m^[[32mDownload^[[0m https://esm.sh/@resvg/resvg-js-win32-x64-msvc?target=denonext
Test on deno (macos-latest)	Run Deno tests	2026-07-30T06:32:15.4672330Z ^[[0m^[[32mDownload^[[0m https://esm.sh/@resvg/resvg-js@2.6.2/denonext/resvg-js.mjs
Test on deno (macos-latest)	Run Deno tests	2026-07-30T06:32:15.4673120Z ^[[0m^[[32mDownload^[[0m https://esm.sh/gifenc@1.0.3/denonext/gifenc.mjs
Test on deno (macos-latest)	Run Deno tests	2026-07-30T06:32:15.4673940Z ^[[0m^[[32mDownload^[[0m https://esm.sh/@xterm/headless@6.0.0/denonext/headless.mjs
Test on deno (macos-latest)	Run Deno tests	2026-07-30T06:32:15.4879320Z ^[[0m^[[32mDownload^[[0m https://esm.sh/@resvg/resvg-js-android-arm-eabi@2.6.2?target=denonext
Test on deno (macos-latest)	Run Deno tests	2026-07-30T06:32:15.4880600Z ^[[0m^[[32mDownload^[[0m https://esm.sh/@resvg/resvg-js-android-arm64@2.6.2?target=denonext
Test on deno (macos-latest)	Run Deno tests	2026-07-30T06:32:15.4881720Z ^[[0m^[[32mDownload^[[0m https://esm.sh/@resvg/resvg-js-darwin-arm64@2.6.2?target=denonext
Test on deno (macos-latest)	Run Deno tests	2026-07-30T06:32:15.4883270Z ^[[0m^[[32mDownload^[[0m https://esm.sh/@resvg/resvg-js-darwin-x64@2.6.2?target=denonext
Test on deno (macos-latest)	Run Deno tests	2026-07-30T06:32:15.4884980Z ^[[0m^[[32mDownload^[[0m https://esm.sh/@resvg/resvg-js-freebsd-x64@1.0.0?target=denonext
Test on deno (macos-latest)	Run Deno tests	2026-07-30T06:32:15.4886130Z ^[[0m^[[32mDownload^[[0m https://esm.sh/@resvg/resvg-js-linux-arm-gnueabihf@2.6.2?target=denonext
Test on deno (macos-latest)	Run Deno tests	2026-07-30T06:32:15.4887800Z ^[[0m^[[32mDownload^[[0m https://esm.sh/@resvg/resvg-js-linux-arm64-gnu@2.6.2?target=denonext
Test on deno (macos-latest)	Run Deno tests	2026-07-30T06:32:15.4889460Z ^[[0m^[[32mDownload^[[0m https://esm.sh/@resvg/resvg-js-linux-arm64-musl@2.6.2?target=denonext
Test on deno (macos-latest)	Run Deno tests	2026-07-30T06:32:15.4918230Z ^[[0m^[[32mDownload^[[0m https://esm.sh/@resvg/resvg-js-linux-x64-gnu@2.6.2?target=denonext
Test on deno (macos-latest)	Run Deno tests	2026-07-30T06:32:15.4936750Z ^[[0m^[[32mDownload^[[0m https://esm.sh/@resvg/resvg-js-linux-x64-musl@2.6.2?target=denonext
Test on deno (macos-latest)	Run Deno tests	2026-07-30T06:32:15.4937990Z ^[[0m^[[32mDownload^[[0m https://esm.sh/@resvg/resvg-js-win32-arm64-msvc@2.6.2?target=denonext
Test on deno (macos-latest)	Run Deno tests	2026-07-30T06:32:15.4939530Z ^[[0m^[[32mDownload^[[0m https://esm.sh/@resvg/resvg-js-win32-ia32-msvc@2.6.2?target=denonext
Test on deno (macos-latest)	Run Deno tests	2026-07-30T06:32:15.4940570Z ^[[0m^[[32mDownload^[[0m https://esm.sh/@resvg/resvg-js-win32-x64-msvc@2.6.2?target=denonext
Test on deno (macos-latest)	Run Deno tests	2026-07-30T06:32:16.0676100Z   [mjs module] Direct ESM Import ... ^[[0m^[[32mok^[[0m ^[[0m^[[38;5;245m(778ms)^[[0m
Test on deno (macos-latest)	Run Deno tests	2026-07-30T06:32:16.0715320Z   [mjs module] Dynamic ESM Import of CJS ... ^[[0m^[[32mok^[[0m ^[[0m^[[38;5;245m(4ms)^[[0m
Test on deno (macos-latest)	Run Deno tests	2026-07-30T06:32:16.0718800Z   [mjs module] Dynamic ESM Import of MJS ... ^[[0m^[[32mok^[[0m ^[[0m^[[38;5;245m(0ms)^[[0m
Test on deno (macos-latest)	Run Deno tests	2026-07-30T06:32:16.0769820Z [mjs module] command-stream module import ... ^[[0m^[[32mok^[[0m ^[[0m^[[38;5;245m(787ms)^[[0m
Test on deno (macos-latest)	Run Deno tests	2026-07-30T06:32:16.1059050Z ^[[0m^[[38;5;245mrunning 1 test from ./tests/deno-support.test.mjs^[[0m
Test on deno (macos-latest)	Run Deno tests	2026-07-30T06:32:16.1065070Z [mjs module] Deno support ...
Test on deno (macos-latest)	Run Deno tests	2026-07-30T06:32:16.1070310Z   [mjs module] Deno resolver should resolve npm packages to esm.sh ... ^[[0m^[[32mok^[[0m ^[[0m^[[38;5;245m(0ms)^[[0m
Test on deno (macos-latest)	Run Deno tests	2026-07-30T06:32:16.1075070Z   [mjs module] Deno resolver should handle scoped packages ... ^[[0m^[[32mok^[[0m ^[[0m^[[38;5;245m(0ms)^[[0m
Test on deno (macos-latest)	Run Deno tests	2026-07-30T06:32:16.1076920Z   [mjs module] Deno resolver should handle module paths ... ^[[0m^[[32mok^[[0m ^[[0m^[[38;5;245m(0ms)^[[0m
Test on deno (macos-latest)	Run Deno tests	2026-07-30T06:32:16.1078640Z   [mjs module] Deno resolver should handle latest version ... ^[[0m^[[32mok^[[0m ^[[0m^[[38;5;245m(0ms)^[[0m
Test on deno (macos-latest)	Run Deno tests	2026-07-30T06:32:16.1291470Z   [mjs module] makeUse should detect Deno runtime when Deno global is present ... ^[[0m^[[32mok^[[0m ^[[0m^[[38;5;245m(21ms)^[[0m
Test on deno (macos-latest)	Run Deno tests	2026-07-30T06:32:16.1292480Z   [mjs module] Deno resolver should work with complex package names ... ^[[0m^[[32mok^[[0m ^[[0m^[[38;5;245m(0ms)^[[0m
Test on deno (macos-latest)	Run Deno tests	2026-07-30T06:32:16.1293780Z   [mjs module] Deno resolver should handle packages without versions ... ^[[0m^[[32mok^[[0m ^[[0m^[[38;5;245m(0ms)^[[0m
Test on deno (macos-latest)	Run Deno tests	2026-07-30T06:32:16.1295640Z   [mjs module] makeUse with explicit deno resolver ... ^[[0m^[[32mok^[[0m ^[[0m^[[38;5;245m(0ms)^[[0m
Test on deno (macos-latest)	Run Deno tests	2026-07-30T06:32:16.1364180Z [mjs module] Deno support ... ^[[0m^[[32mok^[[0m ^[[0m^[[38;5;245m(30ms)^[[0m
Test on deno (macos-latest)	Run Deno tests	2026-07-30T06:32:16.1855320Z ^[[0m^[[38;5;245mrunning 1 test from ./tests/esm-sh-polyfill-browser.test.mjs^[[0m
Test on deno (macos-latest)	Run Deno tests	2026-07-30T06:32:16.1860530Z [mjs module] esm.sh browser polyfill handling ...
Test on deno (macos-latest)	Run Deno tests	2026-07-30T06:32:16.1861260Z   Browser tests are skipped in Deno environment ... ^[[0m^[[33mignored^[[0m ^[[0m^[[38;5;245m(0ms)^[[0m
Test on deno (macos-latest)	Run Deno tests	2026-07-30T06:32:16.1862330Z [mjs module] esm.sh browser polyfill handling ... ^[[0m^[[32mok^[[0m ^[[0m^[[38;5;245m(706µs)^[[0m
Test on deno (macos-latest)	Run Deno tests	2026-07-30T06:32:16.2355430Z ^[[0m^[[38;5;245mrunning 2 tests from ./tests/fallback.test.mjs^[[0m
Test on deno (macos-latest)	Run Deno tests	2026-07-30T06:32:16.2656180Z [mjs module] loadWithFallback (shared engine) ...
Test on deno (macos-latest)	Run Deno tests	2026-07-30T06:32:16.2858410Z   [mjs module] returns the first source's result without trying later ones ... ^[[0m^[[32mok^[[0m ^[[0m^[[38;5;245m(1ms)^[[0m
Test on deno (macos-latest)	Run Deno tests	2026-07-30T06:32:16.3259510Z   [mjs module] falls back to a later source when earlier ones fail ... ^[[0m^[[32mok^[[0m ^[[0m^[[38;5;245m(1ms)^[[0m
Test on deno (macos-latest)	Run Deno tests	2026-07-30T06:32:16.3662160Z   [mjs module] retries a flaky source before succeeding ... ^[[0m^[[32mok^[[0m ^[[0m^[[38;5;245m(0ms)^[[0m
Test on deno (macos-latest)	Run Deno tests	2026-07-30T06:32:16.4065600Z   [mjs module] throws ONE aggregated error listing every attempt ... ^[[0m^[[32mok^[[0m ^[[0m^[[38;5;245m(0ms)^[[0m
Test on deno (macos-latest)	Run Deno tests	2026-07-30T06:32:16.4462150Z   [mjs module] rejects empty or non-array sources ... ^[[0m^[[32mok^[[0m ^[[0m^[[38;5;245m(1ms)^[[0m
Test on deno (macos-latest)	Run Deno tests	2026-07-30T06:32:16.4466640Z   [mjs module] rejects a missing load function ... ^[[0m^[[32mok^[[0m ^[[0m^[[38;5;245m(0ms)^[[0m
Test on deno (macos-latest)	Run Deno tests	2026-07-30T06:32:16.4470500Z [mjs module] loadWithFallback (shared engine) ... ^[[0m^[[32mok^[[0m ^[[0m^[[38;5;245m(211ms)^[[0m
Test on deno (macos-latest)	Run Deno tests	2026-07-30T06:32:16.4471490Z [mjs module] makeUse per-package CDN fallback ...
Test on deno (macos-latest)	Run Deno tests	2026-07-30T06:32:16.4711250Z   [mjs module] falls back to the next mirror when one import fails ... ^[[0m^[[32mok^[[0m ^[[0m^[[38;5;245m(23ms)^[[0m
Test on deno (macos-latest)	Run Deno tests	2026-07-30T06:32:16.4756890Z   [mjs module] throws a clear aggregated error when every mirror fails ... ^[[0m^[[32mok^[[0m ^[[0m^[[38;5;245m(1ms)^[[0m
Test on deno (macos-latest)	Run Deno tests	2026-07-30T06:32:16.4773360Z   [mjs module] a single explicit resolver imports directly with its raw error (no aggregation) ... ^[[0m^[[32mok^[[0m ^[[0m^[[38;5;245m(1ms)^[[0m
Test on deno (macos-latest)	Run Deno tests	2026-07-30T06:32:16.4780800Z   [mjs module] a single-entry specifierResolvers chain also imports directly ... ^[[0m^[[32mok^[[0m ^[[0m^[[38;5;245m(0ms)^[[0m
Test on deno (macos-latest)	Run Deno tests	2026-07-30T06:32:16.4781980Z   [mjs module] exposes the default mirror chains ... ^[[0m^[[32mok^[[0m ^[[0m^[[38;5;245m(0ms)^[[0m
Test on deno (macos-latest)	Run Deno tests	2026-07-30T06:32:16.4865190Z [mjs module] makeUse per-package CDN fallback ... ^[[0m^[[32mok^[[0m ^[[0m^[[38;5;245m(39ms)^[[0m
Test on deno (macos-latest)	Run Deno tests	2026-07-30T06:32:16.5289200Z ^[[0m^[[38;5;245mrunning 3 tests from ./tests/filename.test.mjs^[[0m
Test on deno (macos-latest)	Run Deno tests	2026-07-30T06:32:16.5301070Z [mjs module] scriptPath detection in ESM (functional) ...
Test on deno (macos-latest)	Run Deno tests	2026-07-30T06:32:16.5475910Z   [mjs module] default pathResolver resolves modules relative to use.mjs ... ^[[0m^[[32mok^[[0m ^[[0m^[[38;5;245m(17ms)^[[0m
Test on deno (macos-latest)	Run Deno tests	2026-07-30T06:32:16.5483290Z   [mjs module] override scriptPath resolves relative to provided path ... ^[[0m^[[32mok^[[0m ^[[0m^[[38;5;245m(1ms)^[[0m
Test on deno (macos-latest)	Run Deno tests	2026-07-30T06:32:16.5766190Z [mjs module] scriptPath detection in ESM (functional) ... ^[[0m^[[32mok^[[0m ^[[0m^[[38;5;245m(27ms)^[[0m
Test on deno (macos-latest)	Run Deno tests	2026-07-30T06:32:16.6068470Z [mjs module] scriptPath detection in ESM (createRequire fallback) ...
Test on deno (macos-latest)	Run Deno tests	2026-07-30T06:32:16.6270790Z   [mjs module] fallback default resolves modules relative to use.mjs ... ^[[0m^[[32mok^[[0m ^[[0m^[[38;5;245m(0ms)^[[0m
Test on deno (macos-latest)	Run Deno tests	2026-07-30T06:32:16.6672340Z   [mjs module] fallback explicit scriptPath resolves relative to provided path ... ^[[0m^[[32mok^[[0m ^[[0m^[[38;5;245m(0ms)^[[0m
Test on deno (macos-latest)	Run Deno tests	2026-07-30T06:32:16.7075000Z   [mjs module] fallback meta override changes pathResolver behavior in ESM ... ^[[0m^[[32mok^[[0m ^[[0m^[[38;5;245m(0ms)^[[0m
Test on deno (macos-latest)	Run Deno tests	2026-07-30T06:32:16.7637260Z [mjs module] scriptPath detection in ESM (createRequire fallback) ... ^[[0m^[[32mok^[[0m ^[[0m^[[38;5;245m(178ms)^[[0m
Test on deno (macos-latest)	Run Deno tests	2026-07-30T06:32:16.7687580Z [mjs module] scriptPath detection in ESM (meta URL) ...
Test on deno (macos-latest)	Run Deno tests	2026-07-30T06:32:16.7731270Z   [mjs module] meta override resolves modules relative to provided meta URL (use.js) ... ^[[0m^[[32mok^[[0m ^[[0m^[[38;5;245m(1ms)^[[0m
Test on deno (macos-latest)	Run Deno tests	2026-07-30T06:32:16.7786020Z [mjs module] scriptPath detection in ESM (meta URL) ... ^[[0m^[[32mok^[[0m ^[[0m^[[38;5;245m(13ms)^[[0m
Test on deno (macos-latest)	Run Deno tests	2026-07-30T06:32:16.8201510Z ^[[0m^[[38;5;245mrunning 1 test from ./tests/fs-promises.test.mjs^[[0m
Test on deno (macos-latest)	Run Deno tests	2026-07-30T06:32:16.8208270Z mjs module fs/promises support ...
Test on deno (macos-latest)	Run Deno tests	2026-07-30T06:32:16.8554010Z   mjs module fs/promises should return promise-based functions ... ^[[0m^[[32mok^[[0m ^[[0m^[[38;5;245m(35ms)^[[0m
Test on deno (macos-latest)	Run Deno tests	2026-07-30T06:32:16.8609710Z   mjs module fs/promises should work functionally ... ^[[0m^[[32mok^[[0m ^[[0m^[[38;5;245m(5ms)^[[0m
Test on deno (macos-latest)	Run Deno tests	2026-07-30T06:32:16.8617650Z   mjs module fs/promises should differ from regular fs ... ^[[0m^[[32mok^[[0m ^[[0m^[[38;5;245m(1ms)^[[0m
Test on deno (macos-latest)	Run Deno tests	2026-07-30T06:32:16.8681080Z mjs module fs/promises support ... ^[[0m^[[32mok^[[0m ^[[0m^[[38;5;245m(47ms)^[[0m
Test on deno (macos-latest)	Run Deno tests	2026-07-30T06:32:16.8927620Z ^[[0m^[[38;5;245mrunning 1 test from ./tests/get-script-url.test.mjs^[[0m
Test on deno (macos-latest)	Run Deno tests	2026-07-30T06:32:16.8933950Z [mjs module] import.meta.url workaround ...
Test on deno (macos-latest)	Run Deno tests	2026-07-30T06:32:16.9104430Z   [mjs module] scriptUrl matches import.meta.url ... ^[[0m^[[32mok^[[0m ^[[0m^[[38;5;245m(17ms)^[[0m
Test on deno (macos-latest)	Run Deno tests	2026-07-30T06:32:16.9108080Z   [mjs module] scriptUrl matches import.meta.url in eval ... ^[[0m^[[32mok^[[0m ^[[0m^[[38;5;245m(0ms)^[[0m
Test on deno (macos-latest)	Run Deno tests	2026-07-30T06:32:16.9109630Z [mjs module] import.meta.url workaround ... ^[[0m^[[32mok^[[0m ^[[0m^[[38;5;245m(18ms)^[[0m
Test on deno (macos-latest)	Run Deno tests	2026-07-30T06:32:16.9361320Z ^[[0m^[[38;5;245mrunning 1 test from ./tests/import.test.mjs^[[0m
Test on deno (macos-latest)	Run Deno tests	2026-07-30T06:32:16.9367150Z [mjs module] dynamic import support ...
Test on deno (macos-latest)	Run Deno tests	2026-07-30T06:32:16.9454500Z   [mjs module] supportsDynamicImport returns true in .mjs file ... ^[[0m^[[32mok^[[0m ^[[0m^[[38;5;245m(9ms)^[[0m
Test on deno (macos-latest)	Run Deno tests	2026-07-30T06:32:16.9455260Z [mjs module] dynamic import support ... ^[[0m^[[32mok^[[0m ^[[0m^[[38;5;245m(9ms)^[[0m
Test on deno (macos-latest)	Run Deno tests	2026-07-30T06:32:17.0233690Z ^[[0m^[[38;5;245mrunning 3 tests from ./tests/load.test.mjs^[[0m
Test on deno (macos-latest)	Run Deno tests	2026-07-30T06:32:17.0515190Z [mjs module] looksLikeUseModule ...
Test on deno (macos-latest)	Run Deno tests	2026-07-30T06:32:17.0568000Z   [mjs module] accepts the real shipped use.js ... ^[[0m^[[32mok^[[0m ^[[0m^[[38;5;245m(2ms)^[[0m
Test on deno (macos-latest)	Run Deno tests	2026-07-30T06:32:17.0580870Z   [mjs module] accepts a long module-like body ... ^[[0m^[[32mok^[[0m ^[[0m^[[38;5;245m(0ms)^[[0m
Test on deno (macos-latest)	Run Deno tests	2026-07-30T06:32:17.0583740Z   [mjs module] rejects common CDN plain-text error bodies ... ^[[0m^[[32mok^[[0m ^[[0m^[[38;5;245m(0ms)^[[0m
Test on deno (macos-latest)	Run Deno tests	2026-07-30T06:32:17.0585210Z   [mjs module] rejects HTML error pages ... ^[[0m^[[32mok^[[0m ^[[0m^[[38;5;245m(0ms)^[[0m
Test on deno (macos-latest)	Run Deno tests	2026-07-30T06:32:17.0586720Z   [mjs module] rejects empty, whitespace, short, and non-string input ... ^[[0m^[[32mok^[[0m ^[[0m^[[38;5;245m(0ms)^[[0m
Test on deno (macos-latest)	Run Deno tests	2026-07-30T06:32:17.0589150Z [mjs module] looksLikeUseModule ... ^[[0m^[[32mok^[[0m ^[[0m^[[38;5;245m(35ms)^[[0m
Test on deno (macos-latest)	Run Deno tests	2026-07-30T06:32:17.0589650Z [mjs module] DEFAULT_SOURCES ...
Test on deno (macos-latest)	Run Deno tests	2026-07-30T06:32:17.0594450Z   [mjs module] lists unpkg, jsDelivr and esm.sh in priority order ... ^[[0m^[[32mok^[[0m ^[[0m^[[38;5;245m(1ms)^[[0m
Test on deno (macos-latest)	Run Deno tests	2026-07-30T06:32:17.0595280Z [mjs module] DEFAULT_SOURCES ... ^[[0m^[[32mok^[[0m ^[[0m^[[38;5;245m(550µs)^[[0m
Test on deno (macos-latest)	Run Deno tests	2026-07-30T06:32:17.0595870Z [mjs module] loadUseM ...
Test on deno (macos-latest)	Run Deno tests	2026-07-30T06:32:17.0603660Z   [mjs module] resolves the use object from the first working source ... ^[[0m^[[32mok^[[0m ^[[0m^[[38;5;245m(1ms)^[[0m
Test on deno (macos-latest)	Run Deno tests	2026-07-30T06:32:17.0615730Z   [mjs module] evaluates the real shipped use.js into a working module ... ^[[0m^[[32mok^[[0m ^[[0m^[[38;5;245m(1ms)^[[0m
Test on deno (macos-latest)	Run Deno tests	2026-07-30T06:32:17.0620230Z   [mjs module] falls back to a later mirror when earlier ones fail ... ^[[0m^[[32mok^[[0m ^[[0m^[[38;5;245m(0ms)^[[0m
Test on deno (macos-latest)	Run Deno tests	2026-07-30T06:32:17.0622740Z   [mjs module] retries a flaky source before succeeding ... ^[[0m^[[32mok^[[0m ^[[0m^[[38;5;245m(1ms)^[[0m
Test on deno (macos-latest)	Run Deno tests	2026-07-30T06:32:17.0627480Z   [mjs module] throws a clear aggregated error (not SyntaxError) when every source fails ... ^[[0m^[[32mok^[[0m ^[[0m^[[38;5;245m(0ms)^[[0m
Test on deno (macos-latest)	Run Deno tests	2026-07-30T06:32:17.0631060Z   [mjs module] surfaces the HTTP status for non-ok responses ... ^[[0m^[[32mok^[[0m ^[[0m^[[38;5;245m(0ms)^[[0m
Test on deno (macos-latest)	Run Deno tests	2026-07-30T06:32:17.0632790Z   [mjs module] rejects when the evaluated module lacks a use function ... ^[[0m^[[32mok^[[0m ^[[0m^[[38;5;245m(0ms)^[[0m
Test on deno (macos-latest)	Run Deno tests	2026-07-30T06:32:17.0634970Z   [mjs module] does not let eval errors from a malformed body escape ... ^[[0m^[[32mok^[[0m ^[[0m^[[38;5;245m(0ms)^[[0m
Test on deno (macos-latest)	Run Deno tests	2026-07-30T06:32:17.0638980Z   [mjs module] reports a clear error when fetch is unavailable ... ^[[0m^[[32mok^[[0m ^[[0m^[[38;5;245m(0ms)^[[0m
Test on deno (macos-latest)	Run Deno tests	2026-07-30T06:32:17.0640790Z   [mjs module] honors a custom evaluate hook ... ^[[0m^[[32mok^[[0m ^[[0m^[[38;5;245m(0ms)^[[0m
Test on deno (macos-latest)	Run Deno tests	2026-07-30T06:32:17.1184000Z   [mjs module] times out a hanging request and reports it ... ^[[0m^[[32mok^[[0m ^[[0m^[[38;5;245m(54ms)^[[0m
Test on deno (macos-latest)	Run Deno tests	2026-07-30T06:32:17.1186740Z [mjs module] loadUseM ... ^[[0m^[[32mok^[[0m ^[[0m^[[38;5;245m(59ms)^[[0m
Test on deno (macos-latest)	Run Deno tests	2026-07-30T06:32:17.1963140Z ^[[0m^[[38;5;245mrunning 1 test from ./tests/loader.test.mjs^[[0m
Test on deno (macos-latest)	Run Deno tests	2026-07-30T06:32:17.2264640Z [mjs module] loader resolve hook ...
Test on deno (macos-latest)	Run Deno tests	2026-07-30T06:32:17.2466110Z   [mjs module] returns the default resolver's result when it succeeds ... ^[[0m^[[32mok^[[0m ^[[0m^[[38;5;245m(0ms)^[[0m
Test on deno (macos-latest)	Run Deno tests	2026-07-30T06:32:17.8623430Z   [mjs module] falls back to the npm resolver when the default resolver throws ... ^[[0m^[[32mok^[[0m ^[[0m^[[38;5;245m(604ms)^[[0m
Test on deno (macos-latest)	Run Deno tests	2026-07-30T06:32:18.2102160Z   [mjs module] surfaces a clear aggregated error when BOTH resolvers fail ... ^[[0m^[[32mok^[[0m ^[[0m^[[38;5;245m(335ms)^[[0m
Test on deno (macos-latest)	Run Deno tests	2026-07-30T06:32:18.2153160Z [mjs module] loader resolve hook ... ^[[0m^[[32mok^[[0m ^[[0m^[[38;5;245m(1s)^[[0m
Test on deno (macos-latest)	Run Deno tests	2026-07-30T06:32:18.2465240Z ^[[0m^[[38;5;245mrunning 1 test from ./tests/lodash.test.mjs^[[0m
Test on deno (macos-latest)	Run Deno tests	2026-07-30T06:32:18.2471320Z [mjs module] 'lodash' imports tests ...
Test on deno (macos-latest)	Run Deno tests	2026-07-30T06:32:18.2695590Z ^[[0m^[[32mDownload^[[0m https://esm.sh/lodash@latest
Test on deno (macos-latest)	Run Deno tests	2026-07-30T06:32:18.2935220Z ^[[0m^[[32mDownload^[[0m https://esm.sh/lodash@4.18.1
Test on deno (macos-latest)	Run Deno tests	2026-07-30T06:32:18.3089210Z ^[[0m^[[32mDownload^[[0m https://esm.sh/lodash@4.18.1/denonext/lodash.mjs
Test on deno (macos-latest)	Run Deno tests	2026-07-30T06:32:18.3410940Z   [mjs module] npm: lodash ... ^[[0m^[[32mok^[[0m ^[[0m^[[38;5;245m(93ms)^[[0m
Test on deno (macos-latest)	Run Deno tests	2026-07-30T06:32:18.3415920Z   [mjs module] npm: lodash@latest ... ^[[0m^[[32mok^[[0m ^[[0m^[[38;5;245m(0ms)^[[0m
Test on deno (macos-latest)	Run Deno tests	2026-07-30T06:32:18.3419700Z   [mjs module] npm: lodash@ ... ^[[0m^[[32mok^[[0m ^[[0m^[[38;5;245m(0ms)^[[0m
Test on deno (macos-latest)	Run Deno tests	2026-07-30T06:32:18.3424520Z ^[[0m^[[32mDownload^[[0m https://esm.sh/lodash@4.17.21
Test on deno (macos-latest)	Run Deno tests	2026-07-30T06:32:18.3579010Z ^[[0m^[[32mDownload^[[0m https://esm.sh/lodash@4.17.21/denonext/lodash.mjs
Test on deno (macos-latest)	Run Deno tests	2026-07-30T06:32:18.3973180Z   [mjs module] npm: lodash@4.17.21 ... ^[[0m^[[32mok^[[0m ^[[0m^[[38;5;245m(56ms)^[[0m
Test on deno (macos-latest)	Run Deno tests	2026-07-30T06:32:18.3978810Z ^[[0m^[[32mDownload^[[0m https://esm.sh/lodash@4.17.21/add
Test on deno (macos-latest)	Run Deno tests	2026-07-30T06:32:18.4134370Z ^[[0m^[[32mDownload^[[0m https://esm.sh/lodash@4.17.21/denonext/add.mjs
Test on deno (macos-latest)	Run Deno tests	2026-07-30T06:32:18.4339010Z   [mjs module] npm: lodash@4.17.21/add ... ^[[0m^[[32mok^[[0m ^[[0m^[[38;5;245m(36ms)^[[0m
Test on deno (macos-latest)	Run Deno tests	2026-07-30T06:32:18.4347280Z ^[[0m^[[32mDownload^[[0m https://esm.sh/lodash@4.17.21/add.js
Test on deno (macos-latest)	Run Deno tests	2026-07-30T06:32:18.4637440Z   [mjs module] npm: lodash@4.17.21/add.js ... ^[[0m^[[32mok^[[0m ^[[0m^[[38;5;245m(30ms)^[[0m
Test on deno (macos-latest)	Run Deno tests	2026-07-30T06:32:18.4642790Z ^[[0m^[[32mDownload^[[0m https://esm.sh/lodash@4.17.21/not-found.js
Test on deno (macos-latest)	Run Deno tests	2026-07-30T06:32:18.5056660Z   [mjs module] npm: lodash@4.17.21/not-found.js ... ^[[0m^[[32mok^[[0m ^[[0m^[[38;5;245m(42ms)^[[0m
Test on deno (macos-latest)	Run Deno tests	2026-07-30T06:32:18.5135080Z [mjs module] 'lodash' imports tests ... ^[[0m^[[32mok^[[0m ^[[0m^[[38;5;245m(266ms)^[[0m
Test on deno (macos-latest)	Run Deno tests	2026-07-30T06:32:18.5439170Z ^[[0m^[[38;5;245mrunning 1 test from ./tests/module-specifier.test.mjs^[[0m
Test on deno (macos-latest)	Run Deno tests	2026-07-30T06:32:18.5444960Z [mjs module] parseModuleSpecifier ...
Test on deno (macos-latest)	Run Deno tests	2026-07-30T06:32:18.5452420Z   [mjs module] parses package with name and version ... ^[[0m^[[32mok^[[0m ^[[0m^[[38;5;245m(1ms)^[[0m
Test on deno (macos-latest)	Run Deno tests	2026-07-30T06:32:18.5458210Z   [mjs module] parses scoped package with name and version ... ^[[0m^[[32mok^[[0m ^[[0m^[[38;5;245m(0ms)^[[0m
Test on deno (macos-latest)	Run Deno tests	2026-07-30T06:32:18.5459770Z   [mjs module] parses package with name, version, and inner path ... ^[[0m^[[32mok^[[0m ^[[0m^[[38;5;245m(0ms)^[[0m
Test on deno (macos-latest)	Run Deno tests	2026-07-30T06:32:18.5461310Z   [mjs module] parses package with name, version, and inner path with latest ... ^[[0m^[[32mok^[[0m ^[[0m^[[38;5;245m(1ms)^[[0m
Test on deno (macos-latest)	Run Deno tests	2026-07-30T06:32:18.5462790Z   [mjs module] parses scoped package with name, version, and inner path ... ^[[0m^[[32mok^[[0m ^[[0m^[[38;5;245m(0ms)^[[0m
Test on deno (macos-latest)	Run Deno tests	2026-07-30T06:32:18.5464260Z   [mjs module] parses package with name only ... ^[[0m^[[32mok^[[0m ^[[0m^[[38;5;245m(0ms)^[[0m
Test on deno (macos-latest)	Run Deno tests	2026-07-30T06:32:18.5465530Z   [mjs module] parses scoped package with name only ... ^[[0m^[[32mok^[[0m ^[[0m^[[38;5;245m(0ms)^[[0m
Test on deno (macos-latest)	Run Deno tests	2026-07-30T06:32:18.5466800Z   [mjs module] parses yargs@17.7.2/helpers ... ^[[0m^[[32mok^[[0m ^[[0m^[[38;5;245m(0ms)^[[0m
Test on deno (macos-latest)	Run Deno tests	2026-07-30T06:32:18.5468750Z   [mjs module] parses yargs@latest/helpers ... ^[[0m^[[32mok^[[0m ^[[0m^[[38;5;245m(0ms)^[[0m
Test on deno (macos-latest)	Run Deno tests	2026-07-30T06:32:18.5470240Z   [mjs module] parses yargs/helpers ... ^[[0m^[[32mok^[[0m ^[[0m^[[38;5;245m(0ms)^[[0m
Test on deno (macos-latest)	Run Deno tests	2026-07-30T06:32:18.5474970Z   [mjs module] throws error for invalid package identifier ... ^[[0m^[[32mok^[[0m ^[[0m^[[38;5;245m(0ms)^[[0m
Test on deno (macos-latest)	Run Deno tests	2026-07-30T06:32:18.5478680Z [mjs module] parseModuleSpecifier ... ^[[0m^[[32mok^[[0m ^[[0m^[[38;5;245m(3ms)^[[0m
Test on deno (macos-latest)	Run Deno tests	2026-07-30T06:32:18.5693550Z ^[[0m^[[38;5;245mrunning 1 test from ./tests/network-imports.test.mjs^[[0m
Test on deno (macos-latest)	Run Deno tests	2026-07-30T06:32:18.5698850Z [mjs module] imports using --experimental-network-imports ...
Test on deno (macos-latest)	Run Deno tests	2026-07-30T06:32:18.7671780Z   [mjs module] Import using --experimental-network-imports for CJS file ... ^[[0m^[[32mok^[[0m ^[[0m^[[38;5;245m(197ms)^[[0m
Test on deno (macos-latest)	Run Deno tests	2026-07-30T06:32:18.9369070Z   [mjs module] Import using --experimental-network-imports for MJS file ... ^[[0m^[[32mok^[[0m ^[[0m^[[38;5;245m(149ms)^[[0m
Test on deno (macos-latest)	Run Deno tests	2026-07-30T06:32:18.9416890Z [mjs module] imports using --experimental-network-imports ... ^[[0m^[[32mok^[[0m ^[[0m^[[38;5;245m(372ms)^[[0m
Test on deno (macos-latest)	Run Deno tests	2026-07-30T06:32:19.0047110Z ^[[0m^[[38;5;245mrunning 1 test from ./tests/npm-global-prefix.test.mjs^[[0m
Test on deno (macos-latest)	Run Deno tests	2026-07-30T06:32:19.0068730Z global ...
Test on deno (macos-latest)	Run Deno tests	2026-07-30T06:32:19.0073080Z   [mjs module] npm global prefix handling ...
Test on deno (macos-latest)	Run Deno tests	2026-07-30T06:32:19.0083050Z     [mjs module] redirects installs to use-m cache when npm global root is not writable ... ^[[0m^[[32mok^[[0m ^[[0m^[[38;5;245m(0ms)^[[0m
Test on deno (macos-latest)	Run Deno tests	2026-07-30T06:32:19.0093610Z     [mjs module] keeps the configured npm root when it is writable ... ^[[0m^[[32mok^[[0m ^[[0m^[[38;5;245m(0ms)^[[0m
Test on deno (macos-latest)	Run Deno tests	2026-07-30T06:32:19.0109050Z     [mjs module] respects an explicit npm_config_prefix override ... ^[[0m^[[32mok^[[0m ^[[0m^[[38;5;245m(1ms)^[[0m
Test on deno (macos-latest)	Run Deno tests	2026-07-30T06:32:19.0117290Z     [mjs module] retries transient npm install failures and removes partial aliases ... ^[[0m^[[32mok^[[0m ^[[0m^[[38;5;245m(0ms)^[[0m
Test on deno (macos-latest)	Run Deno tests	2026-07-30T06:32:19.0119750Z     [mjs module] reports captured npm output and cleans up after exhausted retries ... ^[[0m^[[32mok^[[0m ^[[0m^[[38;5;245m(0ms)^[[0m
Test on deno (macos-latest)	Run Deno tests	2026-07-30T06:32:19.0125400Z     [mjs module] gives corrupt-alias cleanup a recursive rm retry budget ... ^[[0m^[[32mok^[[0m ^[[0m^[[38;5;245m(0ms)^[[0m
Test on deno (macos-latest)	Run Deno tests	2026-07-30T06:32:19.0129050Z     [mjs module] repairs a truncated entry point and bypasses the cached syntax failure ... ^[[0m^[[32mok^[[0m ^[[0m^[[38;5;245m(0ms)^[[0m
Test on deno (macos-latest)	Run Deno tests	2026-07-30T06:32:19.0132390Z     [mjs module] repairs an alias missing an internal ESM dependency ... ^[[0m^[[32mok^[[0m ^[[0m^[[38;5;245m(0ms)^[[0m
Test on deno (macos-latest)	Run Deno tests	2026-07-30T06:32:19.0133850Z     [mjs module] repairs an alias with invalid package metadata ... ^[[0m^[[32mok^[[0m ^[[0m^[[38;5;245m(0ms)^[[0m
Test on deno (macos-latest)	Run Deno tests	2026-07-30T06:32:19.0135390Z     [mjs module] repairs an alias whose declared entry point is missing ... ^[[0m^[[32mok^[[0m ^[[0m^[[38;5;245m(0ms)^[[0m
Test on deno (macos-latest)	Run Deno tests	2026-07-30T06:32:19.0136520Z     [mjs module] does not reinstall for an unrelated unwrapped missing-module error ... ^[[0m^[[32mok^[[0m ^[[0m^[[38;5;245m(0ms)^[[0m
Test on deno (macos-latest)	Run Deno tests	2026-07-30T06:32:19.0164520Z   [mjs module] npm global prefix handling ... ^[[0m^[[32mok^[[0m ^[[0m^[[38;5;245m(8ms)^[[0m
Test on deno (macos-latest)	Run Deno tests	2026-07-30T06:32:19.0247910Z global ... ^[[0m^[[32mok^[[0m ^[[0m^[[38;5;245m(20ms)^[[0m
Test on deno (macos-latest)	Run Deno tests	2026-07-30T06:32:19.0627750Z ^[[0m^[[38;5;245mrunning 1 test from ./tests/relative-paths-browser.test.mjs^[[0m
Test on deno (macos-latest)	Run Deno tests	2026-07-30T06:32:19.0632810Z [mjs module] Relative path resolution in browser ...
Test on deno (macos-latest)	Run Deno tests	2026-07-30T06:32:19.0638330Z   Browser tests are skipped in Deno environment ... ^[[0m^[[33mignored^[[0m ^[[0m^[[38;5;245m(0ms)^[[0m
Test on deno (macos-latest)	Run Deno tests	2026-07-30T06:32:19.0647300Z [mjs module] Relative path resolution in browser ... ^[[0m^[[32mok^[[0m ^[[0m^[[38;5;245m(1ms)^[[0m
Test on deno (macos-latest)	Run Deno tests	2026-07-30T06:32:19.1189910Z ^[[0m^[[38;5;245mrunning 1 test from ./tests/relative-paths.integration.test.mjs^[[0m
Test on deno (macos-latest)	Run Deno tests	2026-07-30T06:32:19.1297090Z [mjs module] Relative Path Resolution (Integration) ...
Test on deno (macos-latest)	Run Deno tests	2026-07-30T06:32:19.1299470Z   [mjs module] relative paths should work when run directly with Node.js ...
Test on deno (macos-latest)	Run Deno tests	2026-07-30T06:32:19.1302280Z ^[[0m^[[38;5;245m------- post-test output -------^[[0m
Test on deno (macos-latest)	Run Deno tests	2026-07-30T06:32:19.1315050Z /Users/runner/work/use-m/use-m/tests
Test on deno (macos-latest)	Run Deno tests	2026-07-30T06:32:19.2053540Z Testing relative paths from tests directory...
Test on deno (macos-latest)	Run Deno tests	2026-07-30T06:32:19.2057420Z 
Test on deno (macos-latest)	Run Deno tests	2026-07-30T06:32:19.2058340Z 1. Testing ./browser-server/test-helper.js
Test on deno (macos-latest)	Run Deno tests	2026-07-30T06:32:19.2059380Z    ✓ Message: Helper module loaded
Test on deno (macos-latest)	Run Deno tests	2026-07-30T06:32:19.2059790Z 
Test on deno (macos-latest)	Run Deno tests	2026-07-30T06:32:19.2060070Z 2. Testing ./browser-server/test-data.json
Test on deno (macos-latest)	Run Deno tests	2026-07-30T06:32:19.2060460Z    ✓ Value: 123
Test on deno (macos-latest)	Run Deno tests	2026-07-30T06:32:19.2070670Z    ✓ Test: data
Test on deno (macos-latest)	Run Deno tests	2026-07-30T06:32:19.2070880Z 
Test on deno (macos-latest)	Run Deno tests	2026-07-30T06:32:19.2071060Z 3. Testing ../src/use.mjs
Test on deno (macos-latest)	Run Deno tests	2026-07-30T06:32:19.2071380Z    ✓ use function exists: true
Test on deno (macos-latest)	Run Deno tests	2026-07-30T06:32:19.2107640Z 
Test on deno (macos-latest)	Run Deno tests	2026-07-30T06:32:19.2109660Z 4. Testing ./browser-server/subfolder/nested.js
Test on deno (macos-latest)	Run Deno tests	2026-07-30T06:32:19.2113550Z    ✓ Nested: true Level: subfolder
Test on deno (macos-latest)	Run Deno tests	2026-07-30T06:32:19.2116390Z 
Test on deno (macos-latest)	Run Deno tests	2026-07-30T06:32:19.2120560Z 5. Testing ./browser-server/subfolder/nested-data.json
Test on deno (macos-latest)	Run Deno tests	2026-07-30T06:32:19.2122720Z    ✓ Level: nested Depth: 1
Test on deno (macos-latest)	Run Deno tests	2026-07-30T06:32:19.2147610Z 
Test on deno (macos-latest)	Run Deno tests	2026-07-30T06:32:19.2210830Z 6. Testing ../package.json
Test on deno (macos-latest)	Run Deno tests	2026-07-30T06:32:19.2211810Z    ✓ Package name: use-m
Test on deno (macos-latest)	Run Deno tests	2026-07-30T06:32:19.2212110Z 
Test on deno (macos-latest)	Run Deno tests	2026-07-30T06:32:19.2212360Z ✅ All direct tests passed!
Test on deno (macos-latest)	Run Deno tests	2026-07-30T06:32:19.2212530Z 
Test on deno (macos-latest)	Run Deno tests	2026-07-30T06:32:19.2212790Z ^[[0m^[[38;5;245m----- post-test output end -----^[[0m
Test on deno (macos-latest)	Run Deno tests	2026-07-30T06:32:19.2213370Z   [mjs module] relative paths should work when run directly with Node.js ... ^[[0m^[[32mok^[[0m ^[[0m^[[38;5;245m(85ms)^[[0m
Test on deno (macos-latest)	Run Deno tests	2026-07-30T06:32:19.2214120Z [mjs module] Relative Path Resolution (Integration) ... ^[[0m^[[32mok^[[0m ^[[0m^[[38;5;245m(91ms)^[[0m
Test on deno (macos-latest)	Run Deno tests	2026-07-30T06:32:19.2498000Z ^[[0m^[[38;5;245mrunning 1 test from ./tests/relative-paths.test.mjs^[[0m
Test on deno (macos-latest)	Run Deno tests	2026-07-30T06:32:19.2607490Z Relative Path Resolution ...
Test on deno (macos-latest)	Run Deno tests	2026-07-30T06:32:19.2697460Z   should import JS file from same directory using ./ ... ^[[0m^[[32mok^[[0m ^[[0m^[[38;5;245m(19ms)^[[0m
Test on deno (macos-latest)	Run Deno tests	2026-07-30T06:32:19.2715000Z   should import JSON file from same directory using ./ ... ^[[0m^[[32mok^[[0m ^[[0m^[[38;5;245m(1ms)^[[0m
Test on deno (macos-latest)	Run Deno tests	2026-07-30T06:32:19.2722750Z   should import JS file from parent directory using ../ ... ^[[0m^[[32mok^[[0m ^[[0m^[[38;5;245m(1ms)^[[0m
Test on deno (macos-latest)	Run Deno tests	2026-07-30T06:32:19.2729490Z   should import from subdirectory using ./subfolder/ ... ^[[0m^[[32mok^[[0m ^[[0m^[[38;5;245m(0ms)^[[0m
Test on deno (macos-latest)	Run Deno tests	2026-07-30T06:32:19.2735210Z   should import JSON from subdirectory ... ^[[0m^[[32mok^[[0m ^[[0m^[[38;5;245m(1ms)^[[0m
Test on deno (macos-latest)	Run Deno tests	2026-07-30T06:32:19.2740560Z   should handle complex relative paths (../) ... ^[[0m^[[32mok^[[0m ^[[0m^[[38;5;245m(0ms)^[[0m
Test on deno (macos-latest)	Run Deno tests	2026-07-30T06:32:19.2880510Z   should work with mixed relative and npm imports ... ^[[0m^[[32mok^[[0m ^[[0m^[[38;5;245m(13ms)^[[0m
Test on deno (macos-latest)	Run Deno tests	2026-07-30T06:32:19.2886370Z   should maintain correct context for nested relative imports ... ^[[0m^[[32mok^[[0m ^[[0m^[[38;5;245m(1ms)^[[0m
Test on deno (macos-latest)	Run Deno tests	2026-07-30T06:32:19.2963140Z Relative Path Resolution ... ^[[0m^[[32mok^[[0m ^[[0m^[[38;5;245m(46ms)^[[0m
Test on deno (macos-latest)	Run Deno tests	2026-07-30T06:32:19.3474200Z ^[[0m^[[38;5;245mrunning 1 test from ./tests/release-workflow-policy.test.mjs^[[0m
Test on deno (macos-latest)	Run Deno tests	2026-07-30T06:32:19.3479580Z release workflow policy ...
Test on deno (macos-latest)	Run Deno tests	2026-07-30T06:32:19.3487070Z   uses npm package metadata that matches registry and trusted publishing expectations ... ^[[0m^[[32mok^[[0m ^[[0m^[[38;5;245m(1ms)^[[0m
Test on deno (macos-latest)	Run Deno tests	2026-07-30T06:32:19.3495670Z   keeps CI and publishing in the trusted-publisher release workflow ... ^[[0m^[[32mok^[[0m ^[[0m^[[38;5;245m(1ms)^[[0m
Test on deno (macos-latest)	Run Deno tests	2026-07-30T06:32:19.3502350Z   publishes with npm trusted publishing instead of token auth ... ^[[0m^[[32mok^[[0m ^[[0m^[[38;5;245m(1ms)^[[0m
Test on deno (macos-latest)	Run Deno tests	2026-07-30T06:32:19.3506110Z   runs tests before publishing and preserves main-branch release runs ... ^[[0m^[[32mok^[[0m ^[[0m^[[38;5;245m(0ms)^[[0m
Test on deno (macos-latest)	Run Deno tests	2026-07-30T06:32:19.3508340Z   fails release runs when the package, tag, and GitHub release already exist ... ^[[0m^[[32mok^[[0m ^[[0m^[[38;5;245m(0ms)^[[0m
Test on deno (macos-latest)	Run Deno tests	2026-07-30T06:32:19.3510370Z   keeps dependency install logs quiet while auditing shipped dependencies ... ^[[0m^[[32mok^[[0m ^[[0m^[[38;5;245m(0ms)^[[0m
Test on deno (macos-latest)	Run Deno tests	2026-07-30T06:32:19.3512970Z   uses current action versions and explicit job timeouts ... ^[[0m^[[32mok^[[0m ^[[0m^[[38;5;245m(0ms)^[[0m
Test on deno (macos-latest)	Run Deno tests	2026-07-30T06:32:19.3515880Z   retries Deno network-import tests without hiding persistent failures ... ^[[0m^[[32mok^[[0m ^[[0m^[[38;5;245m(0ms)^[[0m
Test on deno (macos-latest)	Run Deno tests	2026-07-30T06:32:19.3525190Z release workflow policy ... ^[[0m^[[32mok^[[0m ^[[0m^[[38;5;245m(4ms)^[[0m
Test on deno (macos-latest)	Run Deno tests	2026-07-30T06:32:19.4044920Z ^[[0m^[[38;5;245mrunning 1 test from ./tests/resolvers.test.mjs^[[0m
Test on deno (macos-latest)	Run Deno tests	2026-07-30T06:32:19.4050570Z [mjs module] resolvers tests ...
Test on deno (macos-latest)	Run Deno tests	2026-07-30T06:32:19.5121830Z   [mjs module] npm resolver resolves package path ... ^[[0m^[[32mok^[[0m ^[[0m^[[38;5;245m(106ms)^[[0m
Test on deno (macos-latest)	Run Deno tests	2026-07-30T06:32:20.2613720Z   [mjs module] npm resolver resolves scoped package path for @octokit/core@6.1.5 ... ^[[0m^[[32mok^[[0m ^[[0m^[[38;5;245m(749ms)^[[0m
Test on deno (macos-latest)	Run Deno tests	2026-07-30T06:32:22.1952640Z   [mjs module] npm resolver resolves package path with version ... ^[[0m^[[32mok^[[0m ^[[0m^[[38;5;245m(1s)^[[0m
Test on deno (macos-latest)	Run Deno tests	2026-07-30T06:32:22.7030250Z   [mjs module] npm resolver resolves yargs/helpers ... ^[[0m^[[32mok^[[0m ^[[0m^[[38;5;245m(507ms)^[[0m
Test on deno (macos-latest)	Run Deno tests	2026-07-30T06:32:23.1659970Z   [mjs module] npm resolver resolves yargs@18.0.0/helpers ... ^[[0m^[[32mok^[[0m ^[[0m^[[38;5;245m(463ms)^[[0m
Test on deno (macos-latest)	Run Deno tests	2026-07-30T06:32:23.5214340Z   [mjs module] npm resolver resolves yargs@latest/helpers ... ^[[0m^[[32mok^[[0m ^[[0m^[[38;5;245m(349ms)^[[0m
Test on deno (macos-latest)	Run Deno tests	2026-07-30T06:32:23.5220140Z   [mjs module] skypack resolver resolves URL ... ^[[0m^[[32mok^[[0m ^[[0m^[[38;5;245m(0ms)^[[0m
Test on deno (macos-latest)	Run Deno tests	2026-07-30T06:32:23.5226480Z   [mjs module] skypack resolver resolves subpath ... ^[[0m^[[32mok^[[0m ^[[0m^[[38;5;245m(0ms)^[[0m
Test on deno (macos-latest)	Run Deno tests	2026-07-30T06:32:23.5228610Z   [mjs module] jsdelivr resolver resolves URL ... ^[[0m^[[32mok^[[0m ^[[0m^[[38;5;245m(0ms)^[[0m
Test on deno (macos-latest)	Run Deno tests	2026-07-30T06:32:23.5231170Z   [mjs module] jsdelivr resolver resolves subpath ... ^[[0m^[[32mok^[[0m ^[[0m^[[38;5;245m(0ms)^[[0m
Test on deno (macos-latest)	Run Deno tests	2026-07-30T06:32:23.5235160Z   [mjs module] unpkg resolver resolves URL ... ^[[0m^[[32mok^[[0m ^[[0m^[[38;5;245m(0ms)^[[0m
Test on deno (macos-latest)	Run Deno tests	2026-07-30T06:32:23.5236650Z   [mjs module] unpkg resolver resolves subpath ... ^[[0m^[[32mok^[[0m ^[[0m^[[38;5;245m(0ms)^[[0m
Test on deno (macos-latest)	Run Deno tests	2026-07-30T06:32:23.5246960Z   [mjs module] esm resolver resolves URL ... ^[[0m^[[32mok^[[0m ^[[0m^[[38;5;245m(0ms)^[[0m
Test on deno (macos-latest)	Run Deno tests	2026-07-30T06:32:23.5248640Z   [mjs module] esm resolver resolves subpath ... ^[[0m^[[32mok^[[0m ^[[0m^[[38;5;245m(0ms)^[[0m
Test on deno (macos-latest)	Run Deno tests	2026-07-30T06:32:23.5249590Z   [mjs module] jspm resolver resolves URL ... ^[[0m^[[32mok^[[0m ^[[0m^[[38;5;245m(0ms)^[[0m
Test on deno (macos-latest)	Run Deno tests	2026-07-30T06:32:23.5250760Z   [mjs module] jspm resolver resolves subpath ... ^[[0m^[[32mok^[[0m ^[[0m^[[38;5;245m(0ms)^[[0m
Test on deno (macos-latest)	Run Deno tests	2026-07-30T06:32:23.5251850Z   [mjs module] bun resolver resolves package path ... ^[[0m^[[32mok^[[0m ^[[0m^[[38;5;245m(0ms)^[[0m
Test on deno (macos-latest)	Run Deno tests	2026-07-30T06:32:23.5252970Z   [mjs module] bun resolver resolves scoped package path for @octokit/core@6.1.5 ... ^[[0m^[[32mok^[[0m ^[[0m^[[38;5;245m(0ms)^[[0m
Test on deno (macos-latest)	Run Deno tests	2026-07-30T06:32:23.5253740Z   [mjs module] bun resolver resolves yargs/helpers ... ^[[0m^[[32mok^[[0m ^[[0m^[[38;5;245m(0ms)^[[0m
Test on deno (macos-latest)	Run Deno tests	2026-07-30T06:32:23.5254730Z   [mjs module] bun resolver resolves yargs@latest/helpers ... ^[[0m^[[32mok^[[0m ^[[0m^[[38;5;245m(0ms)^[[0m
Test on deno (macos-latest)	Run Deno tests	2026-07-30T06:32:23.5303100Z [mjs module] resolvers tests ... ^[[0m^[[32mok^[[0m ^[[0m^[[38;5;245m(4s)^[[0m
Test on deno (macos-latest)	Run Deno tests	2026-07-30T06:32:23.5801210Z ^[[0m^[[38;5;245mrunning 1 test from ./tests/root-entries.test.mjs^[[0m
Test on deno (macos-latest)	Run Deno tests	2026-07-30T06:32:23.5806430Z [mjs module] root entry mirrors ...
Test on deno (macos-latest)	Run Deno tests	2026-07-30T06:32:23.5812550Z   [mjs module] mirrors exactly src/use.js, src/use.cjs and src/use.mjs ... ^[[0m^[[32mok^[[0m ^[[0m^[[38;5;245m(1ms)^[[0m
Test on deno (macos-latest)	Run Deno tests	2026-07-30T06:32:23.5818410Z   [mjs module] use.js exists at the package root ... ^[[0m^[[32mok^[[0m ^[[0m^[[38;5;245m(0ms)^[[0m
Test on deno (macos-latest)	Run Deno tests	2026-07-30T06:32:23.5833380Z   [mjs module] root use.js is in sync with src/use.js ... ^[[0m^[[32mok^[[0m ^[[0m^[[38;5;245m(2ms)^[[0m
Test on deno (macos-latest)	Run Deno tests	2026-07-30T06:32:23.5838940Z   [mjs module] root use.js contains the full src/use.js body ... ^[[0m^[[32mok^[[0m ^[[0m^[[38;5;245m(0ms)^[[0m
Test on deno (macos-latest)	Run Deno tests	2026-07-30T06:32:23.5840590Z   [mjs module] use.cjs exists at the package root ... ^[[0m^[[32mok^[[0m ^[[0m^[[38;5;245m(0ms)^[[0m
Test on deno (macos-latest)	Run Deno tests	2026-07-30T06:32:23.5849210Z   [mjs module] root use.cjs is in sync with src/use.cjs ... ^[[0m^[[32mok^[[0m ^[[0m^[[38;5;245m(0ms)^[[0m
Test on deno (macos-latest)	Run Deno tests	2026-07-30T06:32:23.5856140Z   [mjs module] root use.cjs contains the full src/use.cjs body ... ^[[0m^[[32mok^[[0m ^[[0m^[[38;5;245m(1ms)^[[0m
Test on deno (macos-latest)	Run Deno tests	2026-07-30T06:32:23.5858130Z   [mjs module] use.mjs exists at the package root ... ^[[0m^[[32mok^[[0m ^[[0m^[[38;5;245m(0ms)^[[0m
Test on deno (macos-latest)	Run Deno tests	2026-07-30T06:32:23.5867670Z   [mjs module] root use.mjs is in sync with src/use.mjs ... ^[[0m^[[32mok^[[0m ^[[0m^[[38;5;245m(1ms)^[[0m
Test on deno (macos-latest)	Run Deno tests	2026-07-30T06:32:23.5871210Z   [mjs module] root use.mjs contains the full src/use.mjs body ... ^[[0m^[[32mok^[[0m ^[[0m^[[38;5;245m(1ms)^[[0m
Test on deno (macos-latest)	Run Deno tests	2026-07-30T06:32:23.5880680Z   [mjs module] root use.js eval()s to a working use function ... ^[[0m^[[32mok^[[0m ^[[0m^[[38;5;245m(0ms)^[[0m
Test on deno (macos-latest)	Run Deno tests	2026-07-30T06:32:23.5885580Z   [mjs module] the 404 "Not found" body is not a valid module body ... ^[[0m^[[32mok^[[0m ^[[0m^[[38;5;245m(0ms)^[[0m
Test on deno (macos-latest)	Run Deno tests	2026-07-30T06:32:23.5916110Z   [mjs module] root use.mjs imports to a working use function ... ^[[0m^[[32mok^[[0m ^[[0m^[[38;5;245m(3ms)^[[0m
Test on deno (macos-latest)	Run Deno tests	2026-07-30T06:32:23.5919980Z   [mjs module] package.json ships the root mirrors and keeps src canonical ... ^[[0m^[[32mok^[[0m ^[[0m^[[38;5;245m(0ms)^[[0m
Test on deno (macos-latest)	Run Deno tests	2026-07-30T06:32:23.5923690Z [mjs module] root entry mirrors ... ^[[0m^[[32mok^[[0m ^[[0m^[[38;5;245m(12ms)^[[0m
Test on deno (macos-latest)	Run Deno tests	2026-07-30T06:32:23.6408030Z ^[[0m^[[38;5;245mrunning 1 test from ./tests/script-sync.test.mjs^[[0m
Test on deno (macos-latest)	Run Deno tests	2026-07-30T06:32:23.6413150Z [mjs module] distributed script synchronization ...
Test on deno (macos-latest)	Run Deno tests	2026-07-30T06:32:23.6433010Z   [mjs module] npm recovery stays synchronized across mjs, cjs, and universal builds ... ^[[0m^[[32mok^[[0m ^[[0m^[[38;5;245m(2ms)^[[0m
Test on deno (macos-latest)	Run Deno tests	2026-07-30T06:32:23.6433950Z [mjs module] distributed script synchronization ... ^[[0m^[[32mok^[[0m ^[[0m^[[38;5;245m(2ms)^[[0m
Test on deno (macos-latest)	Run Deno tests	2026-07-30T06:32:23.6717080Z ^[[0m^[[38;5;245mrunning 1 test from ./tests/typescript.test.mjs^[[0m
Test on deno (macos-latest)	Run Deno tests	2026-07-30T06:32:23.6723390Z [mjs module] typescript ...
Test on deno (macos-latest)	Run Deno tests	2026-07-30T06:32:23.6946900Z ^[[0m^[[32mDownload^[[0m https://esm.sh/typescript@5.9.3
Test on deno (macos-latest)	Run Deno tests	2026-07-30T06:32:23.7234500Z ^[[0m^[[32mDownload^[[0m https://esm.sh/source-map-support?target=denonext
Test on deno (macos-latest)	Run Deno tests	2026-07-30T06:32:23.7288310Z ^[[0m^[[32mDownload^[[0m https://esm.sh/typescript@5.9.3/denonext/typescript.mjs
Test on deno (macos-latest)	Run Deno tests	2026-07-30T06:32:23.7450840Z ^[[0m^[[32mDownload^[[0m https://esm.sh/source-map-support@0.5.21?target=denonext
Test on deno (macos-latest)	Run Deno tests	2026-07-30T06:32:23.9695210Z ^[[0m^[[32mDownload^[[0m https://esm.sh/buffer-from@^1.0.0?target=denonext
Test on deno (macos-latest)	Run Deno tests	2026-07-30T06:32:23.9796570Z ^[[0m^[[32mDownload^[[0m https://esm.sh/source-map@^0.6.0?target=denonext
Test on deno (macos-latest)	Run Deno tests	2026-07-30T06:32:23.9898080Z ^[[0m^[[32mDownload^[[0m https://esm.sh/source-map-support@0.5.21/denonext/source-map-support.mjs
Test on deno (macos-latest)	Run Deno tests	2026-07-30T06:32:23.9947940Z ^[[0m^[[32mDownload^[[0m https://esm.sh/buffer-from@1.1.2?target=denonext
Test on deno (macos-latest)	Run Deno tests	2026-07-30T06:32:23.9974050Z ^[[0m^[[32mDownload^[[0m https://esm.sh/source-map@0.6.1?target=denonext
Test on deno (macos-latest)	Run Deno tests	2026-07-30T06:32:24.0085460Z ^[[0m^[[32mDownload^[[0m https://esm.sh/buffer-from@1.1.2/denonext/buffer-from.mjs
Test on deno (macos-latest)	Run Deno tests	2026-07-30T06:32:24.0086200Z ^[[0m^[[32mDownload^[[0m https://esm.sh/source-map@0.6.1/denonext/source-map.mjs
Test on deno (macos-latest)	Run Deno tests	2026-07-30T06:32:24.3403460Z   [mjs module] use typescript ... ^[[0m^[[32mok^[[0m ^[[0m^[[38;5;245m(639ms)^[[0m
Test on deno (macos-latest)	Run Deno tests	2026-07-30T06:32:24.3806840Z [mjs module] typescript ... ^[[0m^[[32mok^[[0m ^[[0m^[[38;5;245m(686ms)^[[0m
Test on deno (macos-latest)	Run Deno tests	2026-07-30T06:32:24.4652960Z ^[[0m^[[38;5;245mrunning 1 test from ./tests/use.test.mjs^[[0m
Test on deno (macos-latest)	Run Deno tests	2026-07-30T06:32:24.4738050Z [mjs module] 'use' import strategies ...
Test on deno (macos-latest)	Run Deno tests	2026-07-30T06:32:24.5310590Z   [mjs module] Direct ESM Import lodash@4.17.21 ... ^[[0m^[[32mok^[[0m ^[[0m^[[38;5;245m(41ms)^[[0m
Test on deno (macos-latest)	Run Deno tests	2026-07-30T06:32:24.5577450Z   [mjs module] Dynamic ESM Import of CSJ ... ^[[0m^[[32mok^[[0m ^[[0m^[[38;5;245m(4ms)^[[0m
Test on deno (macos-latest)	Run Deno tests	2026-07-30T06:32:24.5685670Z   [mjs module] Dynamic ESM Import of MJS ... ^[[0m^[[32mok^[[0m ^[[0m^[[38;5;245m(1ms)^[[0m
Test on deno (macos-latest)	Run Deno tests	2026-07-30T06:32:24.5818690Z   [mjs module] Universal (then style) ... ^[[0m^[[32mok^[[0m ^[[0m^[[38;5;245m(1ms)^[[0m
Test on deno (macos-latest)	Run Deno tests	2026-07-30T06:32:24.5894470Z   [mjs module] Universal (then style, use inside) ... ^[[0m^[[32mok^[[0m ^[[0m^[[38;5;245m(0ms)^[[0m
Test on deno (macos-latest)	Run Deno tests	2026-07-30T06:32:24.5978980Z   [mjs module] Universal (eval style) ... ^[[0m^[[32mok^[[0m ^[[0m^[[38;5;245m(1ms)^[[0m
Test on deno (macos-latest)	Run Deno tests	2026-07-30T06:32:24.5997930Z   [mjs module] Universal (single then style) ... ^[[0m^[[32mok^[[0m ^[[0m^[[38;5;245m(0ms)^[[0m
Test on deno (macos-latest)	Run Deno tests	2026-07-30T06:32:24.6040660Z ^[[0m^[[32mDownload^[[0m https://esm.sh/lodash@3
Test on deno (macos-latest)	Run Deno tests	2026-07-30T06:32:24.6253760Z ^[[0m^[[32mDownload^[[0m https://esm.sh/lodash@3.10.1
Test on deno (macos-latest)	Run Deno tests	2026-07-30T06:32:24.6394810Z ^[[0m^[[32mDownload^[[0m https://esm.sh/lodash@3.10.1/denonext/lodash.mjs
Test on deno (macos-latest)	Run Deno tests	2026-07-30T06:32:24.6669880Z ^[[0m^[[32mDownload^[[0m https://esm.sh/lodash@4
Test on deno (macos-latest)	Run Deno tests	2026-07-30T06:32:24.7006380Z   [mjs module] use.all with require ... ^[[0m^[[32mok^[[0m ^[[0m^[[38;5;245m(98ms)^[[0m
Test on deno (macos-latest)	Run Deno tests	2026-07-30T06:32:24.7010350Z   [mjs module] use.all ... ^[[0m^[[32mok^[[0m ^[[0m^[[38;5;245m(0ms)^[[0m
Test on deno (macos-latest)	Run Deno tests	2026-07-30T06:32:24.7012050Z   [mjs module] use.all (script) ... ^[[0m^[[32mok^[[0m ^[[0m^[[38;5;245m(0ms)^[[0m
Test on deno (macos-latest)	Run Deno tests	2026-07-30T06:32:24.7013700Z   [mjs module] Universal (script) @octokit/core@6.1.5 ... ^[[0m^[[32mok^[[0m ^[[0m^[[38;5;245m(0ms)^[[0m
Test on deno (macos-latest)	Run Deno tests	2026-07-30T06:32:24.7014620Z   [mjs module] Universal (script) @octokit/core@5 ... ^[[0m^[[32mok^[[0m ^[[0m^[[38;5;245m(0ms)^[[0m
Test on deno (macos-latest)	Run Deno tests	2026-07-30T06:32:24.7015690Z   [mjs module] Universal (script) @octokit/core (latest) ... ^[[0m^[[32mok^[[0m ^[[0m^[[38;5;245m(0ms)^[[0m
Test on deno (macos-latest)	Run Deno tests	2026-07-30T06:32:24.7021580Z ^[[0m^[[32mDownload^[[0m https://esm.sh/@octokit/core@latest
Test on deno (macos-latest)	Run Deno tests	2026-07-30T06:32:24.7166450Z ^[[0m^[[32mDownload^[[0m https://esm.sh/@octokit/core@7.0.6
Test on deno (macos-latest)	Run Deno tests	2026-07-30T06:32:24.7300960Z ^[[0m^[[32mDownload^[[0m https://esm.sh/@octokit/auth-token@^6.0.0?target=denonext
Test on deno (macos-latest)	Run Deno tests	2026-07-30T06:32:24.7301890Z ^[[0m^[[32mDownload^[[0m https://esm.sh/@octokit/graphql@^9.0.3?target=denonext
Test on deno (macos-latest)	Run Deno tests	2026-07-30T06:32:24.7302640Z ^[[0m^[[32mDownload^[[0m https://esm.sh/@octokit/request@^10.0.6?target=denonext
Test on deno (macos-latest)	Run Deno tests	2026-07-30T06:32:24.7303230Z ^[[0m^[[32mDownload^[[0m https://esm.sh/before-after-hook@^4.0.0?target=denonext
Test on deno (macos-latest)	Run Deno tests	2026-07-30T06:32:24.7303770Z ^[[0m^[[32mDownload^[[0m https://esm.sh/universal-user-agent@^7.0.0?target=denonext
Test on deno (macos-latest)	Run Deno tests	2026-07-30T06:32:24.7304300Z ^[[0m^[[32mDownload^[[0m https://esm.sh/@octokit/core@7.0.6/denonext/core.mjs
Test on deno (macos-latest)	Run Deno tests	2026-07-30T06:32:24.7480490Z ^[[0m^[[32mDownload^[[0m https://esm.sh/@octokit/auth-token@6.0.0?target=denonext
Test on deno (macos-latest)	Run Deno tests	2026-07-30T06:32:24.7490690Z ^[[0m^[[32mDownload^[[0m https://esm.sh/@octokit/graphql@9.0.3?target=denonext
Test on deno (macos-latest)	Run Deno tests	2026-07-30T06:32:24.7514190Z ^[[0m^[[32mDownload^[[0m https://esm.sh/@octokit/request@10.0.11?target=denonext
Test on deno (macos-latest)	Run Deno tests	2026-07-30T06:32:24.7516440Z ^[[0m^[[32mDownload^[[0m https://esm.sh/before-after-hook@4.0.0?target=denonext
Test on deno (macos-latest)	Run Deno tests	2026-07-30T06:32:24.7517650Z ^[[0m^[[32mDownload^[[0m https://esm.sh/universal-user-agent@7.0.3?target=denonext
Test on deno (macos-latest)	Run Deno tests	2026-07-30T06:32:24.7559130Z ^[[0m^[[32mDownload^[[0m https://esm.sh/@octokit/auth-token@6.0.0/denonext/auth-token.mjs
Test on deno (macos-latest)	Run Deno tests	2026-07-30T06:32:24.7601620Z ^[[0m^[[32mDownload^[[0m https://esm.sh/@octokit/graphql@9.0.3/denonext/graphql.mjs
Test on deno (macos-latest)	Run Deno tests	2026-07-30T06:32:24.7639000Z ^[[0m^[[32mDownload^[[0m https://esm.sh/@octokit/endpoint@^11.0.3?target=denonext
Test on deno (macos-latest)	Run Deno tests	2026-07-30T06:32:24.7639920Z ^[[0m^[[32mDownload^[[0m https://esm.sh/@octokit/request-error@^7.0.2?target=denonext
Test on deno (macos-latest)	Run Deno tests	2026-07-30T06:32:24.7640860Z ^[[0m^[[32mDownload^[[0m https://esm.sh/content-type@^2.0.0?target=denonext
Test on deno (macos-latest)	Run Deno tests	2026-07-30T06:32:24.7641410Z ^[[0m^[[32mDownload^[[0m https://esm.sh/json-with-bigint@^3.5.3?target=denonext
Test on deno (macos-latest)	Run Deno tests	2026-07-30T06:32:24.7642060Z ^[[0m^[[32mDownload^[[0m https://esm.sh/universal-user-agent@^7.0.2?target=denonext
Test on deno (macos-latest)	Run Deno tests	2026-07-30T06:32:24.7642820Z ^[[0m^[[32mDownload^[[0m https://esm.sh/@octokit/request@10.0.11/denonext/request.mjs
Test on deno (macos-latest)	Run Deno tests	2026-07-30T06:32:24.7644030Z ^[[0m^[[32mDownload^[[0m https://esm.sh/before-after-hook@4.0.0/denonext/before-after-hook.mjs
Test on deno (macos-latest)	Run Deno tests	2026-07-30T06:32:24.7645780Z ^[[0m^[[32mDownload^[[0m https://esm.sh/universal-user-agent@7.0.3/denonext/universal-user-agent.mjs
Test on deno (macos-latest)	Run Deno tests	2026-07-30T06:32:24.7801980Z ^[[0m^[[32mDownload^[[0m https://esm.sh/@octokit/endpoint@11.0.3?target=denonext
Test on deno (macos-latest)	Run Deno tests	2026-07-30T06:32:24.7833460Z ^[[0m^[[32mDownload^[[0m https://esm.sh/@octokit/request-error@7.1.0?target=denonext
Test on deno (macos-latest)	Run Deno tests	2026-07-30T06:32:24.7867840Z ^[[0m^[[32mDownload^[[0m https://esm.sh/content-type@2.0.0?target=denonext
Test on deno (macos-latest)	Run Deno tests	2026-07-30T06:32:24.7868550Z ^[[0m^[[32mDownload^[[0m https://esm.sh/json-with-bigint@3.5.10?target=denonext
Test on deno (macos-latest)	Run Deno tests	2026-07-30T06:32:24.7886770Z ^[[0m^[[32mDownload^[[0m https://esm.sh/@octokit/endpoint@11.0.3/denonext/endpoint.mjs
Test on deno (macos-latest)	Run Deno tests	2026-07-30T06:32:24.7938030Z ^[[0m^[[32mDownload^[[0m https://esm.sh/@octokit/request-error@7.1.0/denonext/request-error.mjs
Test on deno (macos-latest)	Run Deno tests	2026-07-30T06:32:24.7963100Z ^[[0m^[[32mDownload^[[0m https://esm.sh/content-type@2.0.0/denonext/content-type.mjs
Test on deno (macos-latest)	Run Deno tests	2026-07-30T06:32:24.7963820Z ^[[0m^[[32mDownload^[[0m https://esm.sh/json-with-bigint@3.5.10/denonext/json-with-bigint.mjs
Test on deno (macos-latest)	Run Deno tests	2026-07-30T06:32:24.8116630Z   [mjs module] @octokit/core (latest) ... ^[[0m^[[32mok^[[0m ^[[0m^[[38;5;245m(110ms)^[[0m
Test on deno (macos-latest)	Run Deno tests	2026-07-30T06:32:24.8200450Z [mjs module] 'use' import strategies ... ^[[0m^[[32mok^[[0m ^[[0m^[[38;5;245m(355ms)^[[0m
Test on deno (macos-latest)	Run Deno tests	2026-07-30T06:32:24.8218420Z 
Test on deno (macos-latest)	Run Deno tests	2026-07-30T06:32:24.8219290Z ^[[0m^[[32mok^[[0m | 32 passed (183 steps) | 0 failed | 0 ignored (3 steps) ^[[0m^[[38;5;245m(9s)^[[0m
Test on deno (macos-latest)	Run Deno tests	2026-07-30T06:32:24.8219710Z 
Test on deno (macos-latest)	Post Setup Deno	﻿2026-07-30T06:32:24.8508070Z Post job cleanup.
Test on deno (macos-latest)	Post Setup Deno	2026-07-30T06:32:24.9768520Z Caching is not enabled. Caching is skipped.
Test on deno (macos-latest)	Post Setup Node.js	﻿2026-07-30T06:32:24.9854680Z Post job cleanup.
Test on deno (macos-latest)	Post Setup Node.js	2026-07-30T06:32:25.1731270Z [command]/opt/homebrew/bin/gtar --posix -cf cache.tzst --exclude cache.tzst -P -C /Users/runner/work/use-m/use-m --files-from manifest.txt --delay-directory-restore --use-compress-program zstdmt
Test on deno (macos-latest)	Post Setup Node.js	2026-07-30T06:32:25.8318410Z Sent 14470176 of 14470176 (100.0%), 39.3 MBs/sec
Test on deno (macos-latest)	Post Setup Node.js	2026-07-30T06:32:25.9092830Z Cache saved with the key: node-cache-macOS-arm64-npm-81dc12784190084ec33a0af20f1b75b6742be9b6cef5912c61bb9bf083a9dee5
Test on deno (macos-latest)	Post Checkout code	﻿2026-07-30T06:32:25.9202240Z Post job cleanup.
Test on deno (macos-latest)	Post Checkout code	2026-07-30T06:32:25.9976910Z [command]/opt/homebrew/bin/git version
Test on deno (macos-latest)	Post Checkout code	2026-07-30T06:32:26.0146690Z git version 2.55.0
Test on deno (macos-latest)	Post Checkout code	2026-07-30T06:32:26.0165410Z Copying '/Users/runner/.gitconfig' to '/Users/runner/work/_temp/8c18277f-ddcd-47dd-b1b3-25a75abea3af/.gitconfig'
Test on deno (macos-latest)	Post Checkout code	2026-07-30T06:32:26.0171390Z Temporarily overriding HOME='/Users/runner/work/_temp/8c18277f-ddcd-47dd-b1b3-25a75abea3af' before making global git config changes
Test on deno (macos-latest)	Post Checkout code	2026-07-30T06:32:26.0172240Z Adding repository directory to the temporary git global config as a safe directory
Test on deno (macos-latest)	Post Checkout code	2026-07-30T06:32:26.0175180Z [command]/opt/homebrew/bin/git config --global --add safe.directory /Users/runner/work/use-m/use-m
Test on deno (macos-latest)	Post Checkout code	2026-07-30T06:32:26.0273550Z Removing SSH command configuration
Test on deno (macos-latest)	Post Checkout code	2026-07-30T06:32:26.0278650Z [command]/opt/homebrew/bin/git config --local --name-only --get-regexp core\.sshCommand
Test on deno (macos-latest)	Post Checkout code	2026-07-30T06:32:26.0443440Z [command]/opt/homebrew/bin/git submodule foreach --recursive sh -c "git config --local --name-only --get-regexp 'core\.sshCommand' && git config --local --unset-all 'core.sshCommand' || :"
Test on deno (macos-latest)	Post Checkout code	2026-07-30T06:32:26.1415050Z Removing HTTP extra header
Test on deno (macos-latest)	Post Checkout code	2026-07-30T06:32:26.1420020Z [command]/opt/homebrew/bin/git config --local --name-only --get-regexp http\.https\:\/\/github\.com\/\.extraheader
Test on deno (macos-latest)	Post Checkout code	2026-07-30T06:32:26.1474360Z [command]/opt/homebrew/bin/git submodule foreach --recursive sh -c "git config --local --name-only --get-regexp 'http\.https\:\/\/github\.com\/\.extraheader' && git config --local --unset-all 'http.https://github.com/.extraheader' || :"
Test on deno (macos-latest)	Post Checkout code	2026-07-30T06:32:26.2130740Z Removing includeIf entries pointing to credentials config files
Test on deno (macos-latest)	Post Checkout code	2026-07-30T06:32:26.2138750Z [command]/opt/homebrew/bin/git config --local --name-only --get-regexp ^includeIf\.gitdir:
Test on deno (macos-latest)	Post Checkout code	2026-07-30T06:32:26.2192430Z includeif.gitdir:/Users/runner/work/use-m/use-m/.git.path
Test on deno (macos-latest)	Post Checkout code	2026-07-30T06:32:26.2193100Z includeif.gitdir:/Users/runner/work/use-m/use-m/.git/worktrees/*.path
Test on deno (macos-latest)	Post Checkout code	2026-07-30T06:32:26.2193580Z includeif.gitdir:/github/workspace/.git.path
Test on deno (macos-latest)	Post Checkout code	2026-07-30T06:32:26.2194030Z includeif.gitdir:/github/workspace/.git/worktrees/*.path
Test on deno (macos-latest)	Post Checkout code	2026-07-30T06:32:26.2199580Z [command]/opt/homebrew/bin/git config --local --get-all includeif.gitdir:/Users/runner/work/use-m/use-m/.git.path
Test on deno (macos-latest)	Post Checkout code	2026-07-30T06:32:26.2248260Z /Users/runner/work/_temp/git-credentials-6c0cb2f0-3bb5-40f9-a3f4-835aae7e681b.config
Test on deno (macos-latest)	Post Checkout code	2026-07-30T06:32:26.2254400Z [command]/opt/homebrew/bin/git config --local --unset includeif.gitdir:/Users/runner/work/use-m/use-m/.git.path /Users/runner/work/_temp/git-credentials-6c0cb2f0-3bb5-40f9-a3f4-835aae7e681b.config
Test on deno (macos-latest)	Post Checkout code	2026-07-30T06:32:26.2313460Z [command]/opt/homebrew/bin/git config --local --get-all includeif.gitdir:/Users/runner/work/use-m/use-m/.git/worktrees/*.path
Test on deno (macos-latest)	Post Checkout code	2026-07-30T06:32:26.2365210Z /Users/runner/work/_temp/git-credentials-6c0cb2f0-3bb5-40f9-a3f4-835aae7e681b.config
Test on deno (macos-latest)	Post Checkout code	2026-07-30T06:32:26.2372990Z [command]/opt/homebrew/bin/git config --local --unset includeif.gitdir:/Users/runner/work/use-m/use-m/.git/worktrees/*.path /Users/runner/work/_temp/git-credentials-6c0cb2f0-3bb5-40f9-a3f4-835aae7e681b.config
Test on deno (macos-latest)	Post Checkout code	2026-07-30T06:32:26.2429690Z [command]/opt/homebrew/bin/git config --local --get-all includeif.gitdir:/github/workspace/.git.path
Test on deno (macos-latest)	Post Checkout code	2026-07-30T06:32:26.2478220Z /github/runner_temp/git-credentials-6c0cb2f0-3bb5-40f9-a3f4-835aae7e681b.config
Test on deno (macos-latest)	Post Checkout code	2026-07-30T06:32:26.2483740Z [command]/opt/homebrew/bin/git config --local --unset includeif.gitdir:/github/workspace/.git.path /github/runner_temp/git-credentials-6c0cb2f0-3bb5-40f9-a3f4-835aae7e681b.config
Test on deno (macos-latest)	Post Checkout code	2026-07-30T06:32:26.2543070Z [command]/opt/homebrew/bin/git config --local --get-all includeif.gitdir:/github/workspace/.git/worktrees/*.path
Test on deno (macos-latest)	Post Checkout code	2026-07-30T06:32:26.2591840Z /github/runner_temp/git-credentials-6c0cb2f0-3bb5-40f9-a3f4-835aae7e681b.config
Test on deno (macos-latest)	Post Checkout code	2026-07-30T06:32:26.2597550Z [command]/opt/homebrew/bin/git config --local --unset includeif.gitdir:/github/workspace/.git/worktrees/*.path /github/runner_temp/git-credentials-6c0cb2f0-3bb5-40f9-a3f4-835aae7e681b.config
Test on deno (macos-latest)	Post Checkout code	2026-07-30T06:32:26.2652650Z [command]/opt/homebrew/bin/git submodule foreach --recursive git config --local --show-origin --name-only --get-regexp remote.origin.url
Test on deno (macos-latest)	Post Checkout code	2026-07-30T06:32:26.3279350Z Removing credentials config '/Users/runner/work/_temp/git-credentials-6c0cb2f0-3bb5-40f9-a3f4-835aae7e681b.config'
Test on deno (macos-latest)	Complete job	﻿2026-07-30T06:32:26.3358730Z Cleaning up orphan processes
Test on node (ubuntu-latest)	Set up job	﻿2026-07-30T06:31:50.8143341Z Current runner version: '2.336.0'
Test on node (ubuntu-latest)	Set up job	2026-07-30T06:31:50.8165897Z ##[group]Runner Image Provisioner
Test on node (ubuntu-latest)	Set up job	2026-07-30T06:31:50.8166725Z Hosted Compute Agent
Test on node (ubuntu-latest)	Set up job	2026-07-30T06:31:50.8167238Z Version: 20260707.563
Test on node (ubuntu-latest)	Set up job	2026-07-30T06:31:50.8167892Z Commit: 02667638d2b423fbc733a8e32a88b44996a3ba6e
Test on node (ubuntu-latest)	Set up job	2026-07-30T06:31:50.8168541Z Build Date: 2026-07-07T19:33:50Z
Test on node (ubuntu-latest)	Set up job	2026-07-30T06:31:50.8169161Z Worker ID: {64f9d65e-79e4-4478-9e55-e4ced12c2a92}
Test on node (ubuntu-latest)	Set up job	2026-07-30T06:31:50.8169818Z Azure Region: westus3
Test on node (ubuntu-latest)	Set up job	2026-07-30T06:31:50.8170391Z ##[endgroup]
Test on node (ubuntu-latest)	Set up job	2026-07-30T06:31:50.8171584Z ##[group]Operating System
Test on node (ubuntu-latest)	Set up job	2026-07-30T06:31:50.8172153Z Ubuntu
Test on node (ubuntu-latest)	Set up job	2026-07-30T06:31:50.8172609Z 24.04.4
Test on node (ubuntu-latest)	Set up job	2026-07-30T06:31:50.8173284Z LTS
Test on node (ubuntu-latest)	Set up job	2026-07-30T06:31:50.8173761Z ##[endgroup]
Test on node (ubuntu-latest)	Set up job	2026-07-30T06:31:50.8174285Z ##[group]Runner Image
Test on node (ubuntu-latest)	Set up job	2026-07-30T06:31:50.8174818Z Image: ubuntu-24.04
Test on node (ubuntu-latest)	Set up job	2026-07-30T06:31:50.8175325Z Version: 20260726.254.1
Test on node (ubuntu-latest)	Set up job	2026-07-30T06:31:50.8176296Z Included Software: https://github.com/actions/runner-images/blob/ubuntu24/20260726.254/images/ubuntu/Ubuntu2404-Readme.md
Test on node (ubuntu-latest)	Set up job	2026-07-30T06:31:50.8177915Z Image Release: https://github.com/actions/runner-images/releases/tag/ubuntu24%2F20260726.254
Test on node (ubuntu-latest)	Set up job	2026-07-30T06:31:50.8178811Z ##[endgroup]
Test on node (ubuntu-latest)	Set up job	2026-07-30T06:31:50.8179807Z ##[group]GITHUB_TOKEN Permissions
Test on node (ubuntu-latest)	Set up job	2026-07-30T06:31:50.8181560Z Contents: read
Test on node (ubuntu-latest)	Set up job	2026-07-30T06:31:50.8182095Z Metadata: read
Test on node (ubuntu-latest)	Set up job	2026-07-30T06:31:50.8182612Z ##[endgroup]
Test on node (ubuntu-latest)	Set up job	2026-07-30T06:31:50.8184798Z Secret source: Actions
Test on node (ubuntu-latest)	Set up job	2026-07-30T06:31:50.8185741Z Prepare workflow directory
Test on node (ubuntu-latest)	Set up job	2026-07-30T06:31:50.8467709Z Prepare all required actions
Test on node (ubuntu-latest)	Set up job	2026-07-30T06:31:50.8511891Z Getting action download info
Test on node (ubuntu-latest)	Set up job	2026-07-30T06:31:51.2009093Z Download action repository 'actions/checkout@v6' (SHA:d23441a48e516b6c34aea4fa41551a30e30af803)
Test on node (ubuntu-latest)	Set up job	2026-07-30T06:31:51.3567810Z Download action repository 'actions/setup-node@v6' (SHA:249970729cb0ef3589644e2896645e5dc5ba9c38)
Test on node (ubuntu-latest)	Set up job	2026-07-30T06:31:51.5003272Z Download action repository 'oven-sh/setup-bun@v2' (SHA:0c5077e51419868618aeaa5fe8019c62421857d6)
Test on node (ubuntu-latest)	Set up job	2026-07-30T06:31:52.1460251Z Download action repository 'denoland/setup-deno@v2' (SHA:22d081ff2d3a40755e97629de92e3bcbfa7cf2ed)
Test on node (ubuntu-latest)	Set up job	2026-07-30T06:31:52.7991138Z Complete job name: Test on node (ubuntu-latest)
Test on node (ubuntu-latest)	Checkout code	﻿2026-07-30T06:31:52.8826935Z ##[group]Run actions/checkout@v6
Test on node (ubuntu-latest)	Checkout code	2026-07-30T06:31:52.8828318Z with:
Test on node (ubuntu-latest)	Checkout code	2026-07-30T06:31:52.8829333Z   repository: link-foundation/use-m
Test on node (ubuntu-latest)	Checkout code	2026-07-30T06:31:52.8837774Z   token: ***
Test on node (ubuntu-latest)	Checkout code	2026-07-30T06:31:52.8838726Z   ssh-strict: true
Test on node (ubuntu-latest)	Checkout code	2026-07-30T06:31:52.8839696Z   ssh-user: git
Test on node (ubuntu-latest)	Checkout code	2026-07-30T06:31:52.8840636Z   persist-credentials: true
Test on node (ubuntu-latest)	Checkout code	2026-07-30T06:31:52.8841692Z   clean: true
Test on node (ubuntu-latest)	Checkout code	2026-07-30T06:31:52.8842629Z   sparse-checkout-cone-mode: true
Test on node (ubuntu-latest)	Checkout code	2026-07-30T06:31:52.8843821Z   fetch-depth: 1
Test on node (ubuntu-latest)	Checkout code	2026-07-30T06:31:52.8844796Z   fetch-tags: false
Test on node (ubuntu-latest)	Checkout code	2026-07-30T06:31:52.8845723Z   show-progress: true
Test on node (ubuntu-latest)	Checkout code	2026-07-30T06:31:52.8846681Z   lfs: false
Test on node (ubuntu-latest)	Checkout code	2026-07-30T06:31:52.8847583Z   submodules: false
Test on node (ubuntu-latest)	Checkout code	2026-07-30T06:31:52.8848536Z   set-safe-directory: true
Test on node (ubuntu-latest)	Checkout code	2026-07-30T06:31:52.8849636Z   allow-unsafe-pr-checkout: false
Test on node (ubuntu-latest)	Checkout code	2026-07-30T06:31:52.8850913Z ##[endgroup]
Test on node (ubuntu-latest)	Checkout code	2026-07-30T06:31:52.9873690Z Syncing repository: link-foundation/use-m
Test on node (ubuntu-latest)	Checkout code	2026-07-30T06:31:52.9877951Z ##[group]Getting Git version info
Test on node (ubuntu-latest)	Checkout code	2026-07-30T06:31:52.9879997Z Working directory is '/home/runner/work/use-m/use-m'
Test on node (ubuntu-latest)	Checkout code	2026-07-30T06:31:52.9883165Z [command]/usr/bin/git version
Test on node (ubuntu-latest)	Checkout code	2026-07-30T06:31:52.9884772Z git version 2.54.0
Test on node (ubuntu-latest)	Checkout code	2026-07-30T06:31:52.9889491Z ##[endgroup]
Test on node (ubuntu-latest)	Checkout code	2026-07-30T06:31:52.9903435Z Temporarily overriding HOME='/home/runner/work/_temp/69b2aaa1-927b-4ebd-9c39-84e15cea3800' before making global git config changes
Test on node (ubuntu-latest)	Checkout code	2026-07-30T06:31:52.9907705Z Adding repository directory to the temporary git global config as a safe directory
Test on node (ubuntu-latest)	Checkout code	2026-07-30T06:31:52.9911033Z [command]/usr/bin/git config --global --add safe.directory /home/runner/work/use-m/use-m
Test on node (ubuntu-latest)	Checkout code	2026-07-30T06:31:52.9938763Z Deleting the contents of '/home/runner/work/use-m/use-m'
Test on node (ubuntu-latest)	Checkout code	2026-07-30T06:31:52.9945399Z ##[group]Determining repository object format
Test on node (ubuntu-latest)	Checkout code	2026-07-30T06:31:52.9948120Z ##[endgroup]
Test on node (ubuntu-latest)	Checkout code	2026-07-30T06:31:52.9950282Z ##[group]Initializing the repository
Test on node (ubuntu-latest)	Checkout code	2026-07-30T06:31:52.9952628Z [command]/usr/bin/git init /home/runner/work/use-m/use-m
Test on node (ubuntu-latest)	Checkout code	2026-07-30T06:31:53.0043356Z hint: Using 'master' as the name for the initial branch. This default branch name
Test on node (ubuntu-latest)	Checkout code	2026-07-30T06:31:53.0046944Z hint: will change to "main" in Git 3.0. To configure the initial branch name
Test on node (ubuntu-latest)	Checkout code	2026-07-30T06:31:53.0050178Z hint: to use in all of your new repositories, which will suppress this warning,
Test on node (ubuntu-latest)	Checkout code	2026-07-30T06:31:53.0052480Z hint: call:
Test on node (ubuntu-latest)	Checkout code	2026-07-30T06:31:53.0053990Z hint:
Test on node (ubuntu-latest)	Checkout code	2026-07-30T06:31:53.0055719Z hint: 	git config --global init.defaultBranch <name>
Test on node (ubuntu-latest)	Checkout code	2026-07-30T06:31:53.0058032Z hint:
Test on node (ubuntu-latest)	Checkout code	2026-07-30T06:31:53.0059953Z hint: Names commonly chosen instead of 'master' are 'main', 'trunk' and
Test on node (ubuntu-latest)	Checkout code	2026-07-30T06:31:53.0062755Z hint: 'development'. The just-created branch can be renamed via this command:
Test on node (ubuntu-latest)	Checkout code	2026-07-30T06:31:53.0065138Z hint:
Test on node (ubuntu-latest)	Checkout code	2026-07-30T06:31:53.0066489Z hint: 	git branch -m <name>
Test on node (ubuntu-latest)	Checkout code	2026-07-30T06:31:53.0068047Z hint:
Test on node (ubuntu-latest)	Checkout code	2026-07-30T06:31:53.0069931Z hint: Disable this message with "git config set advice.defaultBranchName false"
Test on node (ubuntu-latest)	Checkout code	2026-07-30T06:31:53.0073129Z Initialized empty Git repository in /home/runner/work/use-m/use-m/.git/
Test on node (ubuntu-latest)	Checkout code	2026-07-30T06:31:53.0078105Z [command]/usr/bin/git remote add origin https://github.com/link-foundation/use-m
Test on node (ubuntu-latest)	Checkout code	2026-07-30T06:31:53.0083165Z ##[endgroup]
Test on node (ubuntu-latest)	Checkout code	2026-07-30T06:31:53.0085467Z ##[group]Disabling automatic garbage collection
Test on node (ubuntu-latest)	Checkout code	2026-07-30T06:31:53.0087581Z [command]/usr/bin/git config --local gc.auto 0
Test on node (ubuntu-latest)	Checkout code	2026-07-30T06:31:53.0110725Z ##[endgroup]
Test on node (ubuntu-latest)	Checkout code	2026-07-30T06:31:53.0114264Z ##[group]Setting up auth
Test on node (ubuntu-latest)	Checkout code	2026-07-30T06:31:53.0116259Z Removing SSH command configuration
Test on node (ubuntu-latest)	Checkout code	2026-07-30T06:31:53.0118391Z [command]/usr/bin/git config --local --name-only --get-regexp core\.sshCommand
Test on node (ubuntu-latest)	Checkout code	2026-07-30T06:31:53.0143658Z [command]/usr/bin/git submodule foreach --recursive sh -c "git config --local --name-only --get-regexp 'core\.sshCommand' && git config --local --unset-all 'core.sshCommand' || :"
Test on node (ubuntu-latest)	Checkout code	2026-07-30T06:31:53.0957981Z Removing HTTP extra header
Test on node (ubuntu-latest)	Checkout code	2026-07-30T06:31:53.0967330Z [command]/usr/bin/git config --local --name-only --get-regexp http\.https\:\/\/github\.com\/\.extraheader
Test on node (ubuntu-latest)	Checkout code	2026-07-30T06:31:53.0997525Z [command]/usr/bin/git submodule foreach --recursive sh -c "git config --local --name-only --get-regexp 'http\.https\:\/\/github\.com\/\.extraheader' && git config --local --unset-all 'http.https://github.com/.extraheader' || :"
Test on node (ubuntu-latest)	Checkout code	2026-07-30T06:31:53.1161686Z Removing includeIf entries pointing to credentials config files
Test on node (ubuntu-latest)	Checkout code	2026-07-30T06:31:53.1168510Z [command]/usr/bin/git config --local --name-only --get-regexp ^includeIf\.gitdir:
Test on node (ubuntu-latest)	Checkout code	2026-07-30T06:31:53.1197415Z [command]/usr/bin/git submodule foreach --recursive git config --local --show-origin --name-only --get-regexp remote.origin.url
Test on node (ubuntu-latest)	Checkout code	2026-07-30T06:31:53.1372436Z [command]/usr/bin/git config --file /home/runner/work/_temp/git-credentials-20275668-2c3a-407b-9cea-31af8234564a.config http.https://github.com/.extraheader AUTHORIZATION: basic ***
Test on node (ubuntu-latest)	Checkout code	2026-07-30T06:31:53.1404771Z [command]/usr/bin/git config --local includeIf.gitdir:/home/runner/work/use-m/use-m/.git.path /home/runner/work/_temp/git-credentials-20275668-2c3a-407b-9cea-31af8234564a.config
Test on node (ubuntu-latest)	Checkout code	2026-07-30T06:31:53.1430415Z [command]/usr/bin/git config --local includeIf.gitdir:/home/runner/work/use-m/use-m/.git/worktrees/*.path /home/runner/work/_temp/git-credentials-20275668-2c3a-407b-9cea-31af8234564a.config
Test on node (ubuntu-latest)	Checkout code	2026-07-30T06:31:53.1454927Z [command]/usr/bin/git config --local includeIf.gitdir:/github/workspace/.git.path /github/runner_temp/git-credentials-20275668-2c3a-407b-9cea-31af8234564a.config
Test on node (ubuntu-latest)	Checkout code	2026-07-30T06:31:53.1515793Z [command]/usr/bin/git config --local includeIf.gitdir:/github/workspace/.git/worktrees/*.path /github/runner_temp/git-credentials-20275668-2c3a-407b-9cea-31af8234564a.config
Test on node (ubuntu-latest)	Checkout code	2026-07-30T06:31:53.1539683Z ##[endgroup]
Test on node (ubuntu-latest)	Checkout code	2026-07-30T06:31:53.1541972Z ##[group]Fetching the repository
Test on node (ubuntu-latest)	Checkout code	2026-07-30T06:31:53.1549333Z [command]/usr/bin/git -c protocol.version=2 fetch --no-tags --prune --no-recurse-submodules --depth=1 origin +2b1700965d70be9d8be94cbf5bb5949263258a7a:refs/remotes/pull/69/merge
Test on node (ubuntu-latest)	Checkout code	2026-07-30T06:31:54.3304541Z From https://github.com/link-foundation/use-m
Test on node (ubuntu-latest)	Checkout code	2026-07-30T06:31:54.3306388Z  * [new ref]         2b1700965d70be9d8be94cbf5bb5949263258a7a -> pull/69/merge
Test on node (ubuntu-latest)	Checkout code	2026-07-30T06:31:54.3329081Z ##[endgroup]
Test on node (ubuntu-latest)	Checkout code	2026-07-30T06:31:54.3329907Z ##[group]Determining the checkout info
Test on node (ubuntu-latest)	Checkout code	2026-07-30T06:31:54.3331438Z ##[endgroup]
Test on node (ubuntu-latest)	Checkout code	2026-07-30T06:31:54.3338071Z [command]/usr/bin/git sparse-checkout disable
Test on node (ubuntu-latest)	Checkout code	2026-07-30T06:31:54.3375460Z [command]/usr/bin/git config --local --unset-all extensions.worktreeConfig
Test on node (ubuntu-latest)	Checkout code	2026-07-30T06:31:54.3403091Z ##[group]Checking out the ref
Test on node (ubuntu-latest)	Checkout code	2026-07-30T06:31:54.3407451Z [command]/usr/bin/git checkout --progress --force refs/remotes/pull/69/merge
Test on node (ubuntu-latest)	Checkout code	2026-07-30T06:31:54.3700040Z Note: switching to 'refs/remotes/pull/69/merge'.
Test on node (ubuntu-latest)	Checkout code	2026-07-30T06:31:54.3700541Z 
Test on node (ubuntu-latest)	Checkout code	2026-07-30T06:31:54.3700903Z You are in 'detached HEAD' state. You can look around, make experimental
Test on node (ubuntu-latest)	Checkout code	2026-07-30T06:31:54.3701658Z changes and commit them, and you can discard any commits you make in this
Test on node (ubuntu-latest)	Checkout code	2026-07-30T06:31:54.3702287Z state without impacting any branches by switching back to a branch.
Test on node (ubuntu-latest)	Checkout code	2026-07-30T06:31:54.3702740Z 
Test on node (ubuntu-latest)	Checkout code	2026-07-30T06:31:54.3703274Z If you want to create a new branch to retain commits you create, you may
Test on node (ubuntu-latest)	Checkout code	2026-07-30T06:31:54.3703992Z do so (now or later) by using -c with the switch command. Example:
Test on node (ubuntu-latest)	Checkout code	2026-07-30T06:31:54.3704505Z 
Test on node (ubuntu-latest)	Checkout code	2026-07-30T06:31:54.3704643Z   git switch -c <new-branch-name>
Test on node (ubuntu-latest)	Checkout code	2026-07-30T06:31:54.3704859Z 
Test on node (ubuntu-latest)	Checkout code	2026-07-30T06:31:54.3705010Z Or undo this operation with:
Test on node (ubuntu-latest)	Checkout code	2026-07-30T06:31:54.3705219Z 
Test on node (ubuntu-latest)	Checkout code	2026-07-30T06:31:54.3705368Z   git switch -
Test on node (ubuntu-latest)	Checkout code	2026-07-30T06:31:54.3705576Z 
Test on node (ubuntu-latest)	Checkout code	2026-07-30T06:31:54.3705786Z Turn off this advice by setting config variable advice.detachedHead to false
Test on node (ubuntu-latest)	Checkout code	2026-07-30T06:31:54.3706120Z 
Test on node (ubuntu-latest)	Checkout code	2026-07-30T06:31:54.3706492Z HEAD is now at 2b17009 Merge dd7b0344f19540f58f1ea34bb5945a4ad312c3f6 into 8c5a55d144d8655efa805d02a3f234e8dfd6a9d4
Test on node (ubuntu-latest)	Checkout code	2026-07-30T06:31:54.3708118Z ##[endgroup]
Test on node (ubuntu-latest)	Checkout code	2026-07-30T06:31:54.3737248Z [command]/usr/bin/git log -1 --format=%H
Test on node (ubuntu-latest)	Checkout code	2026-07-30T06:31:54.3757453Z 2b1700965d70be9d8be94cbf5bb5949263258a7a
Test on node (ubuntu-latest)	Setup Node.js	﻿2026-07-30T06:31:54.3995768Z ##[group]Run actions/setup-node@v6
Test on node (ubuntu-latest)	Setup Node.js	2026-07-30T06:31:54.3996153Z with:
Test on node (ubuntu-latest)	Setup Node.js	2026-07-30T06:31:54.3996451Z   node-version: 20.x
Test on node (ubuntu-latest)	Setup Node.js	2026-07-30T06:31:54.3996775Z   cache: npm
Test on node (ubuntu-latest)	Setup Node.js	2026-07-30T06:31:54.3997060Z   check-latest: false
Test on node (ubuntu-latest)	Setup Node.js	2026-07-30T06:31:54.3999445Z   token: ***
Test on node (ubuntu-latest)	Setup Node.js	2026-07-30T06:31:54.3999745Z   package-manager-cache: true
Test on node (ubuntu-latest)	Setup Node.js	2026-07-30T06:31:54.4000136Z ##[endgroup]
Test on node (ubuntu-latest)	Setup Node.js	2026-07-30T06:31:54.5254802Z Attempting to download 20.x...
Test on node (ubuntu-latest)	Setup Node.js	2026-07-30T06:31:55.4439861Z Acquiring 20.20.2 - x64 from https://github.com/actions/node-versions/releases/download/20.20.2-23521894959/node-20.20.2-linux-x64.tar.gz
Test on node (ubuntu-latest)	Setup Node.js	2026-07-30T06:31:56.0209752Z Extracting ...
Test on node (ubuntu-latest)	Setup Node.js	2026-07-30T06:31:56.0304596Z [command]/usr/bin/tar xz --strip 1 --warning=no-unknown-keyword --overwrite -C /home/runner/work/_temp/52ae48e0-6158-405c-9007-92f915dd7c0f -f /home/runner/work/_temp/e094409b-8ca0-4c26-b0bc-9f378e238b3d
Test on node (ubuntu-latest)	Setup Node.js	2026-07-30T06:31:57.1056577Z Adding to the cache ...
Test on node (ubuntu-latest)	Setup Node.js	2026-07-30T06:31:59.8780965Z ##[group]Environment details
Test on node (ubuntu-latest)	Setup Node.js	2026-07-30T06:32:00.2102824Z node: v20.20.2
Test on node (ubuntu-latest)	Setup Node.js	2026-07-30T06:32:00.2103635Z npm: 10.8.2
Test on node (ubuntu-latest)	Setup Node.js	2026-07-30T06:32:00.2105602Z yarn: 1.22.22
Test on node (ubuntu-latest)	Setup Node.js	2026-07-30T06:32:00.2106390Z ##[endgroup]
Test on node (ubuntu-latest)	Setup Node.js	2026-07-30T06:32:00.2122053Z [command]/opt/hostedtoolcache/node/20.20.2/x64/bin/npm config get cache
Test on node (ubuntu-latest)	Setup Node.js	2026-07-30T06:32:00.2951301Z /home/runner/.npm
Test on node (ubuntu-latest)	Setup Node.js	2026-07-30T06:32:00.5161561Z npm cache is not found
Test on node (ubuntu-latest)	Install dependencies	﻿2026-07-30T06:32:00.5292547Z ##[group]Run npm ci --no-audit --no-fund
Test on node (ubuntu-latest)	Install dependencies	2026-07-30T06:32:00.5293257Z ^[[36;1mnpm ci --no-audit --no-fund^[[0m
Test on node (ubuntu-latest)	Install dependencies	2026-07-30T06:32:00.5322725Z shell: /usr/bin/bash -e {0}
Test on node (ubuntu-latest)	Install dependencies	2026-07-30T06:32:00.5323401Z ##[endgroup]
Test on node (ubuntu-latest)	Install dependencies	2026-07-30T06:32:13.3868563Z 
Test on node (ubuntu-latest)	Install dependencies	2026-07-30T06:32:13.3874886Z added 476 packages in 13s
Test on node (ubuntu-latest)	Audit production dependencies	﻿2026-07-30T06:32:13.4015768Z ##[group]Run npm audit --omit=dev
Test on node (ubuntu-latest)	Audit production dependencies	2026-07-30T06:32:13.4016067Z ^[[36;1mnpm audit --omit=dev^[[0m
Test on node (ubuntu-latest)	Audit production dependencies	2026-07-30T06:32:13.4041211Z shell: /usr/bin/bash -e {0}
Test on node (ubuntu-latest)	Audit production dependencies	2026-07-30T06:32:13.4041449Z ##[endgroup]
Test on node (ubuntu-latest)	Audit production dependencies	2026-07-30T06:32:13.8075691Z found 0 vulnerabilities
Test on node (ubuntu-latest)	Run Node.js tests	﻿2026-07-30T06:32:13.8138122Z ##[group]Run npm test -- --runInBand
Test on node (ubuntu-latest)	Run Node.js tests	2026-07-30T06:32:13.8138409Z ^[[36;1mnpm test -- --runInBand^[[0m
Test on node (ubuntu-latest)	Run Node.js tests	2026-07-30T06:32:13.8163332Z shell: /usr/bin/bash -e {0}
Test on node (ubuntu-latest)	Run Node.js tests	2026-07-30T06:32:13.8163586Z ##[endgroup]
Test on node (ubuntu-latest)	Run Node.js tests	2026-07-30T06:32:13.9056902Z 
Test on node (ubuntu-latest)	Run Node.js tests	2026-07-30T06:32:13.9057232Z > use-m@8.14.4 test
Test on node (ubuntu-latest)	Run Node.js tests	2026-07-30T06:32:13.9057755Z > NODE_OPTIONS="--experimental-vm-modules" jest --runInBand
Test on node (ubuntu-latest)	Run Node.js tests	2026-07-30T06:32:13.9057965Z 
Test on node (ubuntu-latest)	Run Node.js tests	2026-07-30T06:32:14.2756931Z (node:2091) ExperimentalWarning: VM Modules is an experimental feature and might change at any time
Test on node (ubuntu-latest)	Run Node.js tests	2026-07-30T06:32:14.2758060Z (Use `node --trace-warnings ...` to show where the warning was created)
Test on node (ubuntu-latest)	Run Node.js tests	2026-07-30T06:32:15.3050394Z PASS tests/npm-global-prefix.test.cjs
Test on node (ubuntu-latest)	Run Node.js tests	2026-07-30T06:32:16.3938949Z PASS tests/npm-global-prefix.test.mjs
Test on node (ubuntu-latest)	Run Node.js tests	2026-07-30T06:32:16.5185208Z PASS tests/load.test.mjs
Test on node (ubuntu-latest)	Run Node.js tests	2026-07-30T06:32:16.6454206Z PASS tests/load.test.cjs
Test on node (ubuntu-latest)	Run Node.js tests	2026-07-30T06:32:16.7544541Z PASS tests/builtin-nodejs.test.cjs
Test on node (ubuntu-latest)	Run Node.js tests	2026-07-30T06:32:16.8494260Z PASS tests/builtin-nodejs.test.mjs
Test on node (ubuntu-latest)	Run Node.js tests	2026-07-30T06:32:16.9226398Z PASS tests/fallback.test.cjs
Test on node (ubuntu-latest)	Run Node.js tests	2026-07-30T06:32:16.9928429Z PASS tests/fallback.test.mjs
Test on node (ubuntu-latest)	Run Node.js tests	2026-07-30T06:32:22.1956312Z PASS tests/resolvers.test.mjs (5.2 s)
Test on node (ubuntu-latest)	Run Node.js tests	2026-07-30T06:32:26.8624753Z PASS tests/builtin-browser.test.mjs
Test on node (ubuntu-latest)	Run Node.js tests	2026-07-30T06:32:30.3006320Z PASS tests/relative-paths-browser.test.mjs
Test on node (ubuntu-latest)	Run Node.js tests	2026-07-30T06:32:33.0360726Z PASS tests/resolvers.test.cjs
Test on node (ubuntu-latest)	Run Node.js tests	2026-07-30T06:32:33.1017117Z PASS tests/release-workflow-policy.test.mjs
Test on node (ubuntu-latest)	Run Node.js tests	2026-07-30T06:32:35.2085938Z PASS tests/use.test.cjs
Test on node (ubuntu-latest)	Run Node.js tests	2026-07-30T06:32:35.2714509Z PASS tests/filename.test.mjs
Test on node (ubuntu-latest)	Run Node.js tests	2026-07-30T06:32:35.3584377Z PASS tests/root-entries.test.mjs
Test on node (ubuntu-latest)	Run Node.js tests	2026-07-30T06:32:36.3720364Z PASS tests/use.test.mjs
Test on node (ubuntu-latest)	Run Node.js tests	2026-07-30T06:32:36.4363673Z PASS tests/filename.test.cjs
Test on node (ubuntu-latest)	Run Node.js tests	2026-07-30T06:32:43.1575025Z PASS tests/esm-sh-polyfill-browser.test.mjs (6.719 s)
Test on node (ubuntu-latest)	Run Node.js tests	2026-07-30T06:32:43.5916061Z PASS tests/builtin-errors.test.mjs
Test on node (ubuntu-latest)	Run Node.js tests	2026-07-30T06:32:43.9601896Z PASS tests/builtin-errors.test.cjs
Test on node (ubuntu-latest)	Run Node.js tests	2026-07-30T06:32:44.3908354Z PASS tests/relative-paths.test.cjs
Test on node (ubuntu-latest)	Run Node.js tests	2026-07-30T06:32:44.5732176Z PASS tests/relative-paths.test.mjs
Test on node (ubuntu-latest)	Run Node.js tests	2026-07-30T06:32:44.6478743Z PASS tests/module-specifier.test.cjs
Test on node (ubuntu-latest)	Run Node.js tests	2026-07-30T06:32:44.7124257Z PASS tests/module-specifier.test.mjs
Test on node (ubuntu-latest)	Run Node.js tests	2026-07-30T06:32:44.7711960Z PASS tests/deno-support.test.cjs
Test on node (ubuntu-latest)	Run Node.js tests	2026-07-30T06:32:44.8384341Z PASS tests/deno-support.test.mjs
Test on node (ubuntu-latest)	Run Node.js tests	2026-07-30T06:32:44.9678968Z PASS tests/relative-paths.integration.test.mjs
Test on node (ubuntu-latest)	Run Node.js tests	2026-07-30T06:32:44.9771445Z   ● Console
Test on node (ubuntu-latest)	Run Node.js tests	2026-07-30T06:32:44.9771768Z 
Test on node (ubuntu-latest)	Run Node.js tests	2026-07-30T06:32:44.9772007Z     console.log
Test on node (ubuntu-latest)	Run Node.js tests	2026-07-30T06:32:44.9772370Z       /home/runner/work/use-m/use-m/tests
Test on node (ubuntu-latest)	Run Node.js tests	2026-07-30T06:32:44.9772668Z 
Test on node (ubuntu-latest)	Run Node.js tests	2026-07-30T06:32:44.9774333Z       at Object.<anonymous> (tests/relative-paths.integration.test.mjs:29:15)
Test on node (ubuntu-latest)	Run Node.js tests	2026-07-30T06:32:44.9774738Z 
Test on node (ubuntu-latest)	Run Node.js tests	2026-07-30T06:32:44.9774897Z     console.log
Test on node (ubuntu-latest)	Run Node.js tests	2026-07-30T06:32:44.9775250Z       Testing relative paths from tests directory...
Test on node (ubuntu-latest)	Run Node.js tests	2026-07-30T06:32:44.9775609Z       
Test on node (ubuntu-latest)	Run Node.js tests	2026-07-30T06:32:44.9775908Z       1. Testing ./browser-server/test-helper.js
Test on node (ubuntu-latest)	Run Node.js tests	2026-07-30T06:32:44.9776350Z          ✓ Message: Helper module loaded
Test on node (ubuntu-latest)	Run Node.js tests	2026-07-30T06:32:44.9776673Z       
Test on node (ubuntu-latest)	Run Node.js tests	2026-07-30T06:32:44.9776967Z       2. Testing ./browser-server/test-data.json
Test on node (ubuntu-latest)	Run Node.js tests	2026-07-30T06:32:44.9777335Z          ✓ Value: 123
Test on node (ubuntu-latest)	Run Node.js tests	2026-07-30T06:32:44.9777653Z          ✓ Test: data
Test on node (ubuntu-latest)	Run Node.js tests	2026-07-30T06:32:44.9777906Z       
Test on node (ubuntu-latest)	Run Node.js tests	2026-07-30T06:32:44.9778154Z       3. Testing ../src/use.mjs
Test on node (ubuntu-latest)	Run Node.js tests	2026-07-30T06:32:44.9778504Z          ✓ use function exists: true
Test on node (ubuntu-latest)	Run Node.js tests	2026-07-30T06:32:44.9778805Z       
Test on node (ubuntu-latest)	Run Node.js tests	2026-07-30T06:32:44.9779078Z       4. Testing ./browser-server/subfolder/nested.js
Test on node (ubuntu-latest)	Run Node.js tests	2026-07-30T06:32:44.9779478Z          ✓ Nested: true Level: subfolder
Test on node (ubuntu-latest)	Run Node.js tests	2026-07-30T06:32:44.9779764Z       
Test on node (ubuntu-latest)	Run Node.js tests	2026-07-30T06:32:44.9780072Z       5. Testing ./browser-server/subfolder/nested-data.json
Test on node (ubuntu-latest)	Run Node.js tests	2026-07-30T06:32:44.9780488Z          ✓ Level: nested Depth: 1
Test on node (ubuntu-latest)	Run Node.js tests	2026-07-30T06:32:44.9780760Z       
Test on node (ubuntu-latest)	Run Node.js tests	2026-07-30T06:32:44.9781035Z       6. Testing ../package.json
Test on node (ubuntu-latest)	Run Node.js tests	2026-07-30T06:32:44.9781365Z          ✓ Package name: use-m
Test on node (ubuntu-latest)	Run Node.js tests	2026-07-30T06:32:44.9781618Z       
Test on node (ubuntu-latest)	Run Node.js tests	2026-07-30T06:32:44.9781948Z       ✅ All direct tests passed!
Test on node (ubuntu-latest)	Run Node.js tests	2026-07-30T06:32:44.9782404Z 
Test on node (ubuntu-latest)	Run Node.js tests	2026-07-30T06:32:44.9782674Z       at Object.<anonymous> (tests/relative-paths.integration.test.mjs:39:15)
Test on node (ubuntu-latest)	Run Node.js tests	2026-07-30T06:32:44.9783299Z 
Test on node (ubuntu-latest)	Run Node.js tests	2026-07-30T06:32:45.0478687Z PASS tests/builtin-universal.test.cjs
Test on node (ubuntu-latest)	Run Node.js tests	2026-07-30T06:32:45.1164939Z PASS tests/builtin-universal.test.mjs
Test on node (ubuntu-latest)	Run Node.js tests	2026-07-30T06:32:45.1803515Z PASS tests/fs-promises.test.mjs
Test on node (ubuntu-latest)	Run Node.js tests	2026-07-30T06:32:45.7777011Z PASS tests/loader.test.mjs
Test on node (ubuntu-latest)	Run Node.js tests	2026-07-30T06:32:45.8381976Z PASS tests/script-sync.test.mjs
Test on node (ubuntu-latest)	Run Node.js tests	2026-07-30T06:32:47.9363033Z PASS tests/lodash.test.mjs
Test on node (ubuntu-latest)	Run Node.js tests	2026-07-30T06:32:47.9992260Z PASS tests/get-script-url.test.cjs
Test on node (ubuntu-latest)	Run Node.js tests	2026-07-30T06:32:48.7984543Z PASS tests/network-imports.test.mjs
Test on node (ubuntu-latest)	Run Node.js tests	2026-07-30T06:32:50.4011082Z PASS tests/lodash.test.cjs
Test on node (ubuntu-latest)	Run Node.js tests	2026-07-30T06:32:50.8276364Z PASS tests/network-imports.test.cjs
Test on node (ubuntu-latest)	Run Node.js tests	2026-07-30T06:32:50.8887967Z PASS tests/get-script-url.test.mjs
Test on node (ubuntu-latest)	Run Node.js tests	2026-07-30T06:32:53.5205125Z PASS tests/command-stream.test.cjs
Test on node (ubuntu-latest)	Run Node.js tests	2026-07-30T06:32:54.7402005Z PASS tests/command-stream.test.mjs
Test on node (ubuntu-latest)	Run Node.js tests	2026-07-30T06:32:54.8034892Z PASS tests/import.test.mjs
Test on node (ubuntu-latest)	Run Node.js tests	2026-07-30T06:32:54.8610370Z PASS tests/import.test.cjs
Test on node (ubuntu-latest)	Run Node.js tests	2026-07-30T06:32:57.0366969Z PASS tests/typescript.test.cjs
Test on node (ubuntu-latest)	Run Node.js tests	2026-07-30T06:32:57.7461172Z PASS tests/typescript.test.mjs
Test on node (ubuntu-latest)	Run Node.js tests	2026-07-30T06:32:57.7471670Z 
Test on node (ubuntu-latest)	Run Node.js tests	2026-07-30T06:32:57.7478224Z Test Suites: 45 passed, 45 total
Test on node (ubuntu-latest)	Run Node.js tests	2026-07-30T06:32:57.7478947Z Tests:       349 passed, 349 total
Test on node (ubuntu-latest)	Run Node.js tests	2026-07-30T06:32:57.7479497Z Snapshots:   0 total
Test on node (ubuntu-latest)	Run Node.js tests	2026-07-30T06:32:57.7479924Z Time:        43.605 s
Test on node (ubuntu-latest)	Run Node.js tests	2026-07-30T06:32:57.7480315Z Ran all test suites.
Test on node (ubuntu-latest)	Post Setup Node.js	﻿2026-07-30T06:32:57.8818068Z Post job cleanup.
Test on node (ubuntu-latest)	Post Setup Node.js	2026-07-30T06:32:57.9990478Z [command]/usr/bin/tar --posix -cf cache.tzst --exclude cache.tzst -P -C /home/runner/work/use-m/use-m --files-from manifest.txt --use-compress-program zstdmt
Test on node (ubuntu-latest)	Post Setup Node.js	2026-07-30T06:32:58.3339209Z Failed to save: Unable to reserve cache with key node-cache-Linux-x64-npm-81dc12784190084ec33a0af20f1b75b6742be9b6cef5912c61bb9bf083a9dee5, another job may be creating this cache.
Test on node (ubuntu-latest)	Post Checkout code	﻿2026-07-30T06:32:58.3451750Z Post job cleanup.
Test on node (ubuntu-latest)	Post Checkout code	2026-07-30T06:32:58.4176070Z [command]/usr/bin/git version
Test on node (ubuntu-latest)	Post Checkout code	2026-07-30T06:32:58.4213137Z git version 2.54.0
Test on node (ubuntu-latest)	Post Checkout code	2026-07-30T06:32:58.4251085Z Temporarily overriding HOME='/home/runner/work/_temp/38c5596a-2530-4af5-b898-39e01c9bbafc' before making global git config changes
Test on node (ubuntu-latest)	Post Checkout code	2026-07-30T06:32:58.4251869Z Adding repository directory to the temporary git global config as a safe directory
Test on node (ubuntu-latest)	Post Checkout code	2026-07-30T06:32:58.4256837Z [command]/usr/bin/git config --global --add safe.directory /home/runner/work/use-m/use-m
Test on node (ubuntu-latest)	Post Checkout code	2026-07-30T06:32:58.4283522Z Removing SSH command configuration
Test on node (ubuntu-latest)	Post Checkout code	2026-07-30T06:32:58.4289557Z [command]/usr/bin/git config --local --name-only --get-regexp core\.sshCommand
Test on node (ubuntu-latest)	Post Checkout code	2026-07-30T06:32:58.4319118Z [command]/usr/bin/git submodule foreach --recursive sh -c "git config --local --name-only --get-regexp 'core\.sshCommand' && git config --local --unset-all 'core.sshCommand' || :"
Test on node (ubuntu-latest)	Post Checkout code	2026-07-30T06:32:58.4498740Z Removing HTTP extra header
Test on node (ubuntu-latest)	Post Checkout code	2026-07-30T06:32:58.4504266Z [command]/usr/bin/git config --local --name-only --get-regexp http\.https\:\/\/github\.com\/\.extraheader
Test on node (ubuntu-latest)	Post Checkout code	2026-07-30T06:32:58.4533802Z [command]/usr/bin/git submodule foreach --recursive sh -c "git config --local --name-only --get-regexp 'http\.https\:\/\/github\.com\/\.extraheader' && git config --local --unset-all 'http.https://github.com/.extraheader' || :"
Test on node (ubuntu-latest)	Post Checkout code	2026-07-30T06:32:58.4721649Z Removing includeIf entries pointing to credentials config files
Test on node (ubuntu-latest)	Post Checkout code	2026-07-30T06:32:58.4726693Z [command]/usr/bin/git config --local --name-only --get-regexp ^includeIf\.gitdir:
Test on node (ubuntu-latest)	Post Checkout code	2026-07-30T06:32:58.4746005Z includeif.gitdir:/home/runner/work/use-m/use-m/.git.path
Test on node (ubuntu-latest)	Post Checkout code	2026-07-30T06:32:58.4747157Z includeif.gitdir:/home/runner/work/use-m/use-m/.git/worktrees/*.path
Test on node (ubuntu-latest)	Post Checkout code	2026-07-30T06:32:58.4747870Z includeif.gitdir:/github/workspace/.git.path
Test on node (ubuntu-latest)	Post Checkout code	2026-07-30T06:32:58.4748504Z includeif.gitdir:/github/workspace/.git/worktrees/*.path
Test on node (ubuntu-latest)	Post Checkout code	2026-07-30T06:32:58.4756494Z [command]/usr/bin/git config --local --get-all includeif.gitdir:/home/runner/work/use-m/use-m/.git.path
Test on node (ubuntu-latest)	Post Checkout code	2026-07-30T06:32:58.4774490Z /home/runner/work/_temp/git-credentials-20275668-2c3a-407b-9cea-31af8234564a.config
Test on node (ubuntu-latest)	Post Checkout code	2026-07-30T06:32:58.4786938Z [command]/usr/bin/git config --local --unset includeif.gitdir:/home/runner/work/use-m/use-m/.git.path /home/runner/work/_temp/git-credentials-20275668-2c3a-407b-9cea-31af8234564a.config
Test on node (ubuntu-latest)	Post Checkout code	2026-07-30T06:32:58.4815961Z [command]/usr/bin/git config --local --get-all includeif.gitdir:/home/runner/work/use-m/use-m/.git/worktrees/*.path
Test on node (ubuntu-latest)	Post Checkout code	2026-07-30T06:32:58.4841310Z /home/runner/work/_temp/git-credentials-20275668-2c3a-407b-9cea-31af8234564a.config
Test on node (ubuntu-latest)	Post Checkout code	2026-07-30T06:32:58.4844598Z [command]/usr/bin/git config --local --unset includeif.gitdir:/home/runner/work/use-m/use-m/.git/worktrees/*.path /home/runner/work/_temp/git-credentials-20275668-2c3a-407b-9cea-31af8234564a.config
Test on node (ubuntu-latest)	Post Checkout code	2026-07-30T06:32:58.4901906Z [command]/usr/bin/git config --local --get-all includeif.gitdir:/github/workspace/.git.path
Test on node (ubuntu-latest)	Post Checkout code	2026-07-30T06:32:58.4919060Z /github/runner_temp/git-credentials-20275668-2c3a-407b-9cea-31af8234564a.config
Test on node (ubuntu-latest)	Post Checkout code	2026-07-30T06:32:58.4926252Z [command]/usr/bin/git config --local --unset includeif.gitdir:/github/workspace/.git.path /github/runner_temp/git-credentials-20275668-2c3a-407b-9cea-31af8234564a.config
Test on node (ubuntu-latest)	Post Checkout code	2026-07-30T06:32:58.4955648Z [command]/usr/bin/git config --local --get-all includeif.gitdir:/github/workspace/.git/worktrees/*.path
Test on node (ubuntu-latest)	Post Checkout code	2026-07-30T06:32:58.4974713Z /github/runner_temp/git-credentials-20275668-2c3a-407b-9cea-31af8234564a.config
Test on node (ubuntu-latest)	Post Checkout code	2026-07-30T06:32:58.4982650Z [command]/usr/bin/git config --local --unset includeif.gitdir:/github/workspace/.git/worktrees/*.path /github/runner_temp/git-credentials-20275668-2c3a-407b-9cea-31af8234564a.config
Test on node (ubuntu-latest)	Post Checkout code	2026-07-30T06:32:58.5013186Z [command]/usr/bin/git submodule foreach --recursive git config --local --show-origin --name-only --get-regexp remote.origin.url
Test on node (ubuntu-latest)	Post Checkout code	2026-07-30T06:32:58.5188773Z Removing credentials config '/home/runner/work/_temp/git-credentials-20275668-2c3a-407b-9cea-31af8234564a.config'
Test on node (ubuntu-latest)	Complete job	﻿2026-07-30T06:32:58.5301698Z Cleaning up orphan processes
Test on deno (ubuntu-latest)	Set up job	﻿2026-07-30T06:31:51.2139313Z Current runner version: '2.336.0'
Test on deno (ubuntu-latest)	Set up job	2026-07-30T06:31:51.2166449Z ##[group]Runner Image Provisioner
Test on deno (ubuntu-latest)	Set up job	2026-07-30T06:31:51.2167325Z Hosted Compute Agent
Test on deno (ubuntu-latest)	Set up job	2026-07-30T06:31:51.2167995Z Version: 20260707.563
Test on deno (ubuntu-latest)	Set up job	2026-07-30T06:31:51.2168696Z Commit: 02667638d2b423fbc733a8e32a88b44996a3ba6e
Test on deno (ubuntu-latest)	Set up job	2026-07-30T06:31:51.2169415Z Build Date: 2026-07-07T19:33:50Z
Test on deno (ubuntu-latest)	Set up job	2026-07-30T06:31:51.2170148Z Worker ID: {8e2ccaa7-a4ce-4268-9d59-e99bc9354f57}
Test on deno (ubuntu-latest)	Set up job	2026-07-30T06:31:51.2170849Z Azure Region: westus
Test on deno (ubuntu-latest)	Set up job	2026-07-30T06:31:51.2171397Z ##[endgroup]
Test on deno (ubuntu-latest)	Set up job	2026-07-30T06:31:51.2173307Z ##[group]Operating System
Test on deno (ubuntu-latest)	Set up job	2026-07-30T06:31:51.2173975Z Ubuntu
Test on deno (ubuntu-latest)	Set up job	2026-07-30T06:31:51.2174557Z 24.04.4
Test on deno (ubuntu-latest)	Set up job	2026-07-30T06:31:51.2175077Z LTS
Test on deno (ubuntu-latest)	Set up job	2026-07-30T06:31:51.2175584Z ##[endgroup]
Test on deno (ubuntu-latest)	Set up job	2026-07-30T06:31:51.2176214Z ##[group]Runner Image
Test on deno (ubuntu-latest)	Set up job	2026-07-30T06:31:51.2176794Z Image: ubuntu-24.04
Test on deno (ubuntu-latest)	Set up job	2026-07-30T06:31:51.2177349Z Version: 20260720.247.2
Test on deno (ubuntu-latest)	Set up job	2026-07-30T06:31:51.2178477Z Included Software: https://github.com/actions/runner-images/blob/ubuntu24/20260720.247/images/ubuntu/Ubuntu2404-Readme.md
Test on deno (ubuntu-latest)	Set up job	2026-07-30T06:31:51.2180297Z Image Release: https://github.com/actions/runner-images/releases/tag/ubuntu24%2F20260720.247
Test on deno (ubuntu-latest)	Set up job	2026-07-30T06:31:51.2181249Z ##[endgroup]
Test on deno (ubuntu-latest)	Set up job	2026-07-30T06:31:51.2182715Z ##[group]GITHUB_TOKEN Permissions
Test on deno (ubuntu-latest)	Set up job	2026-07-30T06:31:51.2184649Z Contents: read
Test on deno (ubuntu-latest)	Set up job	2026-07-30T06:31:51.2185272Z Metadata: read
Test on deno (ubuntu-latest)	Set up job	2026-07-30T06:31:51.2185929Z ##[endgroup]
Test on deno (ubuntu-latest)	Set up job	2026-07-30T06:31:51.2188014Z Secret source: Actions
Test on deno (ubuntu-latest)	Set up job	2026-07-30T06:31:51.2189126Z Prepare workflow directory
Test on deno (ubuntu-latest)	Set up job	2026-07-30T06:31:51.2568106Z Prepare all required actions
Test on deno (ubuntu-latest)	Set up job	2026-07-30T06:31:51.2633896Z Getting action download info
Test on deno (ubuntu-latest)	Set up job	2026-07-30T06:31:51.6167997Z Download action repository 'actions/checkout@v6' (SHA:d23441a48e516b6c34aea4fa41551a30e30af803)
Test on deno (ubuntu-latest)	Set up job	2026-07-30T06:31:52.1275056Z Download action repository 'actions/setup-node@v6' (SHA:249970729cb0ef3589644e2896645e5dc5ba9c38)
Test on deno (ubuntu-latest)	Set up job	2026-07-30T06:31:52.6439397Z Download action repository 'oven-sh/setup-bun@v2' (SHA:0c5077e51419868618aeaa5fe8019c62421857d6)
Test on deno (ubuntu-latest)	Set up job	2026-07-30T06:31:53.0498649Z Download action repository 'denoland/setup-deno@v2' (SHA:22d081ff2d3a40755e97629de92e3bcbfa7cf2ed)
Test on deno (ubuntu-latest)	Set up job	2026-07-30T06:31:53.5619955Z Complete job name: Test on deno (ubuntu-latest)
Test on deno (ubuntu-latest)	Checkout code	﻿2026-07-30T06:31:53.6603722Z ##[group]Run actions/checkout@v6
Test on deno (ubuntu-latest)	Checkout code	2026-07-30T06:31:53.6605470Z with:
Test on deno (ubuntu-latest)	Checkout code	2026-07-30T06:31:53.6606490Z   repository: link-foundation/use-m
Test on deno (ubuntu-latest)	Checkout code	2026-07-30T06:31:53.6615920Z   token: ***
Test on deno (ubuntu-latest)	Checkout code	2026-07-30T06:31:53.6616994Z   ssh-strict: true
Test on deno (ubuntu-latest)	Checkout code	2026-07-30T06:31:53.6617990Z   ssh-user: git
Test on deno (ubuntu-latest)	Checkout code	2026-07-30T06:31:53.6619027Z   persist-credentials: true
Test on deno (ubuntu-latest)	Checkout code	2026-07-30T06:31:53.6620129Z   clean: true
Test on deno (ubuntu-latest)	Checkout code	2026-07-30T06:31:53.6621150Z   sparse-checkout-cone-mode: true
Test on deno (ubuntu-latest)	Checkout code	2026-07-30T06:31:53.6622669Z   fetch-depth: 1
Test on deno (ubuntu-latest)	Checkout code	2026-07-30T06:31:53.6623679Z   fetch-tags: false
Test on deno (ubuntu-latest)	Checkout code	2026-07-30T06:31:53.6624665Z   show-progress: true
Test on deno (ubuntu-latest)	Checkout code	2026-07-30T06:31:53.6625751Z   lfs: false
Test on deno (ubuntu-latest)	Checkout code	2026-07-30T06:31:53.6626721Z   submodules: false
Test on deno (ubuntu-latest)	Checkout code	2026-07-30T06:31:53.6627765Z   set-safe-directory: true
Test on deno (ubuntu-latest)	Checkout code	2026-07-30T06:31:53.6628904Z   allow-unsafe-pr-checkout: false
Test on deno (ubuntu-latest)	Checkout code	2026-07-30T06:31:53.6630430Z ##[endgroup]
Test on deno (ubuntu-latest)	Checkout code	2026-07-30T06:31:53.7715970Z Syncing repository: link-foundation/use-m
Test on deno (ubuntu-latest)	Checkout code	2026-07-30T06:31:53.7720362Z ##[group]Getting Git version info
Test on deno (ubuntu-latest)	Checkout code	2026-07-30T06:31:53.7722478Z Working directory is '/home/runner/work/use-m/use-m'
Test on deno (ubuntu-latest)	Checkout code	2026-07-30T06:31:53.7725607Z [command]/usr/bin/git version
Test on deno (ubuntu-latest)	Checkout code	2026-07-30T06:31:53.7816971Z git version 2.54.0
Test on deno (ubuntu-latest)	Checkout code	2026-07-30T06:31:53.7851798Z ##[endgroup]
Test on deno (ubuntu-latest)	Checkout code	2026-07-30T06:31:53.7872526Z Temporarily overriding HOME='/home/runner/work/_temp/b0e55d92-a541-43bf-bd31-cc9a038105bb' before making global git config changes
Test on deno (ubuntu-latest)	Checkout code	2026-07-30T06:31:53.7877592Z Adding repository directory to the temporary git global config as a safe directory
Test on deno (ubuntu-latest)	Checkout code	2026-07-30T06:31:53.7881121Z [command]/usr/bin/git config --global --add safe.directory /home/runner/work/use-m/use-m
Test on deno (ubuntu-latest)	Checkout code	2026-07-30T06:31:53.7945092Z Deleting the contents of '/home/runner/work/use-m/use-m'
Test on deno (ubuntu-latest)	Checkout code	2026-07-30T06:31:53.7950415Z ##[group]Determining repository object format
Test on deno (ubuntu-latest)	Checkout code	2026-07-30T06:31:53.7953802Z ##[endgroup]
Test on deno (ubuntu-latest)	Checkout code	2026-07-30T06:31:53.7956327Z ##[group]Initializing the repository
Test on deno (ubuntu-latest)	Checkout code	2026-07-30T06:31:53.7959234Z [command]/usr/bin/git init /home/runner/work/use-m/use-m
Test on deno (ubuntu-latest)	Checkout code	2026-07-30T06:31:53.8099432Z hint: Using 'master' as the name for the initial branch. This default branch name
Test on deno (ubuntu-latest)	Checkout code	2026-07-30T06:31:53.8104582Z hint: will change to "main" in Git 3.0. To configure the initial branch name
Test on deno (ubuntu-latest)	Checkout code	2026-07-30T06:31:53.8108204Z hint: to use in all of your new repositories, which will suppress this warning,
Test on deno (ubuntu-latest)	Checkout code	2026-07-30T06:31:53.8110188Z hint: call:
Test on deno (ubuntu-latest)	Checkout code	2026-07-30T06:31:53.8111193Z hint:
Test on deno (ubuntu-latest)	Checkout code	2026-07-30T06:31:53.8113158Z hint: 	git config --global init.defaultBranch <name>
Test on deno (ubuntu-latest)	Checkout code	2026-07-30T06:31:53.8114805Z hint:
Test on deno (ubuntu-latest)	Checkout code	2026-07-30T06:31:53.8116371Z hint: Names commonly chosen instead of 'master' are 'main', 'trunk' and
Test on deno (ubuntu-latest)	Checkout code	2026-07-30T06:31:53.8119555Z hint: 'development'. The just-created branch can be renamed via this command:
Test on deno (ubuntu-latest)	Checkout code	2026-07-30T06:31:53.8121585Z hint:
Test on deno (ubuntu-latest)	Checkout code	2026-07-30T06:31:53.8124170Z hint: 	git branch -m <name>
Test on deno (ubuntu-latest)	Checkout code	2026-07-30T06:31:53.8125740Z hint:
Test on deno (ubuntu-latest)	Checkout code	2026-07-30T06:31:53.8127319Z hint: Disable this message with "git config set advice.defaultBranchName false"
Test on deno (ubuntu-latest)	Checkout code	2026-07-30T06:31:53.8134245Z Initialized empty Git repository in /home/runner/work/use-m/use-m/.git/
Test on deno (ubuntu-latest)	Checkout code	2026-07-30T06:31:53.8149488Z [command]/usr/bin/git remote add origin https://github.com/link-foundation/use-m
Test on deno (ubuntu-latest)	Checkout code	2026-07-30T06:31:53.8239966Z ##[endgroup]
Test on deno (ubuntu-latest)	Checkout code	2026-07-30T06:31:53.8243450Z ##[group]Disabling automatic garbage collection
Test on deno (ubuntu-latest)	Checkout code	2026-07-30T06:31:53.8245770Z [command]/usr/bin/git config --local gc.auto 0
Test on deno (ubuntu-latest)	Checkout code	2026-07-30T06:31:53.8280640Z ##[endgroup]
Test on deno (ubuntu-latest)	Checkout code	2026-07-30T06:31:53.8283167Z ##[group]Setting up auth
Test on deno (ubuntu-latest)	Checkout code	2026-07-30T06:31:53.8284825Z Removing SSH command configuration
Test on deno (ubuntu-latest)	Checkout code	2026-07-30T06:31:53.8288446Z [command]/usr/bin/git config --local --name-only --get-regexp core\.sshCommand
Test on deno (ubuntu-latest)	Checkout code	2026-07-30T06:31:53.8334688Z [command]/usr/bin/git submodule foreach --recursive sh -c "git config --local --name-only --get-regexp 'core\.sshCommand' && git config --local --unset-all 'core.sshCommand' || :"
Test on deno (ubuntu-latest)	Checkout code	2026-07-30T06:31:53.8834431Z Removing HTTP extra header
Test on deno (ubuntu-latest)	Checkout code	2026-07-30T06:31:53.8842904Z [command]/usr/bin/git config --local --name-only --get-regexp http\.https\:\/\/github\.com\/\.extraheader
Test on deno (ubuntu-latest)	Checkout code	2026-07-30T06:31:53.8887865Z [command]/usr/bin/git submodule foreach --recursive sh -c "git config --local --name-only --get-regexp 'http\.https\:\/\/github\.com\/\.extraheader' && git config --local --unset-all 'http.https://github.com/.extraheader' || :"
Test on deno (ubuntu-latest)	Checkout code	2026-07-30T06:31:53.9117314Z Removing includeIf entries pointing to credentials config files
Test on deno (ubuntu-latest)	Checkout code	2026-07-30T06:31:53.9124645Z [command]/usr/bin/git config --local --name-only --get-regexp ^includeIf\.gitdir:
Test on deno (ubuntu-latest)	Checkout code	2026-07-30T06:31:53.9166701Z [command]/usr/bin/git submodule foreach --recursive git config --local --show-origin --name-only --get-regexp remote.origin.url
Test on deno (ubuntu-latest)	Checkout code	2026-07-30T06:31:53.9487287Z [command]/usr/bin/git config --file /home/runner/work/_temp/git-credentials-95306846-b827-44bf-a2b2-6a599856017a.config http.https://github.com/.extraheader AUTHORIZATION: basic ***
Test on deno (ubuntu-latest)	Checkout code	2026-07-30T06:31:53.9500102Z [command]/usr/bin/git config --local includeIf.gitdir:/home/runner/work/use-m/use-m/.git.path /home/runner/work/_temp/git-credentials-95306846-b827-44bf-a2b2-6a599856017a.config
Test on deno (ubuntu-latest)	Checkout code	2026-07-30T06:31:53.9509127Z [command]/usr/bin/git config --local includeIf.gitdir:/home/runner/work/use-m/use-m/.git/worktrees/*.path /home/runner/work/_temp/git-credentials-95306846-b827-44bf-a2b2-6a599856017a.config
Test on deno (ubuntu-latest)	Checkout code	2026-07-30T06:31:53.9547496Z [command]/usr/bin/git config --local includeIf.gitdir:/github/workspace/.git.path /github/runner_temp/git-credentials-95306846-b827-44bf-a2b2-6a599856017a.config
Test on deno (ubuntu-latest)	Checkout code	2026-07-30T06:31:53.9592088Z [command]/usr/bin/git config --local includeIf.gitdir:/github/workspace/.git/worktrees/*.path /github/runner_temp/git-credentials-95306846-b827-44bf-a2b2-6a599856017a.config
Test on deno (ubuntu-latest)	Checkout code	2026-07-30T06:31:53.9624661Z ##[endgroup]
Test on deno (ubuntu-latest)	Checkout code	2026-07-30T06:31:53.9626168Z ##[group]Fetching the repository
Test on deno (ubuntu-latest)	Checkout code	2026-07-30T06:31:53.9634397Z [command]/usr/bin/git -c protocol.version=2 fetch --no-tags --prune --no-recurse-submodules --depth=1 origin +2b1700965d70be9d8be94cbf5bb5949263258a7a:refs/remotes/pull/69/merge
Test on deno (ubuntu-latest)	Checkout code	2026-07-30T06:31:54.6707577Z From https://github.com/link-foundation/use-m
Test on deno (ubuntu-latest)	Checkout code	2026-07-30T06:31:54.6710016Z  * [new ref]         2b1700965d70be9d8be94cbf5bb5949263258a7a -> pull/69/merge
Test on deno (ubuntu-latest)	Checkout code	2026-07-30T06:31:54.6750847Z ##[endgroup]
Test on deno (ubuntu-latest)	Checkout code	2026-07-30T06:31:54.6752934Z ##[group]Determining the checkout info
Test on deno (ubuntu-latest)	Checkout code	2026-07-30T06:31:54.6754658Z ##[endgroup]
Test on deno (ubuntu-latest)	Checkout code	2026-07-30T06:31:54.6758719Z [command]/usr/bin/git sparse-checkout disable
Test on deno (ubuntu-latest)	Checkout code	2026-07-30T06:31:54.6812072Z [command]/usr/bin/git config --local --unset-all extensions.worktreeConfig
Test on deno (ubuntu-latest)	Checkout code	2026-07-30T06:31:54.6848881Z ##[group]Checking out the ref
Test on deno (ubuntu-latest)	Checkout code	2026-07-30T06:31:54.6852550Z [command]/usr/bin/git checkout --progress --force refs/remotes/pull/69/merge
Test on deno (ubuntu-latest)	Checkout code	2026-07-30T06:31:54.7201031Z Note: switching to 'refs/remotes/pull/69/merge'.
Test on deno (ubuntu-latest)	Checkout code	2026-07-30T06:31:54.7203050Z 
Test on deno (ubuntu-latest)	Checkout code	2026-07-30T06:31:54.7204272Z You are in 'detached HEAD' state. You can look around, make experimental
Test on deno (ubuntu-latest)	Checkout code	2026-07-30T06:31:54.7207102Z changes and commit them, and you can discard any commits you make in this
Test on deno (ubuntu-latest)	Checkout code	2026-07-30T06:31:54.7208945Z state without impacting any branches by switching back to a branch.
Test on deno (ubuntu-latest)	Checkout code	2026-07-30T06:31:54.7210716Z 
Test on deno (ubuntu-latest)	Checkout code	2026-07-30T06:31:54.7211523Z If you want to create a new branch to retain commits you create, you may
Test on deno (ubuntu-latest)	Checkout code	2026-07-30T06:31:54.7213515Z do so (now or later) by using -c with the switch command. Example:
Test on deno (ubuntu-latest)	Checkout code	2026-07-30T06:31:54.7214490Z 
Test on deno (ubuntu-latest)	Checkout code	2026-07-30T06:31:54.7215099Z   git switch -c <new-branch-name>
Test on deno (ubuntu-latest)	Checkout code	2026-07-30T06:31:54.7215822Z 
Test on deno (ubuntu-latest)	Checkout code	2026-07-30T06:31:54.7216223Z Or undo this operation with:
Test on deno (ubuntu-latest)	Checkout code	2026-07-30T06:31:54.7216855Z 
Test on deno (ubuntu-latest)	Checkout code	2026-07-30T06:31:54.7217208Z   git switch -
Test on deno (ubuntu-latest)	Checkout code	2026-07-30T06:31:54.7217710Z 
Test on deno (ubuntu-latest)	Checkout code	2026-07-30T06:31:54.7218569Z Turn off this advice by setting config variable advice.detachedHead to false
Test on deno (ubuntu-latest)	Checkout code	2026-07-30T06:31:54.7219733Z 
Test on deno (ubuntu-latest)	Checkout code	2026-07-30T06:31:54.7221022Z HEAD is now at 2b17009 Merge dd7b0344f19540f58f1ea34bb5945a4ad312c3f6 into 8c5a55d144d8655efa805d02a3f234e8dfd6a9d4
Test on deno (ubuntu-latest)	Checkout code	2026-07-30T06:31:54.7225337Z ##[endgroup]
Test on deno (ubuntu-latest)	Checkout code	2026-07-30T06:31:54.7262611Z [command]/usr/bin/git log -1 --format=%H
Test on deno (ubuntu-latest)	Checkout code	2026-07-30T06:31:54.7293676Z 2b1700965d70be9d8be94cbf5bb5949263258a7a
Test on deno (ubuntu-latest)	Setup Node.js	﻿2026-07-30T06:31:54.7660564Z ##[group]Run actions/setup-node@v6
Test on deno (ubuntu-latest)	Setup Node.js	2026-07-30T06:31:54.7661677Z with:
Test on deno (ubuntu-latest)	Setup Node.js	2026-07-30T06:31:54.7662721Z   node-version: 20.x
Test on deno (ubuntu-latest)	Setup Node.js	2026-07-30T06:31:54.7663589Z   cache: npm
Test on deno (ubuntu-latest)	Setup Node.js	2026-07-30T06:31:54.7664398Z   check-latest: false
Test on deno (ubuntu-latest)	Setup Node.js	2026-07-30T06:31:54.7672954Z   token: ***
Test on deno (ubuntu-latest)	Setup Node.js	2026-07-30T06:31:54.7673820Z   package-manager-cache: true
Test on deno (ubuntu-latest)	Setup Node.js	2026-07-30T06:31:54.7674795Z ##[endgroup]
Test on deno (ubuntu-latest)	Setup Node.js	2026-07-30T06:31:54.9123162Z Attempting to download 20.x...
Test on deno (ubuntu-latest)	Setup Node.js	2026-07-30T06:31:55.9626850Z Acquiring 20.20.2 - x64 from https://github.com/actions/node-versions/releases/download/20.20.2-23521894959/node-20.20.2-linux-x64.tar.gz
Test on deno (ubuntu-latest)	Setup Node.js	2026-07-30T06:31:56.4422546Z Extracting ...
Test on deno (ubuntu-latest)	Setup Node.js	2026-07-30T06:31:56.4548948Z [command]/usr/bin/tar xz --strip 1 --warning=no-unknown-keyword --overwrite -C /home/runner/work/_temp/c9c232f1-11c4-429f-accc-f5a4d00eb28d -f /home/runner/work/_temp/12860ac0-644e-4b68-9db8-233b86e12b91
Test on deno (ubuntu-latest)	Setup Node.js	2026-07-30T06:31:57.4825283Z Adding to the cache ...
Test on deno (ubuntu-latest)	Setup Node.js	2026-07-30T06:31:59.3499906Z ##[group]Environment details
Test on deno (ubuntu-latest)	Setup Node.js	2026-07-30T06:31:59.5855885Z node: v20.20.2
Test on deno (ubuntu-latest)	Setup Node.js	2026-07-30T06:31:59.5856668Z npm: 10.8.2
Test on deno (ubuntu-latest)	Setup Node.js	2026-07-30T06:31:59.5857037Z yarn: 1.22.22
Test on deno (ubuntu-latest)	Setup Node.js	2026-07-30T06:31:59.5857831Z ##[endgroup]
Test on deno (ubuntu-latest)	Setup Node.js	2026-07-30T06:31:59.5880615Z [command]/opt/hostedtoolcache/node/20.20.2/x64/bin/npm config get cache
Test on deno (ubuntu-latest)	Setup Node.js	2026-07-30T06:31:59.6959948Z /home/runner/.npm
Test on deno (ubuntu-latest)	Setup Node.js	2026-07-30T06:31:59.9506073Z npm cache is not found
Test on deno (ubuntu-latest)	Setup Deno	﻿2026-07-30T06:31:59.9722400Z ##[group]Run denoland/setup-deno@v2
Test on deno (ubuntu-latest)	Setup Deno	2026-07-30T06:31:59.9722750Z with:
Test on deno (ubuntu-latest)	Setup Deno	2026-07-30T06:31:59.9722950Z   deno-version: v2.x
Test on deno (ubuntu-latest)	Setup Deno	2026-07-30T06:31:59.9723210Z   deno-binary-name: deno
Test on deno (ubuntu-latest)	Setup Deno	2026-07-30T06:31:59.9723436Z   cache: false
Test on deno (ubuntu-latest)	Setup Deno	2026-07-30T06:31:59.9723630Z ##[endgroup]
Test on deno (ubuntu-latest)	Setup Deno	2026-07-30T06:32:00.1473601Z Going to install stable version 2.9.4.
Test on deno (ubuntu-latest)	Setup Deno	2026-07-30T06:32:00.1478280Z Downloading Deno from https://github.com/denoland/deno/releases/download/v2.9.4/deno-x86_64-unknown-linux-gnu.zip.
Test on deno (ubuntu-latest)	Setup Deno	2026-07-30T06:32:00.4558233Z [command]/usr/bin/unzip -o -q /home/runner/work/_temp/94a11452-2969-4f5c-b440-d336ee455509
Test on deno (ubuntu-latest)	Setup Deno	2026-07-30T06:32:01.2923959Z Cached Deno to /opt/hostedtoolcache/deno/2.9.4/x64.
Test on deno (ubuntu-latest)	Setup Deno	2026-07-30T06:32:01.2934072Z Installation complete.
Test on deno (ubuntu-latest)	Install dependencies	﻿2026-07-30T06:32:01.3106505Z ##[group]Run npm ci --no-audit --no-fund
Test on deno (ubuntu-latest)	Install dependencies	2026-07-30T06:32:01.3106933Z ^[[36;1mnpm ci --no-audit --no-fund^[[0m
Test on deno (ubuntu-latest)	Install dependencies	2026-07-30T06:32:01.3156043Z shell: /usr/bin/bash -e {0}
Test on deno (ubuntu-latest)	Install dependencies	2026-07-30T06:32:01.3156333Z ##[endgroup]
Test on deno (ubuntu-latest)	Install dependencies	2026-07-30T06:32:11.3457381Z 
Test on deno (ubuntu-latest)	Install dependencies	2026-07-30T06:32:11.3458128Z added 476 packages in 10s
Test on deno (ubuntu-latest)	Run Deno tests	﻿2026-07-30T06:32:11.3706640Z ##[group]Run for attempt in 1 2 3; do
Test on deno (ubuntu-latest)	Run Deno tests	2026-07-30T06:32:11.3707017Z ^[[36;1mfor attempt in 1 2 3; do^[[0m
Test on deno (ubuntu-latest)	Run Deno tests	2026-07-30T06:32:11.3707517Z ^[[36;1m  deno test --allow-net --allow-env --allow-run --allow-read --allow-write --allow-sys && exit 0^[[0m
Test on deno (ubuntu-latest)	Run Deno tests	2026-07-30T06:32:11.3707995Z ^[[36;1m  status=$?^[[0m
Test on deno (ubuntu-latest)	Run Deno tests	2026-07-30T06:32:11.3708205Z ^[[36;1m^[[0m
Test on deno (ubuntu-latest)	Run Deno tests	2026-07-30T06:32:11.3708402Z ^[[36;1m  if [ "$attempt" = "3" ]; then^[[0m
Test on deno (ubuntu-latest)	Run Deno tests	2026-07-30T06:32:11.3708664Z ^[[36;1m    exit "$status"^[[0m
Test on deno (ubuntu-latest)	Run Deno tests	2026-07-30T06:32:11.3708886Z ^[[36;1m  fi^[[0m
Test on deno (ubuntu-latest)	Run Deno tests	2026-07-30T06:32:11.3709067Z ^[[36;1m^[[0m
Test on deno (ubuntu-latest)	Run Deno tests	2026-07-30T06:32:11.3709639Z ^[[36;1m  echo "Deno tests failed on attempt ${attempt}/3; retrying after a short delay."^[[0m
Test on deno (ubuntu-latest)	Run Deno tests	2026-07-30T06:32:11.3732922Z ^[[36;1m  sleep $((attempt * 15))^[[0m
Test on deno (ubuntu-latest)	Run Deno tests	2026-07-30T06:32:11.3733237Z ^[[36;1mdone^[[0m
Test on deno (ubuntu-latest)	Run Deno tests	2026-07-30T06:32:11.3777990Z shell: /usr/bin/bash -e {0}
Test on deno (ubuntu-latest)	Run Deno tests	2026-07-30T06:32:11.3778267Z ##[endgroup]
Test on deno (ubuntu-latest)	Run Deno tests	2026-07-30T06:32:11.4161075Z ^[[0m^[[32mDownload^[[0m https://deno.land/std@0.224.0/expect/mod.ts
Test on deno (ubuntu-latest)	Run Deno tests	2026-07-30T06:32:11.4163015Z ^[[0m^[[32mDownload^[[0m https://deno.land/std@0.224.0/testing/bdd.ts
Test on deno (ubuntu-latest)	Run Deno tests	2026-07-30T06:32:11.9523391Z ^[[0m^[[32mDownload^[[0m https://deno.land/std@0.224.0/expect/expect.ts
Test on deno (ubuntu-latest)	Run Deno tests	2026-07-30T06:32:11.9524227Z ^[[0m^[[32mDownload^[[0m https://deno.land/std@0.224.0/expect/fn.ts
Test on deno (ubuntu-latest)	Run Deno tests	2026-07-30T06:32:11.9524953Z ^[[0m^[[32mDownload^[[0m https://deno.land/std@0.224.0/testing/_test_suite.ts
Test on deno (ubuntu-latest)	Run Deno tests	2026-07-30T06:32:12.0054356Z ^[[0m^[[32mDownload^[[0m https://deno.land/std@0.224.0/expect/_types.ts
Test on deno (ubuntu-latest)	Run Deno tests	2026-07-30T06:32:12.0055791Z ^[[0m^[[32mDownload^[[0m https://deno.land/std@0.224.0/assert/assertion_error.ts
Test on deno (ubuntu-latest)	Run Deno tests	2026-07-30T06:32:12.0057200Z ^[[0m^[[32mDownload^[[0m https://deno.land/std@0.224.0/expect/_custom_equality_tester.ts
Test on deno (ubuntu-latest)	Run Deno tests	2026-07-30T06:32:12.0058690Z ^[[0m^[[32mDownload^[[0m https://deno.land/std@0.224.0/expect/_equal.ts
Test on deno (ubuntu-latest)	Run Deno tests	2026-07-30T06:32:12.0059663Z ^[[0m^[[32mDownload^[[0m https://deno.land/std@0.224.0/expect/_extend.ts
Test on deno (ubuntu-latest)	Run Deno tests	2026-07-30T06:32:12.0060377Z ^[[0m^[[32mDownload^[[0m https://deno.land/std@0.224.0/expect/_matchers.ts
Test on deno (ubuntu-latest)	Run Deno tests	2026-07-30T06:32:12.0061146Z ^[[0m^[[32mDownload^[[0m https://deno.land/std@0.224.0/expect/_snapshot_serializer.ts
Test on deno (ubuntu-latest)	Run Deno tests	2026-07-30T06:32:12.0062221Z ^[[0m^[[32mDownload^[[0m https://deno.land/std@0.224.0/expect/_utils.ts
Test on deno (ubuntu-latest)	Run Deno tests	2026-07-30T06:32:12.0063053Z ^[[0m^[[32mDownload^[[0m https://deno.land/std@0.224.0/expect/_asymmetric_matchers.ts
Test on deno (ubuntu-latest)	Run Deno tests	2026-07-30T06:32:12.0455237Z ^[[0m^[[32mDownload^[[0m https://deno.land/std@0.224.0/expect/_mock_util.ts
Test on deno (ubuntu-latest)	Run Deno tests	2026-07-30T06:32:12.0968340Z ^[[0m^[[32mDownload^[[0m https://deno.land/std@0.224.0/assert/assert_not_strict_equals.ts
Test on deno (ubuntu-latest)	Run Deno tests	2026-07-30T06:32:12.0969766Z ^[[0m^[[32mDownload^[[0m https://deno.land/std@0.224.0/assert/assert_strict_equals.ts
Test on deno (ubuntu-latest)	Run Deno tests	2026-07-30T06:32:12.0970668Z ^[[0m^[[32mDownload^[[0m https://deno.land/std@0.224.0/assert/assert_instance_of.ts
Test on deno (ubuntu-latest)	Run Deno tests	2026-07-30T06:32:12.0971381Z ^[[0m^[[32mDownload^[[0m https://deno.land/std@0.224.0/assert/assert_is_error.ts
Test on deno (ubuntu-latest)	Run Deno tests	2026-07-30T06:32:12.0972273Z ^[[0m^[[32mDownload^[[0m https://deno.land/std@0.224.0/assert/assert_not_instance_of.ts
Test on deno (ubuntu-latest)	Run Deno tests	2026-07-30T06:32:12.0972960Z ^[[0m^[[32mDownload^[[0m https://deno.land/std@0.224.0/assert/assert_match.ts
Test on deno (ubuntu-latest)	Run Deno tests	2026-07-30T06:32:12.0973606Z ^[[0m^[[32mDownload^[[0m https://deno.land/std@0.224.0/assert/assert_object_match.ts
Test on deno (ubuntu-latest)	Run Deno tests	2026-07-30T06:32:12.0974240Z ^[[0m^[[32mDownload^[[0m https://deno.land/std@0.224.0/assert/assert_not_match.ts
Test on deno (ubuntu-latest)	Run Deno tests	2026-07-30T06:32:12.0974902Z ^[[0m^[[32mDownload^[[0m https://deno.land/std@0.224.0/expect/_assert_equals.ts
Test on deno (ubuntu-latest)	Run Deno tests	2026-07-30T06:32:12.0975529Z ^[[0m^[[32mDownload^[[0m https://deno.land/std@0.224.0/expect/_assert_not_equals.ts
Test on deno (ubuntu-latest)	Run Deno tests	2026-07-30T06:32:12.0976128Z ^[[0m^[[32mDownload^[[0m https://deno.land/std@0.224.0/internal/format.ts
Test on deno (ubuntu-latest)	Run Deno tests	2026-07-30T06:32:12.0976767Z ^[[0m^[[32mDownload^[[0m https://deno.land/std@0.224.0/expect/_inspect_args.ts
Test on deno (ubuntu-latest)	Run Deno tests	2026-07-30T06:32:12.1830724Z ^[[0m^[[32mDownload^[[0m https://deno.land/std@0.224.0/internal/mod.ts
Test on deno (ubuntu-latest)	Run Deno tests	2026-07-30T06:32:12.1831637Z ^[[0m^[[32mDownload^[[0m https://deno.land/std@0.224.0/assert/_constants.ts
Test on deno (ubuntu-latest)	Run Deno tests	2026-07-30T06:32:12.1833118Z ^[[0m^[[32mDownload^[[0m https://deno.land/std@0.224.0/fmt/colors.ts
Test on deno (ubuntu-latest)	Run Deno tests	2026-07-30T06:32:12.1833955Z ^[[0m^[[32mDownload^[[0m https://deno.land/std@0.224.0/assert/assert_false.ts
Test on deno (ubuntu-latest)	Run Deno tests	2026-07-30T06:32:12.1835073Z ^[[0m^[[32mDownload^[[0m https://deno.land/std@0.224.0/assert/assert_equals.ts
Test on deno (ubuntu-latest)	Run Deno tests	2026-07-30T06:32:12.1835880Z ^[[0m^[[32mDownload^[[0m https://deno.land/std@0.224.0/expect/_build_message.ts
Test on deno (ubuntu-latest)	Run Deno tests	2026-07-30T06:32:12.2898696Z ^[[0m^[[32mDownload^[[0m https://deno.land/std@0.224.0/internal/diff.ts
Test on deno (ubuntu-latest)	Run Deno tests	2026-07-30T06:32:12.2903215Z ^[[0m^[[32mDownload^[[0m https://deno.land/std@0.224.0/assert/equal.ts
Test on deno (ubuntu-latest)	Run Deno tests	2026-07-30T06:32:12.2904440Z ^[[0m^[[32mDownload^[[0m https://deno.land/std@0.224.0/expect/_constants.ts
Test on deno (ubuntu-latest)	Run Deno tests	2026-07-30T06:32:12.5227595Z ^[[0m^[[32mCheck^[[0m tests/builtin-browser.test.mjs
Test on deno (ubuntu-latest)	Run Deno tests	2026-07-30T06:32:12.5228255Z ^[[0m^[[32mCheck^[[0m tests/builtin-errors.test.mjs
Test on deno (ubuntu-latest)	Run Deno tests	2026-07-30T06:32:12.5228776Z ^[[0m^[[32mCheck^[[0m tests/builtin-nodejs.test.mjs
Test on deno (ubuntu-latest)	Run Deno tests	2026-07-30T06:32:12.5229299Z ^[[0m^[[32mCheck^[[0m tests/builtin-universal.test.mjs
Test on deno (ubuntu-latest)	Run Deno tests	2026-07-30T06:32:12.5229813Z ^[[0m^[[32mCheck^[[0m tests/command-stream.test.mjs
Test on deno (ubuntu-latest)	Run Deno tests	2026-07-30T06:32:12.5230300Z ^[[0m^[[32mCheck^[[0m tests/deno-support.test.mjs
Test on deno (ubuntu-latest)	Run Deno tests	2026-07-30T06:32:12.5230981Z ^[[0m^[[32mCheck^[[0m tests/esm-sh-polyfill-browser.test.mjs
Test on deno (ubuntu-latest)	Run Deno tests	2026-07-30T06:32:12.5231531Z ^[[0m^[[32mCheck^[[0m tests/fallback.test.mjs
Test on deno (ubuntu-latest)	Run Deno tests	2026-07-30T06:32:12.5232326Z ^[[0m^[[32mCheck^[[0m tests/filename.test.mjs
Test on deno (ubuntu-latest)	Run Deno tests	2026-07-30T06:32:12.5232815Z ^[[0m^[[32mCheck^[[0m tests/fs-promises.test.mjs
Test on deno (ubuntu-latest)	Run Deno tests	2026-07-30T06:32:12.5233320Z ^[[0m^[[32mCheck^[[0m tests/get-script-url.test.mjs
Test on deno (ubuntu-latest)	Run Deno tests	2026-07-30T06:32:12.5233777Z ^[[0m^[[32mCheck^[[0m tests/import.test.mjs
Test on deno (ubuntu-latest)	Run Deno tests	2026-07-30T06:32:12.5234198Z ^[[0m^[[32mCheck^[[0m tests/load.test.mjs
Test on deno (ubuntu-latest)	Run Deno tests	2026-07-30T06:32:12.5234615Z ^[[0m^[[32mCheck^[[0m tests/loader.test.mjs
Test on deno (ubuntu-latest)	Run Deno tests	2026-07-30T06:32:12.5235035Z ^[[0m^[[32mCheck^[[0m tests/lodash.test.mjs
Test on deno (ubuntu-latest)	Run Deno tests	2026-07-30T06:32:12.5235515Z ^[[0m^[[32mCheck^[[0m tests/module-specifier.test.mjs
Test on deno (ubuntu-latest)	Run Deno tests	2026-07-30T06:32:12.5236024Z ^[[0m^[[32mCheck^[[0m tests/network-imports.test.mjs
Test on deno (ubuntu-latest)	Run Deno tests	2026-07-30T06:32:12.5236538Z ^[[0m^[[32mCheck^[[0m tests/npm-global-prefix.test.mjs
Test on deno (ubuntu-latest)	Run Deno tests	2026-07-30T06:32:12.5237092Z ^[[0m^[[32mCheck^[[0m tests/relative-paths-browser.test.mjs
Test on deno (ubuntu-latest)	Run Deno tests	2026-07-30T06:32:12.5237689Z ^[[0m^[[32mCheck^[[0m tests/relative-paths.integration.test.mjs
Test on deno (ubuntu-latest)	Run Deno tests	2026-07-30T06:32:12.5238241Z ^[[0m^[[32mCheck^[[0m tests/relative-paths.test.mjs
Test on deno (ubuntu-latest)	Run Deno tests	2026-07-30T06:32:12.5238780Z ^[[0m^[[32mCheck^[[0m tests/release-workflow-policy.test.mjs
Test on deno (ubuntu-latest)	Run Deno tests	2026-07-30T06:32:12.5239291Z ^[[0m^[[32mCheck^[[0m tests/resolvers.test.mjs
Test on deno (ubuntu-latest)	Run Deno tests	2026-07-30T06:32:12.5239758Z ^[[0m^[[32mCheck^[[0m tests/root-entries.test.mjs
Test on deno (ubuntu-latest)	Run Deno tests	2026-07-30T06:32:12.5240232Z ^[[0m^[[32mCheck^[[0m tests/script-sync.test.mjs
Test on deno (ubuntu-latest)	Run Deno tests	2026-07-30T06:32:12.5240697Z ^[[0m^[[32mCheck^[[0m tests/typescript.test.mjs
Test on deno (ubuntu-latest)	Run Deno tests	2026-07-30T06:32:12.5241172Z ^[[0m^[[32mCheck^[[0m tests/use.test.mjs
Test on deno (ubuntu-latest)	Run Deno tests	2026-07-30T06:32:13.8966411Z ^[[0m^[[38;5;245mrunning 1 test from ./tests/builtin-browser.test.mjs^[[0m
Test on deno (ubuntu-latest)	Run Deno tests	2026-07-30T06:32:13.8978337Z [mjs module] Universal built-in modules in browser ...
Test on deno (ubuntu-latest)	Run Deno tests	2026-07-30T06:32:13.8992923Z   Browser tests are skipped in Deno environment ... ^[[0m^[[33mignored^[[0m ^[[0m^[[38;5;245m(0ms)^[[0m
Test on deno (ubuntu-latest)	Run Deno tests	2026-07-30T06:32:13.9003512Z [mjs module] Universal built-in modules in browser ... ^[[0m^[[32mok^[[0m ^[[0m^[[38;5;245m(1ms)^[[0m
Test on deno (ubuntu-latest)	Run Deno tests	2026-07-30T06:32:13.9449480Z ^[[0m^[[38;5;245mrunning 1 test from ./tests/builtin-errors.test.mjs^[[0m
Test on deno (ubuntu-latest)	Run Deno tests	2026-07-30T06:32:13.9461349Z [mjs module] Built-in module error handling ...
Test on deno (ubuntu-latest)	Run Deno tests	2026-07-30T06:32:13.9472209Z   [mjs module] should return null for non-builtin modules from builtin resolver ... ^[[0m^[[32mok^[[0m ^[[0m^[[38;5;245m(0ms)^[[0m
Test on deno (ubuntu-latest)	Run Deno tests	2026-07-30T06:32:13.9483855Z   [mjs module] should throw error for unsupported builtin modules ... ^[[0m^[[32mok^[[0m ^[[0m^[[38;5;245m(1ms)^[[0m
Test on deno (ubuntu-latest)	Run Deno tests	2026-07-30T06:32:13.9918107Z   [mjs module] should handle modules not available in browser environment ... ^[[0m^[[32mok^[[0m ^[[0m^[[38;5;245m(43ms)^[[0m
Test on deno (ubuntu-latest)	Run Deno tests	2026-07-30T06:32:13.9932578Z ^[[0m^[[32mDownload^[[0m https://esm.sh/URL@latest
Test on deno (ubuntu-latest)	Run Deno tests	2026-07-30T06:32:14.0939656Z   [mjs module] should only work with exact lowercase module names ... ^[[0m^[[32mok^[[0m ^[[0m^[[38;5;245m(102ms)^[[0m
Test on deno (ubuntu-latest)	Run Deno tests	2026-07-30T06:32:14.1004138Z   [mjs module] should handle node: prefix removal correctly ... ^[[0m^[[32mok^[[0m ^[[0m^[[38;5;245m(7ms)^[[0m
Test on deno (ubuntu-latest)	Run Deno tests	2026-07-30T06:32:14.1007899Z   [mjs module] should throw meaningful errors for import failures ... ^[[0m^[[32mok^[[0m ^[[0m^[[38;5;245m(0ms)^[[0m
Test on deno (ubuntu-latest)	Run Deno tests	2026-07-30T06:32:14.1017478Z   [mjs module] builtin resolver should handle empty/invalid module specifiers gracefully ... ^[[0m^[[32mok^[[0m ^[[0m^[[38;5;245m(0ms)^[[0m
Test on deno (ubuntu-latest)	Run Deno tests	2026-07-30T06:32:14.1020002Z   [mjs module] should handle modules with special characters in names ... ^[[0m^[[32mok^[[0m ^[[0m^[[38;5;245m(0ms)^[[0m
Test on deno (ubuntu-latest)	Run Deno tests	2026-07-30T06:32:14.1132570Z [mjs module] Built-in module error handling ... ^[[0m^[[32mok^[[0m ^[[0m^[[38;5;245m(168ms)^[[0m
Test on deno (ubuntu-latest)	Run Deno tests	2026-07-30T06:32:14.1589470Z ^[[0m^[[38;5;245mrunning 1 test from ./tests/builtin-nodejs.test.mjs^[[0m
Test on deno (ubuntu-latest)	Run Deno tests	2026-07-30T06:32:14.1602384Z [mjs module] Node.js/Bun-only built-in modules ...
Test on deno (ubuntu-latest)	Run Deno tests	2026-07-30T06:32:14.2128702Z   [mjs module] fs module should work ... ^[[0m^[[32mok^[[0m ^[[0m^[[38;5;245m(52ms)^[[0m
Test on deno (ubuntu-latest)	Run Deno tests	2026-07-30T06:32:14.2141161Z   [mjs module] path module should work ... ^[[0m^[[32mok^[[0m ^[[0m^[[38;5;245m(1ms)^[[0m
Test on deno (ubuntu-latest)	Run Deno tests	2026-07-30T06:32:14.2152775Z   [mjs module] os module should work ... ^[[0m^[[32mok^[[0m ^[[0m^[[38;5;245m(1ms)^[[0m
Test on deno (ubuntu-latest)	Run Deno tests	2026-07-30T06:32:14.2165619Z   [mjs module] util module should work ... ^[[0m^[[32mok^[[0m ^[[0m^[[38;5;245m(1ms)^[[0m
Test on deno (ubuntu-latest)	Run Deno tests	2026-07-30T06:32:14.2177018Z   [mjs module] events module should work ... ^[[0m^[[32mok^[[0m ^[[0m^[[38;5;245m(1ms)^[[0m
Test on deno (ubuntu-latest)	Run Deno tests	2026-07-30T06:32:14.2184609Z   [mjs module] stream module should work ... ^[[0m^[[32mok^[[0m ^[[0m^[[38;5;245m(1ms)^[[0m
Test on deno (ubuntu-latest)	Run Deno tests	2026-07-30T06:32:14.2194222Z   [mjs module] buffer module should work ... ^[[0m^[[32mok^[[0m ^[[0m^[[38;5;245m(1ms)^[[0m
Test on deno (ubuntu-latest)	Run Deno tests	2026-07-30T06:32:14.2214095Z   [mjs module] process module should work ... ^[[0m^[[32mok^[[0m ^[[0m^[[38;5;245m(2ms)^[[0m
Test on deno (ubuntu-latest)	Run Deno tests	2026-07-30T06:32:14.2250855Z   [mjs module] child_process module should work ... ^[[0m^[[32mok^[[0m ^[[0m^[[38;5;245m(3ms)^[[0m
Test on deno (ubuntu-latest)	Run Deno tests	2026-07-30T06:32:14.2333047Z   [mjs module] http module should work ... ^[[0m^[[32mok^[[0m ^[[0m^[[38;5;245m(7ms)^[[0m
Test on deno (ubuntu-latest)	Run Deno tests	2026-07-30T06:32:14.2366700Z   [mjs module] https module should work ... ^[[0m^[[32mok^[[0m ^[[0m^[[38;5;245m(3ms)^[[0m
Test on deno (ubuntu-latest)	Run Deno tests	2026-07-30T06:32:14.2375185Z   [mjs module] net module should work ... ^[[0m^[[32mok^[[0m ^[[0m^[[38;5;245m(1ms)^[[0m
Test on deno (ubuntu-latest)	Run Deno tests	2026-07-30T06:32:14.2380868Z   [mjs module] dns module should work ... ^[[0m^[[32mok^[[0m ^[[0m^[[38;5;245m(0ms)^[[0m
Test on deno (ubuntu-latest)	Run Deno tests	2026-07-30T06:32:14.2406534Z   [mjs module] zlib module should work ... ^[[0m^[[32mok^[[0m ^[[0m^[[38;5;245m(2ms)^[[0m
Test on deno (ubuntu-latest)	Run Deno tests	2026-07-30T06:32:14.2418431Z   [mjs module] querystring module should work ... ^[[0m^[[32mok^[[0m ^[[0m^[[38;5;245m(1ms)^[[0m
Test on deno (ubuntu-latest)	Run Deno tests	2026-07-30T06:32:14.2435147Z   [mjs module] assert module should work ... ^[[0m^[[32mok^[[0m ^[[0m^[[38;5;245m(2ms)^[[0m
Test on deno (ubuntu-latest)	Run Deno tests	2026-07-30T06:32:14.2447430Z   [mjs module] all modules should work with node: prefix ... ^[[0m^[[32mok^[[0m ^[[0m^[[38;5;245m(1ms)^[[0m
Test on deno (ubuntu-latest)	Run Deno tests	2026-07-30T06:32:14.2460043Z [mjs module] Node.js/Bun-only built-in modules ... ^[[0m^[[32mok^[[0m ^[[0m^[[38;5;245m(86ms)^[[0m
Test on deno (ubuntu-latest)	Run Deno tests	2026-07-30T06:32:14.2915624Z ^[[0m^[[38;5;245mrunning 1 test from ./tests/builtin-universal.test.mjs^[[0m
Test on deno (ubuntu-latest)	Run Deno tests	2026-07-30T06:32:14.2926601Z [mjs module] Universal built-in modules (work in all environments) ...
Test on deno (ubuntu-latest)	Run Deno tests	2026-07-30T06:32:14.3368113Z   [mjs module] console module should work ... ^[[0m^[[32mok^[[0m ^[[0m^[[38;5;245m(44ms)^[[0m
Test on deno (ubuntu-latest)	Run Deno tests	2026-07-30T06:32:14.3428485Z   [mjs module] crypto module should work ... ^[[0m^[[32mok^[[0m ^[[0m^[[38;5;245m(6ms)^[[0m
Test on deno (ubuntu-latest)	Run Deno tests	2026-07-30T06:32:14.3441803Z   [mjs module] url module should work ... ^[[0m^[[32mok^[[0m ^[[0m^[[38;5;245m(1ms)^[[0m
Test on deno (ubuntu-latest)	Run Deno tests	2026-07-30T06:32:14.3454354Z   [mjs module] performance module should work ... ^[[0m^[[32mok^[[0m ^[[0m^[[38;5;245m(1ms)^[[0m
Test on deno (ubuntu-latest)	Run Deno tests	2026-07-30T06:32:14.3462513Z   [mjs module] modules should work with node: prefix ... ^[[0m^[[32mok^[[0m ^[[0m^[[38;5;245m(0ms)^[[0m
Test on deno (ubuntu-latest)	Run Deno tests	2026-07-30T06:32:14.3558167Z [mjs module] Universal built-in modules (work in all environments) ... ^[[0m^[[32mok^[[0m ^[[0m^[[38;5;245m(64ms)^[[0m
Test on deno (ubuntu-latest)	Run Deno tests	2026-07-30T06:32:14.3907987Z ^[[0m^[[38;5;245mrunning 1 test from ./tests/command-stream.test.mjs^[[0m
Test on deno (ubuntu-latest)	Run Deno tests	2026-07-30T06:32:14.3919109Z [mjs module] command-stream module import ...
Test on deno (ubuntu-latest)	Run Deno tests	2026-07-30T06:32:14.4471563Z ^[[0m^[[32mDownload^[[0m https://esm.sh/command-stream@latest
Test on deno (ubuntu-latest)	Run Deno tests	2026-07-30T06:32:14.5354242Z ^[[0m^[[32mDownload^[[0m https://esm.sh/command-stream@0.17.2
Test on deno (ubuntu-latest)	Run Deno tests	2026-07-30T06:32:14.6033518Z ^[[0m^[[32mDownload^[[0m https://esm.sh/command-stream@0.17.2/denonext/command-stream.mjs
Test on deno (ubuntu-latest)	Run Deno tests	2026-07-30T06:32:14.7005434Z ^[[0m^[[32mDownload^[[0m https://esm.sh/command-stream@0.17.2/denonext/src/commands/index.mjs
Test on deno (ubuntu-latest)	Run Deno tests	2026-07-30T06:32:14.7007198Z ^[[0m^[[32mDownload^[[0m https://esm.sh/command-stream@0.17.2/denonext/src/$.stream-utils.mjs
Test on deno (ubuntu-latest)	Run Deno tests	2026-07-30T06:32:14.7008660Z ^[[0m^[[32mDownload^[[0m https://esm.sh/@resvg/resvg-js@^2.6.2?target=denonext
Test on deno (ubuntu-latest)	Run Deno tests	2026-07-30T06:32:14.7009660Z ^[[0m^[[32mDownload^[[0m https://esm.sh/gifenc@^1.0.3?target=denonext
Test on deno (ubuntu-latest)	Run Deno tests	2026-07-30T06:32:14.7010441Z ^[[0m^[[32mDownload^[[0m https://esm.sh/@xterm/headless@^6.0.0?target=denonext
Test on deno (ubuntu-latest)	Run Deno tests	2026-07-30T06:32:14.7820498Z ^[[0m^[[32mDownload^[[0m https://esm.sh/@resvg/resvg-js@2.6.2?target=denonext
Test on deno (ubuntu-latest)	Run Deno tests	2026-07-30T06:32:14.7821764Z ^[[0m^[[32mDownload^[[0m https://esm.sh/gifenc@1.0.3?target=denonext
Test on deno (ubuntu-latest)	Run Deno tests	2026-07-30T06:32:14.7823183Z ^[[0m^[[32mDownload^[[0m https://esm.sh/@xterm/headless@6.0.0?target=denonext
Test on deno (ubuntu-latest)	Run Deno tests	2026-07-30T06:32:14.8621687Z ^[[0m^[[32mDownload^[[0m https://esm.sh/@resvg/resvg-js-android-arm-eabi?target=denonext
Test on deno (ubuntu-latest)	Run Deno tests	2026-07-30T06:32:14.8623565Z ^[[0m^[[32mDownload^[[0m https://esm.sh/@resvg/resvg-js-android-arm64?target=denonext
Test on deno (ubuntu-latest)	Run Deno tests	2026-07-30T06:32:14.8624972Z ^[[0m^[[32mDownload^[[0m https://esm.sh/@resvg/resvg-js-darwin-arm64?target=denonext
Test on deno (ubuntu-latest)	Run Deno tests	2026-07-30T06:32:14.8626380Z ^[[0m^[[32mDownload^[[0m https://esm.sh/@resvg/resvg-js-darwin-universal?target=denonext
Test on deno (ubuntu-latest)	Run Deno tests	2026-07-30T06:32:14.8627779Z ^[[0m^[[32mDownload^[[0m https://esm.sh/@resvg/resvg-js-darwin-x64?target=denonext
Test on deno (ubuntu-latest)	Run Deno tests	2026-07-30T06:32:14.8629133Z ^[[0m^[[32mDownload^[[0m https://esm.sh/@resvg/resvg-js-freebsd-x64?target=denonext
Test on deno (ubuntu-latest)	Run Deno tests	2026-07-30T06:32:14.8630555Z ^[[0m^[[32mDownload^[[0m https://esm.sh/@resvg/resvg-js-linux-arm-gnueabihf?target=denonext
Test on deno (ubuntu-latest)	Run Deno tests	2026-07-30T06:32:14.8632250Z ^[[0m^[[32mDownload^[[0m https://esm.sh/@resvg/resvg-js-linux-arm64-gnu?target=denonext
Test on deno (ubuntu-latest)	Run Deno tests	2026-07-30T06:32:14.8633700Z ^[[0m^[[32mDownload^[[0m https://esm.sh/@resvg/resvg-js-linux-arm64-musl?target=denonext
Test on deno (ubuntu-latest)	Run Deno tests	2026-07-30T06:32:14.8635148Z ^[[0m^[[32mDownload^[[0m https://esm.sh/@resvg/resvg-js-linux-riscv64-gnu?target=denonext
Test on deno (ubuntu-latest)	Run Deno tests	2026-07-30T06:32:14.8636576Z ^[[0m^[[32mDownload^[[0m https://esm.sh/@resvg/resvg-js-linux-riscv64-musl?target=denonext
Test on deno (ubuntu-latest)	Run Deno tests	2026-07-30T06:32:14.8637436Z ^[[0m^[[32mDownload^[[0m https://esm.sh/@resvg/resvg-js-linux-s390x-gnu?target=denonext
Test on deno (ubuntu-latest)	Run Deno tests	2026-07-30T06:32:14.8638123Z ^[[0m^[[32mDownload^[[0m https://esm.sh/@resvg/resvg-js-linux-x64-gnu?target=denonext
Test on deno (ubuntu-latest)	Run Deno tests	2026-07-30T06:32:14.8638833Z ^[[0m^[[32mDownload^[[0m https://esm.sh/@resvg/resvg-js-linux-x64-musl?target=denonext
Test on deno (ubuntu-latest)	Run Deno tests	2026-07-30T06:32:14.8639532Z ^[[0m^[[32mDownload^[[0m https://esm.sh/@resvg/resvg-js-win32-arm64-msvc?target=denonext
Test on deno (ubuntu-latest)	Run Deno tests	2026-07-30T06:32:14.8640247Z ^[[0m^[[32mDownload^[[0m https://esm.sh/@resvg/resvg-js-win32-ia32-msvc?target=denonext
Test on deno (ubuntu-latest)	Run Deno tests	2026-07-30T06:32:14.8640928Z ^[[0m^[[32mDownload^[[0m https://esm.sh/@resvg/resvg-js-win32-x64-msvc?target=denonext
Test on deno (ubuntu-latest)	Run Deno tests	2026-07-30T06:32:14.8641580Z ^[[0m^[[32mDownload^[[0m https://esm.sh/@resvg/resvg-js@2.6.2/denonext/resvg-js.mjs
Test on deno (ubuntu-latest)	Run Deno tests	2026-07-30T06:32:14.8642579Z ^[[0m^[[32mDownload^[[0m https://esm.sh/gifenc@1.0.3/denonext/gifenc.mjs
Test on deno (ubuntu-latest)	Run Deno tests	2026-07-30T06:32:14.8643235Z ^[[0m^[[32mDownload^[[0m https://esm.sh/@xterm/headless@6.0.0/denonext/headless.mjs
Test on deno (ubuntu-latest)	Run Deno tests	2026-07-30T06:32:14.9431111Z ^[[0m^[[32mDownload^[[0m https://esm.sh/@resvg/resvg-js-android-arm-eabi@2.6.2?target=denonext
Test on deno (ubuntu-latest)	Run Deno tests	2026-07-30T06:32:14.9433988Z ^[[0m^[[32mDownload^[[0m https://esm.sh/@resvg/resvg-js-android-arm64@2.6.2?target=denonext
Test on deno (ubuntu-latest)	Run Deno tests	2026-07-30T06:32:14.9434985Z ^[[0m^[[32mDownload^[[0m https://esm.sh/@resvg/resvg-js-darwin-arm64@2.6.2?target=denonext
Test on deno (ubuntu-latest)	Run Deno tests	2026-07-30T06:32:14.9446062Z ^[[0m^[[32mDownload^[[0m https://esm.sh/@resvg/resvg-js-darwin-x64@2.6.2?target=denonext
Test on deno (ubuntu-latest)	Run Deno tests	2026-07-30T06:32:14.9447549Z ^[[0m^[[32mDownload^[[0m https://esm.sh/@resvg/resvg-js-freebsd-x64@1.0.0?target=denonext
Test on deno (ubuntu-latest)	Run Deno tests	2026-07-30T06:32:14.9449430Z ^[[0m^[[32mDownload^[[0m https://esm.sh/@resvg/resvg-js-linux-arm-gnueabihf@2.6.2?target=denonext
Test on deno (ubuntu-latest)	Run Deno tests	2026-07-30T06:32:14.9450814Z ^[[0m^[[32mDownload^[[0m https://esm.sh/@resvg/resvg-js-linux-arm64-gnu@2.6.2?target=denonext
Test on deno (ubuntu-latest)	Run Deno tests	2026-07-30T06:32:14.9451795Z ^[[0m^[[32mDownload^[[0m https://esm.sh/@resvg/resvg-js-linux-arm64-musl@2.6.2?target=denonext
Test on deno (ubuntu-latest)	Run Deno tests	2026-07-30T06:32:14.9464531Z ^[[0m^[[32mDownload^[[0m https://esm.sh/@resvg/resvg-js-linux-x64-gnu@2.6.2?target=denonext
Test on deno (ubuntu-latest)	Run Deno tests	2026-07-30T06:32:14.9468070Z ^[[0m^[[32mDownload^[[0m https://esm.sh/@resvg/resvg-js-linux-x64-musl@2.6.2?target=denonext
Test on deno (ubuntu-latest)	Run Deno tests	2026-07-30T06:32:14.9469152Z ^[[0m^[[32mDownload^[[0m https://esm.sh/@resvg/resvg-js-win32-arm64-msvc@2.6.2?target=denonext
Test on deno (ubuntu-latest)	Run Deno tests	2026-07-30T06:32:14.9469927Z ^[[0m^[[32mDownload^[[0m https://esm.sh/@resvg/resvg-js-win32-ia32-msvc@2.6.2?target=denonext
Test on deno (ubuntu-latest)	Run Deno tests	2026-07-30T06:32:15.0768412Z ^[[0m^[[32mDownload^[[0m https://esm.sh/@resvg/resvg-js-win32-x64-msvc@2.6.2?target=denonext
Test on deno (ubuntu-latest)	Run Deno tests	2026-07-30T06:32:15.5636395Z   [mjs module] Direct ESM Import ... ^[[0m^[[32mok^[[0m ^[[0m^[[38;5;245m(1s)^[[0m
Test on deno (ubuntu-latest)	Run Deno tests	2026-07-30T06:32:15.5691517Z   [mjs module] Dynamic ESM Import of CJS ... ^[[0m^[[32mok^[[0m ^[[0m^[[38;5;245m(5ms)^[[0m
Test on deno (ubuntu-latest)	Run Deno tests	2026-07-30T06:32:15.5697790Z   [mjs module] Dynamic ESM Import of MJS ... ^[[0m^[[32mok^[[0m ^[[0m^[[38;5;245m(0ms)^[[0m
Test on deno (ubuntu-latest)	Run Deno tests	2026-07-30T06:32:15.5798434Z [mjs module] command-stream module import ... ^[[0m^[[32mok^[[0m ^[[0m^[[38;5;245m(1s)^[[0m
Test on deno (ubuntu-latest)	Run Deno tests	2026-07-30T06:32:15.6266550Z ^[[0m^[[38;5;245mrunning 1 test from ./tests/deno-support.test.mjs^[[0m
Test on deno (ubuntu-latest)	Run Deno tests	2026-07-30T06:32:15.6279404Z [mjs module] Deno support ...
Test on deno (ubuntu-latest)	Run Deno tests	2026-07-30T06:32:15.6288911Z   [mjs module] Deno resolver should resolve npm packages to esm.sh ... ^[[0m^[[32mok^[[0m ^[[0m^[[38;5;245m(1ms)^[[0m
Test on deno (ubuntu-latest)	Run Deno tests	2026-07-30T06:32:15.6295684Z   [mjs module] Deno resolver should handle scoped packages ... ^[[0m^[[32mok^[[0m ^[[0m^[[38;5;245m(0ms)^[[0m
Test on deno (ubuntu-latest)	Run Deno tests	2026-07-30T06:32:15.6299054Z   [mjs module] Deno resolver should handle module paths ... ^[[0m^[[32mok^[[0m ^[[0m^[[38;5;245m(0ms)^[[0m
Test on deno (ubuntu-latest)	Run Deno tests	2026-07-30T06:32:15.6302716Z   [mjs module] Deno resolver should handle latest version ... ^[[0m^[[32mok^[[0m ^[[0m^[[38;5;245m(1ms)^[[0m
Test on deno (ubuntu-latest)	Run Deno tests	2026-07-30T06:32:15.6718619Z   [mjs module] makeUse should detect Deno runtime when Deno global is present ... ^[[0m^[[32mok^[[0m ^[[0m^[[38;5;245m(41ms)^[[0m
Test on deno (ubuntu-latest)	Run Deno tests	2026-07-30T06:32:15.6720930Z   [mjs module] Deno resolver should work with complex package names ... ^[[0m^[[32mok^[[0m ^[[0m^[[38;5;245m(0ms)^[[0m
Test on deno (ubuntu-latest)	Run Deno tests	2026-07-30T06:32:15.6723330Z   [mjs module] Deno resolver should handle packages without versions ... ^[[0m^[[32mok^[[0m ^[[0m^[[38;5;245m(0ms)^[[0m
Test on deno (ubuntu-latest)	Run Deno tests	2026-07-30T06:32:15.6726589Z   [mjs module] makeUse with explicit deno resolver ... ^[[0m^[[32mok^[[0m ^[[0m^[[38;5;245m(0ms)^[[0m
Test on deno (ubuntu-latest)	Run Deno tests	2026-07-30T06:32:15.6864511Z [mjs module] Deno support ... ^[[0m^[[32mok^[[0m ^[[0m^[[38;5;245m(59ms)^[[0m
Test on deno (ubuntu-latest)	Run Deno tests	2026-07-30T06:32:15.7729529Z ^[[0m^[[38;5;245mrunning 1 test from ./tests/esm-sh-polyfill-browser.test.mjs^[[0m
Test on deno (ubuntu-latest)	Run Deno tests	2026-07-30T06:32:15.7739355Z [mjs module] esm.sh browser polyfill handling ...
Test on deno (ubuntu-latest)	Run Deno tests	2026-07-30T06:32:15.7741630Z   Browser tests are skipped in Deno environment ... ^[[0m^[[33mignored^[[0m ^[[0m^[[38;5;245m(0ms)^[[0m
Test on deno (ubuntu-latest)	Run Deno tests	2026-07-30T06:32:15.7743558Z [mjs module] esm.sh browser polyfill handling ... ^[[0m^[[32mok^[[0m ^[[0m^[[38;5;245m(1ms)^[[0m
Test on deno (ubuntu-latest)	Run Deno tests	2026-07-30T06:32:15.8201481Z ^[[0m^[[38;5;245mrunning 2 tests from ./tests/fallback.test.mjs^[[0m
Test on deno (ubuntu-latest)	Run Deno tests	2026-07-30T06:32:15.8214551Z [mjs module] loadWithFallback (shared engine) ...
Test on deno (ubuntu-latest)	Run Deno tests	2026-07-30T06:32:15.8229684Z   [mjs module] returns the first source's result without trying later ones ... ^[[0m^[[32mok^[[0m ^[[0m^[[38;5;245m(1ms)^[[0m
Test on deno (ubuntu-latest)	Run Deno tests	2026-07-30T06:32:15.8239626Z   [mjs module] falls back to a later source when earlier ones fail ... ^[[0m^[[32mok^[[0m ^[[0m^[[38;5;245m(0ms)^[[0m
Test on deno (ubuntu-latest)	Run Deno tests	2026-07-30T06:32:15.8244317Z   [mjs module] retries a flaky source before succeeding ... ^[[0m^[[32mok^[[0m ^[[0m^[[38;5;245m(1ms)^[[0m
Test on deno (ubuntu-latest)	Run Deno tests	2026-07-30T06:32:15.8251591Z   [mjs module] throws ONE aggregated error listing every attempt ... ^[[0m^[[32mok^[[0m ^[[0m^[[38;5;245m(0ms)^[[0m
Test on deno (ubuntu-latest)	Run Deno tests	2026-07-30T06:32:15.8259540Z   [mjs module] rejects empty or non-array sources ... ^[[0m^[[32mok^[[0m ^[[0m^[[38;5;245m(0ms)^[[0m
Test on deno (ubuntu-latest)	Run Deno tests	2026-07-30T06:32:15.8264708Z   [mjs module] rejects a missing load function ... ^[[0m^[[32mok^[[0m ^[[0m^[[38;5;245m(0ms)^[[0m
Test on deno (ubuntu-latest)	Run Deno tests	2026-07-30T06:32:15.8272130Z [mjs module] loadWithFallback (shared engine) ... ^[[0m^[[32mok^[[0m ^[[0m^[[38;5;245m(6ms)^[[0m
Test on deno (ubuntu-latest)	Run Deno tests	2026-07-30T06:32:15.8272928Z [mjs module] makeUse per-package CDN fallback ...
Test on deno (ubuntu-latest)	Run Deno tests	2026-07-30T06:32:15.8719287Z   [mjs module] falls back to the next mirror when one import fails ... ^[[0m^[[32mok^[[0m ^[[0m^[[38;5;245m(44ms)^[[0m
Test on deno (ubuntu-latest)	Run Deno tests	2026-07-30T06:32:15.8730333Z   [mjs module] throws a clear aggregated error when every mirror fails ... ^[[0m^[[32mok^[[0m ^[[0m^[[38;5;245m(0ms)^[[0m
Test on deno (ubuntu-latest)	Run Deno tests	2026-07-30T06:32:15.8740876Z   [mjs module] a single explicit resolver imports directly with its raw error (no aggregation) ... ^[[0m^[[32mok^[[0m ^[[0m^[[38;5;245m(0ms)^[[0m
Test on deno (ubuntu-latest)	Run Deno tests	2026-07-30T06:32:15.8747050Z   [mjs module] a single-entry specifierResolvers chain also imports directly ... ^[[0m^[[32mok^[[0m ^[[0m^[[38;5;245m(1ms)^[[0m
Test on deno (ubuntu-latest)	Run Deno tests	2026-07-30T06:32:15.8749116Z   [mjs module] exposes the default mirror chains ... ^[[0m^[[32mok^[[0m ^[[0m^[[38;5;245m(0ms)^[[0m
Test on deno (ubuntu-latest)	Run Deno tests	2026-07-30T06:32:15.8886948Z [mjs module] makeUse per-package CDN fallback ... ^[[0m^[[32mok^[[0m ^[[0m^[[38;5;245m(61ms)^[[0m
Test on deno (ubuntu-latest)	Run Deno tests	2026-07-30T06:32:15.9493181Z ^[[0m^[[38;5;245mrunning 3 tests from ./tests/filename.test.mjs^[[0m
Test on deno (ubuntu-latest)	Run Deno tests	2026-07-30T06:32:15.9503179Z [mjs module] scriptPath detection in ESM (functional) ...
Test on deno (ubuntu-latest)	Run Deno tests	2026-07-30T06:32:15.9815087Z   [mjs module] default pathResolver resolves modules relative to use.mjs ... ^[[0m^[[32mok^[[0m ^[[0m^[[38;5;245m(30ms)^[[0m
Test on deno (ubuntu-latest)	Run Deno tests	2026-07-30T06:32:15.9826354Z   [mjs module] override scriptPath resolves relative to provided path ... ^[[0m^[[32mok^[[0m ^[[0m^[[38;5;245m(1ms)^[[0m
Test on deno (ubuntu-latest)	Run Deno tests	2026-07-30T06:32:15.9963717Z [mjs module] scriptPath detection in ESM (functional) ... ^[[0m^[[32mok^[[0m ^[[0m^[[38;5;245m(46ms)^[[0m
Test on deno (ubuntu-latest)	Run Deno tests	2026-07-30T06:32:15.9965478Z [mjs module] scriptPath detection in ESM (createRequire fallback) ...
Test on deno (ubuntu-latest)	Run Deno tests	2026-07-30T06:32:15.9973025Z   [mjs module] fallback default resolves modules relative to use.mjs ... ^[[0m^[[32mok^[[0m ^[[0m^[[38;5;245m(1ms)^[[0m
Test on deno (ubuntu-latest)	Run Deno tests	2026-07-30T06:32:15.9981591Z   [mjs module] fallback explicit scriptPath resolves relative to provided path ... ^[[0m^[[32mok^[[0m ^[[0m^[[38;5;245m(0ms)^[[0m
Test on deno (ubuntu-latest)	Run Deno tests	2026-07-30T06:32:15.9991389Z   [mjs module] fallback meta override changes pathResolver behavior in ESM ... ^[[0m^[[32mok^[[0m ^[[0m^[[38;5;245m(0ms)^[[0m
Test on deno (ubuntu-latest)	Run Deno tests	2026-07-30T06:32:15.9995215Z [mjs module] scriptPath detection in ESM (createRequire fallback) ... ^[[0m^[[32mok^[[0m ^[[0m^[[38;5;245m(3ms)^[[0m
Test on deno (ubuntu-latest)	Run Deno tests	2026-07-30T06:32:15.9997221Z [mjs module] scriptPath detection in ESM (meta URL) ...
Test on deno (ubuntu-latest)	Run Deno tests	2026-07-30T06:32:16.0011724Z   [mjs module] meta override resolves modules relative to provided meta URL (use.js) ... ^[[0m^[[32mok^[[0m ^[[0m^[[38;5;245m(1ms)^[[0m
Test on deno (ubuntu-latest)	Run Deno tests	2026-07-30T06:32:16.0013585Z [mjs module] scriptPath detection in ESM (meta URL) ... ^[[0m^[[32mok^[[0m ^[[0m^[[38;5;245m(1ms)^[[0m
Test on deno (ubuntu-latest)	Run Deno tests	2026-07-30T06:32:16.0467669Z ^[[0m^[[38;5;245mrunning 1 test from ./tests/fs-promises.test.mjs^[[0m
Test on deno (ubuntu-latest)	Run Deno tests	2026-07-30T06:32:16.0478512Z mjs module fs/promises support ...
Test on deno (ubuntu-latest)	Run Deno tests	2026-07-30T06:32:16.1002324Z   mjs module fs/promises should return promise-based functions ... ^[[0m^[[32mok^[[0m ^[[0m^[[38;5;245m(52ms)^[[0m
Test on deno (ubuntu-latest)	Run Deno tests	2026-07-30T06:32:16.1049025Z   mjs module fs/promises should work functionally ... ^[[0m^[[32mok^[[0m ^[[0m^[[38;5;245m(4ms)^[[0m
Test on deno (ubuntu-latest)	Run Deno tests	2026-07-30T06:32:16.1061350Z   mjs module fs/promises should differ from regular fs ... ^[[0m^[[32mok^[[0m ^[[0m^[[38;5;245m(1ms)^[[0m
Test on deno (ubuntu-latest)	Run Deno tests	2026-07-30T06:32:16.1161285Z mjs module fs/promises support ... ^[[0m^[[32mok^[[0m ^[[0m^[[38;5;245m(69ms)^[[0m
Test on deno (ubuntu-latest)	Run Deno tests	2026-07-30T06:32:16.1506009Z ^[[0m^[[38;5;245mrunning 1 test from ./tests/get-script-url.test.mjs^[[0m
Test on deno (ubuntu-latest)	Run Deno tests	2026-07-30T06:32:16.1517404Z [mjs module] import.meta.url workaround ...
Test on deno (ubuntu-latest)	Run Deno tests	2026-07-30T06:32:16.1773383Z   [mjs module] scriptUrl matches import.meta.url ... ^[[0m^[[32mok^[[0m ^[[0m^[[38;5;245m(25ms)^[[0m
Test on deno (ubuntu-latest)	Run Deno tests	2026-07-30T06:32:16.1778637Z   [mjs module] scriptUrl matches import.meta.url in eval ... ^[[0m^[[32mok^[[0m ^[[0m^[[38;5;245m(0ms)^[[0m
Test on deno (ubuntu-latest)	Run Deno tests	2026-07-30T06:32:16.1781114Z [mjs module] import.meta.url workaround ... ^[[0m^[[32mok^[[0m ^[[0m^[[38;5;245m(27ms)^[[0m
Test on deno (ubuntu-latest)	Run Deno tests	2026-07-30T06:32:16.2134358Z ^[[0m^[[38;5;245mrunning 1 test from ./tests/import.test.mjs^[[0m
Test on deno (ubuntu-latest)	Run Deno tests	2026-07-30T06:32:16.2145465Z [mjs module] dynamic import support ...
Test on deno (ubuntu-latest)	Run Deno tests	2026-07-30T06:32:16.2260203Z   [mjs module] supportsDynamicImport returns true in .mjs file ... ^[[0m^[[32mok^[[0m ^[[0m^[[38;5;245m(11ms)^[[0m
Test on deno (ubuntu-latest)	Run Deno tests	2026-07-30T06:32:16.2262354Z [mjs module] dynamic import support ... ^[[0m^[[32mok^[[0m ^[[0m^[[38;5;245m(12ms)^[[0m
Test on deno (ubuntu-latest)	Run Deno tests	2026-07-30T06:32:16.3103854Z ^[[0m^[[38;5;245mrunning 3 tests from ./tests/load.test.mjs^[[0m
Test on deno (ubuntu-latest)	Run Deno tests	2026-07-30T06:32:16.3114235Z [mjs module] looksLikeUseModule ...
Test on deno (ubuntu-latest)	Run Deno tests	2026-07-30T06:32:16.3139992Z   [mjs module] accepts the real shipped use.js ... ^[[0m^[[32mok^[[0m ^[[0m^[[38;5;245m(2ms)^[[0m
Test on deno (ubuntu-latest)	Run Deno tests	2026-07-30T06:32:16.3147741Z   [mjs module] accepts a long module-like body ... ^[[0m^[[32mok^[[0m ^[[0m^[[38;5;245m(0ms)^[[0m
Test on deno (ubuntu-latest)	Run Deno tests	2026-07-30T06:32:16.3151649Z   [mjs module] rejects common CDN plain-text error bodies ... ^[[0m^[[32mok^[[0m ^[[0m^[[38;5;245m(0ms)^[[0m
Test on deno (ubuntu-latest)	Run Deno tests	2026-07-30T06:32:16.3156487Z   [mjs module] rejects HTML error pages ... ^[[0m^[[32mok^[[0m ^[[0m^[[38;5;245m(0ms)^[[0m
Test on deno (ubuntu-latest)	Run Deno tests	2026-07-30T06:32:16.3159518Z   [mjs module] rejects empty, whitespace, short, and non-string input ... ^[[0m^[[32mok^[[0m ^[[0m^[[38;5;245m(0ms)^[[0m
Test on deno (ubuntu-latest)	Run Deno tests	2026-07-30T06:32:16.3165045Z [mjs module] looksLikeUseModule ... ^[[0m^[[32mok^[[0m ^[[0m^[[38;5;245m(6ms)^[[0m
Test on deno (ubuntu-latest)	Run Deno tests	2026-07-30T06:32:16.3166364Z [mjs module] DEFAULT_SOURCES ...
Test on deno (ubuntu-latest)	Run Deno tests	2026-07-30T06:32:16.3174893Z   [mjs module] lists unpkg, jsDelivr and esm.sh in priority order ... ^[[0m^[[32mok^[[0m ^[[0m^[[38;5;245m(1ms)^[[0m
Test on deno (ubuntu-latest)	Run Deno tests	2026-07-30T06:32:16.3176362Z [mjs module] DEFAULT_SOURCES ... ^[[0m^[[32mok^[[0m ^[[0m^[[38;5;245m(1ms)^[[0m
Test on deno (ubuntu-latest)	Run Deno tests	2026-07-30T06:32:16.3179844Z [mjs module] loadUseM ...
Test on deno (ubuntu-latest)	Run Deno tests	2026-07-30T06:32:16.3194467Z   [mjs module] resolves the use object from the first working source ... ^[[0m^[[32mok^[[0m ^[[0m^[[38;5;245m(2ms)^[[0m
Test on deno (ubuntu-latest)	Run Deno tests	2026-07-30T06:32:16.3211551Z   [mjs module] evaluates the real shipped use.js into a working module ... ^[[0m^[[32mok^[[0m ^[[0m^[[38;5;245m(1ms)^[[0m
Test on deno (ubuntu-latest)	Run Deno tests	2026-07-30T06:32:16.3219432Z   [mjs module] falls back to a later mirror when earlier ones fail ... ^[[0m^[[32mok^[[0m ^[[0m^[[38;5;245m(0ms)^[[0m
Test on deno (ubuntu-latest)	Run Deno tests	2026-07-30T06:32:16.3225102Z   [mjs module] retries a flaky source before succeeding ... ^[[0m^[[32mok^[[0m ^[[0m^[[38;5;245m(1ms)^[[0m
Test on deno (ubuntu-latest)	Run Deno tests	2026-07-30T06:32:16.3233251Z   [mjs module] throws a clear aggregated error (not SyntaxError) when every source fails ... ^[[0m^[[32mok^[[0m ^[[0m^[[38;5;245m(1ms)^[[0m
Test on deno (ubuntu-latest)	Run Deno tests	2026-07-30T06:32:16.3239240Z   [mjs module] surfaces the HTTP status for non-ok responses ... ^[[0m^[[32mok^[[0m ^[[0m^[[38;5;245m(0ms)^[[0m
Test on deno (ubuntu-latest)	Run Deno tests	2026-07-30T06:32:16.3243013Z   [mjs module] rejects when the evaluated module lacks a use function ... ^[[0m^[[32mok^[[0m ^[[0m^[[38;5;245m(1ms)^[[0m
Test on deno (ubuntu-latest)	Run Deno tests	2026-07-30T06:32:16.3247733Z   [mjs module] does not let eval errors from a malformed body escape ... ^[[0m^[[32mok^[[0m ^[[0m^[[38;5;245m(0ms)^[[0m
Test on deno (ubuntu-latest)	Run Deno tests	2026-07-30T06:32:16.3255477Z   [mjs module] reports a clear error when fetch is unavailable ... ^[[0m^[[32mok^[[0m ^[[0m^[[38;5;245m(1ms)^[[0m
Test on deno (ubuntu-latest)	Run Deno tests	2026-07-30T06:32:16.3259154Z   [mjs module] honors a custom evaluate hook ... ^[[0m^[[32mok^[[0m ^[[0m^[[38;5;245m(0ms)^[[0m
Test on deno (ubuntu-latest)	Run Deno tests	2026-07-30T06:32:16.3799113Z   [mjs module] times out a hanging request and reports it ... ^[[0m^[[32mok^[[0m ^[[0m^[[38;5;245m(54ms)^[[0m
Test on deno (ubuntu-latest)	Run Deno tests	2026-07-30T06:32:16.3805689Z [mjs module] loadUseM ... ^[[0m^[[32mok^[[0m ^[[0m^[[38;5;245m(62ms)^[[0m
Test on deno (ubuntu-latest)	Run Deno tests	2026-07-30T06:32:16.4675410Z ^[[0m^[[38;5;245mrunning 1 test from ./tests/loader.test.mjs^[[0m
Test on deno (ubuntu-latest)	Run Deno tests	2026-07-30T06:32:16.4686535Z [mjs module] loader resolve hook ...
Test on deno (ubuntu-latest)	Run Deno tests	2026-07-30T06:32:16.4700963Z   [mjs module] returns the default resolver's result when it succeeds ... ^[[0m^[[32mok^[[0m ^[[0m^[[38;5;245m(1ms)^[[0m
Test on deno (ubuntu-latest)	Run Deno tests	2026-07-30T06:32:17.2392024Z   [mjs module] falls back to the npm resolver when the default resolver throws ... ^[[0m^[[32mok^[[0m ^[[0m^[[38;5;245m(768ms)^[[0m
Test on deno (ubuntu-latest)	Run Deno tests	2026-07-30T06:32:17.6463719Z   [mjs module] surfaces a clear aggregated error when BOTH resolvers fail ... ^[[0m^[[32mok^[[0m ^[[0m^[[38;5;245m(406ms)^[[0m
Test on deno (ubuntu-latest)	Run Deno tests	2026-07-30T06:32:17.6553043Z [mjs module] loader resolve hook ... ^[[0m^[[32mok^[[0m ^[[0m^[[38;5;245m(1s)^[[0m
Test on deno (ubuntu-latest)	Run Deno tests	2026-07-30T06:32:17.7006391Z ^[[0m^[[38;5;245mrunning 1 test from ./tests/lodash.test.mjs^[[0m
Test on deno (ubuntu-latest)	Run Deno tests	2026-07-30T06:32:17.7016982Z [mjs module] 'lodash' imports tests ...
Test on deno (ubuntu-latest)	Run Deno tests	2026-07-30T06:32:17.7449769Z ^[[0m^[[32mDownload^[[0m https://esm.sh/lodash@latest
Test on deno (ubuntu-latest)	Run Deno tests	2026-07-30T06:32:17.8181437Z ^[[0m^[[32mDownload^[[0m https://esm.sh/lodash@4.18.1
Test on deno (ubuntu-latest)	Run Deno tests	2026-07-30T06:32:17.8878381Z ^[[0m^[[32mDownload^[[0m https://esm.sh/lodash@4.18.1/denonext/lodash.mjs
Test on deno (ubuntu-latest)	Run Deno tests	2026-07-30T06:32:18.0060220Z   [mjs module] npm: lodash ... ^[[0m^[[32mok^[[0m ^[[0m^[[38;5;245m(304ms)^[[0m
Test on deno (ubuntu-latest)	Run Deno tests	2026-07-30T06:32:18.0068577Z   [mjs module] npm: lodash@latest ... ^[[0m^[[32mok^[[0m ^[[0m^[[38;5;245m(1ms)^[[0m
Test on deno (ubuntu-latest)	Run Deno tests	2026-07-30T06:32:18.0074940Z   [mjs module] npm: lodash@ ... ^[[0m^[[32mok^[[0m ^[[0m^[[38;5;245m(1ms)^[[0m
Test on deno (ubuntu-latest)	Run Deno tests	2026-07-30T06:32:18.0082938Z ^[[0m^[[32mDownload^[[0m https://esm.sh/lodash@4.17.21
Test on deno (ubuntu-latest)	Run Deno tests	2026-07-30T06:32:18.0861363Z ^[[0m^[[32mDownload^[[0m https://esm.sh/lodash@4.17.21/denonext/lodash.mjs
Test on deno (ubuntu-latest)	Run Deno tests	2026-07-30T06:32:18.1938674Z   [mjs module] npm: lodash@4.17.21 ... ^[[0m^[[32mok^[[0m ^[[0m^[[38;5;245m(186ms)^[[0m
Test on deno (ubuntu-latest)	Run Deno tests	2026-07-30T06:32:18.1947775Z ^[[0m^[[32mDownload^[[0m https://esm.sh/lodash@4.17.21/add
Test on deno (ubuntu-latest)	Run Deno tests	2026-07-30T06:32:18.2633203Z ^[[0m^[[32mDownload^[[0m https://esm.sh/lodash@4.17.21/denonext/add.mjs
Test on deno (ubuntu-latest)	Run Deno tests	2026-07-30T06:32:18.3438073Z   [mjs module] npm: lodash@4.17.21/add ... ^[[0m^[[32mok^[[0m ^[[0m^[[38;5;245m(150ms)^[[0m
Test on deno (ubuntu-latest)	Run Deno tests	2026-07-30T06:32:18.3445991Z ^[[0m^[[32mDownload^[[0m https://esm.sh/lodash@4.17.21/add.js
Test on deno (ubuntu-latest)	Run Deno tests	2026-07-30T06:32:18.4222308Z   [mjs module] npm: lodash@4.17.21/add.js ... ^[[0m^[[32mok^[[0m ^[[0m^[[38;5;245m(78ms)^[[0m
Test on deno (ubuntu-latest)	Run Deno tests	2026-07-30T06:32:18.4229503Z ^[[0m^[[32mDownload^[[0m https://esm.sh/lodash@4.17.21/not-found.js
Test on deno (ubuntu-latest)	Run Deno tests	2026-07-30T06:32:18.5017255Z   [mjs module] npm: lodash@4.17.21/not-found.js ... ^[[0m^[[32mok^[[0m ^[[0m^[[38;5;245m(79ms)^[[0m
Test on deno (ubuntu-latest)	Run Deno tests	2026-07-30T06:32:18.5157034Z [mjs module] 'lodash' imports tests ... ^[[0m^[[32mok^[[0m ^[[0m^[[38;5;245m(815ms)^[[0m
Test on deno (ubuntu-latest)	Run Deno tests	2026-07-30T06:32:18.5627866Z ^[[0m^[[38;5;245mrunning 1 test from ./tests/module-specifier.test.mjs^[[0m
Test on deno (ubuntu-latest)	Run Deno tests	2026-07-30T06:32:18.5639361Z [mjs module] parseModuleSpecifier ...
Test on deno (ubuntu-latest)	Run Deno tests	2026-07-30T06:32:18.5652969Z   [mjs module] parses package with name and version ... ^[[0m^[[32mok^[[0m ^[[0m^[[38;5;245m(2ms)^[[0m
Test on deno (ubuntu-latest)	Run Deno tests	2026-07-30T06:32:18.5660166Z   [mjs module] parses scoped package with name and version ... ^[[0m^[[32mok^[[0m ^[[0m^[[38;5;245m(0ms)^[[0m
Test on deno (ubuntu-latest)	Run Deno tests	2026-07-30T06:32:18.5664227Z   [mjs module] parses package with name, version, and inner path ... ^[[0m^[[32mok^[[0m ^[[0m^[[38;5;245m(0ms)^[[0m
Test on deno (ubuntu-latest)	Run Deno tests	2026-07-30T06:32:18.5670842Z   [mjs module] parses package with name, version, and inner path with latest ... ^[[0m^[[32mok^[[0m ^[[0m^[[38;5;245m(0ms)^[[0m
Test on deno (ubuntu-latest)	Run Deno tests	2026-07-30T06:32:18.5673088Z   [mjs module] parses scoped package with name, version, and inner path ... ^[[0m^[[32mok^[[0m ^[[0m^[[38;5;245m(0ms)^[[0m
Test on deno (ubuntu-latest)	Run Deno tests	2026-07-30T06:32:18.5674801Z   [mjs module] parses package with name only ... ^[[0m^[[32mok^[[0m ^[[0m^[[38;5;245m(0ms)^[[0m
Test on deno (ubuntu-latest)	Run Deno tests	2026-07-30T06:32:18.5676373Z   [mjs module] parses scoped package with name only ... ^[[0m^[[32mok^[[0m ^[[0m^[[38;5;245m(0ms)^[[0m
Test on deno (ubuntu-latest)	Run Deno tests	2026-07-30T06:32:18.5678086Z   [mjs module] parses yargs@17.7.2/helpers ... ^[[0m^[[32mok^[[0m ^[[0m^[[38;5;245m(0ms)^[[0m
Test on deno (ubuntu-latest)	Run Deno tests	2026-07-30T06:32:18.5681405Z   [mjs module] parses yargs@latest/helpers ... ^[[0m^[[32mok^[[0m ^[[0m^[[38;5;245m(0ms)^[[0m
Test on deno (ubuntu-latest)	Run Deno tests	2026-07-30T06:32:18.5684931Z   [mjs module] parses yargs/helpers ... ^[[0m^[[32mok^[[0m ^[[0m^[[38;5;245m(0ms)^[[0m
Test on deno (ubuntu-latest)	Run Deno tests	2026-07-30T06:32:18.5695523Z   [mjs module] throws error for invalid package identifier ... ^[[0m^[[32mok^[[0m ^[[0m^[[38;5;245m(1ms)^[[0m
Test on deno (ubuntu-latest)	Run Deno tests	2026-07-30T06:32:18.5704021Z [mjs module] parseModuleSpecifier ... ^[[0m^[[32mok^[[0m ^[[0m^[[38;5;245m(7ms)^[[0m
Test on deno (ubuntu-latest)	Run Deno tests	2026-07-30T06:32:18.6054866Z ^[[0m^[[38;5;245mrunning 1 test from ./tests/network-imports.test.mjs^[[0m
Test on deno (ubuntu-latest)	Run Deno tests	2026-07-30T06:32:18.6066344Z [mjs module] imports using --experimental-network-imports ...
Test on deno (ubuntu-latest)	Run Deno tests	2026-07-30T06:32:18.8372846Z   [mjs module] Import using --experimental-network-imports for CJS file ... ^[[0m^[[32mok^[[0m ^[[0m^[[38;5;245m(230ms)^[[0m
Test on deno (ubuntu-latest)	Run Deno tests	2026-07-30T06:32:19.0034260Z   [mjs module] Import using --experimental-network-imports for MJS file ... ^[[0m^[[32mok^[[0m ^[[0m^[[38;5;245m(166ms)^[[0m
Test on deno (ubuntu-latest)	Run Deno tests	2026-07-30T06:32:19.0035746Z [mjs module] imports using --experimental-network-imports ... ^[[0m^[[32mok^[[0m ^[[0m^[[38;5;245m(398ms)^[[0m
Test on deno (ubuntu-latest)	Run Deno tests	2026-07-30T06:32:19.1030122Z ^[[0m^[[38;5;245mrunning 1 test from ./tests/npm-global-prefix.test.mjs^[[0m
Test on deno (ubuntu-latest)	Run Deno tests	2026-07-30T06:32:19.1041907Z global ...
Test on deno (ubuntu-latest)	Run Deno tests	2026-07-30T06:32:19.1047597Z   [mjs module] npm global prefix handling ...
Test on deno (ubuntu-latest)	Run Deno tests	2026-07-30T06:32:19.1052730Z     [mjs module] redirects installs to use-m cache when npm global root is not writable ... ^[[0m^[[32mok^[[0m ^[[0m^[[38;5;245m(0ms)^[[0m
Test on deno (ubuntu-latest)	Run Deno tests	2026-07-30T06:32:19.1055658Z     [mjs module] keeps the configured npm root when it is writable ... ^[[0m^[[32mok^[[0m ^[[0m^[[38;5;245m(0ms)^[[0m
Test on deno (ubuntu-latest)	Run Deno tests	2026-07-30T06:32:19.1059113Z     [mjs module] respects an explicit npm_config_prefix override ... ^[[0m^[[32mok^[[0m ^[[0m^[[38;5;245m(0ms)^[[0m
Test on deno (ubuntu-latest)	Run Deno tests	2026-07-30T06:32:19.1063221Z     [mjs module] retries transient npm install failures and removes partial aliases ... ^[[0m^[[32mok^[[0m ^[[0m^[[38;5;245m(1ms)^[[0m
Test on deno (ubuntu-latest)	Run Deno tests	2026-07-30T06:32:19.1067269Z     [mjs module] reports captured npm output and cleans up after exhausted retries ... ^[[0m^[[32mok^[[0m ^[[0m^[[38;5;245m(0ms)^[[0m
Test on deno (ubuntu-latest)	Run Deno tests	2026-07-30T06:32:19.1069857Z     [mjs module] gives corrupt-alias cleanup a recursive rm retry budget ... ^[[0m^[[32mok^[[0m ^[[0m^[[38;5;245m(0ms)^[[0m
Test on deno (ubuntu-latest)	Run Deno tests	2026-07-30T06:32:19.1072545Z     [mjs module] repairs a truncated entry point and bypasses the cached syntax failure ... ^[[0m^[[32mok^[[0m ^[[0m^[[38;5;245m(1ms)^[[0m
Test on deno (ubuntu-latest)	Run Deno tests	2026-07-30T06:32:19.1078652Z     [mjs module] repairs an alias missing an internal ESM dependency ... ^[[0m^[[32mok^[[0m ^[[0m^[[38;5;245m(0ms)^[[0m
Test on deno (ubuntu-latest)	Run Deno tests	2026-07-30T06:32:19.1081367Z     [mjs module] repairs an alias with invalid package metadata ... ^[[0m^[[32mok^[[0m ^[[0m^[[38;5;245m(0ms)^[[0m
Test on deno (ubuntu-latest)	Run Deno tests	2026-07-30T06:32:19.1084311Z     [mjs module] repairs an alias whose declared entry point is missing ... ^[[0m^[[32mok^[[0m ^[[0m^[[38;5;245m(0ms)^[[0m
Test on deno (ubuntu-latest)	Run Deno tests	2026-07-30T06:32:19.1087046Z     [mjs module] does not reinstall for an unrelated unwrapped missing-module error ... ^[[0m^[[32mok^[[0m ^[[0m^[[38;5;245m(0ms)^[[0m
Test on deno (ubuntu-latest)	Run Deno tests	2026-07-30T06:32:19.1101698Z   [mjs module] npm global prefix handling ... ^[[0m^[[32mok^[[0m ^[[0m^[[38;5;245m(5ms)^[[0m
Test on deno (ubuntu-latest)	Run Deno tests	2026-07-30T06:32:19.1207126Z global ... ^[[0m^[[32mok^[[0m ^[[0m^[[38;5;245m(17ms)^[[0m
Test on deno (ubuntu-latest)	Run Deno tests	2026-07-30T06:32:19.1784984Z ^[[0m^[[38;5;245mrunning 1 test from ./tests/relative-paths-browser.test.mjs^[[0m
Test on deno (ubuntu-latest)	Run Deno tests	2026-07-30T06:32:19.1795837Z [mjs module] Relative path resolution in browser ...
Test on deno (ubuntu-latest)	Run Deno tests	2026-07-30T06:32:19.1798155Z   Browser tests are skipped in Deno environment ... ^[[0m^[[33mignored^[[0m ^[[0m^[[38;5;245m(0ms)^[[0m
Test on deno (ubuntu-latest)	Run Deno tests	2026-07-30T06:32:19.1800639Z [mjs module] Relative path resolution in browser ... ^[[0m^[[32mok^[[0m ^[[0m^[[38;5;245m(1ms)^[[0m
Test on deno (ubuntu-latest)	Run Deno tests	2026-07-30T06:32:19.2666289Z ^[[0m^[[38;5;245mrunning 1 test from ./tests/relative-paths.integration.test.mjs^[[0m
Test on deno (ubuntu-latest)	Run Deno tests	2026-07-30T06:32:19.2676438Z [mjs module] Relative Path Resolution (Integration) ...
Test on deno (ubuntu-latest)	Run Deno tests	2026-07-30T06:32:19.2684483Z   [mjs module] relative paths should work when run directly with Node.js ...
Test on deno (ubuntu-latest)	Run Deno tests	2026-07-30T06:32:19.2685337Z ^[[0m^[[38;5;245m------- post-test output -------^[[0m
Test on deno (ubuntu-latest)	Run Deno tests	2026-07-30T06:32:19.2685824Z /home/runner/work/use-m/use-m/tests
Test on deno (ubuntu-latest)	Run Deno tests	2026-07-30T06:32:19.4011384Z Testing relative paths from tests directory...
Test on deno (ubuntu-latest)	Run Deno tests	2026-07-30T06:32:19.4012825Z 
Test on deno (ubuntu-latest)	Run Deno tests	2026-07-30T06:32:19.4013178Z 1. Testing ./browser-server/test-helper.js
Test on deno (ubuntu-latest)	Run Deno tests	2026-07-30T06:32:19.4014066Z    ✓ Message: Helper module loaded
Test on deno (ubuntu-latest)	Run Deno tests	2026-07-30T06:32:19.4014378Z 
Test on deno (ubuntu-latest)	Run Deno tests	2026-07-30T06:32:19.4014661Z 2. Testing ./browser-server/test-data.json
Test on deno (ubuntu-latest)	Run Deno tests	2026-07-30T06:32:19.4015067Z    ✓ Value: 123
Test on deno (ubuntu-latest)	Run Deno tests	2026-07-30T06:32:19.4015300Z    ✓ Test: data
Test on deno (ubuntu-latest)	Run Deno tests	2026-07-30T06:32:19.4015421Z 
Test on deno (ubuntu-latest)	Run Deno tests	2026-07-30T06:32:19.4015534Z 3. Testing ../src/use.mjs
Test on deno (ubuntu-latest)	Run Deno tests	2026-07-30T06:32:19.4015838Z    ✓ use function exists: true
Test on deno (ubuntu-latest)	Run Deno tests	2026-07-30T06:32:19.4016010Z 
Test on deno (ubuntu-latest)	Run Deno tests	2026-07-30T06:32:19.4016198Z 4. Testing ./browser-server/subfolder/nested.js
Test on deno (ubuntu-latest)	Run Deno tests	2026-07-30T06:32:19.4016591Z    ✓ Nested: true Level: subfolder
Test on deno (ubuntu-latest)	Run Deno tests	2026-07-30T06:32:19.4016766Z 
Test on deno (ubuntu-latest)	Run Deno tests	2026-07-30T06:32:19.4016986Z 5. Testing ./browser-server/subfolder/nested-data.json
Test on deno (ubuntu-latest)	Run Deno tests	2026-07-30T06:32:19.4017355Z    ✓ Level: nested Depth: 1
Test on deno (ubuntu-latest)	Run Deno tests	2026-07-30T06:32:19.4017508Z 
Test on deno (ubuntu-latest)	Run Deno tests	2026-07-30T06:32:19.4017619Z 6. Testing ../package.json
Test on deno (ubuntu-latest)	Run Deno tests	2026-07-30T06:32:19.4017890Z    ✓ Package name: use-m
Test on deno (ubuntu-latest)	Run Deno tests	2026-07-30T06:32:19.4018036Z 
Test on deno (ubuntu-latest)	Run Deno tests	2026-07-30T06:32:19.4018198Z ✅ All direct tests passed!
Test on deno (ubuntu-latest)	Run Deno tests	2026-07-30T06:32:19.4018351Z 
Test on deno (ubuntu-latest)	Run Deno tests	2026-07-30T06:32:19.4018609Z ^[[0m^[[38;5;245m----- post-test output end -----^[[0m
Test on deno (ubuntu-latest)	Run Deno tests	2026-07-30T06:32:19.4019633Z   [mjs module] relative paths should work when run directly with Node.js ... ^[[0m^[[32mok^[[0m ^[[0m^[[38;5;245m(133ms)^[[0m
Test on deno (ubuntu-latest)	Run Deno tests	2026-07-30T06:32:19.4098271Z [mjs module] Relative Path Resolution (Integration) ... ^[[0m^[[32mok^[[0m ^[[0m^[[38;5;245m(143ms)^[[0m
Test on deno (ubuntu-latest)	Run Deno tests	2026-07-30T06:32:19.4659855Z ^[[0m^[[38;5;245mrunning 1 test from ./tests/relative-paths.test.mjs^[[0m
Test on deno (ubuntu-latest)	Run Deno tests	2026-07-30T06:32:19.4672044Z Relative Path Resolution ...
Test on deno (ubuntu-latest)	Run Deno tests	2026-07-30T06:32:19.5011383Z   should import JS file from same directory using ./ ... ^[[0m^[[32mok^[[0m ^[[0m^[[38;5;245m(33ms)^[[0m
Test on deno (ubuntu-latest)	Run Deno tests	2026-07-30T06:32:19.5023589Z   should import JSON file from same directory using ./ ... ^[[0m^[[32mok^[[0m ^[[0m^[[38;5;245m(1ms)^[[0m
Test on deno (ubuntu-latest)	Run Deno tests	2026-07-30T06:32:19.5030583Z   should import JS file from parent directory using ../ ... ^[[0m^[[32mok^[[0m ^[[0m^[[38;5;245m(0ms)^[[0m
Test on deno (ubuntu-latest)	Run Deno tests	2026-07-30T06:32:19.5041440Z   should import from subdirectory using ./subfolder/ ... ^[[0m^[[32mok^[[0m ^[[0m^[[38;5;245m(1ms)^[[0m
Test on deno (ubuntu-latest)	Run Deno tests	2026-07-30T06:32:19.5053037Z   should import JSON from subdirectory ... ^[[0m^[[32mok^[[0m ^[[0m^[[38;5;245m(1ms)^[[0m
Test on deno (ubuntu-latest)	Run Deno tests	2026-07-30T06:32:19.5062327Z   should handle complex relative paths (../) ... ^[[0m^[[32mok^[[0m ^[[0m^[[38;5;245m(0ms)^[[0m
Test on deno (ubuntu-latest)	Run Deno tests	2026-07-30T06:32:19.5293278Z   should work with mixed relative and npm imports ... ^[[0m^[[32mok^[[0m ^[[0m^[[38;5;245m(22ms)^[[0m
Test on deno (ubuntu-latest)	Run Deno tests	2026-07-30T06:32:19.5307882Z   should maintain correct context for nested relative imports ... ^[[0m^[[32mok^[[0m ^[[0m^[[38;5;245m(1ms)^[[0m
Test on deno (ubuntu-latest)	Run Deno tests	2026-07-30T06:32:19.5446634Z Relative Path Resolution ... ^[[0m^[[32mok^[[0m ^[[0m^[[38;5;245m(78ms)^[[0m
Test on deno (ubuntu-latest)	Run Deno tests	2026-07-30T06:32:19.6278794Z ^[[0m^[[38;5;245mrunning 1 test from ./tests/release-workflow-policy.test.mjs^[[0m
Test on deno (ubuntu-latest)	Run Deno tests	2026-07-30T06:32:19.6289003Z release workflow policy ...
Test on deno (ubuntu-latest)	Run Deno tests	2026-07-30T06:32:19.6301390Z   uses npm package metadata that matches registry and trusted publishing expectations ... ^[[0m^[[32mok^[[0m ^[[0m^[[38;5;245m(1ms)^[[0m
Test on deno (ubuntu-latest)	Run Deno tests	2026-07-30T06:32:19.6315315Z   keeps CI and publishing in the trusted-publisher release workflow ... ^[[0m^[[32mok^[[0m ^[[0m^[[38;5;245m(1ms)^[[0m
Test on deno (ubuntu-latest)	Run Deno tests	2026-07-30T06:32:19.6319334Z   publishes with npm trusted publishing instead of token auth ... ^[[0m^[[32mok^[[0m ^[[0m^[[38;5;245m(0ms)^[[0m
Test on deno (ubuntu-latest)	Run Deno tests	2026-07-30T06:32:19.6326501Z   runs tests before publishing and preserves main-branch release runs ... ^[[0m^[[32mok^[[0m ^[[0m^[[38;5;245m(1ms)^[[0m
Test on deno (ubuntu-latest)	Run Deno tests	2026-07-30T06:32:19.6332797Z   fails release runs when the package, tag, and GitHub release already exist ... ^[[0m^[[32mok^[[0m ^[[0m^[[38;5;245m(0ms)^[[0m
Test on deno (ubuntu-latest)	Run Deno tests	2026-07-30T06:32:19.6337128Z   keeps dependency install logs quiet while auditing shipped dependencies ... ^[[0m^[[32mok^[[0m ^[[0m^[[38;5;245m(0ms)^[[0m
Test on deno (ubuntu-latest)	Run Deno tests	2026-07-30T06:32:19.6342556Z   uses current action versions and explicit job timeouts ... ^[[0m^[[32mok^[[0m ^[[0m^[[38;5;245m(0ms)^[[0m
Test on deno (ubuntu-latest)	Run Deno tests	2026-07-30T06:32:19.6349433Z   retries Deno network-import tests without hiding persistent failures ... ^[[0m^[[32mok^[[0m ^[[0m^[[38;5;245m(0ms)^[[0m
Test on deno (ubuntu-latest)	Run Deno tests	2026-07-30T06:32:19.6356575Z release workflow policy ... ^[[0m^[[32mok^[[0m ^[[0m^[[38;5;245m(7ms)^[[0m
Test on deno (ubuntu-latest)	Run Deno tests	2026-07-30T06:32:19.7228285Z ^[[0m^[[38;5;245mrunning 1 test from ./tests/resolvers.test.mjs^[[0m
Test on deno (ubuntu-latest)	Run Deno tests	2026-07-30T06:32:19.7238910Z [mjs module] resolvers tests ...
Test on deno (ubuntu-latest)	Run Deno tests	2026-07-30T06:32:19.8512418Z   [mjs module] npm resolver resolves package path ... ^[[0m^[[32mok^[[0m ^[[0m^[[38;5;245m(127ms)^[[0m
Test on deno (ubuntu-latest)	Run Deno tests	2026-07-30T06:32:20.8030859Z   [mjs module] npm resolver resolves scoped package path for @octokit/core@6.1.5 ... ^[[0m^[[32mok^[[0m ^[[0m^[[38;5;245m(951ms)^[[0m
Test on deno (ubuntu-latest)	Run Deno tests	2026-07-30T06:32:23.3642204Z   [mjs module] npm resolver resolves package path with version ... ^[[0m^[[32mok^[[0m ^[[0m^[[38;5;245m(2s)^[[0m
Test on deno (ubuntu-latest)	Run Deno tests	2026-07-30T06:32:24.0540138Z   [mjs module] npm resolver resolves yargs/helpers ... ^[[0m^[[32mok^[[0m ^[[0m^[[38;5;245m(689ms)^[[0m
Test on deno (ubuntu-latest)	Run Deno tests	2026-07-30T06:32:24.6988306Z   [mjs module] npm resolver resolves yargs@18.0.0/helpers ... ^[[0m^[[32mok^[[0m ^[[0m^[[38;5;245m(644ms)^[[0m
Test on deno (ubuntu-latest)	Run Deno tests	2026-07-30T06:32:25.1401266Z   [mjs module] npm resolver resolves yargs@latest/helpers ... ^[[0m^[[32mok^[[0m ^[[0m^[[38;5;245m(441ms)^[[0m
Test on deno (ubuntu-latest)	Run Deno tests	2026-07-30T06:32:25.1403312Z   [mjs module] skypack resolver resolves URL ... ^[[0m^[[32mok^[[0m ^[[0m^[[38;5;245m(1ms)^[[0m
Test on deno (ubuntu-latest)	Run Deno tests	2026-07-30T06:32:25.1407209Z   [mjs module] skypack resolver resolves subpath ... ^[[0m^[[32mok^[[0m ^[[0m^[[38;5;245m(0ms)^[[0m
Test on deno (ubuntu-latest)	Run Deno tests	2026-07-30T06:32:25.1410384Z   [mjs module] jsdelivr resolver resolves URL ... ^[[0m^[[32mok^[[0m ^[[0m^[[38;5;245m(0ms)^[[0m
Test on deno (ubuntu-latest)	Run Deno tests	2026-07-30T06:32:25.1412858Z   [mjs module] jsdelivr resolver resolves subpath ... ^[[0m^[[32mok^[[0m ^[[0m^[[38;5;245m(0ms)^[[0m
Test on deno (ubuntu-latest)	Run Deno tests	2026-07-30T06:32:25.1415946Z   [mjs module] unpkg resolver resolves URL ... ^[[0m^[[32mok^[[0m ^[[0m^[[38;5;245m(0ms)^[[0m
Test on deno (ubuntu-latest)	Run Deno tests	2026-07-30T06:32:25.1418093Z   [mjs module] unpkg resolver resolves subpath ... ^[[0m^[[32mok^[[0m ^[[0m^[[38;5;245m(0ms)^[[0m
Test on deno (ubuntu-latest)	Run Deno tests	2026-07-30T06:32:25.1420670Z   [mjs module] esm resolver resolves URL ... ^[[0m^[[32mok^[[0m ^[[0m^[[38;5;245m(0ms)^[[0m
Test on deno (ubuntu-latest)	Run Deno tests	2026-07-30T06:32:25.1422889Z   [mjs module] esm resolver resolves subpath ... ^[[0m^[[32mok^[[0m ^[[0m^[[38;5;245m(0ms)^[[0m
Test on deno (ubuntu-latest)	Run Deno tests	2026-07-30T06:32:25.1425296Z   [mjs module] jspm resolver resolves URL ... ^[[0m^[[32mok^[[0m ^[[0m^[[38;5;245m(0ms)^[[0m
Test on deno (ubuntu-latest)	Run Deno tests	2026-07-30T06:32:25.1427142Z   [mjs module] jspm resolver resolves subpath ... ^[[0m^[[32mok^[[0m ^[[0m^[[38;5;245m(0ms)^[[0m
Test on deno (ubuntu-latest)	Run Deno tests	2026-07-30T06:32:25.1429113Z   [mjs module] bun resolver resolves package path ... ^[[0m^[[32mok^[[0m ^[[0m^[[38;5;245m(0ms)^[[0m
Test on deno (ubuntu-latest)	Run Deno tests	2026-07-30T06:32:25.1431135Z   [mjs module] bun resolver resolves scoped package path for @octokit/core@6.1.5 ... ^[[0m^[[32mok^[[0m ^[[0m^[[38;5;245m(0ms)^[[0m
Test on deno (ubuntu-latest)	Run Deno tests	2026-07-30T06:32:25.1433082Z   [mjs module] bun resolver resolves yargs/helpers ... ^[[0m^[[32mok^[[0m ^[[0m^[[38;5;245m(0ms)^[[0m
Test on deno (ubuntu-latest)	Run Deno tests	2026-07-30T06:32:25.1434608Z   [mjs module] bun resolver resolves yargs@latest/helpers ... ^[[0m^[[32mok^[[0m ^[[0m^[[38;5;245m(0ms)^[[0m
Test on deno (ubuntu-latest)	Run Deno tests	2026-07-30T06:32:25.1532332Z [mjs module] resolvers tests ... ^[[0m^[[32mok^[[0m ^[[0m^[[38;5;245m(5s)^[[0m
Test on deno (ubuntu-latest)	Run Deno tests	2026-07-30T06:32:25.2537674Z ^[[0m^[[38;5;245mrunning 1 test from ./tests/root-entries.test.mjs^[[0m
Test on deno (ubuntu-latest)	Run Deno tests	2026-07-30T06:32:25.2548399Z [mjs module] root entry mirrors ...
Test on deno (ubuntu-latest)	Run Deno tests	2026-07-30T06:32:25.2560414Z   [mjs module] mirrors exactly src/use.js, src/use.cjs and src/use.mjs ... ^[[0m^[[32mok^[[0m ^[[0m^[[38;5;245m(1ms)^[[0m
Test on deno (ubuntu-latest)	Run Deno tests	2026-07-30T06:32:25.2568282Z   [mjs module] use.js exists at the package root ... ^[[0m^[[32mok^[[0m ^[[0m^[[38;5;245m(0ms)^[[0m
Test on deno (ubuntu-latest)	Run Deno tests	2026-07-30T06:32:25.2590130Z   [mjs module] root use.js is in sync with src/use.js ... ^[[0m^[[32mok^[[0m ^[[0m^[[38;5;245m(2ms)^[[0m
Test on deno (ubuntu-latest)	Run Deno tests	2026-07-30T06:32:25.2598973Z   [mjs module] root use.js contains the full src/use.js body ... ^[[0m^[[32mok^[[0m ^[[0m^[[38;5;245m(1ms)^[[0m
Test on deno (ubuntu-latest)	Run Deno tests	2026-07-30T06:32:25.2601301Z   [mjs module] use.cjs exists at the package root ... ^[[0m^[[32mok^[[0m ^[[0m^[[38;5;245m(0ms)^[[0m
Test on deno (ubuntu-latest)	Run Deno tests	2026-07-30T06:32:25.2610861Z   [mjs module] root use.cjs is in sync with src/use.cjs ... ^[[0m^[[32mok^[[0m ^[[0m^[[38;5;245m(0ms)^[[0m
Test on deno (ubuntu-latest)	Run Deno tests	2026-07-30T06:32:25.2622408Z   [mjs module] root use.cjs contains the full src/use.cjs body ... ^[[0m^[[32mok^[[0m ^[[0m^[[38;5;245m(0ms)^[[0m
Test on deno (ubuntu-latest)	Run Deno tests	2026-07-30T06:32:25.2624820Z   [mjs module] use.mjs exists at the package root ... ^[[0m^[[32mok^[[0m ^[[0m^[[38;5;245m(0ms)^[[0m
Test on deno (ubuntu-latest)	Run Deno tests	2026-07-30T06:32:25.2635430Z   [mjs module] root use.mjs is in sync with src/use.mjs ... ^[[0m^[[32mok^[[0m ^[[0m^[[38;5;245m(1ms)^[[0m
Test on deno (ubuntu-latest)	Run Deno tests	2026-07-30T06:32:25.2640892Z   [mjs module] root use.mjs contains the full src/use.mjs body ... ^[[0m^[[32mok^[[0m ^[[0m^[[38;5;245m(0ms)^[[0m
Test on deno (ubuntu-latest)	Run Deno tests	2026-07-30T06:32:25.2659854Z   [mjs module] root use.js eval()s to a working use function ... ^[[0m^[[32mok^[[0m ^[[0m^[[38;5;245m(1ms)^[[0m
Test on deno (ubuntu-latest)	Run Deno tests	2026-07-30T06:32:25.2667915Z   [mjs module] the 404 "Not found" body is not a valid module body ... ^[[0m^[[32mok^[[0m ^[[0m^[[38;5;245m(1ms)^[[0m
Test on deno (ubuntu-latest)	Run Deno tests	2026-07-30T06:32:25.2716407Z   [mjs module] root use.mjs imports to a working use function ... ^[[0m^[[32mok^[[0m ^[[0m^[[38;5;245m(5ms)^[[0m
Test on deno (ubuntu-latest)	Run Deno tests	2026-07-30T06:32:25.2722293Z   [mjs module] package.json ships the root mirrors and keeps src canonical ... ^[[0m^[[32mok^[[0m ^[[0m^[[38;5;245m(0ms)^[[0m
Test on deno (ubuntu-latest)	Run Deno tests	2026-07-30T06:32:25.2728866Z [mjs module] root entry mirrors ... ^[[0m^[[32mok^[[0m ^[[0m^[[38;5;245m(19ms)^[[0m
Test on deno (ubuntu-latest)	Run Deno tests	2026-07-30T06:32:25.3541720Z ^[[0m^[[38;5;245mrunning 1 test from ./tests/script-sync.test.mjs^[[0m
Test on deno (ubuntu-latest)	Run Deno tests	2026-07-30T06:32:25.3553220Z [mjs module] distributed script synchronization ...
Test on deno (ubuntu-latest)	Run Deno tests	2026-07-30T06:32:25.3588321Z   [mjs module] npm recovery stays synchronized across mjs, cjs, and universal builds ... ^[[0m^[[32mok^[[0m ^[[0m^[[38;5;245m(3ms)^[[0m
Test on deno (ubuntu-latest)	Run Deno tests	2026-07-30T06:32:25.3590234Z [mjs module] distributed script synchronization ... ^[[0m^[[32mok^[[0m ^[[0m^[[38;5;245m(4ms)^[[0m
Test on deno (ubuntu-latest)	Run Deno tests	2026-07-30T06:32:25.4045367Z ^[[0m^[[38;5;245mrunning 1 test from ./tests/typescript.test.mjs^[[0m
Test on deno (ubuntu-latest)	Run Deno tests	2026-07-30T06:32:25.4058068Z [mjs module] typescript ...
Test on deno (ubuntu-latest)	Run Deno tests	2026-07-30T06:32:25.4491134Z ^[[0m^[[32mDownload^[[0m https://esm.sh/typescript@5.9.3
Test on deno (ubuntu-latest)	Run Deno tests	2026-07-30T06:32:25.5295089Z ^[[0m^[[32mDownload^[[0m https://esm.sh/source-map-support?target=denonext
Test on deno (ubuntu-latest)	Run Deno tests	2026-07-30T06:32:25.5296364Z ^[[0m^[[32mDownload^[[0m https://esm.sh/typescript@5.9.3/denonext/typescript.mjs
Test on deno (ubuntu-latest)	Run Deno tests	2026-07-30T06:32:25.6103333Z ^[[0m^[[32mDownload^[[0m https://esm.sh/source-map-support@0.5.21?target=denonext
Test on deno (ubuntu-latest)	Run Deno tests	2026-07-30T06:32:26.0168619Z ^[[0m^[[32mDownload^[[0m https://esm.sh/buffer-from@^1.0.0?target=denonext
Test on deno (ubuntu-latest)	Run Deno tests	2026-07-30T06:32:26.0169709Z ^[[0m^[[32mDownload^[[0m https://esm.sh/source-map@^0.6.0?target=denonext
Test on deno (ubuntu-latest)	Run Deno tests	2026-07-30T06:32:26.0170878Z ^[[0m^[[32mDownload^[[0m https://esm.sh/source-map-support@0.5.21/denonext/source-map-support.mjs
Test on deno (ubuntu-latest)	Run Deno tests	2026-07-30T06:32:26.0971164Z ^[[0m^[[32mDownload^[[0m https://esm.sh/buffer-from@1.1.2?target=denonext
Test on deno (ubuntu-latest)	Run Deno tests	2026-07-30T06:32:26.0972310Z ^[[0m^[[32mDownload^[[0m https://esm.sh/source-map@0.6.1?target=denonext
Test on deno (ubuntu-latest)	Run Deno tests	2026-07-30T06:32:26.1802732Z ^[[0m^[[32mDownload^[[0m https://esm.sh/buffer-from@1.1.2/denonext/buffer-from.mjs
Test on deno (ubuntu-latest)	Run Deno tests	2026-07-30T06:32:26.1803772Z ^[[0m^[[32mDownload^[[0m https://esm.sh/source-map@0.6.1/denonext/source-map.mjs
Test on deno (ubuntu-latest)	Run Deno tests	2026-07-30T06:32:26.6667591Z   [mjs module] use typescript ... ^[[0m^[[32mok^[[0m ^[[0m^[[38;5;245m(1s)^[[0m
Test on deno (ubuntu-latest)	Run Deno tests	2026-07-30T06:32:26.6766594Z [mjs module] typescript ... ^[[0m^[[32mok^[[0m ^[[0m^[[38;5;245m(1s)^[[0m
Test on deno (ubuntu-latest)	Run Deno tests	2026-07-30T06:32:26.7323803Z ^[[0m^[[38;5;245mrunning 1 test from ./tests/use.test.mjs^[[0m
Test on deno (ubuntu-latest)	Run Deno tests	2026-07-30T06:32:26.7329040Z [mjs module] 'use' import strategies ...
Test on deno (ubuntu-latest)	Run Deno tests	2026-07-30T06:32:26.7979214Z   [mjs module] Direct ESM Import lodash@4.17.21 ... ^[[0m^[[32mok^[[0m ^[[0m^[[38;5;245m(65ms)^[[0m
Test on deno (ubuntu-latest)	Run Deno tests	2026-07-30T06:32:26.8027059Z   [mjs module] Dynamic ESM Import of CSJ ... ^[[0m^[[32mok^[[0m ^[[0m^[[38;5;245m(5ms)^[[0m
Test on deno (ubuntu-latest)	Run Deno tests	2026-07-30T06:32:26.8033735Z   [mjs module] Dynamic ESM Import of MJS ... ^[[0m^[[32mok^[[0m ^[[0m^[[38;5;245m(1ms)^[[0m
Test on deno (ubuntu-latest)	Run Deno tests	2026-07-30T06:32:26.8036412Z   [mjs module] Universal (then style) ... ^[[0m^[[32mok^[[0m ^[[0m^[[38;5;245m(0ms)^[[0m
Test on deno (ubuntu-latest)	Run Deno tests	2026-07-30T06:32:26.8039823Z   [mjs module] Universal (then style, use inside) ... ^[[0m^[[32mok^[[0m ^[[0m^[[38;5;245m(0ms)^[[0m
Test on deno (ubuntu-latest)	Run Deno tests	2026-07-30T06:32:26.8042586Z   [mjs module] Universal (eval style) ... ^[[0m^[[32mok^[[0m ^[[0m^[[38;5;245m(1ms)^[[0m
Test on deno (ubuntu-latest)	Run Deno tests	2026-07-30T06:32:26.8044960Z   [mjs module] Universal (single then style) ... ^[[0m^[[32mok^[[0m ^[[0m^[[38;5;245m(0ms)^[[0m
Test on deno (ubuntu-latest)	Run Deno tests	2026-07-30T06:32:26.8055614Z ^[[0m^[[32mDownload^[[0m https://esm.sh/lodash@3
Test on deno (ubuntu-latest)	Run Deno tests	2026-07-30T06:32:26.8869490Z ^[[0m^[[32mDownload^[[0m https://esm.sh/lodash@3.10.1
Test on deno (ubuntu-latest)	Run Deno tests	2026-07-30T06:32:26.9571738Z ^[[0m^[[32mDownload^[[0m https://esm.sh/lodash@3.10.1/denonext/lodash.mjs
Test on deno (ubuntu-latest)	Run Deno tests	2026-07-30T06:32:27.0439200Z ^[[0m^[[32mDownload^[[0m https://esm.sh/lodash@4
Test on deno (ubuntu-latest)	Run Deno tests	2026-07-30T06:32:27.1510014Z   [mjs module] use.all with require ... ^[[0m^[[32mok^[[0m ^[[0m^[[38;5;245m(346ms)^[[0m
Test on deno (ubuntu-latest)	Run Deno tests	2026-07-30T06:32:27.1518212Z   [mjs module] use.all ... ^[[0m^[[32mok^[[0m ^[[0m^[[38;5;245m(1ms)^[[0m
Test on deno (ubuntu-latest)	Run Deno tests	2026-07-30T06:32:27.1522505Z   [mjs module] use.all (script) ... ^[[0m^[[32mok^[[0m ^[[0m^[[38;5;245m(0ms)^[[0m
Test on deno (ubuntu-latest)	Run Deno tests	2026-07-30T06:32:27.1523746Z   [mjs module] Universal (script) @octokit/core@6.1.5 ... ^[[0m^[[32mok^[[0m ^[[0m^[[38;5;245m(0ms)^[[0m
Test on deno (ubuntu-latest)	Run Deno tests	2026-07-30T06:32:27.1525465Z   [mjs module] Universal (script) @octokit/core@5 ... ^[[0m^[[32mok^[[0m ^[[0m^[[38;5;245m(0ms)^[[0m
Test on deno (ubuntu-latest)	Run Deno tests	2026-07-30T06:32:27.1528019Z   [mjs module] Universal (script) @octokit/core (latest) ... ^[[0m^[[32mok^[[0m ^[[0m^[[38;5;245m(0ms)^[[0m
Test on deno (ubuntu-latest)	Run Deno tests	2026-07-30T06:32:27.1537670Z ^[[0m^[[32mDownload^[[0m https://esm.sh/@octokit/core@latest
Test on deno (ubuntu-latest)	Run Deno tests	2026-07-30T06:32:27.2309697Z ^[[0m^[[32mDownload^[[0m https://esm.sh/@octokit/core@7.0.6
Test on deno (ubuntu-latest)	Run Deno tests	2026-07-30T06:32:27.3181622Z ^[[0m^[[32mDownload^[[0m https://esm.sh/@octokit/auth-token@^6.0.0?target=denonext
Test on deno (ubuntu-latest)	Run Deno tests	2026-07-30T06:32:27.3182904Z ^[[0m^[[32mDownload^[[0m https://esm.sh/@octokit/graphql@^9.0.3?target=denonext
Test on deno (ubuntu-latest)	Run Deno tests	2026-07-30T06:32:27.3184057Z ^[[0m^[[32mDownload^[[0m https://esm.sh/@octokit/request@^10.0.6?target=denonext
Test on deno (ubuntu-latest)	Run Deno tests	2026-07-30T06:32:27.3184873Z ^[[0m^[[32mDownload^[[0m https://esm.sh/before-after-hook@^4.0.0?target=denonext
Test on deno (ubuntu-latest)	Run Deno tests	2026-07-30T06:32:27.3185713Z ^[[0m^[[32mDownload^[[0m https://esm.sh/universal-user-agent@^7.0.0?target=denonext
Test on deno (ubuntu-latest)	Run Deno tests	2026-07-30T06:32:27.3186545Z ^[[0m^[[32mDownload^[[0m https://esm.sh/@octokit/core@7.0.6/denonext/core.mjs
Test on deno (ubuntu-latest)	Run Deno tests	2026-07-30T06:32:27.3933693Z ^[[0m^[[32mDownload^[[0m https://esm.sh/@octokit/auth-token@6.0.0?target=denonext
Test on deno (ubuntu-latest)	Run Deno tests	2026-07-30T06:32:27.3942417Z ^[[0m^[[32mDownload^[[0m https://esm.sh/@octokit/graphql@9.0.3?target=denonext
Test on deno (ubuntu-latest)	Run Deno tests	2026-07-30T06:32:27.3943563Z ^[[0m^[[32mDownload^[[0m https://esm.sh/@octokit/request@10.0.11?target=denonext
Test on deno (ubuntu-latest)	Run Deno tests	2026-07-30T06:32:27.3949352Z ^[[0m^[[32mDownload^[[0m https://esm.sh/before-after-hook@4.0.0?target=denonext
Test on deno (ubuntu-latest)	Run Deno tests	2026-07-30T06:32:27.3950511Z ^[[0m^[[32mDownload^[[0m https://esm.sh/universal-user-agent@7.0.3?target=denonext
Test on deno (ubuntu-latest)	Run Deno tests	2026-07-30T06:32:27.4011730Z ^[[0m^[[32mDownload^[[0m https://esm.sh/@octokit/auth-token@6.0.0/denonext/auth-token.mjs
Test on deno (ubuntu-latest)	Run Deno tests	2026-07-30T06:32:27.4034668Z ^[[0m^[[32mDownload^[[0m https://esm.sh/@octokit/graphql@9.0.3/denonext/graphql.mjs
Test on deno (ubuntu-latest)	Run Deno tests	2026-07-30T06:32:27.4755568Z ^[[0m^[[32mDownload^[[0m https://esm.sh/@octokit/endpoint@^11.0.3?target=denonext
Test on deno (ubuntu-latest)	Run Deno tests	2026-07-30T06:32:27.4756660Z ^[[0m^[[32mDownload^[[0m https://esm.sh/@octokit/request-error@^7.0.2?target=denonext
Test on deno (ubuntu-latest)	Run Deno tests	2026-07-30T06:32:27.4757526Z ^[[0m^[[32mDownload^[[0m https://esm.sh/content-type@^2.0.0?target=denonext
Test on deno (ubuntu-latest)	Run Deno tests	2026-07-30T06:32:27.4758335Z ^[[0m^[[32mDownload^[[0m https://esm.sh/json-with-bigint@^3.5.3?target=denonext
Test on deno (ubuntu-latest)	Run Deno tests	2026-07-30T06:32:27.4759171Z ^[[0m^[[32mDownload^[[0m https://esm.sh/universal-user-agent@^7.0.2?target=denonext
Test on deno (ubuntu-latest)	Run Deno tests	2026-07-30T06:32:27.4760027Z ^[[0m^[[32mDownload^[[0m https://esm.sh/@octokit/request@10.0.11/denonext/request.mjs
Test on deno (ubuntu-latest)	Run Deno tests	2026-07-30T06:32:27.4760967Z ^[[0m^[[32mDownload^[[0m https://esm.sh/before-after-hook@4.0.0/denonext/before-after-hook.mjs
Test on deno (ubuntu-latest)	Run Deno tests	2026-07-30T06:32:27.4762312Z ^[[0m^[[32mDownload^[[0m https://esm.sh/universal-user-agent@7.0.3/denonext/universal-user-agent.mjs
Test on deno (ubuntu-latest)	Run Deno tests	2026-07-30T06:32:27.5531585Z ^[[0m^[[32mDownload^[[0m https://esm.sh/@octokit/endpoint@11.0.3?target=denonext
Test on deno (ubuntu-latest)	Run Deno tests	2026-07-30T06:32:27.5533321Z ^[[0m^[[32mDownload^[[0m https://esm.sh/@octokit/request-error@7.1.0?target=denonext
Test on deno (ubuntu-latest)	Run Deno tests	2026-07-30T06:32:27.5565151Z ^[[0m^[[32mDownload^[[0m https://esm.sh/content-type@2.0.0?target=denonext
Test on deno (ubuntu-latest)	Run Deno tests	2026-07-30T06:32:27.5566823Z ^[[0m^[[32mDownload^[[0m https://esm.sh/json-with-bigint@3.5.10?target=denonext
Test on deno (ubuntu-latest)	Run Deno tests	2026-07-30T06:32:27.5619964Z ^[[0m^[[32mDownload^[[0m https://esm.sh/@octokit/endpoint@11.0.3/denonext/endpoint.mjs
Test on deno (ubuntu-latest)	Run Deno tests	2026-07-30T06:32:27.5642716Z ^[[0m^[[32mDownload^[[0m https://esm.sh/@octokit/request-error@7.1.0/denonext/request-error.mjs
Test on deno (ubuntu-latest)	Run Deno tests	2026-07-30T06:32:27.6399375Z ^[[0m^[[32mDownload^[[0m https://esm.sh/content-type@2.0.0/denonext/content-type.mjs
Test on deno (ubuntu-latest)	Run Deno tests	2026-07-30T06:32:27.6400994Z ^[[0m^[[32mDownload^[[0m https://esm.sh/json-with-bigint@3.5.10/denonext/json-with-bigint.mjs
Test on deno (ubuntu-latest)	Run Deno tests	2026-07-30T06:32:27.7669236Z   [mjs module] @octokit/core (latest) ... ^[[0m^[[32mok^[[0m ^[[0m^[[38;5;245m(614ms)^[[0m
Test on deno (ubuntu-latest)	Run Deno tests	2026-07-30T06:32:27.7814973Z [mjs module] 'use' import strategies ... ^[[0m^[[32mok^[[0m ^[[0m^[[38;5;245m(1s)^[[0m
Test on deno (ubuntu-latest)	Run Deno tests	2026-07-30T06:32:27.7835375Z 
Test on deno (ubuntu-latest)	Run Deno tests	2026-07-30T06:32:27.7836183Z ^[[0m^[[32mok^[[0m | 32 passed (183 steps) | 0 failed | 0 ignored (3 steps) ^[[0m^[[38;5;245m(13s)^[[0m
Test on deno (ubuntu-latest)	Run Deno tests	2026-07-30T06:32:27.7836715Z 
Test on deno (ubuntu-latest)	Post Setup Deno	﻿2026-07-30T06:32:27.8208779Z Post job cleanup.
Test on deno (ubuntu-latest)	Post Setup Deno	2026-07-30T06:32:27.9427221Z Caching is not enabled. Caching is skipped.
Test on deno (ubuntu-latest)	Post Setup Node.js	﻿2026-07-30T06:32:27.9582163Z Post job cleanup.
Test on deno (ubuntu-latest)	Post Setup Node.js	2026-07-30T06:32:28.1043655Z [command]/usr/bin/tar --posix -cf cache.tzst --exclude cache.tzst -P -C /home/runner/work/use-m/use-m --files-from manifest.txt --use-compress-program zstdmt
Test on deno (ubuntu-latest)	Post Setup Node.js	2026-07-30T06:32:29.4770977Z Sent 14418253 of 14418253 (100.0%), 13.8 MBs/sec
Test on deno (ubuntu-latest)	Post Setup Node.js	2026-07-30T06:32:29.7890185Z Cache saved with the key: node-cache-Linux-x64-npm-81dc12784190084ec33a0af20f1b75b6742be9b6cef5912c61bb9bf083a9dee5
Test on deno (ubuntu-latest)	Post Checkout code	﻿2026-07-30T06:32:29.8095947Z Post job cleanup.
Test on deno (ubuntu-latest)	Post Checkout code	2026-07-30T06:32:29.9333118Z [command]/usr/bin/git version
Test on deno (ubuntu-latest)	Post Checkout code	2026-07-30T06:32:29.9360523Z git version 2.54.0
Test on deno (ubuntu-latest)	Post Checkout code	2026-07-30T06:32:29.9404092Z Temporarily overriding HOME='/home/runner/work/_temp/42ab0d3a-f294-4e2d-aa9e-260cd228bde1' before making global git config changes
Test on deno (ubuntu-latest)	Post Checkout code	2026-07-30T06:32:29.9405700Z Adding repository directory to the temporary git global config as a safe directory
Test on deno (ubuntu-latest)	Post Checkout code	2026-07-30T06:32:29.9410974Z [command]/usr/bin/git config --global --add safe.directory /home/runner/work/use-m/use-m
Test on deno (ubuntu-latest)	Post Checkout code	2026-07-30T06:32:29.9650166Z Removing SSH command configuration
Test on deno (ubuntu-latest)	Post Checkout code	2026-07-30T06:32:29.9651043Z [command]/usr/bin/git config --local --name-only --get-regexp core\.sshCommand
Test on deno (ubuntu-latest)	Post Checkout code	2026-07-30T06:32:29.9690675Z [command]/usr/bin/git submodule foreach --recursive sh -c "git config --local --name-only --get-regexp 'core\.sshCommand' && git config --local --unset-all 'core.sshCommand' || :"
Test on deno (ubuntu-latest)	Post Checkout code	2026-07-30T06:32:29.9955596Z Removing HTTP extra header
Test on deno (ubuntu-latest)	Post Checkout code	2026-07-30T06:32:29.9962098Z [command]/usr/bin/git config --local --name-only --get-regexp http\.https\:\/\/github\.com\/\.extraheader
Test on deno (ubuntu-latest)	Post Checkout code	2026-07-30T06:32:30.0020108Z [command]/usr/bin/git submodule foreach --recursive sh -c "git config --local --name-only --get-regexp 'http\.https\:\/\/github\.com\/\.extraheader' && git config --local --unset-all 'http.https://github.com/.extraheader' || :"
Test on deno (ubuntu-latest)	Post Checkout code	2026-07-30T06:32:30.0295834Z Removing includeIf entries pointing to credentials config files
Test on deno (ubuntu-latest)	Post Checkout code	2026-07-30T06:32:30.0307711Z [command]/usr/bin/git config --local --name-only --get-regexp ^includeIf\.gitdir:
Test on deno (ubuntu-latest)	Post Checkout code	2026-07-30T06:32:30.1686285Z includeif.gitdir:/home/runner/work/use-m/use-m/.git.path
Test on deno (ubuntu-latest)	Post Checkout code	2026-07-30T06:32:30.1687674Z includeif.gitdir:/home/runner/work/use-m/use-m/.git/worktrees/*.path
Test on deno (ubuntu-latest)	Post Checkout code	2026-07-30T06:32:30.1688782Z includeif.gitdir:/github/workspace/.git.path
Test on deno (ubuntu-latest)	Post Checkout code	2026-07-30T06:32:30.1689661Z includeif.gitdir:/github/workspace/.git/worktrees/*.path
Test on deno (ubuntu-latest)	Post Checkout code	2026-07-30T06:32:30.1700224Z [command]/usr/bin/git config --local --get-all includeif.gitdir:/home/runner/work/use-m/use-m/.git.path
Test on deno (ubuntu-latest)	Post Checkout code	2026-07-30T06:32:30.1732361Z /home/runner/work/_temp/git-credentials-95306846-b827-44bf-a2b2-6a599856017a.config
Test on deno (ubuntu-latest)	Post Checkout code	2026-07-30T06:32:30.1745229Z [command]/usr/bin/git config --local --unset includeif.gitdir:/home/runner/work/use-m/use-m/.git.path /home/runner/work/_temp/git-credentials-95306846-b827-44bf-a2b2-6a599856017a.config
Test on deno (ubuntu-latest)	Post Checkout code	2026-07-30T06:32:30.2615855Z [command]/usr/bin/git config --local --get-all includeif.gitdir:/home/runner/work/use-m/use-m/.git/worktrees/*.path
Test on deno (ubuntu-latest)	Post Checkout code	2026-07-30T06:32:30.2650200Z /home/runner/work/_temp/git-credentials-95306846-b827-44bf-a2b2-6a599856017a.config
Test on deno (ubuntu-latest)	Post Checkout code	2026-07-30T06:32:30.2664212Z [command]/usr/bin/git config --local --unset includeif.gitdir:/home/runner/work/use-m/use-m/.git/worktrees/*.path /home/runner/work/_temp/git-credentials-95306846-b827-44bf-a2b2-6a599856017a.config
Test on deno (ubuntu-latest)	Post Checkout code	2026-07-30T06:32:30.3152387Z [command]/usr/bin/git config --local --get-all includeif.gitdir:/github/workspace/.git.path
Test on deno (ubuntu-latest)	Post Checkout code	2026-07-30T06:32:30.3183654Z /github/runner_temp/git-credentials-95306846-b827-44bf-a2b2-6a599856017a.config
Test on deno (ubuntu-latest)	Post Checkout code	2026-07-30T06:32:30.3193716Z [command]/usr/bin/git config --local --unset includeif.gitdir:/github/workspace/.git.path /github/runner_temp/git-credentials-95306846-b827-44bf-a2b2-6a599856017a.config
Test on deno (ubuntu-latest)	Post Checkout code	2026-07-30T06:32:30.3242734Z [command]/usr/bin/git config --local --get-all includeif.gitdir:/github/workspace/.git/worktrees/*.path
Test on deno (ubuntu-latest)	Post Checkout code	2026-07-30T06:32:30.3274968Z /github/runner_temp/git-credentials-95306846-b827-44bf-a2b2-6a599856017a.config
Test on deno (ubuntu-latest)	Post Checkout code	2026-07-30T06:32:30.3287529Z [command]/usr/bin/git config --local --unset includeif.gitdir:/github/workspace/.git/worktrees/*.path /github/runner_temp/git-credentials-95306846-b827-44bf-a2b2-6a599856017a.config
Test on deno (ubuntu-latest)	Post Checkout code	2026-07-30T06:32:30.3341564Z [command]/usr/bin/git submodule foreach --recursive git config --local --show-origin --name-only --get-regexp remote.origin.url
Test on deno (ubuntu-latest)	Post Checkout code	2026-07-30T06:32:30.3591358Z Removing credentials config '/home/runner/work/_temp/git-credentials-95306846-b827-44bf-a2b2-6a599856017a.config'
Test on deno (ubuntu-latest)	Complete job	﻿2026-07-30T06:32:30.3761300Z Cleaning up orphan processes
